epoch,step,test_acc,test_loss,train_loss,val_acc,val_loss
0,1,,,3.530414342880249,,
0,3,,,3.2611312866210938,,
0,5,,,3.116415500640869,,
0,7,,,2.9981393814086914,,
0,9,,,2.889592170715332,,
0,11,,,2.8213725090026855,,
0,13,,,2.7447800636291504,,
0,15,,,2.643796920776367,,
0,17,,,2.6697921752929688,,
0,19,,,2.6432130336761475,,
0,21,,,2.6037044525146484,,
0,23,,,2.572253704071045,,
0,25,,,2.495007038116455,,
0,27,,,2.4920365810394287,,
0,29,,,2.462320327758789,,
0,31,,,2.4378104209899902,,
0,33,,,2.4361085891723633,,
0,35,,,2.4263553619384766,,
0,37,,,2.402299404144287,,
0,39,,,2.3776469230651855,,
0,41,,,2.3826470375061035,,
0,43,,,2.3803224563598633,,
0,45,,,2.357057571411133,,
0,47,,,2.3539249897003174,,
0,49,,,2.344111919403076,,
0,51,,,2.3542749881744385,,
0,53,,,2.342240810394287,,
0,55,,,2.333974599838257,,
0,57,,,2.3481695652008057,,
0,59,,,2.340759754180908,,
0,61,,,2.336125135421753,,
0,63,,,2.3333704471588135,,
0,65,,,2.333778142929077,,
0,67,,,2.3266043663024902,,
0,69,,,2.32247257232666,,
0,71,,,2.315675973892212,,
0,73,,,2.3309266567230225,,
0,75,,,2.3325812816619873,,
0,77,,,2.32607102394104,,
0,79,,,2.315955638885498,,
0,81,,,2.337219715118408,,
0,83,,,2.3210549354553223,,
0,85,,,2.324103593826294,,
0,87,,,2.3203463554382324,,
0,89,,,2.317321538925171,,
0,91,,,2.325928211212158,,
0,93,,,2.321514129638672,,
0,95,,,2.325413703918457,,
0,97,,,2.3116188049316406,,
0,99,,,2.3238420486450195,,
0,101,,,2.321967124938965,,
0,103,,,2.3155720233917236,,
0,105,,,2.317542552947998,,
0,107,,,2.319540023803711,,
0,109,,,2.31451153755188,,
0,111,,,2.317423105239868,,
0,113,,,2.313882350921631,,
0,115,,,2.317573308944702,,
0,117,,,2.307705879211426,,
0,119,,,2.3143959045410156,,
0,121,,,2.325540542602539,,
0,123,,,2.3183412551879883,,
0,125,,,2.312833786010742,,
0,127,,,2.309138298034668,,
0,129,,,2.318655014038086,,
0,131,,,2.3132805824279785,,
0,133,,,2.315002679824829,,
0,135,,,2.331841468811035,,
0,137,,,2.3145785331726074,,
0,139,,,2.3208630084991455,,
0,141,,,2.323699474334717,,
0,143,,,2.3265371322631836,,
0,145,,,2.3147754669189453,,
0,147,,,2.312248945236206,,
0,149,,,2.3185207843780518,,
0,151,,,2.3282947540283203,,
0,153,,,2.312882423400879,,
0,155,,,2.309312582015991,,
0,157,,,2.3126416206359863,,
0,159,,,2.318293571472168,,
0,161,,,2.3205251693725586,,
0,163,,,2.3223676681518555,,
0,165,,,2.3250956535339355,,
0,167,,,2.32364821434021,,
0,169,,,2.3191771507263184,,
0,171,,,2.31477952003479,,
0,173,,,2.3247947692871094,,
0,175,,,2.3200807571411133,,
0,177,,,2.3150410652160645,,
0,179,,,2.3123269081115723,,
0,181,,,2.317528009414673,,
0,183,,,2.3258426189422607,,
0,185,,,2.311819553375244,,
0,187,,,2.307314395904541,,
0,189,,,2.3166284561157227,,
0,191,,,2.3187408447265625,,
0,193,,,2.3175201416015625,,
0,195,,,2.3127658367156982,,
0,197,,,2.3244926929473877,,
0,199,,,2.318220615386963,,
0,201,,,2.315067768096924,,
0,203,,,2.3267641067504883,,
0,205,,,2.320390462875366,,
0,207,,,2.3117494583129883,,
0,209,,,2.3081717491149902,,
0,211,,,2.3100147247314453,,
0,213,,,2.3153536319732666,,
0,215,,,2.3079934120178223,,
0,217,,,2.305655002593994,,
0,219,,,2.3075902462005615,,
0,221,,,2.308804750442505,,
0,223,,,2.297539234161377,,
0,225,,,2.3151824474334717,,
0,227,,,2.321882963180542,,
0,229,,,2.321784496307373,,
0,231,,,2.32320499420166,,
0,233,,,2.318418502807617,,
0,235,,,2.3170323371887207,,
0,237,,,2.321805477142334,,
0,239,,,2.3209872245788574,,
0,241,,,2.317479372024536,,
0,243,,,2.304827928543091,,
0,245,,,2.3042783737182617,,
0,247,,,2.317152738571167,,
0,249,,,2.3115005493164062,,
0,251,,,2.3178887367248535,,
0,253,,,2.3073019981384277,,
0,255,,,2.3097126483917236,,
0,257,,,2.322690963745117,,
0,259,,,2.3167738914489746,,
0,261,,,2.3178462982177734,,
0,263,,,2.3089756965637207,,
0,265,,,2.320934772491455,,
0,267,,,2.317866802215576,,
0,269,,,2.3141088485717773,,
0,271,,,2.314509391784668,,
0,273,,,2.3143556118011475,,
0,275,,,2.3083648681640625,,
0,277,,,2.3028950691223145,,
0,279,,,2.309647798538208,,
0,281,,,2.316771984100342,,
0,283,,,2.314203977584839,,
0,285,,,2.3064708709716797,,
0,287,,,2.308469772338867,,
0,289,,,2.3122806549072266,,
0,291,,,2.3173933029174805,,
0,293,,,2.3061110973358154,,
0,295,,,2.305950164794922,,
0,297,,,2.3225111961364746,,
0,299,,,2.3123269081115723,,
0,301,,,2.3177175521850586,,
0,303,,,2.311514139175415,,
0,305,,,2.3124732971191406,,
0,307,,,2.315305709838867,,
0,309,,,2.3070311546325684,,
0,311,,,2.3133559226989746,,
0,312,,,,0.010099999606609344,2.3027703762054443
1,313,,,2.3182601928710938,,
1,315,,,2.323892593383789,,
1,317,,,2.3203377723693848,,
1,319,,,2.3170957565307617,,
1,321,,,2.315941333770752,,
1,323,,,2.319326400756836,,
1,325,,,2.3183536529541016,,
1,327,,,2.306903839111328,,
1,329,,,2.3177754878997803,,
1,331,,,2.308718681335449,,
1,333,,,2.3188271522521973,,
1,335,,,2.3042614459991455,,
1,337,,,2.3107542991638184,,
1,339,,,2.317781448364258,,
1,341,,,2.321683406829834,,
1,343,,,2.3162691593170166,,
1,345,,,2.30926513671875,,
1,347,,,2.3162431716918945,,
1,349,,,2.316871166229248,,
1,351,,,2.315741777420044,,
1,353,,,2.3088555335998535,,
1,355,,,2.3025732040405273,,
1,357,,,2.308509349822998,,
1,359,,,2.302847385406494,,
1,361,,,2.315258502960205,,
1,363,,,2.311062812805176,,
1,365,,,2.3106279373168945,,
1,367,,,2.312135696411133,,
1,369,,,2.3185441493988037,,
1,371,,,2.3070125579833984,,
1,373,,,2.304234027862549,,
1,375,,,2.303467035293579,,
1,377,,,2.3115806579589844,,
1,379,,,2.327889919281006,,
1,381,,,2.3165981769561768,,
1,383,,,2.308300495147705,,
1,385,,,2.30495548248291,,
1,387,,,2.3363661766052246,,
1,389,,,2.3121426105499268,,
1,391,,,2.315049648284912,,
1,393,,,2.3116769790649414,,
1,395,,,2.314619779586792,,
1,397,,,2.3040151596069336,,
1,399,,,2.311382532119751,,
1,401,,,2.3100075721740723,,
1,403,,,2.304502010345459,,
1,405,,,2.320737838745117,,
1,407,,,2.3196520805358887,,
1,409,,,2.322329521179199,,
1,411,,,2.3103175163269043,,
1,413,,,2.309673309326172,,
1,415,,,2.321845293045044,,
1,417,,,2.3071541786193848,,
1,419,,,2.311037063598633,,
1,421,,,2.3201756477355957,,
1,423,,,2.317199468612671,,
1,425,,,2.307121753692627,,
1,427,,,2.304837703704834,,
1,429,,,2.3068783283233643,,
1,431,,,2.3136463165283203,,
1,433,,,2.307485580444336,,
1,435,,,2.310192823410034,,
1,437,,,2.307338237762451,,
1,439,,,2.323147773742676,,
1,441,,,2.3176419734954834,,
1,443,,,2.3247530460357666,,
1,445,,,2.319967746734619,,
1,447,,,2.321291923522949,,
1,449,,,2.3102774620056152,,
1,451,,,2.322561740875244,,
1,453,,,2.3147265911102295,,
1,455,,,2.3131372928619385,,
1,457,,,2.3067893981933594,,
1,459,,,2.314314365386963,,
1,461,,,2.3015260696411133,,
1,463,,,2.3114285469055176,,
1,465,,,2.317133903503418,,
1,467,,,2.3143715858459473,,
1,469,,,2.3161096572875977,,
1,471,,,2.3152015209198,,
1,473,,,2.3129377365112305,,
1,475,,,2.312309980392456,,
1,477,,,2.3144497871398926,,
1,479,,,2.3140366077423096,,
1,481,,,2.324439764022827,,
1,483,,,2.3120267391204834,,
1,485,,,2.311735153198242,,
1,487,,,2.321615219116211,,
1,489,,,2.3112263679504395,,
1,491,,,2.3061928749084473,,
1,493,,,2.3071751594543457,,
1,495,,,2.3200299739837646,,
1,497,,,2.3094098567962646,,
1,499,,,2.3171255588531494,,
1,501,,,2.316608428955078,,
1,503,,,2.314150810241699,,
1,505,,,2.3092260360717773,,
1,507,,,2.30967378616333,,
1,509,,,2.3083012104034424,,
1,511,,,2.3119688034057617,,
1,513,,,2.3141720294952393,,
1,515,,,2.3225936889648438,,
1,517,,,2.3181815147399902,,
1,519,,,2.3147077560424805,,
1,521,,,2.318070888519287,,
1,523,,,2.311004638671875,,
1,525,,,2.3095076084136963,,
1,527,,,2.3146634101867676,,
1,529,,,2.3252615928649902,,
1,531,,,2.310553789138794,,
1,533,,,2.3144431114196777,,
1,535,,,2.3132810592651367,,
1,537,,,2.3033432960510254,,
1,539,,,2.3051846027374268,,
1,541,,,2.3189868927001953,,
1,543,,,2.3147385120391846,,
1,545,,,2.3099656105041504,,
1,547,,,2.3012332916259766,,
1,549,,,2.3079330921173096,,
1,551,,,2.3041977882385254,,
1,553,,,2.304659366607666,,
1,555,,,2.3053455352783203,,
1,557,,,2.306704044342041,,
1,559,,,2.3179779052734375,,
1,561,,,2.3091511726379395,,
1,563,,,2.3167104721069336,,
1,565,,,2.317580223083496,,
1,567,,,2.313533306121826,,
1,569,,,2.3086564540863037,,
1,571,,,2.314268112182617,,
1,573,,,2.3076179027557373,,
1,575,,,2.326287269592285,,
1,577,,,2.312535285949707,,
1,579,,,2.3011696338653564,,
1,581,,,2.313410758972168,,
1,583,,,2.3111939430236816,,
1,585,,,2.3145358562469482,,
1,587,,,2.309025287628174,,
1,589,,,2.306839942932129,,
1,591,,,2.3164029121398926,,
1,593,,,2.3110389709472656,,
1,595,,,2.3107802867889404,,
1,597,,,2.301514148712158,,
1,599,,,2.3157522678375244,,
1,601,,,2.3072357177734375,,
1,603,,,2.3217098712921143,,
1,605,,,2.3070626258850098,,
1,607,,,2.3086774349212646,,
1,609,,,2.316807270050049,,
1,611,,,2.300874710083008,,
1,613,,,2.308206558227539,,
1,615,,,2.3027539253234863,,
1,617,,,2.3187787532806396,,
1,619,,,2.3214502334594727,,
1,621,,,2.3086016178131104,,
1,623,,,2.3161816596984863,,
1,625,,,2.3034801483154297,,
1,625,,,,0.025750000029802322,2.3019258975982666
2,627,,,2.311946392059326,,
2,629,,,2.312516212463379,,
2,631,,,2.3160781860351562,,
2,633,,,2.317793846130371,,
2,635,,,2.3200693130493164,,
2,637,,,2.315404176712036,,
2,639,,,2.3044023513793945,,
2,641,,,2.3097074031829834,,
2,643,,,2.316331386566162,,
2,645,,,2.3097755908966064,,
2,647,,,2.3067851066589355,,
2,649,,,2.314805507659912,,
2,651,,,2.319453477859497,,
2,653,,,2.3063862323760986,,
2,655,,,2.3112857341766357,,
2,657,,,2.3165340423583984,,
2,659,,,2.308534860610962,,
2,661,,,2.3057405948638916,,
2,663,,,2.312859296798706,,
2,665,,,2.3184728622436523,,
2,667,,,2.3190650939941406,,
2,669,,,2.3149867057800293,,
2,671,,,2.297390937805176,,
2,673,,,2.308528184890747,,
2,675,,,2.3118398189544678,,
2,677,,,2.304980754852295,,
2,679,,,2.3121390342712402,,
2,681,,,2.311432123184204,,
2,683,,,2.3065998554229736,,
2,685,,,2.308945894241333,,
2,687,,,2.301980495452881,,
2,689,,,2.3170409202575684,,
2,691,,,2.3132197856903076,,
2,693,,,2.3112359046936035,,
2,695,,,2.3123369216918945,,
2,697,,,2.317803144454956,,
2,699,,,2.3048763275146484,,
2,701,,,2.308746337890625,,
2,703,,,2.3081700801849365,,
2,705,,,2.3149149417877197,,
2,707,,,2.306692600250244,,
2,709,,,2.307469129562378,,
2,711,,,2.3095223903656006,,
2,713,,,2.307495594024658,,
2,715,,,2.323275566101074,,
2,717,,,2.3168811798095703,,
2,719,,,2.330996036529541,,
2,721,,,2.3190107345581055,,
2,723,,,2.3019838333129883,,
2,725,,,2.316075563430786,,
2,727,,,2.310896635055542,,
2,729,,,2.316977024078369,,
2,731,,,2.313107490539551,,
2,733,,,2.3124375343322754,,
2,735,,,2.313581943511963,,
2,737,,,2.3075761795043945,,
2,739,,,2.317469835281372,,
2,741,,,2.311984062194824,,
2,743,,,2.3098819255828857,,
2,745,,,2.308821201324463,,
2,747,,,2.3049306869506836,,
2,749,,,2.3058810234069824,,
2,751,,,2.309102773666382,,
2,753,,,2.3123488426208496,,
2,755,,,2.3067712783813477,,
2,757,,,2.318878650665283,,
2,759,,,2.3141965866088867,,
2,761,,,2.3075337409973145,,
2,763,,,2.3065528869628906,,
2,765,,,2.3076038360595703,,
2,767,,,2.319179058074951,,
2,769,,,2.3211538791656494,,
2,771,,,2.308314323425293,,
2,773,,,2.310091495513916,,
2,775,,,2.3094749450683594,,
2,777,,,2.310182809829712,,
2,779,,,2.31657075881958,,
2,781,,,2.3154075145721436,,
2,783,,,2.3115346431732178,,
2,785,,,2.3058364391326904,,
2,787,,,2.322012424468994,,
2,789,,,2.3116796016693115,,
2,791,,,2.313344955444336,,
2,793,,,2.3087902069091797,,
2,795,,,2.297182559967041,,
2,797,,,2.310361385345459,,
2,799,,,2.3026390075683594,,
2,801,,,2.300600528717041,,
2,803,,,2.31392765045166,,
2,805,,,2.3094534873962402,,
2,807,,,2.304841995239258,,
2,809,,,2.311967611312866,,
2,811,,,2.3129661083221436,,
2,813,,,2.311312437057495,,
2,815,,,2.3103089332580566,,
2,817,,,2.3067641258239746,,
2,819,,,2.3055105209350586,,
2,821,,,2.308353900909424,,
2,823,,,2.3141746520996094,,
2,825,,,2.3141090869903564,,
2,827,,,2.31150484085083,,
2,829,,,2.3128762245178223,,
2,831,,,2.3012454509735107,,
2,833,,,2.3106751441955566,,
2,835,,,2.311295986175537,,
2,837,,,2.319213628768921,,
2,839,,,2.307215452194214,,
2,841,,,2.3082449436187744,,
2,843,,,2.314396381378174,,
2,845,,,2.311293601989746,,
2,847,,,2.3147518634796143,,
2,849,,,2.313333034515381,,
2,851,,,2.3106491565704346,,
2,853,,,2.312986135482788,,
2,855,,,2.3135645389556885,,
2,857,,,2.307342052459717,,
2,859,,,2.3063859939575195,,
2,861,,,2.3129427433013916,,
2,863,,,2.310842990875244,,
2,865,,,2.302307605743408,,
2,867,,,2.3138840198516846,,
2,869,,,2.3089194297790527,,
2,871,,,2.306401252746582,,
2,873,,,2.3144004344940186,,
2,875,,,2.301276206970215,,
2,877,,,2.3078556060791016,,
2,879,,,2.3084373474121094,,
2,881,,,2.3124098777770996,,
2,883,,,2.3084006309509277,,
2,885,,,2.3087780475616455,,
2,887,,,2.3009495735168457,,
2,889,,,2.3193016052246094,,
2,891,,,2.3218326568603516,,
2,893,,,2.312358856201172,,
2,895,,,2.3033714294433594,,
2,897,,,2.3120880126953125,,
2,899,,,2.311544418334961,,
2,901,,,2.306654214859009,,
2,903,,,2.3049557209014893,,
2,905,,,2.310281276702881,,
2,907,,,2.3213467597961426,,
2,909,,,2.31838321685791,,
2,911,,,2.311005115509033,,
2,913,,,2.3025994300842285,,
2,915,,,2.3134007453918457,,
2,917,,,2.312164545059204,,
2,919,,,2.316183090209961,,
2,921,,,2.3082149028778076,,
2,923,,,2.308594226837158,,
2,925,,,2.311173915863037,,
2,927,,,2.314601421356201,,
2,929,,,2.30808687210083,,
2,931,,,2.304981231689453,,
2,933,,,2.2984888553619385,,
2,935,,,2.303919792175293,,
2,937,,,2.3098130226135254,,
2,938,,,,0.003800000064074993,2.2669837474823
3,939,,,2.313143730163574,,
3,941,,,2.3168210983276367,,
3,943,,,2.304788112640381,,
3,945,,,2.316490650177002,,
3,947,,,2.3067455291748047,,
3,949,,,2.318681240081787,,
3,951,,,2.3065218925476074,,
3,953,,,2.312929153442383,,
3,955,,,2.300842761993408,,
3,957,,,2.3171849250793457,,
3,959,,,2.308734893798828,,
3,961,,,2.3205244541168213,,
3,963,,,2.3077611923217773,,
3,965,,,2.3122847080230713,,
3,967,,,2.3107590675354004,,
3,969,,,2.307692527770996,,
3,971,,,2.321983814239502,,
3,973,,,2.3153798580169678,,
3,975,,,2.303431987762451,,
3,977,,,2.3101463317871094,,
3,979,,,2.3099632263183594,,
3,981,,,2.3049144744873047,,
3,983,,,2.303102493286133,,
3,985,,,2.305818796157837,,
3,987,,,2.3161702156066895,,
3,989,,,2.3117728233337402,,
3,991,,,2.307710886001587,,
3,993,,,2.3056282997131348,,
3,995,,,2.3069348335266113,,
3,997,,,2.309579372406006,,
3,999,,,2.3149173259735107,,
3,1001,,,2.3111233711242676,,
3,1003,,,2.313547134399414,,
3,1005,,,2.3155040740966797,,
3,1007,,,2.301689624786377,,
3,1009,,,2.31699800491333,,
3,1011,,,2.322067975997925,,
3,1013,,,2.309903144836426,,
3,1015,,,2.303610324859619,,
3,1017,,,2.3156163692474365,,
3,1019,,,2.308854341506958,,
3,1021,,,2.3104629516601562,,
3,1023,,,2.3007376194000244,,
3,1025,,,2.31329083442688,,
3,1027,,,2.3153939247131348,,
3,1029,,,2.3085834980010986,,
3,1031,,,2.304507255554199,,
3,1033,,,2.3052945137023926,,
3,1035,,,2.3225278854370117,,
3,1037,,,2.313413143157959,,
3,1039,,,2.3219101428985596,,
3,1041,,,2.3157737255096436,,
3,1043,,,2.3233351707458496,,
3,1045,,,2.30836820602417,,
3,1047,,,2.3043949604034424,,
3,1049,,,2.3100733757019043,,
3,1051,,,2.3077845573425293,,
3,1053,,,2.310049533843994,,
3,1055,,,2.311201572418213,,
3,1057,,,2.3110857009887695,,
3,1059,,,2.3174753189086914,,
3,1061,,,2.3040177822113037,,
3,1063,,,2.3067469596862793,,
3,1065,,,2.302666187286377,,
3,1067,,,2.3096108436584473,,
3,1069,,,2.3044309616088867,,
3,1071,,,2.3074440956115723,,
3,1073,,,2.319892644882202,,
3,1075,,,2.309799909591675,,
3,1077,,,2.3032751083374023,,
3,1079,,,2.3105461597442627,,
3,1081,,,2.309068202972412,,
3,1083,,,2.299389362335205,,
3,1085,,,2.3120856285095215,,
3,1087,,,2.310669422149658,,
3,1089,,,2.307490825653076,,
3,1091,,,2.305474281311035,,
3,1093,,,2.3103108406066895,,
3,1095,,,2.309690237045288,,
3,1097,,,2.3086202144622803,,
3,1099,,,2.3039958477020264,,
3,1101,,,2.304258108139038,,
3,1103,,,2.319180965423584,,
3,1105,,,2.3066842555999756,,
3,1107,,,2.3109936714172363,,
3,1109,,,2.308826208114624,,
3,1111,,,2.3179473876953125,,
3,1113,,,2.3111348152160645,,
3,1115,,,2.2970118522644043,,
3,1117,,,2.305915594100952,,
3,1119,,,2.303496837615967,,
3,1121,,,2.3101940155029297,,
3,1123,,,2.3102383613586426,,
3,1125,,,2.304595708847046,,
3,1127,,,2.295236349105835,,
3,1129,,,2.309408664703369,,
3,1131,,,2.307447910308838,,
3,1133,,,2.3121211528778076,,
3,1135,,,2.3008460998535156,,
3,1137,,,2.3103718757629395,,
3,1139,,,2.3155763149261475,,
3,1141,,,2.3121376037597656,,
3,1143,,,2.3055226802825928,,
3,1145,,,2.307648181915283,,
3,1147,,,2.3150463104248047,,
3,1149,,,2.3110694885253906,,
3,1151,,,2.3042173385620117,,
3,1153,,,2.3020272254943848,,
3,1155,,,2.3095881938934326,,
3,1157,,,2.3075952529907227,,
3,1159,,,2.3072714805603027,,
3,1161,,,2.3050575256347656,,
3,1163,,,2.3029282093048096,,
3,1165,,,2.3205857276916504,,
3,1167,,,2.332622766494751,,
3,1169,,,2.324612855911255,,
3,1171,,,2.313314437866211,,
3,1173,,,2.3145601749420166,,
3,1175,,,2.3016042709350586,,
3,1177,,,2.3031208515167236,,
3,1179,,,2.3131260871887207,,
3,1181,,,2.317037582397461,,
3,1183,,,2.314929246902466,,
3,1185,,,2.3068923950195312,,
3,1187,,,2.3101470470428467,,
3,1189,,,2.303636074066162,,
3,1191,,,2.3058364391326904,,
3,1193,,,2.3090548515319824,,
3,1195,,,2.3085708618164062,,
3,1197,,,2.3066139221191406,,
3,1199,,,2.3085033893585205,,
3,1201,,,2.320021867752075,,
3,1203,,,2.3077526092529297,,
3,1205,,,2.3072643280029297,,
3,1207,,,2.312955617904663,,
3,1209,,,2.3102264404296875,,
3,1211,,,2.2975120544433594,,
3,1213,,,2.3057942390441895,,
3,1215,,,2.3078091144561768,,
3,1217,,,2.3093976974487305,,
3,1219,,,2.307161808013916,,
3,1221,,,2.311994791030884,,
3,1223,,,2.3160722255706787,,
3,1225,,,2.3131353855133057,,
3,1227,,,2.306333541870117,,
3,1229,,,2.303013801574707,,
3,1231,,,2.3059093952178955,,
3,1233,,,2.315063238143921,,
3,1235,,,2.3128433227539062,,
3,1237,,,2.3059873580932617,,
3,1239,,,2.3091845512390137,,
3,1241,,,2.3040826320648193,,
3,1243,,,2.313882350921631,,
3,1245,,,2.312403917312622,,
3,1247,,,2.313687801361084,,
3,1249,,,2.3124985694885254,,
3,1251,,,2.315614700317383,,
3,1251,,,,0.010099999606609344,2.347695827484131
4,1253,,,2.3114895820617676,,
4,1255,,,2.3179492950439453,,
4,1257,,,2.310776948928833,,
4,1259,,,2.308798313140869,,
4,1261,,,2.3138785362243652,,
4,1263,,,2.315678596496582,,
4,1265,,,2.314544677734375,,
4,1267,,,2.31227970123291,,
4,1269,,,2.32073974609375,,
4,1271,,,2.3113389015197754,,
4,1273,,,2.3133668899536133,,
4,1275,,,2.302581310272217,,
4,1277,,,2.316368579864502,,
4,1279,,,2.3136355876922607,,
4,1281,,,2.309344530105591,,
4,1283,,,2.3077495098114014,,
4,1285,,,2.3095760345458984,,
4,1287,,,2.298307418823242,,
4,1289,,,2.3058671951293945,,
4,1291,,,2.3014426231384277,,
4,1293,,,2.3085572719573975,,
4,1295,,,2.304325580596924,,
4,1297,,,2.3083484172821045,,
4,1299,,,2.3068253993988037,,
4,1301,,,2.312675952911377,,
4,1303,,,2.307511329650879,,
4,1305,,,2.309201240539551,,
4,1307,,,2.3071060180664062,,
4,1309,,,2.3181405067443848,,
4,1311,,,2.312537908554077,,
4,1313,,,2.314077377319336,,
4,1315,,,2.304612159729004,,
4,1317,,,2.3117434978485107,,
4,1319,,,2.312793493270874,,
4,1321,,,2.3103890419006348,,
4,1323,,,2.3057003021240234,,
4,1325,,,2.3122363090515137,,
4,1327,,,2.309439182281494,,
4,1329,,,2.30790376663208,,
4,1331,,,2.315382480621338,,
4,1333,,,2.3095531463623047,,
4,1335,,,2.3130950927734375,,
4,1337,,,2.310291290283203,,
4,1339,,,2.3045148849487305,,
4,1341,,,2.3078713417053223,,
4,1343,,,2.2967395782470703,,
4,1345,,,2.314253568649292,,
4,1347,,,2.3069589138031006,,
4,1349,,,2.2978851795196533,,
4,1351,,,2.311483383178711,,
4,1353,,,2.315734386444092,,
4,1355,,,2.306121826171875,,
4,1357,,,2.311046600341797,,
4,1359,,,2.312129497528076,,
4,1361,,,2.3098201751708984,,
4,1363,,,2.2958316802978516,,
4,1365,,,2.314150810241699,,
4,1367,,,2.2955005168914795,,
4,1369,,,2.303067922592163,,
4,1371,,,2.3030340671539307,,
4,1373,,,2.3066246509552,,
4,1375,,,2.309711456298828,,
4,1377,,,2.304905652999878,,
4,1379,,,2.3040664196014404,,
4,1381,,,2.3087587356567383,,
4,1383,,,2.3062403202056885,,
4,1385,,,2.308925151824951,,
4,1387,,,2.3078601360321045,,
4,1389,,,2.3045339584350586,,
4,1391,,,2.3100717067718506,,
4,1393,,,2.30816388130188,,
4,1395,,,2.3215034008026123,,
4,1397,,,2.3159055709838867,,
4,1399,,,2.3101930618286133,,
4,1401,,,2.3119895458221436,,
4,1403,,,2.313326120376587,,
4,1405,,,2.3028533458709717,,
4,1407,,,2.3130335807800293,,
4,1409,,,2.3102288246154785,,
4,1411,,,2.3071188926696777,,
4,1413,,,2.310631275177002,,
4,1415,,,2.3081398010253906,,
4,1417,,,2.3041799068450928,,
4,1419,,,2.314620018005371,,
4,1421,,,2.3034439086914062,,
4,1423,,,2.3133468627929688,,
4,1425,,,2.3084805011749268,,
4,1427,,,2.306898593902588,,
4,1429,,,2.30668306350708,,
4,1431,,,2.308495044708252,,
4,1433,,,2.301778793334961,,
4,1435,,,2.318896532058716,,
4,1437,,,2.3081703186035156,,
4,1439,,,2.3084518909454346,,
4,1441,,,2.304403781890869,,
4,1443,,,2.311854839324951,,
4,1445,,,2.309900999069214,,
4,1447,,,2.304283380508423,,
4,1449,,,2.3035013675689697,,
4,1451,,,2.3125274181365967,,
4,1453,,,2.3117151260375977,,
4,1455,,,2.305276870727539,,
4,1457,,,2.309612274169922,,
4,1459,,,2.3064029216766357,,
4,1461,,,2.3086042404174805,,
4,1463,,,2.311272144317627,,
4,1465,,,2.3196206092834473,,
4,1467,,,2.3211727142333984,,
4,1469,,,2.3088889122009277,,
4,1471,,,2.300696849822998,,
4,1473,,,2.3066494464874268,,
4,1475,,,2.3119688034057617,,
4,1477,,,2.315429210662842,,
4,1479,,,2.3099193572998047,,
4,1481,,,2.3114068508148193,,
4,1483,,,2.3119499683380127,,
4,1485,,,2.3082752227783203,,
4,1487,,,2.3087520599365234,,
4,1489,,,2.314648151397705,,
4,1491,,,2.299050807952881,,
4,1493,,,2.3181087970733643,,
4,1495,,,2.312939167022705,,
4,1497,,,2.3144750595092773,,
4,1499,,,2.312893867492676,,
4,1501,,,2.3035848140716553,,
4,1503,,,2.312257766723633,,
4,1505,,,2.312473773956299,,
4,1507,,,2.3106884956359863,,
4,1509,,,2.311570644378662,,
4,1511,,,2.3043339252471924,,
4,1513,,,2.3090250492095947,,
4,1515,,,2.310659646987915,,
4,1517,,,2.3111305236816406,,
4,1519,,,2.317730188369751,,
4,1521,,,2.3138327598571777,,
4,1523,,,2.3158364295959473,,
4,1525,,,2.3044729232788086,,
4,1527,,,2.3097546100616455,,
4,1529,,,2.306227922439575,,
4,1531,,,2.307056188583374,,
4,1533,,,2.304208517074585,,
4,1535,,,2.31095552444458,,
4,1537,,,2.305532455444336,,
4,1539,,,2.3146166801452637,,
4,1541,,,2.3065638542175293,,
4,1543,,,2.308882713317871,,
4,1545,,,2.305161952972412,,
4,1547,,,2.3069751262664795,,
4,1549,,,2.29730224609375,,
4,1551,,,2.321331262588501,,
4,1553,,,2.316679000854492,,
4,1555,,,2.3118345737457275,,
4,1557,,,2.3193721771240234,,
4,1559,,,2.315263271331787,,
4,1561,,,2.30796480178833,,
4,1563,,,2.300978660583496,,
4,1564,,,,0.1907999962568283,2.301586151123047
5,1565,,,2.312279224395752,,
5,1567,,,2.310905933380127,,
5,1569,,,2.3014140129089355,,
5,1571,,,2.30745005607605,,
5,1573,,,2.3083109855651855,,
5,1575,,,2.310420274734497,,
5,1577,,,2.302248477935791,,
5,1579,,,2.3066554069519043,,
5,1581,,,2.3059496879577637,,
5,1583,,,2.301788806915283,,
5,1585,,,2.309344530105591,,
5,1587,,,2.313148021697998,,
5,1589,,,2.308238983154297,,
5,1591,,,2.3114590644836426,,
5,1593,,,2.31351375579834,,
5,1595,,,2.309878349304199,,
5,1597,,,2.3166565895080566,,
5,1599,,,2.3062705993652344,,
5,1601,,,2.307541847229004,,
5,1603,,,2.2981467247009277,,
5,1605,,,2.309206485748291,,
5,1607,,,2.303311586380005,,
5,1609,,,2.3039121627807617,,
5,1611,,,2.319068670272827,,
5,1613,,,2.3135786056518555,,
5,1615,,,2.304800510406494,,
5,1617,,,2.320549249649048,,
5,1619,,,2.3078489303588867,,
5,1621,,,2.313640832901001,,
5,1623,,,2.3076553344726562,,
5,1625,,,2.3081600666046143,,
5,1627,,,2.3066422939300537,,
5,1629,,,2.3079354763031006,,
5,1631,,,2.3053629398345947,,
5,1633,,,2.3101749420166016,,
5,1635,,,2.3094496726989746,,
5,1637,,,2.310166835784912,,
5,1639,,,2.308187484741211,,
5,1641,,,2.311276435852051,,
5,1643,,,2.308295726776123,,
5,1645,,,2.3114399909973145,,
5,1647,,,2.307201385498047,,
5,1649,,,2.311467409133911,,
5,1651,,,2.302700996398926,,
5,1653,,,2.3091683387756348,,
5,1655,,,2.3117237091064453,,
5,1657,,,2.306497097015381,,
5,1659,,,2.308243989944458,,
5,1661,,,2.30910062789917,,
5,1663,,,2.3086609840393066,,
5,1665,,,2.3071939945220947,,
5,1667,,,2.3078603744506836,,
5,1669,,,2.30191707611084,,
5,1671,,,2.3049142360687256,,
5,1673,,,2.307400703430176,,
5,1675,,,2.310765504837036,,
5,1677,,,2.31827449798584,,
5,1679,,,2.3087639808654785,,
5,1681,,,2.304861307144165,,
5,1683,,,2.305800199508667,,
5,1685,,,2.306316614151001,,
5,1687,,,2.3066937923431396,,
5,1689,,,2.31358003616333,,
5,1691,,,2.318627119064331,,
5,1693,,,2.310685873031616,,
5,1695,,,2.304008960723877,,
5,1697,,,2.304861068725586,,
5,1699,,,2.3132290840148926,,
5,1701,,,2.311094284057617,,
5,1703,,,2.306332588195801,,
5,1705,,,2.300705671310425,,
5,1707,,,2.3064212799072266,,
5,1709,,,2.3092222213745117,,
5,1711,,,2.308652639389038,,
5,1713,,,2.3051064014434814,,
5,1715,,,2.312021255493164,,
5,1717,,,2.3040988445281982,,
5,1719,,,2.308398723602295,,
5,1721,,,2.304757595062256,,
5,1723,,,2.3111796379089355,,
5,1725,,,2.306697368621826,,
5,1727,,,2.3129684925079346,,
5,1729,,,2.3085665702819824,,
5,1731,,,2.3000543117523193,,
5,1733,,,2.3070855140686035,,
5,1735,,,2.312570333480835,,
5,1737,,,2.3037681579589844,,
5,1739,,,2.307692050933838,,
5,1741,,,2.3130037784576416,,
5,1743,,,2.307569980621338,,
5,1745,,,2.3028340339660645,,
5,1747,,,2.3109214305877686,,
5,1749,,,2.3031482696533203,,
5,1751,,,2.307185649871826,,
5,1753,,,2.304856300354004,,
5,1755,,,2.3021810054779053,,
5,1757,,,2.303124189376831,,
5,1759,,,2.305011749267578,,
5,1761,,,2.2977724075317383,,
5,1763,,,2.314425230026245,,
5,1765,,,2.301352024078369,,
5,1767,,,2.312025547027588,,
5,1769,,,2.306565761566162,,
5,1771,,,2.3155059814453125,,
5,1773,,,2.3131284713745117,,
5,1775,,,2.301692008972168,,
5,1777,,,2.3130569458007812,,
5,1779,,,2.303518772125244,,
5,1781,,,2.3159186840057373,,
5,1783,,,2.3093924522399902,,
5,1785,,,2.31156587600708,,
5,1787,,,2.3033156394958496,,
5,1789,,,2.308384895324707,,
5,1791,,,2.3112595081329346,,
5,1793,,,2.3082919120788574,,
5,1795,,,2.3077392578125,,
5,1797,,,2.3031516075134277,,
5,1799,,,2.305955410003662,,
5,1801,,,2.306685209274292,,
5,1803,,,2.307084560394287,,
5,1805,,,2.299816131591797,,
5,1807,,,2.303833246231079,,
5,1809,,,2.3127903938293457,,
5,1811,,,2.324483871459961,,
5,1813,,,2.3103020191192627,,
5,1815,,,2.3073835372924805,,
5,1817,,,2.3021433353424072,,
5,1819,,,2.3122544288635254,,
5,1821,,,2.310168743133545,,
5,1823,,,2.3020176887512207,,
5,1825,,,2.3032288551330566,,
5,1827,,,2.296942710876465,,
5,1829,,,2.305410623550415,,
5,1831,,,2.3077144622802734,,
5,1833,,,2.3131728172302246,,
5,1835,,,2.2997782230377197,,
5,1837,,,2.3049135208129883,,
5,1839,,,2.301159143447876,,
5,1841,,,2.3068604469299316,,
5,1843,,,2.3096985816955566,,
5,1845,,,2.3114852905273438,,
5,1847,,,2.3066587448120117,,
5,1849,,,2.3052592277526855,,
5,1851,,,2.305036783218384,,
5,1853,,,2.3097877502441406,,
5,1855,,,2.3105289936065674,,
5,1857,,,2.307222843170166,,
5,1859,,,2.304872751235962,,
5,1861,,,2.2999563217163086,,
5,1863,,,2.3105850219726562,,
5,1865,,,2.3059310913085938,,
5,1867,,,2.301011085510254,,
5,1869,,,2.3110156059265137,,
5,1871,,,2.3062338829040527,,
5,1873,,,2.30969500541687,,
5,1875,,,2.3017120361328125,,
5,1877,,,2.304978847503662,,
5,1877,,,,0.0012499999720603228,2.3017985820770264
6,1879,,,2.3207337856292725,,
6,1881,,,2.3179335594177246,,
6,1883,,,2.3121936321258545,,
6,1885,,,2.3069705963134766,,
6,1887,,,2.312070608139038,,
6,1889,,,2.3162741661071777,,
6,1891,,,2.309359073638916,,
6,1893,,,2.304788112640381,,
6,1895,,,2.3109211921691895,,
6,1897,,,2.301990032196045,,
6,1899,,,2.305875301361084,,
6,1901,,,2.3057825565338135,,
6,1903,,,2.3071041107177734,,
6,1905,,,2.3097777366638184,,
6,1907,,,2.303274393081665,,
6,1909,,,2.304892063140869,,
6,1911,,,2.3143136501312256,,
6,1913,,,2.314884662628174,,
6,1915,,,2.3124916553497314,,
6,1917,,,2.316869020462036,,
6,1919,,,2.3040904998779297,,
6,1921,,,2.308328628540039,,
6,1923,,,2.3023157119750977,,
6,1925,,,2.305349826812744,,
6,1927,,,2.3059444427490234,,
6,1929,,,2.324209213256836,,
6,1931,,,2.3138022422790527,,
6,1933,,,2.3075852394104004,,
6,1935,,,2.3183066844940186,,
6,1937,,,2.311272144317627,,
6,1939,,,2.3123111724853516,,
6,1941,,,2.3027336597442627,,
6,1943,,,2.303971767425537,,
6,1945,,,2.3036062717437744,,
6,1947,,,2.3056793212890625,,
6,1949,,,2.3122241497039795,,
6,1951,,,2.309972047805786,,
6,1953,,,2.2991538047790527,,
6,1955,,,2.3068008422851562,,
6,1957,,,2.3053975105285645,,
6,1959,,,2.3099746704101562,,
6,1961,,,2.309748649597168,,
6,1963,,,2.3055200576782227,,
6,1965,,,2.314282178878784,,
6,1967,,,2.3060598373413086,,
6,1969,,,2.301921844482422,,
6,1971,,,2.3037543296813965,,
6,1973,,,2.319302558898926,,
6,1975,,,2.306143283843994,,
6,1977,,,2.311572551727295,,
6,1979,,,2.2948896884918213,,
6,1981,,,2.3094687461853027,,
6,1983,,,2.3104827404022217,,
6,1985,,,2.3048391342163086,,
6,1987,,,2.311270236968994,,
6,1989,,,2.306260347366333,,
6,1991,,,2.302422523498535,,
6,1993,,,2.3095033168792725,,
6,1995,,,2.311830520629883,,
6,1997,,,2.302833318710327,,
6,1999,,,2.312394380569458,,
6,2001,,,2.301483631134033,,
6,2003,,,2.3082656860351562,,
6,2005,,,2.307404041290283,,
6,2007,,,2.305147171020508,,
6,2009,,,2.3119678497314453,,
6,2011,,,2.3054990768432617,,
6,2013,,,2.308182954788208,,
6,2015,,,2.306901454925537,,
6,2017,,,2.3062098026275635,,
6,2019,,,2.304810047149658,,
6,2021,,,2.2990212440490723,,
6,2023,,,2.3002662658691406,,
6,2025,,,2.302635431289673,,
6,2027,,,2.3043127059936523,,
6,2029,,,2.307162284851074,,
6,2031,,,2.3089213371276855,,
6,2033,,,2.3043272495269775,,
6,2035,,,2.3055663108825684,,
6,2037,,,2.3060142993927,,
6,2039,,,2.3098206520080566,,
6,2041,,,2.307612895965576,,
6,2043,,,2.298542022705078,,
6,2045,,,2.308291435241699,,
6,2047,,,2.306049108505249,,
6,2049,,,2.3115577697753906,,
6,2051,,,2.306550979614258,,
6,2053,,,2.3069210052490234,,
6,2055,,,2.3101401329040527,,
6,2057,,,2.298262119293213,,
6,2059,,,2.2987852096557617,,
6,2061,,,2.3054685592651367,,
6,2063,,,2.3071117401123047,,
6,2065,,,2.3129351139068604,,
6,2067,,,2.3049051761627197,,
6,2069,,,2.306602954864502,,
6,2071,,,2.3196370601654053,,
6,2073,,,2.309929370880127,,
6,2075,,,2.3069710731506348,,
6,2077,,,2.3066306114196777,,
6,2079,,,2.3114776611328125,,
6,2081,,,2.301790237426758,,
6,2083,,,2.3121118545532227,,
6,2085,,,2.305873394012451,,
6,2087,,,2.3021788597106934,,
6,2089,,,2.3028676509857178,,
6,2091,,,2.3123648166656494,,
6,2093,,,2.3027548789978027,,
6,2095,,,2.305731773376465,,
6,2097,,,2.30777645111084,,
6,2099,,,2.3128304481506348,,
6,2101,,,2.3051369190216064,,
6,2103,,,2.3079981803894043,,
6,2105,,,2.306981325149536,,
6,2107,,,2.308199644088745,,
6,2109,,,2.3069238662719727,,
6,2111,,,2.3061509132385254,,
6,2113,,,2.302464008331299,,
6,2115,,,2.3117923736572266,,
6,2117,,,2.3121254444122314,,
6,2119,,,2.3036060333251953,,
6,2121,,,2.307286262512207,,
6,2123,,,2.3117856979370117,,
6,2125,,,2.3071537017822266,,
6,2127,,,2.308664321899414,,
6,2129,,,2.3078155517578125,,
6,2131,,,2.3101603984832764,,
6,2133,,,2.313204288482666,,
6,2135,,,2.312213897705078,,
6,2137,,,2.309882640838623,,
6,2139,,,2.303030014038086,,
6,2141,,,2.313894271850586,,
6,2143,,,2.317110061645508,,
6,2145,,,2.3135995864868164,,
6,2147,,,2.315938949584961,,
6,2149,,,2.3095924854278564,,
6,2151,,,2.303223133087158,,
6,2153,,,2.3096070289611816,,
6,2155,,,2.3029398918151855,,
6,2157,,,2.308292865753174,,
6,2159,,,2.3058273792266846,,
6,2161,,,2.307704448699951,,
6,2163,,,2.3033642768859863,,
6,2165,,,2.304300308227539,,
6,2167,,,2.3089990615844727,,
6,2169,,,2.3093600273132324,,
6,2171,,,2.302582263946533,,
6,2173,,,2.3099703788757324,,
6,2175,,,2.3055973052978516,,
6,2177,,,2.311959743499756,,
6,2179,,,2.3096442222595215,,
6,2181,,,2.3100380897521973,,
6,2183,,,2.309645891189575,,
6,2185,,,2.3115055561065674,,
6,2187,,,2.3011255264282227,,
6,2189,,,2.3040120601654053,,
6,2190,,,,0.011950000189244747,2.301710605621338
7,2191,,,2.311896324157715,,
7,2193,,,2.303940773010254,,
7,2195,,,2.3102059364318848,,
7,2197,,,2.308845281600952,,
7,2199,,,2.307027578353882,,
7,2201,,,2.3071682453155518,,
7,2203,,,2.3060731887817383,,
7,2205,,,2.3056230545043945,,
7,2207,,,2.3048183917999268,,
7,2209,,,2.3016395568847656,,
7,2211,,,2.3068366050720215,,
7,2213,,,2.3050873279571533,,
7,2215,,,2.3068270683288574,,
7,2217,,,2.30465030670166,,
7,2219,,,2.308558940887451,,
7,2221,,,2.3098435401916504,,
7,2223,,,2.3003900051116943,,
7,2225,,,2.3065407276153564,,
7,2227,,,2.313478708267212,,
7,2229,,,2.30656099319458,,
7,2231,,,2.3026633262634277,,
7,2233,,,2.3102521896362305,,
7,2235,,,2.30690336227417,,
7,2237,,,2.306236982345581,,
7,2239,,,2.3078646659851074,,
7,2241,,,2.3067150115966797,,
7,2243,,,2.307502508163452,,
7,2245,,,2.3122570514678955,,
7,2247,,,2.3037338256835938,,
7,2249,,,2.307983160018921,,
7,2251,,,2.311525821685791,,
7,2253,,,2.3053579330444336,,
7,2255,,,2.3053791522979736,,
7,2257,,,2.3014113903045654,,
7,2259,,,2.3119943141937256,,
7,2261,,,2.3077712059020996,,
7,2263,,,2.3061113357543945,,
7,2265,,,2.3052806854248047,,
7,2267,,,2.31233549118042,,
7,2269,,,2.3066749572753906,,
7,2271,,,2.3034615516662598,,
7,2273,,,2.303579330444336,,
7,2275,,,2.303454875946045,,
7,2277,,,2.308215618133545,,
7,2279,,,2.3005473613739014,,
7,2281,,,2.3061466217041016,,
7,2283,,,2.306471347808838,,
7,2285,,,2.3093700408935547,,
7,2287,,,2.3021764755249023,,
7,2289,,,2.3025689125061035,,
7,2291,,,2.308485746383667,,
7,2293,,,2.3076767921447754,,
7,2295,,,2.3122830390930176,,
7,2297,,,2.3001723289489746,,
7,2299,,,2.3040523529052734,,
7,2301,,,2.298471450805664,,
7,2303,,,2.3047616481781006,,
7,2305,,,2.303835153579712,,
7,2307,,,2.308302879333496,,
7,2309,,,2.3114962577819824,,
7,2311,,,2.3063392639160156,,
7,2313,,,2.305375576019287,,
7,2315,,,2.305532455444336,,
7,2317,,,2.308530330657959,,
7,2319,,,2.307924747467041,,
7,2321,,,2.3018205165863037,,
7,2323,,,2.3068437576293945,,
7,2325,,,2.313498020172119,,
7,2327,,,2.312415599822998,,
7,2329,,,2.301635265350342,,
7,2331,,,2.305081367492676,,
7,2333,,,2.3093817234039307,,
7,2335,,,2.309943199157715,,
7,2337,,,2.3041253089904785,,
7,2339,,,2.301906108856201,,
7,2341,,,2.310654401779175,,
7,2343,,,2.308138132095337,,
7,2345,,,2.307518482208252,,
7,2347,,,2.310258150100708,,
7,2349,,,2.3054356575012207,,
7,2351,,,2.3153529167175293,,
7,2353,,,2.3150293827056885,,
7,2355,,,2.3132450580596924,,
7,2357,,,2.305701732635498,,
7,2359,,,2.302670955657959,,
7,2361,,,2.3071155548095703,,
7,2363,,,2.309086799621582,,
7,2365,,,2.3108081817626953,,
7,2367,,,2.3044703006744385,,
7,2369,,,2.3066298961639404,,
7,2371,,,2.3106207847595215,,
7,2373,,,2.299008369445801,,
7,2375,,,2.3062405586242676,,
7,2377,,,2.306741714477539,,
7,2379,,,2.307422637939453,,
7,2381,,,2.3034934997558594,,
7,2383,,,2.301886558532715,,
7,2385,,,2.302112102508545,,
7,2387,,,2.3082704544067383,,
7,2389,,,2.3095922470092773,,
7,2391,,,2.3066182136535645,,
7,2393,,,2.302638530731201,,
7,2395,,,2.303684711456299,,
7,2397,,,2.306304931640625,,
7,2399,,,2.3081164360046387,,
7,2401,,,2.3034443855285645,,
7,2403,,,2.307413101196289,,
7,2405,,,2.30454683303833,,
7,2407,,,2.3034839630126953,,
7,2409,,,2.307978391647339,,
7,2411,,,2.3099894523620605,,
7,2413,,,2.308490753173828,,
7,2415,,,2.3085503578186035,,
7,2417,,,2.3172106742858887,,
7,2419,,,2.3057823181152344,,
7,2421,,,2.30576753616333,,
7,2423,,,2.30372953414917,,
7,2425,,,2.307595729827881,,
7,2427,,,2.307389497756958,,
7,2429,,,2.3064942359924316,,
7,2431,,,2.309738874435425,,
7,2433,,,2.306920051574707,,
7,2435,,,2.310020923614502,,
7,2437,,,2.3013756275177,,
7,2439,,,2.3089704513549805,,
7,2441,,,2.303826093673706,,
7,2443,,,2.309636116027832,,
7,2445,,,2.3092072010040283,,
7,2447,,,2.3089160919189453,,
7,2449,,,2.307206153869629,,
7,2451,,,2.309291362762451,,
7,2453,,,2.3016459941864014,,
7,2455,,,2.3051090240478516,,
7,2457,,,2.312544584274292,,
7,2459,,,2.308927536010742,,
7,2461,,,2.308835983276367,,
7,2463,,,2.308835029602051,,
7,2465,,,2.3098273277282715,,
7,2467,,,2.30755615234375,,
7,2469,,,2.305198907852173,,
7,2471,,,2.303734302520752,,
7,2473,,,2.300095558166504,,
7,2475,,,2.3056907653808594,,
7,2477,,,2.315779209136963,,
7,2479,,,2.307847023010254,,
7,2481,,,2.3020553588867188,,
7,2483,,,2.323601245880127,,
7,2485,,,2.308391571044922,,
7,2487,,,2.3046364784240723,,
7,2489,,,2.3099403381347656,,
7,2491,,,2.3100929260253906,,
7,2493,,,2.3055429458618164,,
7,2495,,,2.311948537826538,,
7,2497,,,2.296478748321533,,
7,2499,,,2.302974224090576,,
7,2501,,,2.3061208724975586,,
7,2503,,,2.2986230850219727,,
7,2503,,,,0.010099999606609344,2.3252511024475098
8,2505,,,2.3062872886657715,,
8,2507,,,2.3012280464172363,,
8,2509,,,2.309791326522827,,
8,2511,,,2.3048810958862305,,
8,2513,,,2.316061496734619,,
8,2515,,,2.3121893405914307,,
8,2517,,,2.3062703609466553,,
8,2519,,,2.3035926818847656,,
8,2521,,,2.308187246322632,,
8,2523,,,2.305638313293457,,
8,2525,,,2.315825939178467,,
8,2527,,,2.3019633293151855,,
8,2529,,,2.3000593185424805,,
8,2531,,,2.305635690689087,,
8,2533,,,2.3062973022460938,,
8,2535,,,2.3052713871002197,,
8,2537,,,2.310102939605713,,
8,2539,,,2.3054513931274414,,
8,2541,,,2.3068928718566895,,
8,2543,,,2.3072667121887207,,
8,2545,,,2.3066630363464355,,
8,2547,,,2.3035855293273926,,
8,2549,,,2.3061914443969727,,
8,2551,,,2.305149793624878,,
8,2553,,,2.307223320007324,,
8,2555,,,2.3075928688049316,,
8,2557,,,2.3179545402526855,,
8,2559,,,2.302395820617676,,
8,2561,,,2.3125269412994385,,
8,2563,,,2.306159257888794,,
8,2565,,,2.3070597648620605,,
8,2567,,,2.316253900527954,,
8,2569,,,2.3038713932037354,,
8,2571,,,2.3072071075439453,,
8,2573,,,2.3051300048828125,,
8,2575,,,2.3076329231262207,,
8,2577,,,2.3072586059570312,,
8,2579,,,2.3014800548553467,,
8,2581,,,2.2980966567993164,,
8,2583,,,2.3082919120788574,,
8,2585,,,2.305882453918457,,
8,2587,,,2.3095102310180664,,
8,2589,,,2.2998647689819336,,
8,2591,,,2.3052377700805664,,
8,2593,,,2.3049442768096924,,
8,2595,,,2.30850887298584,,
8,2597,,,2.2989978790283203,,
8,2599,,,2.306448221206665,,
8,2601,,,2.3077569007873535,,
8,2603,,,2.2998251914978027,,
8,2605,,,2.3143160343170166,,
8,2607,,,2.307126998901367,,
8,2609,,,2.30775785446167,,
8,2611,,,2.297966241836548,,
8,2613,,,2.3098788261413574,,
8,2615,,,2.3069393634796143,,
8,2617,,,2.3028359413146973,,
8,2619,,,2.316924810409546,,
8,2621,,,2.303689956665039,,
8,2623,,,2.3045108318328857,,
8,2625,,,2.305891990661621,,
8,2627,,,2.3043344020843506,,
8,2629,,,2.3142051696777344,,
8,2631,,,2.2990705966949463,,
8,2633,,,2.3057374954223633,,
8,2635,,,2.302635669708252,,
8,2637,,,2.3108086585998535,,
8,2639,,,2.3057334423065186,,
8,2641,,,2.307368278503418,,
8,2643,,,2.303891897201538,,
8,2645,,,2.3034605979919434,,
8,2647,,,2.3046107292175293,,
8,2649,,,2.3118765354156494,,
8,2651,,,2.315547466278076,,
8,2653,,,2.312685966491699,,
8,2655,,,2.305741786956787,,
8,2657,,,2.3060193061828613,,
8,2659,,,2.3099536895751953,,
8,2661,,,2.3082807064056396,,
8,2663,,,2.3065080642700195,,
8,2665,,,2.3019590377807617,,
8,2667,,,2.3091259002685547,,
8,2669,,,2.2993783950805664,,
8,2671,,,2.3094730377197266,,
8,2673,,,2.309649705886841,,
8,2675,,,2.308551073074341,,
8,2677,,,2.3001513481140137,,
8,2679,,,2.311842918395996,,
8,2681,,,2.305527687072754,,
8,2683,,,2.3077778816223145,,
8,2685,,,2.3100481033325195,,
8,2687,,,2.3095552921295166,,
8,2689,,,2.305051326751709,,
8,2691,,,2.310373306274414,,
8,2693,,,2.302616596221924,,
8,2695,,,2.3100714683532715,,
8,2697,,,2.301865577697754,,
8,2699,,,2.3122968673706055,,
8,2701,,,2.308124303817749,,
8,2703,,,2.307748794555664,,
8,2705,,,2.308894157409668,,
8,2707,,,2.3017194271087646,,
8,2709,,,2.3108999729156494,,
8,2711,,,2.3100388050079346,,
8,2713,,,2.3092288970947266,,
8,2715,,,2.306957960128784,,
8,2717,,,2.3042244911193848,,
8,2719,,,2.3106517791748047,,
8,2721,,,2.3145384788513184,,
8,2723,,,2.309551954269409,,
8,2725,,,2.299956798553467,,
8,2727,,,2.3083229064941406,,
8,2729,,,2.3039321899414062,,
8,2731,,,2.30838680267334,,
8,2733,,,2.306980609893799,,
8,2735,,,2.30534029006958,,
8,2737,,,2.3170692920684814,,
8,2739,,,2.3003196716308594,,
8,2741,,,2.308290958404541,,
8,2743,,,2.305703639984131,,
8,2745,,,2.3098015785217285,,
8,2747,,,2.304448127746582,,
8,2749,,,2.3016326427459717,,
8,2751,,,2.3034229278564453,,
8,2753,,,2.309941291809082,,
8,2755,,,2.3058838844299316,,
8,2757,,,2.308640956878662,,
8,2759,,,2.3056559562683105,,
8,2761,,,2.311876058578491,,
8,2763,,,2.3099050521850586,,
8,2765,,,2.3069052696228027,,
8,2767,,,2.2995681762695312,,
8,2769,,,2.3131773471832275,,
8,2771,,,2.308208465576172,,
8,2773,,,2.305070400238037,,
8,2775,,,2.307079792022705,,
8,2777,,,2.301682949066162,,
8,2779,,,2.306211471557617,,
8,2781,,,2.309845447540283,,
8,2783,,,2.308424949645996,,
8,2785,,,2.304760456085205,,
8,2787,,,2.3153772354125977,,
8,2789,,,2.309908151626587,,
8,2791,,,2.3088831901550293,,
8,2793,,,2.3104453086853027,,
8,2795,,,2.3051180839538574,,
8,2797,,,2.305823564529419,,
8,2799,,,2.3060219287872314,,
8,2801,,,2.307722568511963,,
8,2803,,,2.3052191734313965,,
8,2805,,,2.3024024963378906,,
8,2807,,,2.307189702987671,,
8,2809,,,2.3026604652404785,,
8,2811,,,2.3029849529266357,,
8,2813,,,2.3076705932617188,,
8,2815,,,2.301135540008545,,
8,2816,,,,0.003800000064074993,2.3571856021881104
9,2817,,,2.3090200424194336,,
9,2819,,,2.304269790649414,,
9,2821,,,2.302900552749634,,
9,2823,,,2.306006908416748,,
9,2825,,,2.3000259399414062,,
9,2827,,,2.30777645111084,,
9,2829,,,2.3064308166503906,,
9,2831,,,2.2995142936706543,,
9,2833,,,2.3020617961883545,,
9,2835,,,2.310342788696289,,
9,2837,,,2.3037586212158203,,
9,2839,,,2.3097987174987793,,
9,2841,,,2.307988166809082,,
9,2843,,,2.308431625366211,,
9,2845,,,2.3095285892486572,,
9,2847,,,2.3066320419311523,,
9,2849,,,2.3050050735473633,,
9,2851,,,2.304410457611084,,
9,2853,,,2.3153066635131836,,
9,2855,,,2.3037707805633545,,
9,2857,,,2.3032164573669434,,
9,2859,,,2.306272029876709,,
9,2861,,,2.306213617324829,,
9,2863,,,2.2985503673553467,,
9,2865,,,2.312612771987915,,
9,2867,,,2.306349277496338,,
9,2869,,,2.3069632053375244,,
9,2871,,,2.30648136138916,,
9,2873,,,2.3034238815307617,,
9,2875,,,2.3077995777130127,,
9,2877,,,2.303941249847412,,
9,2879,,,2.3075451850891113,,
9,2881,,,2.3039917945861816,,
9,2883,,,2.3073642253875732,,
9,2885,,,2.3057825565338135,,
9,2887,,,2.306993007659912,,
9,2889,,,2.306168794631958,,
9,2891,,,2.3071401119232178,,
9,2893,,,2.3072094917297363,,
9,2895,,,2.3015499114990234,,
9,2897,,,2.30517315864563,,
9,2899,,,2.308554172515869,,
9,2901,,,2.3010387420654297,,
9,2903,,,2.3049755096435547,,
9,2905,,,2.3080036640167236,,
9,2907,,,2.3108930587768555,,
9,2909,,,2.3038148880004883,,
9,2911,,,2.310561180114746,,
9,2913,,,2.3086163997650146,,
9,2915,,,2.302386522293091,,
9,2917,,,2.3088531494140625,,
9,2919,,,2.296149969100952,,
9,2921,,,2.3045244216918945,,
9,2923,,,2.305987596511841,,
9,2925,,,2.304323196411133,,
9,2927,,,2.3012351989746094,,
9,2929,,,2.3080854415893555,,
9,2931,,,2.3034000396728516,,
9,2933,,,2.305262565612793,,
9,2935,,,2.308595895767212,,
9,2937,,,2.307224750518799,,
9,2939,,,2.305704116821289,,
9,2941,,,2.2993273735046387,,
9,2943,,,2.308814525604248,,
9,2945,,,2.302772045135498,,
9,2947,,,2.306680202484131,,
9,2949,,,2.2987961769104004,,
9,2951,,,2.309943199157715,,
9,2953,,,2.3015518188476562,,
9,2955,,,2.3008108139038086,,
9,2957,,,2.3077056407928467,,
9,2959,,,2.3059206008911133,,
9,2961,,,2.302712917327881,,
9,2963,,,2.306499481201172,,
9,2965,,,2.3014028072357178,,
9,2967,,,2.3076627254486084,,
9,2969,,,2.3146204948425293,,
9,2971,,,2.306459426879883,,
9,2973,,,2.3077890872955322,,
9,2975,,,2.307619571685791,,
9,2977,,,2.307166576385498,,
9,2979,,,2.3054451942443848,,
9,2981,,,2.3070321083068848,,
9,2983,,,2.306842803955078,,
9,2985,,,2.302731513977051,,
9,2987,,,2.3065850734710693,,
9,2989,,,2.313406467437744,,
9,2991,,,2.2993826866149902,,
9,2993,,,2.305927038192749,,
9,2995,,,2.310262441635132,,
9,2997,,,2.308781623840332,,
9,2999,,,2.3080661296844482,,
9,3001,,,2.3058276176452637,,
9,3003,,,2.31032395362854,,
9,3005,,,2.306894540786743,,
9,3007,,,2.310220718383789,,
9,3009,,,2.3105199337005615,,
9,3011,,,2.3040761947631836,,
9,3013,,,2.305210828781128,,
9,3015,,,2.3055739402770996,,
9,3017,,,2.308645486831665,,
9,3019,,,2.31265926361084,,
9,3021,,,2.3121304512023926,,
9,3023,,,2.311607837677002,,
9,3025,,,2.3095333576202393,,
9,3027,,,2.3010239601135254,,
9,3029,,,2.303826332092285,,
9,3031,,,2.3081321716308594,,
9,3033,,,2.307499885559082,,
9,3035,,,2.310981273651123,,
9,3037,,,2.314885377883911,,
9,3039,,,2.3090667724609375,,
9,3041,,,2.3038582801818848,,
9,3043,,,2.3047194480895996,,
9,3045,,,2.3014721870422363,,
9,3047,,,2.3085899353027344,,
9,3049,,,2.310009002685547,,
9,3051,,,2.3004961013793945,,
9,3053,,,2.3067269325256348,,
9,3055,,,2.307581901550293,,
9,3057,,,2.306846857070923,,
9,3059,,,2.3165791034698486,,
9,3061,,,2.302079916000366,,
9,3063,,,2.300640106201172,,
9,3065,,,2.303168773651123,,
9,3067,,,2.309034824371338,,
9,3069,,,2.300255060195923,,
9,3071,,,2.3054001331329346,,
9,3073,,,2.3026652336120605,,
9,3075,,,2.3063158988952637,,
9,3077,,,2.3078420162200928,,
9,3079,,,2.3038487434387207,,
9,3081,,,2.3059592247009277,,
9,3083,,,2.302582025527954,,
9,3085,,,2.3057808876037598,,
9,3087,,,2.3002445697784424,,
9,3089,,,2.3113205432891846,,
9,3091,,,2.3046913146972656,,
9,3093,,,2.311096668243408,,
9,3095,,,2.309022903442383,,
9,3097,,,2.3096280097961426,,
9,3099,,,2.307891607284546,,
9,3101,,,2.3047726154327393,,
9,3103,,,2.307365894317627,,
9,3105,,,2.3019566535949707,,
9,3107,,,2.3066956996917725,,
9,3109,,,2.299537181854248,,
9,3111,,,2.309309482574463,,
9,3113,,,2.3092598915100098,,
9,3115,,,2.3049941062927246,,
9,3117,,,2.309340238571167,,
9,3119,,,2.3076188564300537,,
9,3121,,,2.3192241191864014,,
9,3123,,,2.314054250717163,,
9,3125,,,2.2998106479644775,,
9,3127,,,2.306039333343506,,
9,3129,,,2.3032569885253906,,
9,3129,,,,0.06274999678134918,2.2892627716064453
10,3131,,,2.304253101348877,,
10,3133,,,2.3070015907287598,,
10,3135,,,2.3103859424591064,,
10,3137,,,2.3100950717926025,,
10,3139,,,2.3032612800598145,,
10,3141,,,2.30350923538208,,
10,3143,,,2.303579807281494,,
10,3145,,,2.307567834854126,,
10,3147,,,2.3079733848571777,,
10,3149,,,2.3028159141540527,,
10,3151,,,2.305935859680176,,
10,3153,,,2.3015329837799072,,
10,3155,,,2.306283473968506,,
10,3157,,,2.3127851486206055,,
10,3159,,,2.3063957691192627,,
10,3161,,,2.3048691749572754,,
10,3163,,,2.2994632720947266,,
10,3165,,,2.3147287368774414,,
10,3167,,,2.306218147277832,,
10,3169,,,2.306950092315674,,
10,3171,,,2.3070058822631836,,
10,3173,,,2.3032469749450684,,
10,3175,,,2.304597854614258,,
10,3177,,,2.3023464679718018,,
10,3179,,,2.303628444671631,,
10,3181,,,2.306023120880127,,
10,3183,,,2.3068909645080566,,
10,3185,,,2.3056788444519043,,
10,3187,,,2.3081307411193848,,
10,3189,,,2.3075060844421387,,
10,3191,,,2.307278633117676,,
10,3193,,,2.3111472129821777,,
10,3195,,,2.3035364151000977,,
10,3197,,,2.3022847175598145,,
10,3199,,,2.3072190284729004,,
10,3201,,,2.301969528198242,,
10,3203,,,2.3027710914611816,,
10,3205,,,2.3104138374328613,,
10,3207,,,2.3053197860717773,,
10,3209,,,2.309734344482422,,
10,3211,,,2.3075499534606934,,
10,3213,,,2.303389072418213,,
10,3215,,,2.3115129470825195,,
10,3217,,,2.30918550491333,,
10,3219,,,2.3115997314453125,,
10,3221,,,2.3009002208709717,,
10,3223,,,2.3119568824768066,,
10,3225,,,2.301346778869629,,
10,3227,,,2.3080928325653076,,
10,3229,,,2.3025457859039307,,
10,3231,,,2.3066611289978027,,
10,3233,,,2.3074581623077393,,
10,3235,,,2.3055944442749023,,
10,3237,,,2.298647165298462,,
10,3239,,,2.3065319061279297,,
10,3241,,,2.3085556030273438,,
10,3243,,,2.3062005043029785,,
10,3245,,,2.3087844848632812,,
10,3247,,,2.3083367347717285,,
10,3249,,,2.304403305053711,,
10,3251,,,2.3090457916259766,,
10,3253,,,2.309415340423584,,
10,3255,,,2.303386688232422,,
10,3257,,,2.307279586791992,,
10,3259,,,2.298786163330078,,
10,3261,,,2.302351474761963,,
10,3263,,,2.308128833770752,,
10,3265,,,2.3049747943878174,,
10,3267,,,2.3049097061157227,,
10,3269,,,2.30195689201355,,
10,3271,,,2.3112504482269287,,
10,3273,,,2.3055472373962402,,
10,3275,,,2.3021349906921387,,
10,3277,,,2.3053219318389893,,
10,3279,,,2.308378219604492,,
10,3281,,,2.3015100955963135,,
10,3283,,,2.300935983657837,,
10,3285,,,2.3031411170959473,,
10,3287,,,2.3060526847839355,,
10,3289,,,2.3072783946990967,,
10,3291,,,2.3046159744262695,,
10,3293,,,2.3026251792907715,,
10,3295,,,2.3055992126464844,,
10,3297,,,2.3046412467956543,,
10,3299,,,2.3057260513305664,,
10,3301,,,2.3048720359802246,,
10,3303,,,2.30812406539917,,
10,3305,,,2.3097310066223145,,
10,3307,,,2.3085789680480957,,
10,3309,,,2.302525520324707,,
10,3311,,,2.302154064178467,,
10,3313,,,2.302989959716797,,
10,3315,,,2.304370403289795,,
10,3317,,,2.304253101348877,,
10,3319,,,2.3057620525360107,,
10,3321,,,2.3145577907562256,,
10,3323,,,2.3124892711639404,,
10,3325,,,2.302826404571533,,
10,3327,,,2.3033275604248047,,
10,3329,,,2.3132083415985107,,
10,3331,,,2.3111300468444824,,
10,3333,,,2.302018642425537,,
10,3335,,,2.302548408508301,,
10,3337,,,2.3107423782348633,,
10,3339,,,2.3044300079345703,,
10,3341,,,2.3086907863616943,,
10,3343,,,2.3051810264587402,,
10,3345,,,2.3061976432800293,,
10,3347,,,2.310276508331299,,
10,3349,,,2.3124523162841797,,
10,3351,,,2.3054823875427246,,
10,3353,,,2.3081188201904297,,
10,3355,,,2.3046183586120605,,
10,3357,,,2.3046555519104004,,
10,3359,,,2.3078789710998535,,
10,3361,,,2.30142879486084,,
10,3363,,,2.301908493041992,,
10,3365,,,2.304713726043701,,
10,3367,,,2.3006930351257324,,
10,3369,,,2.2945356369018555,,
10,3371,,,2.314253807067871,,
10,3373,,,2.308811664581299,,
10,3375,,,2.3078980445861816,,
10,3377,,,2.309325933456421,,
10,3379,,,2.306041955947876,,
10,3381,,,2.3124351501464844,,
10,3383,,,2.301962375640869,,
10,3385,,,2.311736822128296,,
10,3387,,,2.308070421218872,,
10,3389,,,2.302584648132324,,
10,3391,,,2.3065667152404785,,
10,3393,,,2.3083972930908203,,
10,3395,,,2.297736167907715,,
10,3397,,,2.3058269023895264,,
10,3399,,,2.3009870052337646,,
10,3401,,,2.3033714294433594,,
10,3403,,,2.3103363513946533,,
10,3405,,,2.3037467002868652,,
10,3407,,,2.3076624870300293,,
10,3409,,,2.2982094287872314,,
10,3411,,,2.3035616874694824,,
10,3413,,,2.3041114807128906,,
10,3415,,,2.310706615447998,,
10,3417,,,2.3087995052337646,,
10,3419,,,2.304060459136963,,
10,3421,,,2.3072457313537598,,
10,3423,,,2.30783748626709,,
10,3425,,,2.300572156906128,,
10,3427,,,2.312485933303833,,
10,3429,,,2.300340175628662,,
10,3431,,,2.3014588356018066,,
10,3433,,,2.308347702026367,,
10,3435,,,2.3058528900146484,,
10,3437,,,2.3030872344970703,,
10,3439,,,2.3105220794677734,,
10,3441,,,2.3077259063720703,,
10,3442,,,,0.06274999678134918,2.312697172164917
11,3443,,,2.3048458099365234,,
11,3445,,,2.31075382232666,,
11,3447,,,2.302675247192383,,
11,3449,,,2.3046061992645264,,
11,3451,,,2.3057074546813965,,
11,3453,,,2.3046963214874268,,
11,3455,,,2.3071374893188477,,
11,3457,,,2.2992544174194336,,
11,3459,,,2.3008956909179688,,
11,3461,,,2.3073806762695312,,
11,3463,,,2.3054285049438477,,
11,3465,,,2.3031327724456787,,
11,3467,,,2.301258087158203,,
11,3469,,,2.3207921981811523,,
11,3471,,,2.3065075874328613,,
11,3473,,,2.3116443157196045,,
11,3475,,,2.308990716934204,,
11,3477,,,2.307034492492676,,
11,3479,,,2.311490535736084,,
11,3481,,,2.3056957721710205,,
11,3483,,,2.3138670921325684,,
11,3485,,,2.3062777519226074,,
11,3487,,,2.2991204261779785,,
11,3489,,,2.3127927780151367,,
11,3491,,,2.3074426651000977,,
11,3493,,,2.303766965866089,,
11,3495,,,2.3002207279205322,,
11,3497,,,2.305847644805908,,
11,3499,,,2.3084185123443604,,
11,3501,,,2.3089959621429443,,
11,3503,,,2.306774139404297,,
11,3505,,,2.31282639503479,,
11,3507,,,2.3128623962402344,,
11,3509,,,2.3049545288085938,,
11,3511,,,2.304595947265625,,
11,3513,,,2.301682233810425,,
11,3515,,,2.3022384643554688,,
11,3517,,,2.3130123615264893,,
11,3519,,,2.2985596656799316,,
11,3521,,,2.3008508682250977,,
11,3523,,,2.3018407821655273,,
11,3525,,,2.309248924255371,,
11,3527,,,2.303297758102417,,
11,3529,,,2.3080811500549316,,
11,3531,,,2.305131435394287,,
11,3533,,,2.306927442550659,,
11,3535,,,2.3116888999938965,,
11,3537,,,2.305755853652954,,
11,3539,,,2.3032190799713135,,
11,3541,,,2.3043947219848633,,
11,3543,,,2.304053544998169,,
11,3545,,,2.3033015727996826,,
11,3547,,,2.311124086380005,,
11,3549,,,2.308429718017578,,
11,3551,,,2.3090145587921143,,
11,3553,,,2.30670166015625,,
11,3555,,,2.3097710609436035,,
11,3557,,,2.3099606037139893,,
11,3559,,,2.302187919616699,,
11,3561,,,2.305840015411377,,
11,3563,,,2.3055882453918457,,
11,3565,,,2.3044652938842773,,
11,3567,,,2.305685043334961,,
11,3569,,,2.3044724464416504,,
11,3571,,,2.3072333335876465,,
11,3573,,,2.305002450942993,,
11,3575,,,2.3012382984161377,,
11,3577,,,2.3063735961914062,,
11,3579,,,2.3073325157165527,,
11,3581,,,2.306339979171753,,
11,3583,,,2.306694984436035,,
11,3585,,,2.304340362548828,,
11,3587,,,2.2997186183929443,,
11,3589,,,2.3066320419311523,,
11,3591,,,2.301839828491211,,
11,3593,,,2.3013458251953125,,
11,3595,,,2.3055129051208496,,
11,3597,,,2.312629222869873,,
11,3599,,,2.3026840686798096,,
11,3601,,,2.311755657196045,,
11,3603,,,2.3136188983917236,,
11,3605,,,2.3045811653137207,,
11,3607,,,2.3104758262634277,,
11,3609,,,2.305814743041992,,
11,3611,,,2.307013988494873,,
11,3613,,,2.3023128509521484,,
11,3615,,,2.307767868041992,,
11,3617,,,2.309811592102051,,
11,3619,,,2.305854320526123,,
11,3621,,,2.303957939147949,,
11,3623,,,2.3058416843414307,,
11,3625,,,2.304983615875244,,
11,3627,,,2.3045225143432617,,
11,3629,,,2.2991983890533447,,
11,3631,,,2.301589012145996,,
11,3633,,,2.310533046722412,,
11,3635,,,2.3024139404296875,,
11,3637,,,2.3070945739746094,,
11,3639,,,2.307924747467041,,
11,3641,,,2.305006265640259,,
11,3643,,,2.3020834922790527,,
11,3645,,,2.305300712585449,,
11,3647,,,2.3058929443359375,,
11,3649,,,2.311734437942505,,
11,3651,,,2.3054914474487305,,
11,3653,,,2.3083548545837402,,
11,3655,,,2.3016304969787598,,
11,3657,,,2.30592679977417,,
11,3659,,,2.31191349029541,,
11,3661,,,2.3086910247802734,,
11,3663,,,2.312058687210083,,
11,3665,,,2.3025546073913574,,
11,3667,,,2.302853584289551,,
11,3669,,,2.309478759765625,,
11,3671,,,2.308133602142334,,
11,3673,,,2.3072662353515625,,
11,3675,,,2.3126444816589355,,
11,3677,,,2.3075456619262695,,
11,3679,,,2.305328607559204,,
11,3681,,,2.3066864013671875,,
11,3683,,,2.3046674728393555,,
11,3685,,,2.31516695022583,,
11,3687,,,2.3089423179626465,,
11,3689,,,2.30708909034729,,
11,3691,,,2.3045527935028076,,
11,3693,,,2.3063085079193115,,
11,3695,,,2.3082361221313477,,
11,3697,,,2.30682373046875,,
11,3699,,,2.308408498764038,,
11,3701,,,2.2960004806518555,,
11,3703,,,2.3024401664733887,,
11,3705,,,2.303776741027832,,
11,3707,,,2.308826208114624,,
11,3709,,,2.3064122200012207,,
11,3711,,,2.3038878440856934,,
11,3713,,,2.3037872314453125,,
11,3715,,,2.3071112632751465,,
11,3717,,,2.2987875938415527,,
11,3719,,,2.3059980869293213,,
11,3721,,,2.306058883666992,,
11,3723,,,2.3015122413635254,,
11,3725,,,2.3053736686706543,,
11,3727,,,2.304007053375244,,
11,3729,,,2.2985992431640625,,
11,3731,,,2.3023433685302734,,
11,3733,,,2.3083860874176025,,
11,3735,,,2.3085618019104004,,
11,3737,,,2.3051905632019043,,
11,3739,,,2.3079946041107178,,
11,3741,,,2.305203914642334,,
11,3743,,,2.309304714202881,,
11,3745,,,2.3044075965881348,,
11,3747,,,2.3030614852905273,,
11,3749,,,2.309709310531616,,
11,3751,,,2.3064284324645996,,
11,3753,,,2.3069019317626953,,
11,3755,,,2.3058691024780273,,
11,3755,,,,0.18254999816417694,2.2808940410614014
12,3757,,,2.3048202991485596,,
12,3759,,,2.3041772842407227,,
12,3761,,,2.299875259399414,,
12,3763,,,2.300352096557617,,
12,3765,,,2.3075685501098633,,
12,3767,,,2.3035459518432617,,
12,3769,,,2.3069851398468018,,
12,3771,,,2.305861473083496,,
12,3773,,,2.3047971725463867,,
12,3775,,,2.30795955657959,,
12,3777,,,2.3030991554260254,,
12,3779,,,2.308884382247925,,
12,3781,,,2.3102898597717285,,
12,3783,,,2.3058974742889404,,
12,3785,,,2.305589437484741,,
12,3787,,,2.3045501708984375,,
12,3789,,,2.3012170791625977,,
12,3791,,,2.3042311668395996,,
12,3793,,,2.3059229850769043,,
12,3795,,,2.30887770652771,,
12,3797,,,2.3070149421691895,,
12,3799,,,2.310245990753174,,
12,3801,,,2.298640489578247,,
12,3803,,,2.3106446266174316,,
12,3805,,,2.3080124855041504,,
12,3807,,,2.306156635284424,,
12,3809,,,2.3068161010742188,,
12,3811,,,2.301849603652954,,
12,3813,,,2.3036952018737793,,
12,3815,,,2.304410934448242,,
12,3817,,,2.3051226139068604,,
12,3819,,,2.3017218112945557,,
12,3821,,,2.3055524826049805,,
12,3823,,,2.3048341274261475,,
12,3825,,,2.302550792694092,,
12,3827,,,2.309051990509033,,
12,3829,,,2.309300422668457,,
12,3831,,,2.3043551445007324,,
12,3833,,,2.3082258701324463,,
12,3835,,,2.3059778213500977,,
12,3837,,,2.3108878135681152,,
12,3839,,,2.30230712890625,,
12,3841,,,2.301908493041992,,
12,3843,,,2.303176164627075,,
12,3845,,,2.305295467376709,,
12,3847,,,2.307537078857422,,
12,3849,,,2.3019580841064453,,
12,3851,,,2.307405948638916,,
12,3853,,,2.310256004333496,,
12,3855,,,2.304227828979492,,
12,3857,,,2.306245803833008,,
12,3859,,,2.3025145530700684,,
12,3861,,,2.3076298236846924,,
12,3863,,,2.308152675628662,,
12,3865,,,2.304487705230713,,
12,3867,,,2.3094987869262695,,
12,3869,,,2.311696767807007,,
12,3871,,,2.307190179824829,,
12,3873,,,2.3021347522735596,,
12,3875,,,2.3064002990722656,,
12,3877,,,2.3048605918884277,,
12,3879,,,2.302684783935547,,
12,3881,,,2.3064565658569336,,
12,3883,,,2.3092145919799805,,
12,3885,,,2.307962417602539,,
12,3887,,,2.3063883781433105,,
12,3889,,,2.3041772842407227,,
12,3891,,,2.301476240158081,,
12,3893,,,2.304844617843628,,
12,3895,,,2.3001670837402344,,
12,3897,,,2.302034854888916,,
12,3899,,,2.31072735786438,,
12,3901,,,2.3043994903564453,,
12,3903,,,2.3029544353485107,,
12,3905,,,2.3022279739379883,,
12,3907,,,2.308109998703003,,
12,3909,,,2.3033785820007324,,
12,3911,,,2.307884454727173,,
12,3913,,,2.3067734241485596,,
12,3915,,,2.305236339569092,,
12,3917,,,2.307217597961426,,
12,3919,,,2.300419569015503,,
12,3921,,,2.3034539222717285,,
12,3923,,,2.3016140460968018,,
12,3925,,,2.2989859580993652,,
12,3927,,,2.310185432434082,,
12,3929,,,2.3096001148223877,,
12,3931,,,2.309471607208252,,
12,3933,,,2.308958053588867,,
12,3935,,,2.307191848754883,,
12,3937,,,2.3090219497680664,,
12,3939,,,2.306408405303955,,
12,3941,,,2.309536933898926,,
12,3943,,,2.304288387298584,,
12,3945,,,2.306258201599121,,
12,3947,,,2.3035945892333984,,
12,3949,,,2.3090591430664062,,
12,3951,,,2.3088173866271973,,
12,3953,,,2.306016445159912,,
12,3955,,,2.3027048110961914,,
12,3957,,,2.306011199951172,,
12,3959,,,2.3052330017089844,,
12,3961,,,2.3040528297424316,,
12,3963,,,2.306917667388916,,
12,3965,,,2.307152509689331,,
12,3967,,,2.3061273097991943,,
12,3969,,,2.3023674488067627,,
12,3971,,,2.3093554973602295,,
12,3973,,,2.301755666732788,,
12,3975,,,2.303922176361084,,
12,3977,,,2.3047828674316406,,
12,3979,,,2.308161973953247,,
12,3981,,,2.3071837425231934,,
12,3983,,,2.305299758911133,,
12,3985,,,2.311450242996216,,
12,3987,,,2.3114547729492188,,
12,3989,,,2.3114895820617676,,
12,3991,,,2.3045663833618164,,
12,3993,,,2.306062698364258,,
12,3995,,,2.2980751991271973,,
12,3997,,,2.3018288612365723,,
12,3999,,,2.3102734088897705,,
12,4001,,,2.3026325702667236,,
12,4003,,,2.309157609939575,,
12,4005,,,2.309173345565796,,
12,4007,,,2.3023643493652344,,
12,4009,,,2.299166679382324,,
12,4011,,,2.3045308589935303,,
12,4013,,,2.3000235557556152,,
12,4015,,,2.310211658477783,,
12,4017,,,2.305966854095459,,
12,4019,,,2.3005638122558594,,
12,4021,,,2.3086602687835693,,
12,4023,,,2.303173065185547,,
12,4025,,,2.3039326667785645,,
12,4027,,,2.302682876586914,,
12,4029,,,2.305018424987793,,
12,4031,,,2.3081459999084473,,
12,4033,,,2.306739091873169,,
12,4035,,,2.303298234939575,,
12,4037,,,2.304919719696045,,
12,4039,,,2.309494733810425,,
12,4041,,,2.3033828735351562,,
12,4043,,,2.3054161071777344,,
12,4045,,,2.3048946857452393,,
12,4047,,,2.306448459625244,,
12,4049,,,2.3048095703125,,
12,4051,,,2.3051154613494873,,
12,4053,,,2.3021950721740723,,
12,4055,,,2.3001465797424316,,
12,4057,,,2.3046326637268066,,
12,4059,,,2.310194730758667,,
12,4061,,,2.3123936653137207,,
12,4063,,,2.3032584190368652,,
12,4065,,,2.303514003753662,,
12,4067,,,2.3001508712768555,,
12,4068,,,,0.46549999713897705,2.2568271160125732
13,4069,,,2.303213119506836,,
13,4071,,,2.3037829399108887,,
13,4073,,,2.3071799278259277,,
13,4075,,,2.3023288249969482,,
13,4077,,,2.305720090866089,,
13,4079,,,2.3094801902770996,,
13,4081,,,2.3004705905914307,,
13,4083,,,2.303407669067383,,
13,4085,,,2.303957462310791,,
13,4087,,,2.3067781925201416,,
13,4089,,,2.3013834953308105,,
13,4091,,,2.3093771934509277,,
13,4093,,,2.302738666534424,,
13,4095,,,2.3084678649902344,,
13,4097,,,2.306635856628418,,
13,4099,,,2.305744171142578,,
13,4101,,,2.3066458702087402,,
13,4103,,,2.30708646774292,,
13,4105,,,2.311227798461914,,
13,4107,,,2.304814338684082,,
13,4109,,,2.30726957321167,,
13,4111,,,2.306428909301758,,
13,4113,,,2.306993246078491,,
13,4115,,,2.305396795272827,,
13,4117,,,2.301697254180908,,
13,4119,,,2.3035483360290527,,
13,4121,,,2.3089284896850586,,
13,4123,,,2.303217887878418,,
13,4125,,,2.3160240650177,,
13,4127,,,2.312741994857788,,
13,4129,,,2.309785842895508,,
13,4131,,,2.308228015899658,,
13,4133,,,2.308616876602173,,
13,4135,,,2.3076181411743164,,
13,4137,,,2.3074305057525635,,
13,4139,,,2.3060450553894043,,
13,4141,,,2.2985782623291016,,
13,4143,,,2.3069510459899902,,
13,4145,,,2.3104195594787598,,
13,4147,,,2.307856559753418,,
13,4149,,,2.3014795780181885,,
13,4151,,,2.3045270442962646,,
13,4153,,,2.308212995529175,,
13,4155,,,2.303279399871826,,
13,4157,,,2.306365489959717,,
13,4159,,,2.3028335571289062,,
13,4161,,,2.3073203563690186,,
13,4163,,,2.30428409576416,,
13,4165,,,2.3072307109832764,,
13,4167,,,2.3049964904785156,,
13,4169,,,2.3085029125213623,,
13,4171,,,2.3072423934936523,,
13,4173,,,2.308361530303955,,
13,4175,,,2.3040707111358643,,
13,4177,,,2.2992420196533203,,
13,4179,,,2.3042469024658203,,
13,4181,,,2.3015739917755127,,
13,4183,,,2.31264066696167,,
13,4185,,,2.299800395965576,,
13,4187,,,2.30167293548584,,
13,4189,,,2.3075058460235596,,
13,4191,,,2.3038382530212402,,
13,4193,,,2.309504985809326,,
13,4195,,,2.3034486770629883,,
13,4197,,,2.308767318725586,,
13,4199,,,2.304414749145508,,
13,4201,,,2.306426525115967,,
13,4203,,,2.3045077323913574,,
13,4205,,,2.3072402477264404,,
13,4207,,,2.3082244396209717,,
13,4209,,,2.300452709197998,,
13,4211,,,2.3067305088043213,,
13,4213,,,2.306331157684326,,
13,4215,,,2.3017396926879883,,
13,4217,,,2.3082847595214844,,
13,4219,,,2.307054042816162,,
13,4221,,,2.3026514053344727,,
13,4223,,,2.304699420928955,,
13,4225,,,2.2983510494232178,,
13,4227,,,2.3064756393432617,,
13,4229,,,2.3081259727478027,,
13,4231,,,2.3110744953155518,,
13,4233,,,2.3018157482147217,,
13,4235,,,2.3026933670043945,,
13,4237,,,2.3023815155029297,,
13,4239,,,2.3029332160949707,,
13,4241,,,2.3065671920776367,,
13,4243,,,2.305877208709717,,
13,4245,,,2.3043372631073,,
13,4247,,,2.307501792907715,,
13,4249,,,2.3050687313079834,,
13,4251,,,2.302692174911499,,
13,4253,,,2.303658962249756,,
13,4255,,,2.304903984069824,,
13,4257,,,2.3021187782287598,,
13,4259,,,2.3028225898742676,,
13,4261,,,2.3020553588867188,,
13,4263,,,2.3019027709960938,,
13,4265,,,2.308089256286621,,
13,4267,,,2.305574893951416,,
13,4269,,,2.3067126274108887,,
13,4271,,,2.298717498779297,,
13,4273,,,2.303921699523926,,
13,4275,,,2.3091506958007812,,
13,4277,,,2.3057823181152344,,
13,4279,,,2.304137706756592,,
13,4281,,,2.302581310272217,,
13,4283,,,2.30924391746521,,
13,4285,,,2.3050312995910645,,
13,4287,,,2.3028011322021484,,
13,4289,,,2.3032760620117188,,
13,4291,,,2.307231903076172,,
13,4293,,,2.3021535873413086,,
13,4295,,,2.3028159141540527,,
13,4297,,,2.299990177154541,,
13,4299,,,2.3096890449523926,,
13,4301,,,2.300807476043701,,
13,4303,,,2.308408260345459,,
13,4305,,,2.303988456726074,,
13,4307,,,2.3075413703918457,,
13,4309,,,2.29970645904541,,
13,4311,,,2.305943489074707,,
13,4313,,,2.301665782928467,,
13,4315,,,2.3090710639953613,,
13,4317,,,2.3047642707824707,,
13,4319,,,2.3065335750579834,,
13,4321,,,2.3040390014648438,,
13,4323,,,2.3039393424987793,,
13,4325,,,2.3071112632751465,,
13,4327,,,2.3057641983032227,,
13,4329,,,2.3041393756866455,,
13,4331,,,2.305311441421509,,
13,4333,,,2.3042516708374023,,
13,4335,,,2.307917833328247,,
13,4337,,,2.3075857162475586,,
13,4339,,,2.3035309314727783,,
13,4341,,,2.30412220954895,,
13,4343,,,2.3060758113861084,,
13,4345,,,2.304039716720581,,
13,4347,,,2.303493022918701,,
13,4349,,,2.3047938346862793,,
13,4351,,,2.3041186332702637,,
13,4353,,,2.304442882537842,,
13,4355,,,2.3055484294891357,,
13,4357,,,2.3003299236297607,,
13,4359,,,2.308393716812134,,
13,4361,,,2.3023152351379395,,
13,4363,,,2.3041887283325195,,
13,4365,,,2.3078646659851074,,
13,4367,,,2.305893898010254,,
13,4369,,,2.308593273162842,,
13,4371,,,2.30458664894104,,
13,4373,,,2.300257682800293,,
13,4375,,,2.309558391571045,,
13,4377,,,2.3065390586853027,,
13,4379,,,2.310864210128784,,
13,4381,,,2.305680751800537,,
13,4381,,,,0.003800000064074993,2.309391498565674
14,4383,,,2.301969528198242,,
14,4385,,,2.301514148712158,,
14,4387,,,2.3047940731048584,,
14,4389,,,2.3063769340515137,,
14,4391,,,2.2993805408477783,,
14,4393,,,2.3038837909698486,,
14,4395,,,2.3056113719940186,,
14,4397,,,2.307023763656616,,
14,4399,,,2.3051414489746094,,
14,4401,,,2.3042712211608887,,
14,4403,,,2.300544023513794,,
14,4405,,,2.297697067260742,,
14,4407,,,2.308154582977295,,
14,4409,,,2.306011199951172,,
14,4411,,,2.3149313926696777,,
14,4413,,,2.3082363605499268,,
14,4415,,,2.3067617416381836,,
14,4417,,,2.304621934890747,,
14,4419,,,2.3062758445739746,,
14,4421,,,2.3041086196899414,,
14,4423,,,2.3014988899230957,,
14,4425,,,2.301154851913452,,
14,4427,,,2.3061790466308594,,
14,4429,,,2.3041629791259766,,
14,4431,,,2.3072547912597656,,
14,4433,,,2.3053956031799316,,
14,4435,,,2.299823760986328,,
14,4437,,,2.3101840019226074,,
14,4439,,,2.309019088745117,,
14,4441,,,2.3121681213378906,,
14,4443,,,2.3042750358581543,,
14,4445,,,2.305530309677124,,
14,4447,,,2.302206516265869,,
14,4449,,,2.305433750152588,,
14,4451,,,2.3053476810455322,,
14,4453,,,2.30513334274292,,
14,4455,,,2.300905227661133,,
14,4457,,,2.310394048690796,,
14,4459,,,2.308082103729248,,
14,4461,,,2.303638458251953,,
14,4463,,,2.3031840324401855,,
14,4465,,,2.305159091949463,,
14,4467,,,2.306474208831787,,
14,4469,,,2.3044257164001465,,
14,4471,,,2.3052239418029785,,
14,4473,,,2.306072235107422,,
14,4475,,,2.303724765777588,,
14,4477,,,2.306356906890869,,
14,4479,,,2.301137924194336,,
14,4481,,,2.303453207015991,,
14,4483,,,2.304048538208008,,
14,4485,,,2.3049795627593994,,
14,4487,,,2.3073654174804688,,
14,4489,,,2.306027412414551,,
14,4491,,,2.304556131362915,,
14,4493,,,2.3003149032592773,,
14,4495,,,2.3023509979248047,,
14,4497,,,2.3045732975006104,,
14,4499,,,2.3012795448303223,,
14,4501,,,2.302086353302002,,
14,4503,,,2.3035340309143066,,
14,4505,,,2.302633762359619,,
14,4507,,,2.308171033859253,,
14,4509,,,2.308887481689453,,
14,4511,,,2.3076648712158203,,
14,4513,,,2.3008503913879395,,
14,4515,,,2.305497169494629,,
14,4517,,,2.3023476600646973,,
14,4519,,,2.3037514686584473,,
14,4521,,,2.309731960296631,,
14,4523,,,2.308345079421997,,
14,4525,,,2.307345390319824,,
14,4527,,,2.3040647506713867,,
14,4529,,,2.3015806674957275,,
14,4531,,,2.3089470863342285,,
14,4533,,,2.3116562366485596,,
14,4535,,,2.3050122261047363,,
14,4537,,,2.306974411010742,,
14,4539,,,2.3063597679138184,,
14,4541,,,2.304612159729004,,
14,4543,,,2.305004835128784,,
14,4545,,,2.301563262939453,,
14,4547,,,2.310635566711426,,
14,4549,,,2.3057687282562256,,
14,4551,,,2.3046841621398926,,
14,4553,,,2.3048222064971924,,
14,4555,,,2.3034651279449463,,
14,4557,,,2.3035199642181396,,
14,4559,,,2.3057937622070312,,
14,4561,,,2.309746265411377,,
14,4563,,,2.302027463912964,,
14,4565,,,2.3004722595214844,,
14,4567,,,2.301626205444336,,
14,4569,,,2.301994800567627,,
14,4571,,,2.3033063411712646,,
14,4573,,,2.3080549240112305,,
14,4575,,,2.304013729095459,,
14,4577,,,2.303128719329834,,
14,4579,,,2.3018760681152344,,
14,4581,,,2.3016066551208496,,
14,4583,,,2.3008227348327637,,
14,4585,,,2.3066439628601074,,
14,4587,,,2.300668716430664,,
14,4589,,,2.3017590045928955,,
14,4591,,,2.306516170501709,,
14,4593,,,2.306669235229492,,
14,4595,,,2.308551788330078,,
14,4597,,,2.3077845573425293,,
14,4599,,,2.3009748458862305,,
14,4601,,,2.305553674697876,,
14,4603,,,2.305253505706787,,
14,4605,,,2.3024086952209473,,
14,4607,,,2.3050765991210938,,
14,4609,,,2.3013904094696045,,
14,4611,,,2.306488037109375,,
14,4613,,,2.311697006225586,,
14,4615,,,2.309469223022461,,
14,4617,,,2.3088018894195557,,
14,4619,,,2.304649829864502,,
14,4621,,,2.3038017749786377,,
14,4623,,,2.3018977642059326,,
14,4625,,,2.307964324951172,,
14,4627,,,2.30647611618042,,
14,4629,,,2.307647466659546,,
14,4631,,,2.3034324645996094,,
14,4633,,,2.304882287979126,,
14,4635,,,2.306366205215454,,
14,4637,,,2.302722454071045,,
14,4639,,,2.303131103515625,,
14,4641,,,2.3068575859069824,,
14,4643,,,2.304318428039551,,
14,4645,,,2.306049346923828,,
14,4647,,,2.2996397018432617,,
14,4649,,,2.301551580429077,,
14,4651,,,2.3033180236816406,,
14,4653,,,2.3036277294158936,,
14,4655,,,2.303098201751709,,
14,4657,,,2.3049142360687256,,
14,4659,,,2.3051342964172363,,
14,4661,,,2.3047075271606445,,
14,4663,,,2.303295135498047,,
14,4665,,,2.30454683303833,,
14,4667,,,2.3031225204467773,,
14,4669,,,2.3074140548706055,,
14,4671,,,2.301466941833496,,
14,4673,,,2.3057618141174316,,
14,4675,,,2.308013677597046,,
14,4677,,,2.305178642272949,,
14,4679,,,2.3078227043151855,,
14,4681,,,2.305685520172119,,
14,4683,,,2.3047502040863037,,
14,4685,,,2.3068559169769287,,
14,4687,,,2.3035809993743896,,
14,4689,,,2.3085379600524902,,
14,4691,,,2.30207896232605,,
14,4693,,,2.3039846420288086,,
14,4694,,,,0.025750000029802322,2.31554913520813
15,4695,,,2.3043055534362793,,
15,4697,,,2.306004047393799,,
15,4699,,,2.3028407096862793,,
15,4701,,,2.3064870834350586,,
15,4703,,,2.3032641410827637,,
15,4705,,,2.307130813598633,,
15,4707,,,2.303467273712158,,
15,4709,,,2.3049895763397217,,
15,4711,,,2.3073482513427734,,
15,4713,,,2.3019967079162598,,
15,4715,,,2.3010506629943848,,
15,4717,,,2.299798011779785,,
15,4719,,,2.30806827545166,,
15,4721,,,2.301867723464966,,
15,4723,,,2.3079981803894043,,
15,4725,,,2.305906295776367,,
15,4727,,,2.2991621494293213,,
15,4729,,,2.3070244789123535,,
15,4731,,,2.3065695762634277,,
15,4733,,,2.307607889175415,,
15,4735,,,2.307657480239868,,
15,4737,,,2.3000447750091553,,
15,4739,,,2.300899028778076,,
15,4741,,,2.3032736778259277,,
15,4743,,,2.303516149520874,,
15,4745,,,2.304490566253662,,
15,4747,,,2.3047142028808594,,
15,4749,,,2.3090176582336426,,
15,4751,,,2.3123092651367188,,
15,4753,,,2.302762985229492,,
15,4755,,,2.3065075874328613,,
15,4757,,,2.3063127994537354,,
15,4759,,,2.301403522491455,,
15,4761,,,2.3029134273529053,,
15,4763,,,2.308195114135742,,
15,4765,,,2.3005237579345703,,
15,4767,,,2.302201271057129,,
15,4769,,,2.3006763458251953,,
15,4771,,,2.3087353706359863,,
15,4773,,,2.309274196624756,,
15,4775,,,2.304227590560913,,
15,4777,,,2.304537296295166,,
15,4779,,,2.3062283992767334,,
15,4781,,,2.3036584854125977,,
15,4783,,,2.3039073944091797,,
15,4785,,,2.310697078704834,,
15,4787,,,2.3023133277893066,,
15,4789,,,2.303525924682617,,
15,4791,,,2.301621437072754,,
15,4793,,,2.304478168487549,,
15,4795,,,2.308516263961792,,
15,4797,,,2.3066513538360596,,
15,4799,,,2.304506301879883,,
15,4801,,,2.305196762084961,,
15,4803,,,2.3030595779418945,,
15,4805,,,2.3039610385894775,,
15,4807,,,2.2994821071624756,,
15,4809,,,2.3048548698425293,,
15,4811,,,2.3041272163391113,,
15,4813,,,2.3040308952331543,,
15,4815,,,2.302443742752075,,
15,4817,,,2.3070154190063477,,
15,4819,,,2.3086345195770264,,
15,4821,,,2.305164337158203,,
15,4823,,,2.3035616874694824,,
15,4825,,,2.304210662841797,,
15,4827,,,2.309858798980713,,
15,4829,,,2.3070366382598877,,
15,4831,,,2.30537748336792,,
15,4833,,,2.300948143005371,,
15,4835,,,2.3024983406066895,,
15,4837,,,2.299180507659912,,
15,4839,,,2.303790807723999,,
15,4841,,,2.3023853302001953,,
15,4843,,,2.3076517581939697,,
15,4845,,,2.3063366413116455,,
15,4847,,,2.306546449661255,,
15,4849,,,2.3049354553222656,,
15,4851,,,2.3046369552612305,,
15,4853,,,2.303972005844116,,
15,4855,,,2.3069939613342285,,
15,4857,,,2.3016843795776367,,
15,4859,,,2.308051586151123,,
15,4861,,,2.304793357849121,,
15,4863,,,2.3063650131225586,,
15,4865,,,2.3014132976531982,,
15,4867,,,2.3044605255126953,,
15,4869,,,2.301265239715576,,
15,4871,,,2.3065185546875,,
15,4873,,,2.3028464317321777,,
15,4875,,,2.3022027015686035,,
15,4877,,,2.2996022701263428,,
15,4879,,,2.3063220977783203,,
15,4881,,,2.3013548851013184,,
15,4883,,,2.3016982078552246,,
15,4885,,,2.300924777984619,,
15,4887,,,2.3062915802001953,,
15,4889,,,2.30047607421875,,
15,4891,,,2.2981369495391846,,
15,4893,,,2.3027143478393555,,
15,4895,,,2.3065578937530518,,
15,4897,,,2.305837631225586,,
15,4899,,,2.304365873336792,,
15,4901,,,2.299802541732788,,
15,4903,,,2.3000364303588867,,
15,4905,,,2.3039627075195312,,
15,4907,,,2.310835838317871,,
15,4909,,,2.308988571166992,,
15,4911,,,2.3074796199798584,,
15,4913,,,2.3079917430877686,,
15,4915,,,2.30625057220459,,
15,4917,,,2.30197811126709,,
15,4919,,,2.308248996734619,,
15,4921,,,2.3045263290405273,,
15,4923,,,2.3089475631713867,,
15,4925,,,2.303071975708008,,
15,4927,,,2.305349826812744,,
15,4929,,,2.301107883453369,,
15,4931,,,2.3050880432128906,,
15,4933,,,2.3059043884277344,,
15,4935,,,2.302213191986084,,
15,4937,,,2.303271532058716,,
15,4939,,,2.302130699157715,,
15,4941,,,2.3096466064453125,,
15,4943,,,2.3057494163513184,,
15,4945,,,2.30460786819458,,
15,4947,,,2.306082248687744,,
15,4949,,,2.3000712394714355,,
15,4951,,,2.3030614852905273,,
15,4953,,,2.3038666248321533,,
15,4955,,,2.3051509857177734,,
15,4957,,,2.3072509765625,,
15,4959,,,2.3036551475524902,,
15,4961,,,2.301037073135376,,
15,4963,,,2.3054685592651367,,
15,4965,,,2.306300401687622,,
15,4967,,,2.310452938079834,,
15,4969,,,2.3067851066589355,,
15,4971,,,2.303912401199341,,
15,4973,,,2.305621862411499,,
15,4975,,,2.3065075874328613,,
15,4977,,,2.302940845489502,,
15,4979,,,2.302157402038574,,
15,4981,,,2.3011488914489746,,
15,4983,,,2.3049190044403076,,
15,4985,,,2.306293487548828,,
15,4987,,,2.3043155670166016,,
15,4989,,,2.307831048965454,,
15,4991,,,2.3054661750793457,,
15,4993,,,2.3061602115631104,,
15,4995,,,2.3010671138763428,,
15,4997,,,2.305910587310791,,
15,4999,,,2.3032844066619873,,
15,5001,,,2.3043525218963623,,
15,5003,,,2.3024559020996094,,
15,5005,,,2.3028907775878906,,
15,5007,,,2.304600715637207,,
15,5007,,,,0.06274999678134918,2.2938554286956787
16,5009,,,2.3086342811584473,,
16,5011,,,2.303434371948242,,
16,5013,,,2.303007125854492,,
16,5015,,,2.3024673461914062,,
16,5017,,,2.306029796600342,,
16,5019,,,2.3044943809509277,,
16,5021,,,2.3051981925964355,,
16,5023,,,2.3036139011383057,,
16,5025,,,2.308095932006836,,
16,5027,,,2.3090996742248535,,
16,5029,,,2.3082542419433594,,
16,5031,,,2.3034157752990723,,
16,5033,,,2.302049160003662,,
16,5035,,,2.304960250854492,,
16,5037,,,2.3089189529418945,,
16,5039,,,2.3060202598571777,,
16,5041,,,2.308318614959717,,
16,5043,,,2.3088300228118896,,
16,5045,,,2.3032612800598145,,
16,5047,,,2.3057775497436523,,
16,5049,,,2.304938793182373,,
16,5051,,,2.305466413497925,,
16,5053,,,2.304739475250244,,
16,5055,,,2.3090410232543945,,
16,5057,,,2.2987682819366455,,
16,5059,,,2.3059539794921875,,
16,5061,,,2.302186965942383,,
16,5063,,,2.3074569702148438,,
16,5065,,,2.3065125942230225,,
16,5067,,,2.303917407989502,,
16,5069,,,2.303420066833496,,
16,5071,,,2.305170774459839,,
16,5073,,,2.305990695953369,,
16,5075,,,2.30330753326416,,
16,5077,,,2.3055436611175537,,
16,5079,,,2.3054745197296143,,
16,5081,,,2.3033947944641113,,
16,5083,,,2.30159592628479,,
16,5085,,,2.305968761444092,,
16,5087,,,2.305067539215088,,
16,5089,,,2.3047499656677246,,
16,5091,,,2.297696590423584,,
16,5093,,,2.3064403533935547,,
16,5095,,,2.3071963787078857,,
16,5097,,,2.304213523864746,,
16,5099,,,2.3055665493011475,,
16,5101,,,2.3010201454162598,,
16,5103,,,2.30495023727417,,
16,5105,,,2.3072147369384766,,
16,5107,,,2.3062191009521484,,
16,5109,,,2.3094546794891357,,
16,5111,,,2.3059921264648438,,
16,5113,,,2.3039162158966064,,
16,5115,,,2.299225091934204,,
16,5117,,,2.3035836219787598,,
16,5119,,,2.300159454345703,,
16,5121,,,2.3043160438537598,,
16,5123,,,2.302628755569458,,
16,5125,,,2.307155132293701,,
16,5127,,,2.3049943447113037,,
16,5129,,,2.3038225173950195,,
16,5131,,,2.301801919937134,,
16,5133,,,2.307455539703369,,
16,5135,,,2.3043670654296875,,
16,5137,,,2.3080883026123047,,
16,5139,,,2.3061819076538086,,
16,5141,,,2.3069443702697754,,
16,5143,,,2.3039393424987793,,
16,5145,,,2.3023996353149414,,
16,5147,,,2.3019986152648926,,
16,5149,,,2.300668478012085,,
16,5151,,,2.305797576904297,,
16,5153,,,2.304086208343506,,
16,5155,,,2.303844928741455,,
16,5157,,,2.3020358085632324,,
16,5159,,,2.3058676719665527,,
16,5161,,,2.3000478744506836,,
16,5163,,,2.3056206703186035,,
16,5165,,,2.3021113872528076,,
16,5167,,,2.303232192993164,,
16,5169,,,2.306870937347412,,
16,5171,,,2.301880359649658,,
16,5173,,,2.3035225868225098,,
16,5175,,,2.3037047386169434,,
16,5177,,,2.3052585124969482,,
16,5179,,,2.302556037902832,,
16,5181,,,2.306450843811035,,
16,5183,,,2.30100154876709,,
16,5185,,,2.302055597305298,,
16,5187,,,2.302560806274414,,
16,5189,,,2.3044238090515137,,
16,5191,,,2.304741859436035,,
16,5193,,,2.304511070251465,,
16,5195,,,2.3000073432922363,,
16,5197,,,2.3083863258361816,,
16,5199,,,2.304847002029419,,
16,5201,,,2.3046536445617676,,
16,5203,,,2.3031814098358154,,
16,5205,,,2.3038015365600586,,
16,5207,,,2.3047242164611816,,
16,5209,,,2.3074216842651367,,
16,5211,,,2.306866407394409,,
16,5213,,,2.3059990406036377,,
16,5215,,,2.3048837184906006,,
16,5217,,,2.3045523166656494,,
16,5219,,,2.30462646484375,,
16,5221,,,2.3055920600891113,,
16,5223,,,2.3075203895568848,,
16,5225,,,2.3085250854492188,,
16,5227,,,2.301740884780884,,
16,5229,,,2.3014345169067383,,
16,5231,,,2.304687976837158,,
16,5233,,,2.307314157485962,,
16,5235,,,2.3038649559020996,,
16,5237,,,2.303225517272949,,
16,5239,,,2.303569793701172,,
16,5241,,,2.303464412689209,,
16,5243,,,2.3035495281219482,,
16,5245,,,2.3034732341766357,,
16,5247,,,2.3021979331970215,,
16,5249,,,2.3048791885375977,,
16,5251,,,2.3011274337768555,,
16,5253,,,2.301276922225952,,
16,5255,,,2.306629180908203,,
16,5257,,,2.3069143295288086,,
16,5259,,,2.305994987487793,,
16,5261,,,2.3082430362701416,,
16,5263,,,2.3035664558410645,,
16,5265,,,2.3074533939361572,,
16,5267,,,2.3029563426971436,,
16,5269,,,2.3011209964752197,,
16,5271,,,2.3083553314208984,,
16,5273,,,2.301314353942871,,
16,5275,,,2.308842182159424,,
16,5277,,,2.302535057067871,,
16,5279,,,2.305067777633667,,
16,5281,,,2.306689500808716,,
16,5283,,,2.3019604682922363,,
16,5285,,,2.30208158493042,,
16,5287,,,2.306647777557373,,
16,5289,,,2.307183027267456,,
16,5291,,,2.305510997772217,,
16,5293,,,2.3036937713623047,,
16,5295,,,2.302684783935547,,
16,5297,,,2.305497646331787,,
16,5299,,,2.304415702819824,,
16,5301,,,2.3068699836730957,,
16,5303,,,2.3046560287475586,,
16,5305,,,2.301988124847412,,
16,5307,,,2.307469367980957,,
16,5309,,,2.301645278930664,,
16,5311,,,2.3021063804626465,,
16,5313,,,2.307847738265991,,
16,5315,,,2.307771682739258,,
16,5317,,,2.3032381534576416,,
16,5319,,,2.3023529052734375,,
16,5320,,,,0.04554999992251396,2.3146488666534424
17,5321,,,2.305375576019287,,
17,5323,,,2.3041248321533203,,
17,5325,,,2.3048524856567383,,
17,5327,,,2.305915117263794,,
17,5329,,,2.3014986515045166,,
17,5331,,,2.300924062728882,,
17,5333,,,2.3062171936035156,,
17,5335,,,2.304879665374756,,
17,5337,,,2.3025684356689453,,
17,5339,,,2.304077386856079,,
17,5341,,,2.302542209625244,,
17,5343,,,2.3023808002471924,,
17,5345,,,2.310720682144165,,
17,5347,,,2.3004183769226074,,
17,5349,,,2.307079792022705,,
17,5351,,,2.3030359745025635,,
17,5353,,,2.304070472717285,,
17,5355,,,2.3048927783966064,,
17,5357,,,2.3031845092773438,,
17,5359,,,2.3029470443725586,,
17,5361,,,2.305680274963379,,
17,5363,,,2.303561210632324,,
17,5365,,,2.3057029247283936,,
17,5367,,,2.3056905269622803,,
17,5369,,,2.302285671234131,,
17,5371,,,2.3086185455322266,,
17,5373,,,2.3088529109954834,,
17,5375,,,2.304677724838257,,
17,5377,,,2.3067941665649414,,
17,5379,,,2.3033838272094727,,
17,5381,,,2.3039777278900146,,
17,5383,,,2.3083677291870117,,
17,5385,,,2.3019766807556152,,
17,5387,,,2.3026926517486572,,
17,5389,,,2.306321382522583,,
17,5391,,,2.305401086807251,,
17,5393,,,2.30383038520813,,
17,5395,,,2.3068933486938477,,
17,5397,,,2.3023197650909424,,
17,5399,,,2.3056695461273193,,
17,5401,,,2.3062193393707275,,
17,5403,,,2.305245876312256,,
17,5405,,,2.3013761043548584,,
17,5407,,,2.3054988384246826,,
17,5409,,,2.303257942199707,,
17,5411,,,2.301482677459717,,
17,5413,,,2.30385160446167,,
17,5415,,,2.3003921508789062,,
17,5417,,,2.3056583404541016,,
17,5419,,,2.306602954864502,,
17,5421,,,2.30731201171875,,
17,5423,,,2.305525302886963,,
17,5425,,,2.3014631271362305,,
17,5427,,,2.30419921875,,
17,5429,,,2.303903102874756,,
17,5431,,,2.307982921600342,,
17,5433,,,2.303435802459717,,
17,5435,,,2.3016698360443115,,
17,5437,,,2.3021116256713867,,
17,5439,,,2.308042049407959,,
17,5441,,,2.3017897605895996,,
17,5443,,,2.305506706237793,,
17,5445,,,2.306398391723633,,
17,5447,,,2.3059730529785156,,
17,5449,,,2.3043627738952637,,
17,5451,,,2.300893545150757,,
17,5453,,,2.302255630493164,,
17,5455,,,2.3028969764709473,,
17,5457,,,2.3036623001098633,,
17,5459,,,2.3061981201171875,,
17,5461,,,2.303226947784424,,
17,5463,,,2.301896333694458,,
17,5465,,,2.302541494369507,,
17,5467,,,2.300264835357666,,
17,5469,,,2.302229404449463,,
17,5471,,,2.301853656768799,,
17,5473,,,2.3032312393188477,,
17,5475,,,2.301030158996582,,
17,5477,,,2.3046512603759766,,
17,5479,,,2.3048083782196045,,
17,5481,,,2.307835578918457,,
17,5483,,,2.3081016540527344,,
17,5485,,,2.3098695278167725,,
17,5487,,,2.3048248291015625,,
17,5489,,,2.3053581714630127,,
17,5491,,,2.303466796875,,
17,5493,,,2.3006134033203125,,
17,5495,,,2.308199405670166,,
17,5497,,,2.302455425262451,,
17,5499,,,2.3025550842285156,,
17,5501,,,2.3061347007751465,,
17,5503,,,2.2992215156555176,,
17,5505,,,2.3094234466552734,,
17,5507,,,2.3005475997924805,,
17,5509,,,2.3004064559936523,,
17,5511,,,2.3033456802368164,,
17,5513,,,2.3088111877441406,,
17,5515,,,2.3064470291137695,,
17,5517,,,2.306619167327881,,
17,5519,,,2.3064470291137695,,
17,5521,,,2.311171293258667,,
17,5523,,,2.301405429840088,,
17,5525,,,2.304276466369629,,
17,5527,,,2.3080570697784424,,
17,5529,,,2.307119369506836,,
17,5531,,,2.302565813064575,,
17,5533,,,2.3034558296203613,,
17,5535,,,2.3034040927886963,,
17,5537,,,2.3010549545288086,,
17,5539,,,2.302856683731079,,
17,5541,,,2.302887439727783,,
17,5543,,,2.3063201904296875,,
17,5545,,,2.3054733276367188,,
17,5547,,,2.3048973083496094,,
17,5549,,,2.3059582710266113,,
17,5551,,,2.3044514656066895,,
17,5553,,,2.303353786468506,,
17,5555,,,2.3067426681518555,,
17,5557,,,2.2995455265045166,,
17,5559,,,2.307516098022461,,
17,5561,,,2.3019356727600098,,
17,5563,,,2.3037643432617188,,
17,5565,,,2.3025574684143066,,
17,5567,,,2.3080644607543945,,
17,5569,,,2.310671806335449,,
17,5571,,,2.3089261054992676,,
17,5573,,,2.303107261657715,,
17,5575,,,2.3041718006134033,,
17,5577,,,2.3068041801452637,,
17,5579,,,2.306530237197876,,
17,5581,,,2.3004305362701416,,
17,5583,,,2.309302806854248,,
17,5585,,,2.301053285598755,,
17,5587,,,2.299940347671509,,
17,5589,,,2.3008956909179688,,
17,5591,,,2.3031296730041504,,
17,5593,,,2.305562973022461,,
17,5595,,,2.3030800819396973,,
17,5597,,,2.302830457687378,,
17,5599,,,2.303704261779785,,
17,5601,,,2.311079978942871,,
17,5603,,,2.307356119155884,,
17,5605,,,2.300992012023926,,
17,5607,,,2.301109790802002,,
17,5609,,,2.304234504699707,,
17,5611,,,2.2973053455352783,,
17,5613,,,2.308211326599121,,
17,5615,,,2.303295135498047,,
17,5617,,,2.304368734359741,,
17,5619,,,2.302095413208008,,
17,5621,,,2.3012022972106934,,
17,5623,,,2.3073782920837402,,
17,5625,,,2.3043675422668457,,
17,5627,,,2.3036305904388428,,
17,5629,,,2.304910659790039,,
17,5631,,,2.303659200668335,,
17,5633,,,2.307511806488037,,
17,5633,,,,0.1907999962568283,2.2784433364868164
18,5635,,,2.3038368225097656,,
18,5637,,,2.3053417205810547,,
18,5639,,,2.3041810989379883,,
18,5641,,,2.3100385665893555,,
18,5643,,,2.3110299110412598,,
18,5645,,,2.3056066036224365,,
18,5647,,,2.3047947883605957,,
18,5649,,,2.305429458618164,,
18,5651,,,2.304434299468994,,
18,5653,,,2.3042049407958984,,
18,5655,,,2.303234577178955,,
18,5657,,,2.3046183586120605,,
18,5659,,,2.303105592727661,,
18,5661,,,2.301137924194336,,
18,5663,,,2.3034467697143555,,
18,5665,,,2.310664415359497,,
18,5667,,,2.3014769554138184,,
18,5669,,,2.3095335960388184,,
18,5671,,,2.3017468452453613,,
18,5673,,,2.303630828857422,,
18,5675,,,2.3042826652526855,,
18,5677,,,2.30523943901062,,
18,5679,,,2.3037989139556885,,
18,5681,,,2.3010826110839844,,
18,5683,,,2.30584979057312,,
18,5685,,,2.3061463832855225,,
18,5687,,,2.3060436248779297,,
18,5689,,,2.3034164905548096,,
18,5691,,,2.307682752609253,,
18,5693,,,2.301730155944824,,
18,5695,,,2.3001043796539307,,
18,5697,,,2.3017382621765137,,
18,5699,,,2.3044426441192627,,
18,5701,,,2.306347131729126,,
18,5703,,,2.3049473762512207,,
18,5705,,,2.3049471378326416,,
18,5707,,,2.3058619499206543,,
18,5709,,,2.2995452880859375,,
18,5711,,,2.302280902862549,,
18,5713,,,2.305361747741699,,
18,5715,,,2.301589012145996,,
18,5717,,,2.301854133605957,,
18,5719,,,2.3076424598693848,,
18,5721,,,2.3004302978515625,,
18,5723,,,2.3006415367126465,,
18,5725,,,2.304216146469116,,
18,5727,,,2.3023691177368164,,
18,5729,,,2.304384231567383,,
18,5731,,,2.30405855178833,,
18,5733,,,2.303049087524414,,
18,5735,,,2.3061716556549072,,
18,5737,,,2.3030381202697754,,
18,5739,,,2.301795482635498,,
18,5741,,,2.3020544052124023,,
18,5743,,,2.3054075241088867,,
18,5745,,,2.303976058959961,,
18,5747,,,2.307945966720581,,
18,5749,,,2.301839590072632,,
18,5751,,,2.305605888366699,,
18,5753,,,2.3094964027404785,,
18,5755,,,2.304058074951172,,
18,5757,,,2.3033547401428223,,
18,5759,,,2.3093748092651367,,
18,5761,,,2.3060388565063477,,
18,5763,,,2.303515672683716,,
18,5765,,,2.3018064498901367,,
18,5767,,,2.310298204421997,,
18,5769,,,2.3090927600860596,,
18,5771,,,2.305748701095581,,
18,5773,,,2.305854320526123,,
18,5775,,,2.303574562072754,,
18,5777,,,2.3056740760803223,,
18,5779,,,2.3057870864868164,,
18,5781,,,2.3070051670074463,,
18,5783,,,2.301356792449951,,
18,5785,,,2.301795721054077,,
18,5787,,,2.3035197257995605,,
18,5789,,,2.3046796321868896,,
18,5791,,,2.304955005645752,,
18,5793,,,2.3070857524871826,,
18,5795,,,2.3038887977600098,,
18,5797,,,2.3058648109436035,,
18,5799,,,2.3023149967193604,,
18,5801,,,2.304154872894287,,
18,5803,,,2.3023688793182373,,
18,5805,,,2.3017783164978027,,
18,5807,,,2.303583860397339,,
18,5809,,,2.310213565826416,,
18,5811,,,2.305211067199707,,
18,5813,,,2.303079843521118,,
18,5815,,,2.3042707443237305,,
18,5817,,,2.3022313117980957,,
18,5819,,,2.304140090942383,,
18,5821,,,2.3029212951660156,,
18,5823,,,2.3059401512145996,,
18,5825,,,2.303168773651123,,
18,5827,,,2.3000669479370117,,
18,5829,,,2.304628372192383,,
18,5831,,,2.3037381172180176,,
18,5833,,,2.3105390071868896,,
18,5835,,,2.30328369140625,,
18,5837,,,2.3061656951904297,,
18,5839,,,2.304569959640503,,
18,5841,,,2.3031718730926514,,
18,5843,,,2.3034892082214355,,
18,5845,,,2.3037755489349365,,
18,5847,,,2.3037986755371094,,
18,5849,,,2.304508924484253,,
18,5851,,,2.3003149032592773,,
18,5853,,,2.310312271118164,,
18,5855,,,2.303101062774658,,
18,5857,,,2.30311918258667,,
18,5859,,,2.3016035556793213,,
18,5861,,,2.3032803535461426,,
18,5863,,,2.3057568073272705,,
18,5865,,,2.3046512603759766,,
18,5867,,,2.307490348815918,,
18,5869,,,2.303740978240967,,
18,5871,,,2.3065764904022217,,
18,5873,,,2.3054537773132324,,
18,5875,,,2.303931474685669,,
18,5877,,,2.3024685382843018,,
18,5879,,,2.303285598754883,,
18,5881,,,2.3010878562927246,,
18,5883,,,2.2970175743103027,,
18,5885,,,2.3092997074127197,,
18,5887,,,2.303407907485962,,
18,5889,,,2.3089559078216553,,
18,5891,,,2.303964376449585,,
18,5893,,,2.30802059173584,,
18,5895,,,2.3105711936950684,,
18,5897,,,2.302478075027466,,
18,5899,,,2.3035531044006348,,
18,5901,,,2.306985378265381,,
18,5903,,,2.304697036743164,,
18,5905,,,2.303098678588867,,
18,5907,,,2.300762176513672,,
18,5909,,,2.3026390075683594,,
18,5911,,,2.304056167602539,,
18,5913,,,2.300849676132202,,
18,5915,,,2.301581859588623,,
18,5917,,,2.3060214519500732,,
18,5919,,,2.2987866401672363,,
18,5921,,,2.3064098358154297,,
18,5923,,,2.303447723388672,,
18,5925,,,2.3056530952453613,,
18,5927,,,2.3034045696258545,,
18,5929,,,2.3052306175231934,,
18,5931,,,2.305032253265381,,
18,5933,,,2.3016016483306885,,
18,5935,,,2.302469491958618,,
18,5937,,,2.30367374420166,,
18,5939,,,2.3036880493164062,,
18,5941,,,2.2990915775299072,,
18,5943,,,2.302755832672119,,
18,5945,,,2.3040175437927246,,
18,5946,,,,0.010099999606609344,2.2907910346984863
19,5947,,,2.3068151473999023,,
19,5949,,,2.304182529449463,,
19,5951,,,2.3117382526397705,,
19,5953,,,2.3067574501037598,,
19,5955,,,2.308195114135742,,
19,5957,,,2.305385112762451,,
19,5959,,,2.302354335784912,,
19,5961,,,2.303712844848633,,
19,5963,,,2.3050599098205566,,
19,5965,,,2.3030526638031006,,
19,5967,,,2.30204439163208,,
19,5969,,,2.304581642150879,,
19,5971,,,2.3021512031555176,,
19,5973,,,2.305936574935913,,
19,5975,,,2.3063735961914062,,
19,5977,,,2.303575038909912,,
19,5979,,,2.305211067199707,,
19,5981,,,2.2969188690185547,,
19,5983,,,2.3096871376037598,,
19,5985,,,2.3015823364257812,,
19,5987,,,2.304990768432617,,
19,5989,,,2.3047983646392822,,
19,5991,,,2.302581310272217,,
19,5993,,,2.3054492473602295,,
19,5995,,,2.3075037002563477,,
19,5997,,,2.306190252304077,,
19,5999,,,2.3037188053131104,,
19,6001,,,2.3047876358032227,,
19,6003,,,2.3024630546569824,,
19,6005,,,2.3020317554473877,,
19,6007,,,2.3074984550476074,,
19,6009,,,2.3042898178100586,,
19,6011,,,2.3035757541656494,,
19,6013,,,2.3032946586608887,,
19,6015,,,2.3068039417266846,,
19,6017,,,2.303288698196411,,
19,6019,,,2.303598403930664,,
19,6021,,,2.3033370971679688,,
19,6023,,,2.3046162128448486,,
19,6025,,,2.3026204109191895,,
19,6027,,,2.300621509552002,,
19,6029,,,2.3064327239990234,,
19,6031,,,2.3062572479248047,,
19,6033,,,2.305384397506714,,
19,6035,,,2.3017354011535645,,
19,6037,,,2.3024957180023193,,
19,6039,,,2.3023226261138916,,
19,6041,,,2.3028128147125244,,
19,6043,,,2.3070895671844482,,
19,6045,,,2.3027262687683105,,
19,6047,,,2.305645227432251,,
19,6049,,,2.3006975650787354,,
19,6051,,,2.300143003463745,,
19,6053,,,2.3074989318847656,,
19,6055,,,2.306556224822998,,
19,6057,,,2.3021140098571777,,
19,6059,,,2.3022513389587402,,
19,6061,,,2.303920269012451,,
19,6063,,,2.302616596221924,,
19,6065,,,2.3011832237243652,,
19,6067,,,2.3038136959075928,,
19,6069,,,2.3058242797851562,,
19,6071,,,2.2985000610351562,,
19,6073,,,2.3037595748901367,,
19,6075,,,2.3066177368164062,,
19,6077,,,2.3128395080566406,,
19,6079,,,2.302321434020996,,
19,6081,,,2.305772304534912,,
19,6083,,,2.2996721267700195,,
19,6085,,,2.3065598011016846,,
19,6087,,,2.3046460151672363,,
19,6089,,,2.3022327423095703,,
19,6091,,,2.30133318901062,,
19,6093,,,2.304462194442749,,
19,6095,,,2.307713747024536,,
19,6097,,,2.3043742179870605,,
19,6099,,,2.3003010749816895,,
19,6101,,,2.305757999420166,,
19,6103,,,2.3032386302948,,
19,6105,,,2.3057751655578613,,
19,6107,,,2.299710273742676,,
19,6109,,,2.30399227142334,,
19,6111,,,2.30267596244812,,
19,6113,,,2.298391819000244,,
19,6115,,,2.3038344383239746,,
19,6117,,,2.305373191833496,,
19,6119,,,2.300328016281128,,
19,6121,,,2.306365489959717,,
19,6123,,,2.3026223182678223,,
19,6125,,,2.3030412197113037,,
19,6127,,,2.304426431655884,,
19,6129,,,2.3032946586608887,,
19,6131,,,2.3064393997192383,,
19,6133,,,2.3057923316955566,,
19,6135,,,2.3009591102600098,,
19,6137,,,2.302232265472412,,
19,6139,,,2.3042449951171875,,
19,6141,,,2.3010756969451904,,
19,6143,,,2.304812431335449,,
19,6145,,,2.304727554321289,,
19,6147,,,2.3036437034606934,,
19,6149,,,2.3056726455688477,,
19,6151,,,2.3051300048828125,,
19,6153,,,2.310497283935547,,
19,6155,,,2.3038270473480225,,
19,6157,,,2.3020260334014893,,
19,6159,,,2.302582263946533,,
19,6161,,,2.302374839782715,,
19,6163,,,2.3064615726470947,,
19,6165,,,2.3058295249938965,,
19,6167,,,2.302157163619995,,
19,6169,,,2.3005263805389404,,
19,6171,,,2.301665782928467,,
19,6173,,,2.3014156818389893,,
19,6175,,,2.29988956451416,,
19,6177,,,2.304882764816284,,
19,6179,,,2.30254864692688,,
19,6181,,,2.303941488265991,,
19,6183,,,2.303990602493286,,
19,6185,,,2.302381992340088,,
19,6187,,,2.3042497634887695,,
19,6189,,,2.3048043251037598,,
19,6191,,,2.3032991886138916,,
19,6193,,,2.3024392127990723,,
19,6195,,,2.300110340118408,,
19,6197,,,2.3019065856933594,,
19,6199,,,2.303086519241333,,
19,6201,,,2.302328109741211,,
19,6203,,,2.302722930908203,,
19,6205,,,2.303253412246704,,
19,6207,,,2.3068630695343018,,
19,6209,,,2.305849552154541,,
19,6211,,,2.304415702819824,,
19,6213,,,2.2997357845306396,,
19,6215,,,2.3017420768737793,,
19,6217,,,2.313438892364502,,
19,6219,,,2.309617519378662,,
19,6221,,,2.3030238151550293,,
19,6223,,,2.3105545043945312,,
19,6225,,,2.304287910461426,,
19,6227,,,2.2998790740966797,,
19,6229,,,2.3088130950927734,,
19,6231,,,2.304638385772705,,
19,6233,,,2.314271926879883,,
19,6235,,,2.305983543395996,,
19,6237,,,2.3062798976898193,,
19,6239,,,2.3027873039245605,,
19,6241,,,2.3056418895721436,,
19,6243,,,2.3064510822296143,,
19,6245,,,2.3043062686920166,,
19,6247,,,2.3047871589660645,,
19,6249,,,2.3017685413360596,,
19,6251,,,2.3019556999206543,,
19,6253,,,2.306689500808716,,
19,6255,,,2.300711154937744,,
19,6257,,,2.2983498573303223,,
19,6259,,,2.30771541595459,,
19,6259,,,,0.011950000189244747,2.302284002304077
20,6261,,,2.302605152130127,,
20,6263,,,2.303050994873047,,
20,6265,,,2.304607391357422,,
20,6267,,,2.3045907020568848,,
20,6269,,,2.300816774368286,,
20,6271,,,2.3056578636169434,,
20,6273,,,2.3029894828796387,,
20,6275,,,2.3024096488952637,,
20,6277,,,2.3055968284606934,,
20,6279,,,2.3079819679260254,,
20,6281,,,2.3064370155334473,,
20,6283,,,2.3033599853515625,,
20,6285,,,2.300992012023926,,
20,6287,,,2.3023695945739746,,
20,6289,,,2.30655574798584,,
20,6291,,,2.307452440261841,,
20,6293,,,2.3039093017578125,,
20,6295,,,2.3053789138793945,,
20,6297,,,2.3030431270599365,,
20,6299,,,2.3052926063537598,,
20,6301,,,2.3001370429992676,,
20,6303,,,2.3048932552337646,,
20,6305,,,2.3076350688934326,,
20,6307,,,2.3084311485290527,,
20,6309,,,2.304293155670166,,
20,6311,,,2.3003809452056885,,
20,6313,,,2.3041300773620605,,
20,6315,,,2.301541328430176,,
20,6317,,,2.3056068420410156,,
20,6319,,,2.3067150115966797,,
20,6321,,,2.3022825717926025,,
20,6323,,,2.3014423847198486,,
20,6325,,,2.3059210777282715,,
20,6327,,,2.3042523860931396,,
20,6329,,,2.3034324645996094,,
20,6331,,,2.305121898651123,,
20,6333,,,2.305104970932007,,
20,6335,,,2.3043642044067383,,
20,6337,,,2.304408073425293,,
20,6339,,,2.2996137142181396,,
20,6341,,,2.3051726818084717,,
20,6343,,,2.3071327209472656,,
20,6345,,,2.3056998252868652,,
20,6347,,,2.305532455444336,,
20,6349,,,2.3081626892089844,,
20,6351,,,2.3051557540893555,,
20,6353,,,2.3047494888305664,,
20,6355,,,2.3018198013305664,,
20,6357,,,2.3011860847473145,,
20,6359,,,2.305614471435547,,
20,6361,,,2.300625801086426,,
20,6363,,,2.3034582138061523,,
20,6365,,,2.3039565086364746,,
20,6367,,,2.2969400882720947,,
20,6369,,,2.3049192428588867,,
20,6371,,,2.307767868041992,,
20,6373,,,2.303068161010742,,
20,6375,,,2.304016590118408,,
20,6377,,,2.3024048805236816,,
20,6379,,,2.3046369552612305,,
20,6381,,,2.3051822185516357,,
20,6383,,,2.3046791553497314,,
20,6385,,,2.3039398193359375,,
20,6387,,,2.3048818111419678,,
20,6389,,,2.306746244430542,,
20,6391,,,2.3090410232543945,,
20,6393,,,2.303483486175537,,
20,6395,,,2.3039262294769287,,
20,6397,,,2.3031411170959473,,
20,6399,,,2.3074374198913574,,
20,6401,,,2.3068690299987793,,
20,6403,,,2.304081678390503,,
20,6405,,,2.3080413341522217,,
20,6407,,,2.3054275512695312,,
20,6409,,,2.309602975845337,,
20,6411,,,2.3052568435668945,,
20,6413,,,2.3049733638763428,,
20,6415,,,2.303943634033203,,
20,6417,,,2.303225517272949,,
20,6419,,,2.302100658416748,,
20,6421,,,2.304173469543457,,
20,6423,,,2.30588436126709,,
20,6425,,,2.306421995162964,,
20,6427,,,2.3030800819396973,,
20,6429,,,2.303028106689453,,
20,6431,,,2.304488182067871,,
20,6433,,,2.3063626289367676,,
20,6435,,,2.300591230392456,,
20,6437,,,2.3045499324798584,,
20,6439,,,2.3075032234191895,,
20,6441,,,2.3019325733184814,,
20,6443,,,2.301206111907959,,
20,6445,,,2.3072283267974854,,
20,6447,,,2.305844306945801,,
20,6449,,,2.303415298461914,,
20,6451,,,2.305480718612671,,
20,6453,,,2.305706739425659,,
20,6455,,,2.30045223236084,,
20,6457,,,2.306781768798828,,
20,6459,,,2.302093029022217,,
20,6461,,,2.303248405456543,,
20,6463,,,2.304718017578125,,
20,6465,,,2.3041961193084717,,
20,6467,,,2.3027796745300293,,
20,6469,,,2.3019490242004395,,
20,6471,,,2.305016040802002,,
20,6473,,,2.3041839599609375,,
20,6475,,,2.3057751655578613,,
20,6477,,,2.304333448410034,,
20,6479,,,2.3072454929351807,,
20,6481,,,2.2997922897338867,,
20,6483,,,2.3039073944091797,,
20,6485,,,2.3049120903015137,,
20,6487,,,2.3038105964660645,,
20,6489,,,2.3062663078308105,,
20,6491,,,2.30562162399292,,
20,6493,,,2.3054215908050537,,
20,6495,,,2.3054018020629883,,
20,6497,,,2.302612781524658,,
20,6499,,,2.3033082485198975,,
20,6501,,,2.303378105163574,,
20,6503,,,2.3018360137939453,,
20,6505,,,2.302586555480957,,
20,6507,,,2.304335117340088,,
20,6509,,,2.300909996032715,,
20,6511,,,2.3013291358947754,,
20,6513,,,2.3025712966918945,,
20,6515,,,2.3015551567077637,,
20,6517,,,2.3049206733703613,,
20,6519,,,2.3016581535339355,,
20,6521,,,2.3025031089782715,,
20,6523,,,2.3057749271392822,,
20,6525,,,2.305717945098877,,
20,6527,,,2.302443504333496,,
20,6529,,,2.304487943649292,,
20,6531,,,2.3034353256225586,,
20,6533,,,2.30249285697937,,
20,6535,,,2.3036561012268066,,
20,6537,,,2.3048386573791504,,
20,6539,,,2.3017897605895996,,
20,6541,,,2.3062338829040527,,
20,6543,,,2.304413318634033,,
20,6545,,,2.3022797107696533,,
20,6547,,,2.306455135345459,,
20,6549,,,2.303464412689209,,
20,6551,,,2.305762529373169,,
20,6553,,,2.307145118713379,,
20,6555,,,2.303615093231201,,
20,6557,,,2.3033909797668457,,
20,6559,,,2.3020572662353516,,
20,6561,,,2.302902936935425,,
20,6563,,,2.305467128753662,,
20,6565,,,2.3030359745025635,,
20,6567,,,2.305457592010498,,
20,6569,,,2.30114483833313,,
20,6571,,,2.3016982078552246,,
20,6572,,,,0.06274999678134918,2.3318748474121094
21,6573,,,2.3049540519714355,,
21,6575,,,2.303504467010498,,
21,6577,,,2.3078110218048096,,
21,6579,,,2.3043274879455566,,
21,6581,,,2.304534435272217,,
21,6583,,,2.302149772644043,,
21,6585,,,2.3035178184509277,,
21,6587,,,2.305647850036621,,
21,6589,,,2.306286334991455,,
21,6591,,,2.3022966384887695,,
21,6593,,,2.3070449829101562,,
21,6595,,,2.302642822265625,,
21,6597,,,2.305259943008423,,
21,6599,,,2.302450656890869,,
21,6601,,,2.30100154876709,,
21,6603,,,2.2989463806152344,,
21,6605,,,2.305063247680664,,
21,6607,,,2.303255558013916,,
21,6609,,,2.30364990234375,,
21,6611,,,2.306069850921631,,
21,6613,,,2.3014020919799805,,
21,6615,,,2.303450107574463,,
21,6617,,,2.3021013736724854,,
21,6619,,,2.3040714263916016,,
21,6621,,,2.302745819091797,,
21,6623,,,2.300717830657959,,
21,6625,,,2.3066821098327637,,
21,6627,,,2.305720567703247,,
21,6629,,,2.30999755859375,,
21,6631,,,2.307307720184326,,
21,6633,,,2.304603338241577,,
21,6635,,,2.3064427375793457,,
21,6637,,,2.3016958236694336,,
21,6639,,,2.300781011581421,,
21,6641,,,2.302415609359741,,
21,6643,,,2.3049585819244385,,
21,6645,,,2.3033323287963867,,
21,6647,,,2.299896001815796,,
21,6649,,,2.3035316467285156,,
21,6651,,,2.306002140045166,,
21,6653,,,2.3034963607788086,,
21,6655,,,2.301680326461792,,
21,6657,,,2.2995333671569824,,
21,6659,,,2.304865837097168,,
21,6661,,,2.3043079376220703,,
21,6663,,,2.3040225505828857,,
21,6665,,,2.2998199462890625,,
21,6667,,,2.3037471771240234,,
21,6669,,,2.3024868965148926,,
21,6671,,,2.3049497604370117,,
21,6673,,,2.3081021308898926,,
21,6675,,,2.3030927181243896,,
21,6677,,,2.306842803955078,,
21,6679,,,2.300668716430664,,
21,6681,,,2.3051252365112305,,
21,6683,,,2.302471160888672,,
21,6685,,,2.3032171726226807,,
21,6687,,,2.305184841156006,,
21,6689,,,2.303410053253174,,
21,6691,,,2.307277202606201,,
21,6693,,,2.3035318851470947,,
21,6695,,,2.304597854614258,,
21,6697,,,2.305027484893799,,
21,6699,,,2.3044748306274414,,
21,6701,,,2.305403709411621,,
21,6703,,,2.306640863418579,,
21,6705,,,2.3069908618927,,
21,6707,,,2.3042023181915283,,
21,6709,,,2.3026907444000244,,
21,6711,,,2.3077926635742188,,
21,6713,,,2.304004192352295,,
21,6715,,,2.303091049194336,,
21,6717,,,2.3058218955993652,,
21,6719,,,2.3056020736694336,,
21,6721,,,2.3051156997680664,,
21,6723,,,2.3041586875915527,,
21,6725,,,2.3089890480041504,,
21,6727,,,2.3035318851470947,,
21,6729,,,2.3059067726135254,,
21,6731,,,2.302079677581787,,
21,6733,,,2.303536891937256,,
21,6735,,,2.3003904819488525,,
21,6737,,,2.3041744232177734,,
21,6739,,,2.304462194442749,,
21,6741,,,2.2991487979888916,,
21,6743,,,2.3044111728668213,,
21,6745,,,2.3053412437438965,,
21,6747,,,2.3053770065307617,,
21,6749,,,2.305685520172119,,
21,6751,,,2.3046445846557617,,
21,6753,,,2.3040988445281982,,
21,6755,,,2.30295467376709,,
21,6757,,,2.304837226867676,,
21,6759,,,2.2985944747924805,,
21,6761,,,2.3094725608825684,,
21,6763,,,2.298780918121338,,
21,6765,,,2.3068642616271973,,
21,6767,,,2.297098398208618,,
21,6769,,,2.303560733795166,,
21,6771,,,2.308497905731201,,
21,6773,,,2.3052725791931152,,
21,6775,,,2.3059239387512207,,
21,6777,,,2.3047425746917725,,
21,6779,,,2.3035342693328857,,
21,6781,,,2.3034827709198,,
21,6783,,,2.3060803413391113,,
21,6785,,,2.307126998901367,,
21,6787,,,2.3034303188323975,,
21,6789,,,2.304535388946533,,
21,6791,,,2.301096200942993,,
21,6793,,,2.3068478107452393,,
21,6795,,,2.303471565246582,,
21,6797,,,2.3064541816711426,,
21,6799,,,2.301608085632324,,
21,6801,,,2.3027119636535645,,
21,6803,,,2.304271697998047,,
21,6805,,,2.3036704063415527,,
21,6807,,,2.302645206451416,,
21,6809,,,2.299077033996582,,
21,6811,,,2.306398630142212,,
21,6813,,,2.3085083961486816,,
21,6815,,,2.303147315979004,,
21,6817,,,2.3011488914489746,,
21,6819,,,2.304232358932495,,
21,6821,,,2.305405616760254,,
21,6823,,,2.3035879135131836,,
21,6825,,,2.305457592010498,,
21,6827,,,2.303489923477173,,
21,6829,,,2.3021695613861084,,
21,6831,,,2.3033905029296875,,
21,6833,,,2.304698944091797,,
21,6835,,,2.3039605617523193,,
21,6837,,,2.305011749267578,,
21,6839,,,2.306093215942383,,
21,6841,,,2.3048763275146484,,
21,6843,,,2.301732063293457,,
21,6845,,,2.30018949508667,,
21,6847,,,2.3077516555786133,,
21,6849,,,2.3028604984283447,,
21,6851,,,2.3016202449798584,,
21,6853,,,2.3039236068725586,,
21,6855,,,2.3046011924743652,,
21,6857,,,2.301424503326416,,
21,6859,,,2.30220627784729,,
21,6861,,,2.3021717071533203,,
21,6863,,,2.3036279678344727,,
21,6865,,,2.2992777824401855,,
21,6867,,,2.3026018142700195,,
21,6869,,,2.3041586875915527,,
21,6871,,,2.3047029972076416,,
21,6873,,,2.3045496940612793,,
21,6875,,,2.3050060272216797,,
21,6877,,,2.3053555488586426,,
21,6879,,,2.3041465282440186,,
21,6881,,,2.3034310340881348,,
21,6883,,,2.303635358810425,,
21,6885,,,2.3026533126831055,,
21,6885,,,,0.04554999992251396,2.340789318084717
22,6887,,,2.307767391204834,,
22,6889,,,2.301515579223633,,
22,6891,,,2.303837537765503,,
22,6893,,,2.3027188777923584,,
22,6895,,,2.3048110008239746,,
22,6897,,,2.2986671924591064,,
22,6899,,,2.3069329261779785,,
22,6901,,,2.306814193725586,,
22,6903,,,2.2999279499053955,,
22,6905,,,2.304370403289795,,
22,6907,,,2.3033018112182617,,
22,6909,,,2.3039541244506836,,
22,6911,,,2.302161693572998,,
22,6913,,,2.3049793243408203,,
22,6915,,,2.3055977821350098,,
22,6917,,,2.306002616882324,,
22,6919,,,2.302675247192383,,
22,6921,,,2.3024039268493652,,
22,6923,,,2.30368709564209,,
22,6925,,,2.304069757461548,,
22,6927,,,2.3044016361236572,,
22,6929,,,2.303694009780884,,
22,6931,,,2.3012595176696777,,
22,6933,,,2.3041200637817383,,
22,6935,,,2.3052215576171875,,
22,6937,,,2.305481433868408,,
22,6939,,,2.302485227584839,,
22,6941,,,2.304067611694336,,
22,6943,,,2.3059232234954834,,
22,6945,,,2.3027384281158447,,
22,6947,,,2.304471969604492,,
22,6949,,,2.3054234981536865,,
22,6951,,,2.3019397258758545,,
22,6953,,,2.3045942783355713,,
22,6955,,,2.301935911178589,,
22,6957,,,2.305230140686035,,
22,6959,,,2.301663875579834,,
22,6961,,,2.3023810386657715,,
22,6963,,,2.3075737953186035,,
22,6965,,,2.3051724433898926,,
22,6967,,,2.3043196201324463,,
22,6969,,,2.302888870239258,,
22,6971,,,2.3026723861694336,,
22,6973,,,2.304276466369629,,
22,6975,,,2.3056130409240723,,
22,6977,,,2.3052520751953125,,
22,6979,,,2.3067846298217773,,
22,6981,,,2.3039956092834473,,
22,6983,,,2.304044485092163,,
22,6985,,,2.3047032356262207,,
22,6987,,,2.304339647293091,,
22,6989,,,2.3020453453063965,,
22,6991,,,2.301924228668213,,
22,6993,,,2.3056297302246094,,
22,6995,,,2.3032450675964355,,
22,6997,,,2.3044679164886475,,
22,6999,,,2.3039753437042236,,
22,7001,,,2.303542137145996,,
22,7003,,,2.304899215698242,,
22,7005,,,2.300097942352295,,
22,7007,,,2.3059043884277344,,
22,7009,,,2.3023183345794678,,
22,7011,,,2.3022143840789795,,
22,7013,,,2.3034539222717285,,
22,7015,,,2.307992458343506,,
22,7017,,,2.30849552154541,,
22,7019,,,2.3016161918640137,,
22,7021,,,2.303314208984375,,
22,7023,,,2.303189754486084,,
22,7025,,,2.3043084144592285,,
22,7027,,,2.3023595809936523,,
22,7029,,,2.30141019821167,,
22,7031,,,2.304004430770874,,
22,7033,,,2.3062398433685303,,
22,7035,,,2.3085033893585205,,
22,7037,,,2.306856155395508,,
22,7039,,,2.305610179901123,,
22,7041,,,2.303433895111084,,
22,7043,,,2.3089141845703125,,
22,7045,,,2.3036413192749023,,
22,7047,,,2.3043060302734375,,
22,7049,,,2.3032729625701904,,
22,7051,,,2.3027944564819336,,
22,7053,,,2.303541898727417,,
22,7055,,,2.300996780395508,,
22,7057,,,2.304622173309326,,
22,7059,,,2.306145191192627,,
22,7061,,,2.306393623352051,,
22,7063,,,2.3023829460144043,,
22,7065,,,2.3035147190093994,,
22,7067,,,2.3047661781311035,,
22,7069,,,2.3040809631347656,,
22,7071,,,2.3025641441345215,,
22,7073,,,2.3050076961517334,,
22,7075,,,2.304971933364868,,
22,7077,,,2.303901195526123,,
22,7079,,,2.304476022720337,,
22,7081,,,2.3056087493896484,,
22,7083,,,2.3072316646575928,,
22,7085,,,2.3052167892456055,,
22,7087,,,2.3051910400390625,,
22,7089,,,2.302563190460205,,
22,7091,,,2.304872751235962,,
22,7093,,,2.3054144382476807,,
22,7095,,,2.3044261932373047,,
22,7097,,,2.3034327030181885,,
22,7099,,,2.304361581802368,,
22,7101,,,2.303091526031494,,
22,7103,,,2.306598424911499,,
22,7105,,,2.3044397830963135,,
22,7107,,,2.301154851913452,,
22,7109,,,2.305035352706909,,
22,7111,,,2.300473690032959,,
22,7113,,,2.2986483573913574,,
22,7115,,,2.308979034423828,,
22,7117,,,2.3050150871276855,,
22,7119,,,2.3019661903381348,,
22,7121,,,2.305605173110962,,
22,7123,,,2.3028059005737305,,
22,7125,,,2.304013252258301,,
22,7127,,,2.3027915954589844,,
22,7129,,,2.3003690242767334,,
22,7131,,,2.302133083343506,,
22,7133,,,2.3027100563049316,,
22,7135,,,2.307107925415039,,
22,7137,,,2.3029229640960693,,
22,7139,,,2.3028652667999268,,
22,7141,,,2.304393768310547,,
22,7143,,,2.305154323577881,,
22,7145,,,2.3023602962493896,,
22,7147,,,2.305476665496826,,
22,7149,,,2.308710813522339,,
22,7151,,,2.3031139373779297,,
22,7153,,,2.301156759262085,,
22,7155,,,2.302760124206543,,
22,7157,,,2.305405855178833,,
22,7159,,,2.303272247314453,,
22,7161,,,2.301844596862793,,
22,7163,,,2.3028275966644287,,
22,7165,,,2.3022449016571045,,
22,7167,,,2.303194999694824,,
22,7169,,,2.3059701919555664,,
22,7171,,,2.304196357727051,,
22,7173,,,2.30263090133667,,
22,7175,,,2.300210952758789,,
22,7177,,,2.3037688732147217,,
22,7179,,,2.302381992340088,,
22,7181,,,2.303461790084839,,
22,7183,,,2.302839994430542,,
22,7185,,,2.303791046142578,,
22,7187,,,2.30470609664917,,
22,7189,,,2.3035058975219727,,
22,7191,,,2.305363893508911,,
22,7193,,,2.3031139373779297,,
22,7195,,,2.303035259246826,,
22,7197,,,2.301191568374634,,
22,7198,,,,0.18254999816417694,2.285137176513672
23,7199,,,2.3050003051757812,,
23,7201,,,2.307133197784424,,
23,7203,,,2.3022236824035645,,
23,7205,,,2.306431293487549,,
23,7207,,,2.301231861114502,,
23,7209,,,2.303065299987793,,
23,7211,,,2.299957513809204,,
23,7213,,,2.3111367225646973,,
23,7215,,,2.303910255432129,,
23,7217,,,2.3063950538635254,,
23,7219,,,2.3019442558288574,,
23,7221,,,2.302358388900757,,
23,7223,,,2.3011016845703125,,
23,7225,,,2.3008298873901367,,
23,7227,,,2.299867630004883,,
23,7229,,,2.3086650371551514,,
23,7231,,,2.3065810203552246,,
23,7233,,,2.3095812797546387,,
23,7235,,,2.3035266399383545,,
23,7237,,,2.30094575881958,,
23,7239,,,2.3035874366760254,,
23,7241,,,2.3038389682769775,,
23,7243,,,2.30123233795166,,
23,7245,,,2.306640625,,
23,7247,,,2.3055808544158936,,
23,7249,,,2.3059017658233643,,
23,7251,,,2.304769277572632,,
23,7253,,,2.3014321327209473,,
23,7255,,,2.3036279678344727,,
23,7257,,,2.3015897274017334,,
23,7259,,,2.304565906524658,,
23,7261,,,2.301579475402832,,
23,7263,,,2.3061771392822266,,
23,7265,,,2.304964303970337,,
23,7267,,,2.3025245666503906,,
23,7269,,,2.30460786819458,,
23,7271,,,2.301629066467285,,
23,7273,,,2.3035531044006348,,
23,7275,,,2.3030972480773926,,
23,7277,,,2.303109645843506,,
23,7279,,,2.3030436038970947,,
23,7281,,,2.303959846496582,,
23,7283,,,2.3024463653564453,,
23,7285,,,2.3077287673950195,,
23,7287,,,2.3108887672424316,,
23,7289,,,2.3062801361083984,,
23,7291,,,2.301248788833618,,
23,7293,,,2.303473711013794,,
23,7295,,,2.3046655654907227,,
23,7297,,,2.3026950359344482,,
23,7299,,,2.304882049560547,,
23,7301,,,2.3006033897399902,,
23,7303,,,2.3021793365478516,,
23,7305,,,2.303307056427002,,
23,7307,,,2.3054697513580322,,
23,7309,,,2.303175449371338,,
23,7311,,,2.3039512634277344,,
23,7313,,,2.300342082977295,,
23,7315,,,2.3047008514404297,,
23,7317,,,2.3055713176727295,,
23,7319,,,2.306450366973877,,
23,7321,,,2.30389404296875,,
23,7323,,,2.3029026985168457,,
23,7325,,,2.3076653480529785,,
23,7327,,,2.3037824630737305,,
23,7329,,,2.3030388355255127,,
23,7331,,,2.302398681640625,,
23,7333,,,2.3022313117980957,,
23,7335,,,2.30029296875,,
23,7337,,,2.3022236824035645,,
23,7339,,,2.3059701919555664,,
23,7341,,,2.3038642406463623,,
23,7343,,,2.3069679737091064,,
23,7345,,,2.30326247215271,,
23,7347,,,2.302191972732544,,
23,7349,,,2.307007074356079,,
23,7351,,,2.304975748062134,,
23,7353,,,2.3031327724456787,,
23,7355,,,2.301941156387329,,
23,7357,,,2.3030033111572266,,
23,7359,,,2.3033699989318848,,
23,7361,,,2.308476448059082,,
23,7363,,,2.303037643432617,,
23,7365,,,2.305408477783203,,
23,7367,,,2.3040771484375,,
23,7369,,,2.3026604652404785,,
23,7371,,,2.3042173385620117,,
23,7373,,,2.300072193145752,,
23,7375,,,2.3005523681640625,,
23,7377,,,2.303466320037842,,
23,7379,,,2.3054370880126953,,
23,7381,,,2.301769733428955,,
23,7383,,,2.303407907485962,,
23,7385,,,2.3052070140838623,,
23,7387,,,2.302509307861328,,
23,7389,,,2.3030753135681152,,
23,7391,,,2.3025155067443848,,
23,7393,,,2.3014605045318604,,
23,7395,,,2.304675579071045,,
23,7397,,,2.3022613525390625,,
23,7399,,,2.3028383255004883,,
23,7401,,,2.3024144172668457,,
23,7403,,,2.3015999794006348,,
23,7405,,,2.3046092987060547,,
23,7407,,,2.3020105361938477,,
23,7409,,,2.3098888397216797,,
23,7411,,,2.3075835704803467,,
23,7413,,,2.3059661388397217,,
23,7415,,,2.3077244758605957,,
23,7417,,,2.302210807800293,,
23,7419,,,2.30421781539917,,
23,7421,,,2.3045010566711426,,
23,7423,,,2.3015172481536865,,
23,7425,,,2.306152820587158,,
23,7427,,,2.3055410385131836,,
23,7429,,,2.3046135902404785,,
23,7431,,,2.305569887161255,,
23,7433,,,2.304447650909424,,
23,7435,,,2.306244134902954,,
23,7437,,,2.3020777702331543,,
23,7439,,,2.3019678592681885,,
23,7441,,,2.303650379180908,,
23,7443,,,2.299992322921753,,
23,7445,,,2.3081469535827637,,
23,7447,,,2.3029279708862305,,
23,7449,,,2.304014205932617,,
23,7451,,,2.3036789894104004,,
23,7453,,,2.3029744625091553,,
23,7455,,,2.3030056953430176,,
23,7457,,,2.304673194885254,,
23,7459,,,2.305631637573242,,
23,7461,,,2.3030500411987305,,
23,7463,,,2.3037469387054443,,
23,7465,,,2.3029074668884277,,
23,7467,,,2.304286479949951,,
23,7469,,,2.3052315711975098,,
23,7471,,,2.3039498329162598,,
23,7473,,,2.3023874759674072,,
23,7475,,,2.3029820919036865,,
23,7477,,,2.301029682159424,,
23,7479,,,2.304373264312744,,
23,7481,,,2.302807331085205,,
23,7483,,,2.303354263305664,,
23,7485,,,2.2999229431152344,,
23,7487,,,2.3024368286132812,,
23,7489,,,2.306514024734497,,
23,7491,,,2.3112235069274902,,
23,7493,,,2.303246259689331,,
23,7495,,,2.3073782920837402,,
23,7497,,,2.3041367530822754,,
23,7499,,,2.301985263824463,,
23,7501,,,2.300477981567383,,
23,7503,,,2.3048081398010254,,
23,7505,,,2.302111864089966,,
23,7507,,,2.307182788848877,,
23,7509,,,2.306637763977051,,
23,7511,,,2.3084726333618164,,
23,7511,,,,0.18254999816417694,2.2982988357543945
24,7513,,,2.303157091140747,,
24,7515,,,2.3007593154907227,,
24,7517,,,2.301870822906494,,
24,7519,,,2.3033275604248047,,
24,7521,,,2.3044304847717285,,
24,7523,,,2.3035221099853516,,
24,7525,,,2.304128408432007,,
24,7527,,,2.305515766143799,,
24,7529,,,2.302277088165283,,
24,7531,,,2.305542230606079,,
24,7533,,,2.301668643951416,,
24,7535,,,2.3071608543395996,,
24,7537,,,2.3047266006469727,,
24,7539,,,2.303238868713379,,
24,7541,,,2.3023366928100586,,
24,7543,,,2.3053510189056396,,
24,7545,,,2.3049330711364746,,
24,7547,,,2.30361008644104,,
24,7549,,,2.3060903549194336,,
24,7551,,,2.3023858070373535,,
24,7553,,,2.300835371017456,,
24,7555,,,2.302258253097534,,
24,7557,,,2.305968761444092,,
24,7559,,,2.305316209793091,,
24,7561,,,2.3022756576538086,,
24,7563,,,2.306105375289917,,
24,7565,,,2.3033251762390137,,
24,7567,,,2.303330421447754,,
24,7569,,,2.3014934062957764,,
24,7571,,,2.3097434043884277,,
24,7573,,,2.3037896156311035,,
24,7575,,,2.30513334274292,,
24,7577,,,2.303126335144043,,
24,7579,,,2.3033390045166016,,
24,7581,,,2.3041329383850098,,
24,7583,,,2.302745819091797,,
24,7585,,,2.3021860122680664,,
24,7587,,,2.3039917945861816,,
24,7589,,,2.3085010051727295,,
24,7591,,,2.3074100017547607,,
24,7593,,,2.305093765258789,,
24,7595,,,2.302541732788086,,
24,7597,,,2.3092379570007324,,
24,7599,,,2.306211233139038,,
24,7601,,,2.3050014972686768,,
24,7603,,,2.305030584335327,,
24,7605,,,2.3110156059265137,,
24,7607,,,2.301584243774414,,
24,7609,,,2.3036856651306152,,
24,7611,,,2.3038084506988525,,
24,7613,,,2.3052189350128174,,
24,7615,,,2.299607276916504,,
24,7617,,,2.301814079284668,,
24,7619,,,2.3030357360839844,,
24,7621,,,2.29984450340271,,
24,7623,,,2.304987907409668,,
24,7625,,,2.3003158569335938,,
24,7627,,,2.3030948638916016,,
24,7629,,,2.3037919998168945,,
24,7631,,,2.304934024810791,,
24,7633,,,2.3034539222717285,,
24,7635,,,2.3003034591674805,,
24,7637,,,2.301154613494873,,
24,7639,,,2.301809310913086,,
24,7641,,,2.3029122352600098,,
24,7643,,,2.3047380447387695,,
24,7645,,,2.305366277694702,,
24,7647,,,2.3057379722595215,,
24,7649,,,2.3039703369140625,,
24,7651,,,2.304439067840576,,
24,7653,,,2.3052191734313965,,
24,7655,,,2.3018412590026855,,
24,7657,,,2.3036513328552246,,
24,7659,,,2.3057634830474854,,
24,7661,,,2.3012876510620117,,
24,7663,,,2.3056933879852295,,
24,7665,,,2.3078091144561768,,
24,7667,,,2.3020153045654297,,
24,7669,,,2.307185173034668,,
24,7671,,,2.304629325866699,,
24,7673,,,2.305131673812866,,
24,7675,,,2.3055763244628906,,
24,7677,,,2.303679943084717,,
24,7679,,,2.303964376449585,,
24,7681,,,2.3056507110595703,,
24,7683,,,2.3063149452209473,,
24,7685,,,2.3082213401794434,,
24,7687,,,2.303236484527588,,
24,7689,,,2.3039426803588867,,
24,7691,,,2.3046422004699707,,
24,7693,,,2.3025436401367188,,
24,7695,,,2.305490016937256,,
24,7697,,,2.300968647003174,,
24,7699,,,2.3012425899505615,,
24,7701,,,2.3025035858154297,,
24,7703,,,2.3028526306152344,,
24,7705,,,2.3062896728515625,,
24,7707,,,2.3036978244781494,,
24,7709,,,2.3040997982025146,,
24,7711,,,2.302201509475708,,
24,7713,,,2.304421901702881,,
24,7715,,,2.30474853515625,,
24,7717,,,2.303201198577881,,
24,7719,,,2.3035035133361816,,
24,7721,,,2.3038902282714844,,
24,7723,,,2.3035287857055664,,
24,7725,,,2.3018150329589844,,
24,7727,,,2.3041696548461914,,
24,7729,,,2.3028995990753174,,
24,7731,,,2.302696704864502,,
24,7733,,,2.3032989501953125,,
24,7735,,,2.3018221855163574,,
24,7737,,,2.3023810386657715,,
24,7739,,,2.3024277687072754,,
24,7741,,,2.306267023086548,,
24,7743,,,2.3019564151763916,,
24,7745,,,2.3007192611694336,,
24,7747,,,2.302919626235962,,
24,7749,,,2.3021490573883057,,
24,7751,,,2.3025903701782227,,
24,7753,,,2.3044939041137695,,
24,7755,,,2.3021464347839355,,
24,7757,,,2.3061137199401855,,
24,7759,,,2.3054347038269043,,
24,7761,,,2.3043622970581055,,
24,7763,,,2.3027868270874023,,
24,7765,,,2.306152820587158,,
24,7767,,,2.3035895824432373,,
24,7769,,,2.304211378097534,,
24,7771,,,2.3019843101501465,,
24,7773,,,2.3039517402648926,,
24,7775,,,2.303265333175659,,
24,7777,,,2.3047614097595215,,
24,7779,,,2.305264472961426,,
24,7781,,,2.3036627769470215,,
24,7783,,,2.303600311279297,,
24,7785,,,2.3036346435546875,,
24,7787,,,2.3042426109313965,,
24,7789,,,2.304966449737549,,
24,7791,,,2.30189847946167,,
24,7793,,,2.3047866821289062,,
24,7795,,,2.303206443786621,,
24,7797,,,2.3025259971618652,,
24,7799,,,2.303074836730957,,
24,7801,,,2.304353952407837,,
24,7803,,,2.3085944652557373,,
24,7805,,,2.306090831756592,,
24,7807,,,2.3060410022735596,,
24,7809,,,2.3019280433654785,,
24,7811,,,2.3030879497528076,,
24,7813,,,2.306203842163086,,
24,7815,,,2.303586483001709,,
24,7817,,,2.302649974822998,,
24,7819,,,2.3004438877105713,,
24,7821,,,2.301339626312256,,
24,7823,,,2.3025989532470703,,
24,7824,,,,0.0012499999720603228,2.3132734298706055
25,7825,,,2.3030223846435547,,
25,7827,,,2.3044190406799316,,
25,7829,,,2.3090779781341553,,
25,7831,,,2.3045825958251953,,
25,7833,,,2.3018808364868164,,
25,7835,,,2.304647445678711,,
25,7837,,,2.3016695976257324,,
25,7839,,,2.3057775497436523,,
25,7841,,,2.3036017417907715,,
25,7843,,,2.302964687347412,,
25,7845,,,2.303683280944824,,
25,7847,,,2.303941249847412,,
25,7849,,,2.3068108558654785,,
25,7851,,,2.3014440536499023,,
25,7853,,,2.3022513389587402,,
25,7855,,,2.305253267288208,,
25,7857,,,2.304166316986084,,
25,7859,,,2.30431866645813,,
25,7861,,,2.306226968765259,,
25,7863,,,2.305715799331665,,
25,7865,,,2.305370807647705,,
25,7867,,,2.303589105606079,,
25,7869,,,2.3014988899230957,,
25,7871,,,2.3024823665618896,,
25,7873,,,2.3024518489837646,,
25,7875,,,2.3086695671081543,,
25,7877,,,2.3044347763061523,,
25,7879,,,2.3064138889312744,,
25,7881,,,2.3051342964172363,,
25,7883,,,2.3039093017578125,,
25,7885,,,2.302746534347534,,
25,7887,,,2.3027801513671875,,
25,7889,,,2.303995132446289,,
25,7891,,,2.3011815547943115,,
25,7893,,,2.3031880855560303,,
25,7895,,,2.300534725189209,,
25,7897,,,2.3021018505096436,,
25,7899,,,2.305744171142578,,
25,7901,,,2.304445266723633,,
25,7903,,,2.3063886165618896,,
25,7905,,,2.3055167198181152,,
25,7907,,,2.3064582347869873,,
25,7909,,,2.304262161254883,,
25,7911,,,2.3065736293792725,,
25,7913,,,2.3028998374938965,,
25,7915,,,2.304989814758301,,
25,7917,,,2.3060455322265625,,
25,7919,,,2.302947998046875,,
25,7921,,,2.3047478199005127,,
25,7923,,,2.302949905395508,,
25,7925,,,2.3007659912109375,,
25,7927,,,2.307290554046631,,
25,7929,,,2.3043463230133057,,
25,7931,,,2.3066935539245605,,
25,7933,,,2.3040919303894043,,
25,7935,,,2.306670665740967,,
25,7937,,,2.305449962615967,,
25,7939,,,2.299771308898926,,
25,7941,,,2.30881667137146,,
25,7943,,,2.308720111846924,,
25,7945,,,2.307199478149414,,
25,7947,,,2.305717945098877,,
25,7949,,,2.301262617111206,,
25,7951,,,2.303307056427002,,
25,7953,,,2.3055310249328613,,
25,7955,,,2.3006744384765625,,
25,7957,,,2.303863525390625,,
25,7959,,,2.306530237197876,,
25,7961,,,2.303769588470459,,
25,7963,,,2.304172992706299,,
25,7965,,,2.3062636852264404,,
25,7967,,,2.302455186843872,,
25,7969,,,2.3047382831573486,,
25,7971,,,2.3030142784118652,,
25,7973,,,2.3045573234558105,,
25,7975,,,2.303588390350342,,
25,7977,,,2.30495548248291,,
25,7979,,,2.3058996200561523,,
25,7981,,,2.3092124462127686,,
25,7983,,,2.3042731285095215,,
25,7985,,,2.299009323120117,,
25,7987,,,2.2992055416107178,,
25,7989,,,2.304781913757324,,
25,7991,,,2.304439067840576,,
25,7993,,,2.304380178451538,,
25,7995,,,2.3070895671844482,,
25,7997,,,2.3069989681243896,,
25,7999,,,2.3048095703125,,
25,8001,,,2.305079936981201,,
25,8003,,,2.302992820739746,,
25,8005,,,2.3052430152893066,,
25,8007,,,2.3046483993530273,,
25,8009,,,2.3037753105163574,,
25,8011,,,2.3050808906555176,,
25,8013,,,2.300302028656006,,
25,8015,,,2.301934242248535,,
25,8017,,,2.3044509887695312,,
25,8019,,,2.3036036491394043,,
25,8021,,,2.3063387870788574,,
25,8023,,,2.3061013221740723,,
25,8025,,,2.3022046089172363,,
25,8027,,,2.302387237548828,,
25,8029,,,2.3086676597595215,,
25,8031,,,2.3050284385681152,,
25,8033,,,2.3033664226531982,,
25,8035,,,2.3011350631713867,,
25,8037,,,2.3061106204986572,,
25,8039,,,2.302395820617676,,
25,8041,,,2.3062102794647217,,
25,8043,,,2.302321434020996,,
25,8045,,,2.3040642738342285,,
25,8047,,,2.3029024600982666,,
25,8049,,,2.3003108501434326,,
25,8051,,,2.3049492835998535,,
25,8053,,,2.301992893218994,,
25,8055,,,2.3009986877441406,,
25,8057,,,2.3101282119750977,,
25,8059,,,2.3058114051818848,,
25,8061,,,2.3029346466064453,,
25,8063,,,2.3027682304382324,,
25,8065,,,2.3029210567474365,,
25,8067,,,2.306642532348633,,
25,8069,,,2.3045146465301514,,
25,8071,,,2.3050944805145264,,
25,8073,,,2.304084300994873,,
25,8075,,,2.3020806312561035,,
25,8077,,,2.3031294345855713,,
25,8079,,,2.3043103218078613,,
25,8081,,,2.302945613861084,,
25,8083,,,2.3045315742492676,,
25,8085,,,2.3051512241363525,,
25,8087,,,2.3028879165649414,,
25,8089,,,2.3030319213867188,,
25,8091,,,2.3025383949279785,,
25,8093,,,2.3028316497802734,,
25,8095,,,2.3021316528320312,,
25,8097,,,2.3028225898742676,,
25,8099,,,2.3031067848205566,,
25,8101,,,2.310150623321533,,
25,8103,,,2.308746814727783,,
25,8105,,,2.303495407104492,,
25,8107,,,2.3041300773620605,,
25,8109,,,2.302072048187256,,
25,8111,,,2.3020412921905518,,
25,8113,,,2.30120849609375,,
25,8115,,,2.2986650466918945,,
25,8117,,,2.3048439025878906,,
25,8119,,,2.3054616451263428,,
25,8121,,,2.3041443824768066,,
25,8123,,,2.3032851219177246,,
25,8125,,,2.3053627014160156,,
25,8127,,,2.3017578125,,
25,8129,,,2.303187847137451,,
25,8131,,,2.30316424369812,,
25,8133,,,2.303633451461792,,
25,8135,,,2.302654981613159,,
25,8137,,,2.3034868240356445,,
25,8137,,,,0.003800000064074993,2.3232998847961426
26,8139,,,2.3021512031555176,,
26,8141,,,2.3027734756469727,,
26,8143,,,2.304500102996826,,
26,8145,,,2.304630756378174,,
26,8147,,,2.301821231842041,,
26,8149,,,2.3071107864379883,,
26,8151,,,2.3070526123046875,,
26,8153,,,2.301755905151367,,
26,8155,,,2.302335739135742,,
26,8157,,,2.3026108741760254,,
26,8159,,,2.302639961242676,,
26,8161,,,2.303964138031006,,
26,8163,,,2.304072856903076,,
26,8165,,,2.3015058040618896,,
26,8167,,,2.3055405616760254,,
26,8169,,,2.303436756134033,,
26,8171,,,2.305154323577881,,
26,8173,,,2.304757595062256,,
26,8175,,,2.3028628826141357,,
26,8177,,,2.3030943870544434,,
26,8179,,,2.300865650177002,,
26,8181,,,2.3071062564849854,,
26,8183,,,2.306368827819824,,
26,8185,,,2.2969202995300293,,
26,8187,,,2.3032360076904297,,
26,8189,,,2.3010692596435547,,
26,8191,,,2.3030712604522705,,
26,8193,,,2.304093599319458,,
26,8195,,,2.304842948913574,,
26,8197,,,2.3013739585876465,,
26,8199,,,2.300689697265625,,
26,8201,,,2.3076963424682617,,
26,8203,,,2.3035836219787598,,
26,8205,,,2.298713207244873,,
26,8207,,,2.305086612701416,,
26,8209,,,2.303213596343994,,
26,8211,,,2.3030073642730713,,
26,8213,,,2.304121971130371,,
26,8215,,,2.3020179271698,,
26,8217,,,2.3059511184692383,,
26,8219,,,2.3061232566833496,,
26,8221,,,2.3003273010253906,,
26,8223,,,2.3066444396972656,,
26,8225,,,2.3039143085479736,,
26,8227,,,2.301018238067627,,
26,8229,,,2.3070154190063477,,
26,8231,,,2.3061561584472656,,
26,8233,,,2.301994800567627,,
26,8235,,,2.2999603748321533,,
26,8237,,,2.30100154876709,,
26,8239,,,2.3031115531921387,,
26,8241,,,2.300607681274414,,
26,8243,,,2.304466724395752,,
26,8245,,,2.299259662628174,,
26,8247,,,2.304105758666992,,
26,8249,,,2.306213855743408,,
26,8251,,,2.3032591342926025,,
26,8253,,,2.3024308681488037,,
26,8255,,,2.3018486499786377,,
26,8257,,,2.305885076522827,,
26,8259,,,2.3057925701141357,,
26,8261,,,2.3043363094329834,,
26,8263,,,2.3028202056884766,,
26,8265,,,2.3054592609405518,,
26,8267,,,2.3032760620117188,,
26,8269,,,2.305297374725342,,
26,8271,,,2.3066797256469727,,
26,8273,,,2.3031930923461914,,
26,8275,,,2.304241418838501,,
26,8277,,,2.3043575286865234,,
26,8279,,,2.3038697242736816,,
26,8281,,,2.306168556213379,,
26,8283,,,2.3016929626464844,,
26,8285,,,2.3030269145965576,,
26,8287,,,2.304708242416382,,
26,8289,,,2.304022789001465,,
26,8291,,,2.3018150329589844,,
26,8293,,,2.3012900352478027,,
26,8295,,,2.3050882816314697,,
26,8297,,,2.301345109939575,,
26,8299,,,2.3049685955047607,,
26,8301,,,2.3048319816589355,,
26,8303,,,2.3053131103515625,,
26,8305,,,2.3055520057678223,,
26,8307,,,2.3046765327453613,,
26,8309,,,2.303325653076172,,
26,8311,,,2.303521156311035,,
26,8313,,,2.3029515743255615,,
26,8315,,,2.304986000061035,,
26,8317,,,2.3068466186523438,,
26,8319,,,2.2993416786193848,,
26,8321,,,2.3026819229125977,,
26,8323,,,2.3008575439453125,,
26,8325,,,2.303964853286743,,
26,8327,,,2.3052806854248047,,
26,8329,,,2.306898832321167,,
26,8331,,,2.3031153678894043,,
26,8333,,,2.3073973655700684,,
26,8335,,,2.3014724254608154,,
26,8337,,,2.3042683601379395,,
26,8339,,,2.3040177822113037,,
26,8341,,,2.305272102355957,,
26,8343,,,2.3051772117614746,,
26,8345,,,2.304861545562744,,
26,8347,,,2.300222873687744,,
26,8349,,,2.303593873977661,,
26,8351,,,2.3066182136535645,,
26,8353,,,2.3030662536621094,,
26,8355,,,2.3019466400146484,,
26,8357,,,2.29958438873291,,
26,8359,,,2.3027546405792236,,
26,8361,,,2.305178165435791,,
26,8363,,,2.3021650314331055,,
26,8365,,,2.301832675933838,,
26,8367,,,2.3001790046691895,,
26,8369,,,2.2995853424072266,,
26,8371,,,2.3017079830169678,,
26,8373,,,2.308102607727051,,
26,8375,,,2.3050379753112793,,
26,8377,,,2.3048014640808105,,
26,8379,,,2.304400682449341,,
26,8381,,,2.305116653442383,,
26,8383,,,2.303088426589966,,
26,8385,,,2.3025050163269043,,
26,8387,,,2.302945137023926,,
26,8389,,,2.3032326698303223,,
26,8391,,,2.303715705871582,,
26,8393,,,2.299957036972046,,
26,8395,,,2.3034191131591797,,
26,8397,,,2.3027501106262207,,
26,8399,,,2.3057827949523926,,
26,8401,,,2.3042972087860107,,
26,8403,,,2.307593822479248,,
26,8405,,,2.306243896484375,,
26,8407,,,2.304568290710449,,
26,8409,,,2.3019564151763916,,
26,8411,,,2.303196430206299,,
26,8413,,,2.3045573234558105,,
26,8415,,,2.3006510734558105,,
26,8417,,,2.302278518676758,,
26,8419,,,2.3041090965270996,,
26,8421,,,2.3008038997650146,,
26,8423,,,2.3027772903442383,,
26,8425,,,2.3026702404022217,,
26,8427,,,2.3057565689086914,,
26,8429,,,2.30407452583313,,
26,8431,,,2.3025119304656982,,
26,8433,,,2.301044464111328,,
26,8435,,,2.3001255989074707,,
26,8437,,,2.3048741817474365,,
26,8439,,,2.3030757904052734,,
26,8441,,,2.3024020195007324,,
26,8443,,,2.302489757537842,,
26,8445,,,2.3023321628570557,,
26,8447,,,2.301689863204956,,
26,8449,,,2.302666187286377,,
26,8450,,,,0.011950000189244747,2.290410041809082
27,8451,,,2.3058853149414062,,
27,8453,,,2.3019587993621826,,
27,8455,,,2.3027329444885254,,
27,8457,,,2.303328037261963,,
27,8459,,,2.30366849899292,,
27,8461,,,2.3019702434539795,,
27,8463,,,2.3021135330200195,,
27,8465,,,2.3033459186553955,,
27,8467,,,2.3044662475585938,,
27,8469,,,2.3035943508148193,,
27,8471,,,2.3054933547973633,,
27,8473,,,2.3023715019226074,,
27,8475,,,2.3046984672546387,,
27,8477,,,2.303415298461914,,
27,8479,,,2.3016393184661865,,
27,8481,,,2.3021347522735596,,
27,8483,,,2.303861141204834,,
27,8485,,,2.304605007171631,,
27,8487,,,2.304331064224243,,
27,8489,,,2.3052854537963867,,
27,8491,,,2.3040308952331543,,
27,8493,,,2.3011484146118164,,
27,8495,,,2.303317070007324,,
27,8497,,,2.305427074432373,,
27,8499,,,2.3068642616271973,,
27,8501,,,2.3037538528442383,,
27,8503,,,2.3018269538879395,,
27,8505,,,2.3031773567199707,,
27,8507,,,2.3022561073303223,,
27,8509,,,2.3024723529815674,,
27,8511,,,2.307656764984131,,
27,8513,,,2.304738759994507,,
27,8515,,,2.3054990768432617,,
27,8517,,,2.3015542030334473,,
27,8519,,,2.303821563720703,,
27,8521,,,2.302051544189453,,
27,8523,,,2.3040075302124023,,
27,8525,,,2.3030238151550293,,
27,8527,,,2.306519031524658,,
27,8529,,,2.306067943572998,,
27,8531,,,2.306398630142212,,
27,8533,,,2.304011344909668,,
27,8535,,,2.30283784866333,,
27,8537,,,2.3039841651916504,,
27,8539,,,2.3044095039367676,,
27,8541,,,2.3030810356140137,,
27,8543,,,2.3029043674468994,,
27,8545,,,2.302255153656006,,
27,8547,,,2.3011105060577393,,
27,8549,,,2.30375337600708,,
27,8551,,,2.297727346420288,,
27,8553,,,2.304614782333374,,
27,8555,,,2.3096275329589844,,
27,8557,,,2.3054051399230957,,
27,8559,,,2.3007729053497314,,
27,8561,,,2.3028435707092285,,
27,8563,,,2.3047051429748535,,
27,8565,,,2.3048176765441895,,
27,8567,,,2.3006210327148438,,
27,8569,,,2.304945945739746,,
27,8571,,,2.3045716285705566,,
27,8573,,,2.301334857940674,,
27,8575,,,2.3027455806732178,,
27,8577,,,2.304610252380371,,
27,8579,,,2.305879592895508,,
27,8581,,,2.3022103309631348,,
27,8583,,,2.301934242248535,,
27,8585,,,2.305457592010498,,
27,8587,,,2.3033487796783447,,
27,8589,,,2.302833318710327,,
27,8591,,,2.3015401363372803,,
27,8593,,,2.3072893619537354,,
27,8595,,,2.2994039058685303,,
27,8597,,,2.3025684356689453,,
27,8599,,,2.3036367893218994,,
27,8601,,,2.301736831665039,,
27,8603,,,2.30241322517395,,
27,8605,,,2.3057620525360107,,
27,8607,,,2.301262855529785,,
27,8609,,,2.304791212081909,,
27,8611,,,2.30185604095459,,
27,8613,,,2.3042397499084473,,
27,8615,,,2.30220890045166,,
27,8617,,,2.302577495574951,,
27,8619,,,2.3066558837890625,,
27,8621,,,2.3021492958068848,,
27,8623,,,2.3022656440734863,,
27,8625,,,2.3046064376831055,,
27,8627,,,2.3018717765808105,,
27,8629,,,2.3046863079071045,,
27,8631,,,2.306809902191162,,
27,8633,,,2.302408218383789,,
27,8635,,,2.302539825439453,,
27,8637,,,2.3028526306152344,,
27,8639,,,2.301370143890381,,
27,8641,,,2.3063716888427734,,
27,8643,,,2.30570912361145,,
27,8645,,,2.3013832569122314,,
27,8647,,,2.304630756378174,,
27,8649,,,2.3042349815368652,,
27,8651,,,2.3057990074157715,,
27,8653,,,2.3020236492156982,,
27,8655,,,2.3030474185943604,,
27,8657,,,2.304786205291748,,
27,8659,,,2.302175283432007,,
27,8661,,,2.303448438644409,,
27,8663,,,2.303184747695923,,
27,8665,,,2.301928997039795,,
27,8667,,,2.301675319671631,,
27,8669,,,2.3004508018493652,,
27,8671,,,2.303018093109131,,
27,8673,,,2.303323745727539,,
27,8675,,,2.30403470993042,,
27,8677,,,2.3040802478790283,,
27,8679,,,2.3001651763916016,,
27,8681,,,2.304995536804199,,
27,8683,,,2.304212808609009,,
27,8685,,,2.302450656890869,,
27,8687,,,2.303852081298828,,
27,8689,,,2.3056187629699707,,
27,8691,,,2.303431510925293,,
27,8693,,,2.3052985668182373,,
27,8695,,,2.3025169372558594,,
27,8697,,,2.303488254547119,,
27,8699,,,2.304327964782715,,
27,8701,,,2.302834987640381,,
27,8703,,,2.303666591644287,,
27,8705,,,2.3035888671875,,
27,8707,,,2.3045785427093506,,
27,8709,,,2.303813934326172,,
27,8711,,,2.3017611503601074,,
27,8713,,,2.3043670654296875,,
27,8715,,,2.304367780685425,,
27,8717,,,2.3018250465393066,,
27,8719,,,2.304831027984619,,
27,8721,,,2.3025474548339844,,
27,8723,,,2.3056859970092773,,
27,8725,,,2.302647113800049,,
27,8727,,,2.3021650314331055,,
27,8729,,,2.3052282333374023,,
27,8731,,,2.3046393394470215,,
27,8733,,,2.3048157691955566,,
27,8735,,,2.3047187328338623,,
27,8737,,,2.300774097442627,,
27,8739,,,2.301701068878174,,
27,8741,,,2.3042755126953125,,
27,8743,,,2.304868221282959,,
27,8745,,,2.303312301635742,,
27,8747,,,2.301058530807495,,
27,8749,,,2.3049988746643066,,
27,8751,,,2.302722454071045,,
27,8753,,,2.306926727294922,,
27,8755,,,2.3025107383728027,,
27,8757,,,2.3023698329925537,,
27,8759,,,2.3050966262817383,,
27,8761,,,2.303806781768799,,
27,8763,,,2.3060340881347656,,
27,8763,,,,0.010099999606609344,2.3010590076446533
28,8765,,,2.3024675846099854,,
28,8767,,,2.2991044521331787,,
28,8769,,,2.3010783195495605,,
28,8771,,,2.3056302070617676,,
28,8773,,,2.3041281700134277,,
28,8775,,,2.3051393032073975,,
28,8777,,,2.305011510848999,,
28,8779,,,2.2996017932891846,,
28,8781,,,2.3026697635650635,,
28,8783,,,2.3030929565429688,,
28,8785,,,2.302093744277954,,
28,8787,,,2.3039894104003906,,
28,8789,,,2.304348945617676,,
28,8791,,,2.3028860092163086,,
28,8793,,,2.3032853603363037,,
28,8795,,,2.3044705390930176,,
28,8797,,,2.305957555770874,,
28,8799,,,2.2992122173309326,,
28,8801,,,2.2998132705688477,,
28,8803,,,2.305011034011841,,
28,8805,,,2.3054723739624023,,
28,8807,,,2.3001978397369385,,
28,8809,,,2.3019027709960938,,
28,8811,,,2.3063173294067383,,
28,8813,,,2.3053321838378906,,
28,8815,,,2.302730083465576,,
28,8817,,,2.302549123764038,,
28,8819,,,2.302234649658203,,
28,8821,,,2.302849054336548,,
28,8823,,,2.3032569885253906,,
28,8825,,,2.301297664642334,,
28,8827,,,2.3063037395477295,,
28,8829,,,2.3017446994781494,,
28,8831,,,2.3030176162719727,,
28,8833,,,2.303558826446533,,
28,8835,,,2.2996163368225098,,
28,8837,,,2.304924249649048,,
28,8839,,,2.301456928253174,,
28,8841,,,2.3054451942443848,,
28,8843,,,2.3046462535858154,,
28,8845,,,2.3078460693359375,,
28,8847,,,2.2997870445251465,,
28,8849,,,2.303218364715576,,
28,8851,,,2.3073339462280273,,
28,8853,,,2.3059206008911133,,
28,8855,,,2.3047306537628174,,
28,8857,,,2.3035101890563965,,
28,8859,,,2.3032724857330322,,
28,8861,,,2.301978588104248,,
28,8863,,,2.305363655090332,,
28,8865,,,2.3024678230285645,,
28,8867,,,2.3028478622436523,,
28,8869,,,2.3022243976593018,,
28,8871,,,2.304068088531494,,
28,8873,,,2.3035526275634766,,
28,8875,,,2.3023488521575928,,
28,8877,,,2.302431344985962,,
28,8879,,,2.300999641418457,,
28,8881,,,2.304189443588257,,
28,8883,,,2.303022861480713,,
28,8885,,,2.3060245513916016,,
28,8887,,,2.3063759803771973,,
28,8889,,,2.3051106929779053,,
28,8891,,,2.3016648292541504,,
28,8893,,,2.302340030670166,,
28,8895,,,2.3023667335510254,,
28,8897,,,2.305232524871826,,
28,8899,,,2.3015263080596924,,
28,8901,,,2.303675651550293,,
28,8903,,,2.3051910400390625,,
28,8905,,,2.3008298873901367,,
28,8907,,,2.306245803833008,,
28,8909,,,2.305624485015869,,
28,8911,,,2.3020401000976562,,
28,8913,,,2.305304765701294,,
28,8915,,,2.3033297061920166,,
28,8917,,,2.3044722080230713,,
28,8919,,,2.303392171859741,,
28,8921,,,2.304269790649414,,
28,8923,,,2.303511142730713,,
28,8925,,,2.303208351135254,,
28,8927,,,2.304126024246216,,
28,8929,,,2.3009843826293945,,
28,8931,,,2.306023120880127,,
28,8933,,,2.3029117584228516,,
28,8935,,,2.3034462928771973,,
28,8937,,,2.30621337890625,,
28,8939,,,2.3033742904663086,,
28,8941,,,2.3073842525482178,,
28,8943,,,2.3041677474975586,,
28,8945,,,2.3027405738830566,,
28,8947,,,2.301021099090576,,
28,8949,,,2.305365800857544,,
28,8951,,,2.301661729812622,,
28,8953,,,2.3063230514526367,,
28,8955,,,2.3000619411468506,,
28,8957,,,2.3040075302124023,,
28,8959,,,2.303774118423462,,
28,8961,,,2.3054466247558594,,
28,8963,,,2.3061273097991943,,
28,8965,,,2.306495428085327,,
28,8967,,,2.305006265640259,,
28,8969,,,2.30584716796875,,
28,8971,,,2.301720142364502,,
28,8973,,,2.303786277770996,,
28,8975,,,2.3005049228668213,,
28,8977,,,2.3027234077453613,,
28,8979,,,2.305748462677002,,
28,8981,,,2.304976463317871,,
28,8983,,,2.304555892944336,,
28,8985,,,2.3071932792663574,,
28,8987,,,2.3035740852355957,,
28,8989,,,2.3023457527160645,,
28,8991,,,2.3024022579193115,,
28,8993,,,2.302765369415283,,
28,8995,,,2.3019518852233887,,
28,8997,,,2.3030221462249756,,
28,8999,,,2.3030507564544678,,
28,9001,,,2.3018336296081543,,
28,9003,,,2.303431987762451,,
28,9005,,,2.305586576461792,,
28,9007,,,2.304647445678711,,
28,9009,,,2.3051209449768066,,
28,9011,,,2.303004264831543,,
28,9013,,,2.302677631378174,,
28,9015,,,2.302793502807617,,
28,9017,,,2.3030846118927,,
28,9019,,,2.3034634590148926,,
28,9021,,,2.3013229370117188,,
28,9023,,,2.302957773208618,,
28,9025,,,2.3065872192382812,,
28,9027,,,2.3026108741760254,,
28,9029,,,2.3018407821655273,,
28,9031,,,2.302971363067627,,
28,9033,,,2.3032498359680176,,
28,9035,,,2.304067850112915,,
28,9037,,,2.300121307373047,,
28,9039,,,2.299443244934082,,
28,9041,,,2.3032047748565674,,
28,9043,,,2.306910753250122,,
28,9045,,,2.3046393394470215,,
28,9047,,,2.303337335586548,,
28,9049,,,2.3025364875793457,,
28,9051,,,2.304349660873413,,
28,9053,,,2.3023171424865723,,
28,9055,,,2.302948474884033,,
28,9057,,,2.3021931648254395,,
28,9059,,,2.301780939102173,,
28,9061,,,2.302819013595581,,
28,9063,,,2.304135799407959,,
28,9065,,,2.3016490936279297,,
28,9067,,,2.302608013153076,,
28,9069,,,2.304029941558838,,
28,9071,,,2.302682638168335,,
28,9073,,,2.302126884460449,,
28,9075,,,2.302105188369751,,
28,9076,,,,0.0012499999720603228,2.3127641677856445
29,9077,,,2.303389072418213,,
29,9079,,,2.3046512603759766,,
29,9081,,,2.3023688793182373,,
29,9083,,,2.302618980407715,,
29,9085,,,2.300748348236084,,
29,9087,,,2.3045144081115723,,
29,9089,,,2.302123546600342,,
29,9091,,,2.3062000274658203,,
29,9093,,,2.2997872829437256,,
29,9095,,,2.310971736907959,,
29,9097,,,2.3055806159973145,,
29,9099,,,2.3000402450561523,,
29,9101,,,2.30419659614563,,
29,9103,,,2.2999539375305176,,
29,9105,,,2.302778720855713,,
29,9107,,,2.302155017852783,,
29,9109,,,2.303354024887085,,
29,9111,,,2.3042635917663574,,
29,9113,,,2.304420232772827,,
29,9115,,,2.3036811351776123,,
29,9117,,,2.3038454055786133,,
29,9119,,,2.304295063018799,,
29,9121,,,2.3046720027923584,,
29,9123,,,2.302133321762085,,
29,9125,,,2.3049633502960205,,
29,9127,,,2.302712917327881,,
29,9129,,,2.3064634799957275,,
29,9131,,,2.30324125289917,,
29,9133,,,2.301166534423828,,
29,9135,,,2.3038330078125,,
29,9137,,,2.3066558837890625,,
29,9139,,,2.3031742572784424,,
29,9141,,,2.3007452487945557,,
29,9143,,,2.306429147720337,,
29,9145,,,2.3021490573883057,,
29,9147,,,2.305500030517578,,
29,9149,,,2.3047759532928467,,
29,9151,,,2.3010094165802,,
29,9153,,,2.306407928466797,,
29,9155,,,2.308257579803467,,
29,9157,,,2.304020881652832,,
29,9159,,,2.300902843475342,,
29,9161,,,2.3016278743743896,,
29,9163,,,2.3019161224365234,,
29,9165,,,2.302250385284424,,
29,9167,,,2.3015050888061523,,
29,9169,,,2.307325839996338,,
29,9171,,,2.303624153137207,,
29,9173,,,2.3075246810913086,,
29,9175,,,2.3021397590637207,,
29,9177,,,2.3050737380981445,,
29,9179,,,2.3026511669158936,,
29,9181,,,2.304515838623047,,
29,9183,,,2.304131031036377,,
29,9185,,,2.303215503692627,,
29,9187,,,2.3035619258880615,,
29,9189,,,2.301844596862793,,
29,9191,,,2.3033201694488525,,
29,9193,,,2.3048086166381836,,
29,9195,,,2.3017139434814453,,
29,9197,,,2.3020668029785156,,
29,9199,,,2.3033180236816406,,
29,9201,,,2.302135467529297,,
29,9203,,,2.30153751373291,,
29,9205,,,2.303884983062744,,
29,9207,,,2.3041434288024902,,
29,9209,,,2.3019442558288574,,
29,9211,,,2.3031911849975586,,
29,9213,,,2.301575183868408,,
29,9215,,,2.302764892578125,,
29,9217,,,2.302762985229492,,
29,9219,,,2.302053689956665,,
29,9221,,,2.3036444187164307,,
29,9223,,,2.3060426712036133,,
29,9225,,,2.3034324645996094,,
29,9227,,,2.299912452697754,,
29,9229,,,2.306440830230713,,
29,9231,,,2.299304962158203,,
29,9233,,,2.3084523677825928,,
29,9235,,,2.3039908409118652,,
29,9237,,,2.302534818649292,,
29,9239,,,2.3050131797790527,,
29,9241,,,2.303743362426758,,
29,9243,,,2.3019251823425293,,
29,9245,,,2.3029158115386963,,
29,9247,,,2.3037357330322266,,
29,9249,,,2.303673028945923,,
29,9251,,,2.3077120780944824,,
29,9253,,,2.305314302444458,,
29,9255,,,2.30351185798645,,
29,9257,,,2.3040883541107178,,
29,9259,,,2.303401231765747,,
29,9261,,,2.3038339614868164,,
29,9263,,,2.303262710571289,,
29,9265,,,2.3034451007843018,,
29,9267,,,2.3031744956970215,,
29,9269,,,2.302938461303711,,
29,9271,,,2.3027167320251465,,
29,9273,,,2.301760673522949,,
29,9275,,,2.3037219047546387,,
29,9277,,,2.301792860031128,,
29,9279,,,2.30098295211792,,
29,9281,,,2.307992458343506,,
29,9283,,,2.3025012016296387,,
29,9285,,,2.304080009460449,,
29,9287,,,2.3056135177612305,,
29,9289,,,2.302894353866577,,
29,9291,,,2.3009533882141113,,
29,9293,,,2.302529811859131,,
29,9295,,,2.3014519214630127,,
29,9297,,,2.3024160861968994,,
29,9299,,,2.30521821975708,,
29,9301,,,2.300565481185913,,
29,9303,,,2.3022282123565674,,
29,9305,,,2.304168701171875,,
29,9307,,,2.3024678230285645,,
29,9309,,,2.300344228744507,,
29,9311,,,2.304917812347412,,
29,9313,,,2.303219795227051,,
29,9315,,,2.3083689212799072,,
29,9317,,,2.3046793937683105,,
29,9319,,,2.304591655731201,,
29,9321,,,2.3049447536468506,,
29,9323,,,2.303640842437744,,
29,9325,,,2.3016111850738525,,
29,9327,,,2.303708076477051,,
29,9329,,,2.3040122985839844,,
29,9331,,,2.3030409812927246,,
29,9333,,,2.3031444549560547,,
29,9335,,,2.302767276763916,,
29,9337,,,2.3042795658111572,,
29,9339,,,2.3028626441955566,,
29,9341,,,2.302884817123413,,
29,9343,,,2.2995822429656982,,
29,9345,,,2.3035268783569336,,
29,9347,,,2.3045835494995117,,
29,9349,,,2.3004438877105713,,
29,9351,,,2.3060505390167236,,
29,9353,,,2.305601119995117,,
29,9355,,,2.3038461208343506,,
29,9357,,,2.301048517227173,,
29,9359,,,2.3029112815856934,,
29,9361,,,2.306122303009033,,
29,9363,,,2.302661418914795,,
29,9365,,,2.3044121265411377,,
29,9367,,,2.301522731781006,,
29,9369,,,2.3024849891662598,,
29,9371,,,2.3030498027801514,,
29,9373,,,2.301583766937256,,
29,9375,,,2.302192211151123,,
29,9377,,,2.3037948608398438,,
29,9379,,,2.304170846939087,,
29,9381,,,2.304989814758301,,
29,9383,,,2.3021345138549805,,
29,9385,,,2.3001718521118164,,
29,9387,,,2.303191661834717,,
29,9389,,,2.302410840988159,,
29,9389,,,,0.1907999962568283,2.320939302444458
30,9391,,,2.300933361053467,,
30,9393,,,2.3029301166534424,,
30,9395,,,2.3037335872650146,,
30,9397,,,2.301297187805176,,
30,9399,,,2.3068604469299316,,
30,9401,,,2.303328037261963,,
30,9403,,,2.3026375770568848,,
30,9405,,,2.305908441543579,,
30,9407,,,2.3000073432922363,,
30,9409,,,2.3029932975769043,,
30,9411,,,2.3026351928710938,,
30,9413,,,2.300039529800415,,
30,9415,,,2.307163715362549,,
30,9417,,,2.3043832778930664,,
30,9419,,,2.30552077293396,,
30,9421,,,2.3051633834838867,,
30,9423,,,2.3026821613311768,,
30,9425,,,2.305488109588623,,
30,9427,,,2.3033742904663086,,
30,9429,,,2.3072147369384766,,
30,9431,,,2.3030035495758057,,
30,9433,,,2.298818588256836,,
30,9435,,,2.301969051361084,,
30,9437,,,2.3038439750671387,,
30,9439,,,2.3051109313964844,,
30,9441,,,2.301137924194336,,
30,9443,,,2.3021626472473145,,
30,9445,,,2.2994258403778076,,
30,9447,,,2.3012115955352783,,
30,9449,,,2.3071722984313965,,
30,9451,,,2.3059465885162354,,
30,9453,,,2.301304340362549,,
30,9455,,,2.299560546875,,
30,9457,,,2.303234577178955,,
30,9459,,,2.305621862411499,,
30,9461,,,2.300930976867676,,
30,9463,,,2.30226469039917,,
30,9465,,,2.300041913986206,,
30,9467,,,2.3073463439941406,,
30,9469,,,2.304771661758423,,
30,9471,,,2.3053927421569824,,
30,9473,,,2.303215265274048,,
30,9475,,,2.3044285774230957,,
30,9477,,,2.304170608520508,,
30,9479,,,2.303102970123291,,
30,9481,,,2.304934024810791,,
30,9483,,,2.301889657974243,,
30,9485,,,2.3040945529937744,,
30,9487,,,2.307561159133911,,
30,9489,,,2.3046648502349854,,
30,9491,,,2.3025357723236084,,
30,9493,,,2.3033878803253174,,
30,9495,,,2.3058509826660156,,
30,9497,,,2.3032407760620117,,
30,9499,,,2.305006265640259,,
30,9501,,,2.3034117221832275,,
30,9503,,,2.3039145469665527,,
30,9505,,,2.3033790588378906,,
30,9507,,,2.3041038513183594,,
30,9509,,,2.3032279014587402,,
30,9511,,,2.3041019439697266,,
30,9513,,,2.307046890258789,,
30,9515,,,2.300607204437256,,
30,9517,,,2.304549217224121,,
30,9519,,,2.3023746013641357,,
30,9521,,,2.3020448684692383,,
30,9523,,,2.30461049079895,,
30,9525,,,2.3057026863098145,,
30,9527,,,2.301560640335083,,
30,9529,,,2.3028059005737305,,
30,9531,,,2.3052988052368164,,
30,9533,,,2.298769474029541,,
30,9535,,,2.3049511909484863,,
30,9537,,,2.301760673522949,,
30,9539,,,2.3031373023986816,,
30,9541,,,2.304227352142334,,
30,9543,,,2.3035800457000732,,
30,9545,,,2.3068583011627197,,
30,9547,,,2.3032431602478027,,
30,9549,,,2.3054723739624023,,
30,9551,,,2.303917169570923,,
30,9553,,,2.303312301635742,,
30,9555,,,2.303750514984131,,
30,9557,,,2.3032965660095215,,
30,9559,,,2.3044300079345703,,
30,9561,,,2.302917718887329,,
30,9563,,,2.307699680328369,,
30,9565,,,2.3050084114074707,,
30,9567,,,2.300238609313965,,
30,9569,,,2.305058479309082,,
30,9571,,,2.30420184135437,,
30,9573,,,2.301921844482422,,
30,9575,,,2.304800271987915,,
30,9577,,,2.305474281311035,,
30,9579,,,2.306004047393799,,
30,9581,,,2.3043324947357178,,
30,9583,,,2.303230047225952,,
30,9585,,,2.301769256591797,,
30,9587,,,2.303586006164551,,
30,9589,,,2.3025240898132324,,
30,9591,,,2.3023252487182617,,
30,9593,,,2.302086353302002,,
30,9595,,,2.3041255474090576,,
30,9597,,,2.3031725883483887,,
30,9599,,,2.301522731781006,,
30,9601,,,2.302117347717285,,
30,9603,,,2.3040380477905273,,
30,9605,,,2.3040032386779785,,
30,9607,,,2.3028149604797363,,
30,9609,,,2.3009586334228516,,
30,9611,,,2.3054935932159424,,
30,9613,,,2.3031086921691895,,
30,9615,,,2.303370237350464,,
30,9617,,,2.3067476749420166,,
30,9619,,,2.3051977157592773,,
30,9621,,,2.301717758178711,,
30,9623,,,2.303989887237549,,
30,9625,,,2.303866386413574,,
30,9627,,,2.3037843704223633,,
30,9629,,,2.302340030670166,,
30,9631,,,2.3005027770996094,,
30,9633,,,2.3061532974243164,,
30,9635,,,2.303555965423584,,
30,9637,,,2.3026256561279297,,
30,9639,,,2.3029630184173584,,
30,9641,,,2.3009846210479736,,
30,9643,,,2.3078455924987793,,
30,9645,,,2.301912307739258,,
30,9647,,,2.302978992462158,,
30,9649,,,2.303231716156006,,
30,9651,,,2.300964117050171,,
30,9653,,,2.305723190307617,,
30,9655,,,2.304626941680908,,
30,9657,,,2.3042469024658203,,
30,9659,,,2.300076484680176,,
30,9661,,,2.3022780418395996,,
30,9663,,,2.304870128631592,,
30,9665,,,2.303481340408325,,
30,9667,,,2.3033642768859863,,
30,9669,,,2.305429458618164,,
30,9671,,,2.301607608795166,,
30,9673,,,2.301990032196045,,
30,9675,,,2.3075814247131348,,
30,9677,,,2.304262638092041,,
30,9679,,,2.3042688369750977,,
30,9681,,,2.3042526245117188,,
30,9683,,,2.3042352199554443,,
30,9685,,,2.3024392127990723,,
30,9687,,,2.3026294708251953,,
30,9689,,,2.3042943477630615,,
30,9691,,,2.3016340732574463,,
30,9693,,,2.3034768104553223,,
30,9695,,,2.3038957118988037,,
30,9697,,,2.3044509887695312,,
30,9699,,,2.302065372467041,,
30,9701,,,2.300483226776123,,
30,9702,,,,0.06274999678134918,2.29439640045166
31,9703,,,2.3028337955474854,,
31,9705,,,2.307615280151367,,
31,9707,,,2.30204701423645,,
31,9709,,,2.304360866546631,,
31,9711,,,2.3026137351989746,,
31,9713,,,2.305387020111084,,
31,9715,,,2.304326057434082,,
31,9717,,,2.302117109298706,,
31,9719,,,2.3047637939453125,,
31,9721,,,2.302931070327759,,
31,9723,,,2.302860975265503,,
31,9725,,,2.302635669708252,,
31,9727,,,2.3022069931030273,,
31,9729,,,2.304051399230957,,
31,9731,,,2.3030812740325928,,
31,9733,,,2.303215503692627,,
31,9735,,,2.3034305572509766,,
31,9737,,,2.3029181957244873,,
31,9739,,,2.305696487426758,,
31,9741,,,2.3023242950439453,,
31,9743,,,2.3043999671936035,,
31,9745,,,2.3044228553771973,,
31,9747,,,2.3026421070098877,,
31,9749,,,2.302424430847168,,
31,9751,,,2.304198741912842,,
31,9753,,,2.3028223514556885,,
31,9755,,,2.304283618927002,,
31,9757,,,2.3034253120422363,,
31,9759,,,2.3024680614471436,,
31,9761,,,2.3044795989990234,,
31,9763,,,2.3058128356933594,,
31,9765,,,2.303293228149414,,
31,9767,,,2.3053536415100098,,
31,9769,,,2.303671360015869,,
31,9771,,,2.3027586936950684,,
31,9773,,,2.3022055625915527,,
31,9775,,,2.3052127361297607,,
31,9777,,,2.3032655715942383,,
31,9779,,,2.303417682647705,,
31,9781,,,2.30293607711792,,
31,9783,,,2.304072618484497,,
31,9785,,,2.302671194076538,,
31,9787,,,2.3021020889282227,,
31,9789,,,2.300889492034912,,
31,9791,,,2.3019838333129883,,
31,9793,,,2.304250955581665,,
31,9795,,,2.3036997318267822,,
31,9797,,,2.3028836250305176,,
31,9799,,,2.3048200607299805,,
31,9801,,,2.302288055419922,,
31,9803,,,2.303847312927246,,
31,9805,,,2.3040554523468018,,
31,9807,,,2.303180456161499,,
31,9809,,,2.301905632019043,,
31,9811,,,2.304962158203125,,
31,9813,,,2.303274154663086,,
31,9815,,,2.3051974773406982,,
31,9817,,,2.3034868240356445,,
31,9819,,,2.302025556564331,,
31,9821,,,2.301868200302124,,
31,9823,,,2.303102970123291,,
31,9825,,,2.3062188625335693,,
31,9827,,,2.301037311553955,,
31,9829,,,2.301441192626953,,
31,9831,,,2.3009984493255615,,
31,9833,,,2.3055572509765625,,
31,9835,,,2.3009140491485596,,
31,9837,,,2.3032732009887695,,
31,9839,,,2.3055102825164795,,
31,9841,,,2.304391860961914,,
31,9843,,,2.303485631942749,,
31,9845,,,2.3039913177490234,,
31,9847,,,2.3046224117279053,,
31,9849,,,2.304928779602051,,
31,9851,,,2.303844690322876,,
31,9853,,,2.3040215969085693,,
31,9855,,,2.3055272102355957,,
31,9857,,,2.3051464557647705,,
31,9859,,,2.305389404296875,,
31,9861,,,2.306272506713867,,
31,9863,,,2.3031210899353027,,
31,9865,,,2.303305149078369,,
31,9867,,,2.3029348850250244,,
31,9869,,,2.3028883934020996,,
31,9871,,,2.3030643463134766,,
31,9873,,,2.303561210632324,,
31,9875,,,2.3029494285583496,,
31,9877,,,2.3041832447052,,
31,9879,,,2.30527400970459,,
31,9881,,,2.303129196166992,,
31,9883,,,2.305126905441284,,
31,9885,,,2.301828384399414,,
31,9887,,,2.3060169219970703,,
31,9889,,,2.3019940853118896,,
31,9891,,,2.3067240715026855,,
31,9893,,,2.3026933670043945,,
31,9895,,,2.303133487701416,,
31,9897,,,2.3042116165161133,,
31,9899,,,2.302727460861206,,
31,9901,,,2.304187774658203,,
31,9903,,,2.306582450866699,,
31,9905,,,2.30216646194458,,
31,9907,,,2.3027384281158447,,
31,9909,,,2.3020849227905273,,
31,9911,,,2.302781105041504,,
31,9913,,,2.301203727722168,,
31,9915,,,2.3022751808166504,,
31,9917,,,2.3054592609405518,,
31,9919,,,2.3056681156158447,,
31,9921,,,2.302086353302002,,
31,9923,,,2.3024845123291016,,
31,9925,,,2.304347515106201,,
31,9927,,,2.301607608795166,,
31,9929,,,2.3038806915283203,,
31,9931,,,2.302896499633789,,
31,9933,,,2.3020808696746826,,
31,9935,,,2.3058419227600098,,
31,9937,,,2.306001663208008,,
31,9939,,,2.304274082183838,,
31,9941,,,2.305117607116699,,
31,9943,,,2.304192543029785,,
31,9945,,,2.3031606674194336,,
31,9947,,,2.303518772125244,,
31,9949,,,2.299315929412842,,
31,9951,,,2.3025758266448975,,
31,9953,,,2.3071231842041016,,
31,9955,,,2.3046436309814453,,
31,9957,,,2.2976901531219482,,
31,9959,,,2.302541971206665,,
31,9961,,,2.298762559890747,,
31,9963,,,2.3003628253936768,,
31,9965,,,2.3027992248535156,,
31,9967,,,2.3044469356536865,,
31,9969,,,2.303175449371338,,
31,9971,,,2.30222749710083,,
31,9973,,,2.3013839721679688,,
31,9975,,,2.3020811080932617,,
31,9977,,,2.3027608394622803,,
31,9979,,,2.303375482559204,,
31,9981,,,2.3036551475524902,,
31,9983,,,2.3008947372436523,,
31,9985,,,2.299950361251831,,
31,9987,,,2.3047046661376953,,
31,9989,,,2.302980899810791,,
31,9991,,,2.3048043251037598,,
31,9993,,,2.3034725189208984,,
31,9995,,,2.304325580596924,,
31,9997,,,2.304206371307373,,
31,9999,,,2.3057985305786133,,
31,10001,,,2.30360746383667,,
31,10003,,,2.3031015396118164,,
31,10005,,,2.3013672828674316,,
31,10007,,,2.304452896118164,,
31,10009,,,2.3042471408843994,,
31,10011,,,2.305701732635498,,
31,10013,,,2.303088665008545,,
31,10015,,,2.3011577129364014,,
31,10015,,,,0.011950000189244747,2.307117223739624
32,10017,,,2.302159309387207,,
32,10019,,,2.303013801574707,,
32,10021,,,2.302004337310791,,
32,10023,,,2.3087384700775146,,
32,10025,,,2.3080506324768066,,
32,10027,,,2.3032233715057373,,
32,10029,,,2.299887180328369,,
32,10031,,,2.302577495574951,,
32,10033,,,2.3032827377319336,,
32,10035,,,2.3047373294830322,,
32,10037,,,2.3061628341674805,,
32,10039,,,2.3058876991271973,,
32,10041,,,2.3014025688171387,,
32,10043,,,2.3029651641845703,,
32,10045,,,2.3013017177581787,,
32,10047,,,2.3037214279174805,,
32,10049,,,2.303880214691162,,
32,10051,,,2.3024370670318604,,
32,10053,,,2.301377773284912,,
32,10055,,,2.3041019439697266,,
32,10057,,,2.3062238693237305,,
32,10059,,,2.306145191192627,,
32,10061,,,2.3008923530578613,,
32,10063,,,2.298691749572754,,
32,10065,,,2.3064420223236084,,
32,10067,,,2.3029165267944336,,
32,10069,,,2.3033595085144043,,
32,10071,,,2.3055975437164307,,
32,10073,,,2.302983283996582,,
32,10075,,,2.3006033897399902,,
32,10077,,,2.3050146102905273,,
32,10079,,,2.300978183746338,,
32,10081,,,2.3033084869384766,,
32,10083,,,2.303385019302368,,
32,10085,,,2.3042120933532715,,
32,10087,,,2.30421781539917,,
32,10089,,,2.301647186279297,,
32,10091,,,2.3002243041992188,,
32,10093,,,2.3061575889587402,,
32,10095,,,2.3050107955932617,,
32,10097,,,2.3041586875915527,,
32,10099,,,2.3077402114868164,,
32,10101,,,2.3045694828033447,,
32,10103,,,2.3040828704833984,,
32,10105,,,2.302405834197998,,
32,10107,,,2.304079532623291,,
32,10109,,,2.302493095397949,,
32,10111,,,2.302544116973877,,
32,10113,,,2.305628538131714,,
32,10115,,,2.3036513328552246,,
32,10117,,,2.3046116828918457,,
32,10119,,,2.3046677112579346,,
32,10121,,,2.3026204109191895,,
32,10123,,,2.3020687103271484,,
32,10125,,,2.303618907928467,,
32,10127,,,2.3042654991149902,,
32,10129,,,2.3054962158203125,,
32,10131,,,2.3038487434387207,,
32,10133,,,2.305828332901001,,
32,10135,,,2.3022537231445312,,
32,10137,,,2.3005905151367188,,
32,10139,,,2.302827835083008,,
32,10141,,,2.3021035194396973,,
32,10143,,,2.3058838844299316,,
32,10145,,,2.3012871742248535,,
32,10147,,,2.3035264015197754,,
32,10149,,,2.3025307655334473,,
32,10151,,,2.3015401363372803,,
32,10153,,,2.301452875137329,,
32,10155,,,2.302731513977051,,
32,10157,,,2.308403968811035,,
32,10159,,,2.3054022789001465,,
32,10161,,,2.3002614974975586,,
32,10163,,,2.3064441680908203,,
32,10165,,,2.302962064743042,,
32,10167,,,2.304910659790039,,
32,10169,,,2.3028688430786133,,
32,10171,,,2.3004024028778076,,
32,10173,,,2.30147647857666,,
32,10175,,,2.3056907653808594,,
32,10177,,,2.3055076599121094,,
32,10179,,,2.304081916809082,,
32,10181,,,2.303684711456299,,
32,10183,,,2.303618907928467,,
32,10185,,,2.30242657661438,,
32,10187,,,2.305539608001709,,
32,10189,,,2.3031201362609863,,
32,10191,,,2.30645751953125,,
32,10193,,,2.304349660873413,,
32,10195,,,2.301356315612793,,
32,10197,,,2.301725387573242,,
32,10199,,,2.3028218746185303,,
32,10201,,,2.3022451400756836,,
32,10203,,,2.302957534790039,,
32,10205,,,2.3005566596984863,,
32,10207,,,2.3066470623016357,,
32,10209,,,2.299936294555664,,
32,10211,,,2.303713321685791,,
32,10213,,,2.30340576171875,,
32,10215,,,2.3030128479003906,,
32,10217,,,2.3035895824432373,,
32,10219,,,2.3052005767822266,,
32,10221,,,2.303863048553467,,
32,10223,,,2.3011868000030518,,
32,10225,,,2.304849863052368,,
32,10227,,,2.304032325744629,,
32,10229,,,2.3048617839813232,,
32,10231,,,2.3026533126831055,,
32,10233,,,2.3033688068389893,,
32,10235,,,2.300459384918213,,
32,10237,,,2.30419921875,,
32,10239,,,2.301191806793213,,
32,10241,,,2.303621768951416,,
32,10243,,,2.3042163848876953,,
32,10245,,,2.304405927658081,,
32,10247,,,2.30153226852417,,
32,10249,,,2.303133010864258,,
32,10251,,,2.3020918369293213,,
32,10253,,,2.3032658100128174,,
32,10255,,,2.302628993988037,,
32,10257,,,2.3046793937683105,,
32,10259,,,2.304563045501709,,
32,10261,,,2.302666664123535,,
32,10263,,,2.304131031036377,,
32,10265,,,2.3045341968536377,,
32,10267,,,2.3025248050689697,,
32,10269,,,2.304436445236206,,
32,10271,,,2.303171157836914,,
32,10273,,,2.3042092323303223,,
32,10275,,,2.3036670684814453,,
32,10277,,,2.3042330741882324,,
32,10279,,,2.302591323852539,,
32,10281,,,2.3037824630737305,,
32,10283,,,2.3003101348876953,,
32,10285,,,2.3037757873535156,,
32,10287,,,2.306518793106079,,
32,10289,,,2.305488109588623,,
32,10291,,,2.303335666656494,,
32,10293,,,2.3039748668670654,,
32,10295,,,2.3056681156158447,,
32,10297,,,2.3037195205688477,,
32,10299,,,2.303882598876953,,
32,10301,,,2.301928758621216,,
32,10303,,,2.301729202270508,,
32,10305,,,2.304600715637207,,
32,10307,,,2.3048880100250244,,
32,10309,,,2.306210517883301,,
32,10311,,,2.3007330894470215,,
32,10313,,,2.302067756652832,,
32,10315,,,2.302628993988037,,
32,10317,,,2.30198335647583,,
32,10319,,,2.3030381202697754,,
32,10321,,,2.304431438446045,,
32,10323,,,2.303661584854126,,
32,10325,,,2.3040482997894287,,
32,10327,,,2.3038973808288574,,
32,10328,,,,0.46549999713897705,2.286550760269165
33,10329,,,2.3022851943969727,,
33,10331,,,2.302446126937866,,
33,10333,,,2.3041512966156006,,
33,10335,,,2.303098440170288,,
33,10337,,,2.3036184310913086,,
33,10339,,,2.3034110069274902,,
33,10341,,,2.3015365600585938,,
33,10343,,,2.3021514415740967,,
33,10345,,,2.304619312286377,,
33,10347,,,2.303757905960083,,
33,10349,,,2.3023781776428223,,
33,10351,,,2.303086280822754,,
33,10353,,,2.3043746948242188,,
33,10355,,,2.304919719696045,,
33,10357,,,2.3026936054229736,,
33,10359,,,2.304108142852783,,
33,10361,,,2.3047022819519043,,
33,10363,,,2.3016109466552734,,
33,10365,,,2.3041930198669434,,
33,10367,,,2.3047401905059814,,
33,10369,,,2.3022918701171875,,
33,10371,,,2.3060874938964844,,
33,10373,,,2.3069212436676025,,
33,10375,,,2.303884983062744,,
33,10377,,,2.3026700019836426,,
33,10379,,,2.3024840354919434,,
33,10381,,,2.3030171394348145,,
33,10383,,,2.3048348426818848,,
33,10385,,,2.3011746406555176,,
33,10387,,,2.303192615509033,,
33,10389,,,2.300532341003418,,
33,10391,,,2.3053996562957764,,
33,10393,,,2.3023271560668945,,
33,10395,,,2.302884578704834,,
33,10397,,,2.3020215034484863,,
33,10399,,,2.303328514099121,,
33,10401,,,2.304339647293091,,
33,10403,,,2.3017678260803223,,
33,10405,,,2.3031039237976074,,
33,10407,,,2.3059163093566895,,
33,10409,,,2.30268931388855,,
33,10411,,,2.305028200149536,,
33,10413,,,2.302774429321289,,
33,10415,,,2.3026976585388184,,
33,10417,,,2.302731513977051,,
33,10419,,,2.3026866912841797,,
33,10421,,,2.303278684616089,,
33,10423,,,2.3036789894104004,,
33,10425,,,2.302780866622925,,
33,10427,,,2.3034820556640625,,
33,10429,,,2.3053112030029297,,
33,10431,,,2.3038227558135986,,
33,10433,,,2.3016927242279053,,
33,10435,,,2.3035974502563477,,
33,10437,,,2.303921937942505,,
33,10439,,,2.301879405975342,,
33,10441,,,2.301870584487915,,
33,10443,,,2.301520347595215,,
33,10445,,,2.303096294403076,,
33,10447,,,2.3015151023864746,,
33,10449,,,2.301663875579834,,
33,10451,,,2.3086681365966797,,
33,10453,,,2.3022003173828125,,
33,10455,,,2.3038060665130615,,
33,10457,,,2.3006858825683594,,
33,10459,,,2.3034653663635254,,
33,10461,,,2.3027758598327637,,
33,10463,,,2.3017382621765137,,
33,10465,,,2.3048882484436035,,
33,10467,,,2.303894519805908,,
33,10469,,,2.304868221282959,,
33,10471,,,2.303917407989502,,
33,10473,,,2.30104398727417,,
33,10475,,,2.302978277206421,,
33,10477,,,2.304182291030884,,
33,10479,,,2.303947925567627,,
33,10481,,,2.3044776916503906,,
33,10483,,,2.3025221824645996,,
33,10485,,,2.3026785850524902,,
33,10487,,,2.302382469177246,,
33,10489,,,2.302565097808838,,
33,10491,,,2.303441047668457,,
33,10493,,,2.3004262447357178,,
33,10495,,,2.301379919052124,,
33,10497,,,2.3034024238586426,,
33,10499,,,2.3032422065734863,,
33,10501,,,2.309568166732788,,
33,10503,,,2.3076071739196777,,
33,10505,,,2.3041510581970215,,
33,10507,,,2.3041210174560547,,
33,10509,,,2.30383038520813,,
33,10511,,,2.3012280464172363,,
33,10513,,,2.3041586875915527,,
33,10515,,,2.3016343116760254,,
33,10517,,,2.3022966384887695,,
33,10519,,,2.3041017055511475,,
33,10521,,,2.304922103881836,,
33,10523,,,2.3011062145233154,,
33,10525,,,2.304506778717041,,
33,10527,,,2.3025665283203125,,
33,10529,,,2.301882266998291,,
33,10531,,,2.303499698638916,,
33,10533,,,2.30218505859375,,
33,10535,,,2.3052010536193848,,
33,10537,,,2.305635929107666,,
33,10539,,,2.3045473098754883,,
33,10541,,,2.302692413330078,,
33,10543,,,2.3043789863586426,,
33,10545,,,2.304415702819824,,
33,10547,,,2.3022375106811523,,
33,10549,,,2.301032543182373,,
33,10551,,,2.3046631813049316,,
33,10553,,,2.30342960357666,,
33,10555,,,2.303166389465332,,
33,10557,,,2.3042240142822266,,
33,10559,,,2.3047983646392822,,
33,10561,,,2.3029143810272217,,
33,10563,,,2.302454710006714,,
33,10565,,,2.3025784492492676,,
33,10567,,,2.304302215576172,,
33,10569,,,2.3006372451782227,,
33,10571,,,2.3040103912353516,,
33,10573,,,2.3052215576171875,,
33,10575,,,2.3019556999206543,,
33,10577,,,2.3015639781951904,,
33,10579,,,2.305413246154785,,
33,10581,,,2.3079769611358643,,
33,10583,,,2.302791118621826,,
33,10585,,,2.3013339042663574,,
33,10587,,,2.3032009601593018,,
33,10589,,,2.3021812438964844,,
33,10591,,,2.3020973205566406,,
33,10593,,,2.3015756607055664,,
33,10595,,,2.304661750793457,,
33,10597,,,2.3028063774108887,,
33,10599,,,2.3029732704162598,,
33,10601,,,2.3007097244262695,,
33,10603,,,2.3029680252075195,,
33,10605,,,2.3055319786071777,,
33,10607,,,2.30267596244812,,
33,10609,,,2.3017139434814453,,
33,10611,,,2.3037281036376953,,
33,10613,,,2.304076910018921,,
33,10615,,,2.3013525009155273,,
33,10617,,,2.3031868934631348,,
33,10619,,,2.301525354385376,,
33,10621,,,2.302356243133545,,
33,10623,,,2.301527738571167,,
33,10625,,,2.3026838302612305,,
33,10627,,,2.305720806121826,,
33,10629,,,2.3018813133239746,,
33,10631,,,2.3046998977661133,,
33,10633,,,2.305542469024658,,
33,10635,,,2.30450439453125,,
33,10637,,,2.3024051189422607,,
33,10639,,,2.3032748699188232,,
33,10641,,,2.3045687675476074,,
33,10641,,,,0.025750000029802322,2.297851800918579
34,10643,,,2.303143262863159,,
34,10645,,,2.304947853088379,,
34,10647,,,2.3017518520355225,,
34,10649,,,2.306288719177246,,
34,10651,,,2.3050899505615234,,
34,10653,,,2.3027195930480957,,
34,10655,,,2.3037521839141846,,
34,10657,,,2.3006339073181152,,
34,10659,,,2.3039584159851074,,
34,10661,,,2.3039183616638184,,
34,10663,,,2.3028299808502197,,
34,10665,,,2.3034138679504395,,
34,10667,,,2.302730083465576,,
34,10669,,,2.302168130874634,,
34,10671,,,2.3048081398010254,,
34,10673,,,2.303941249847412,,
34,10675,,,2.301772356033325,,
34,10677,,,2.3046064376831055,,
34,10679,,,2.3022732734680176,,
34,10681,,,2.3042755126953125,,
34,10683,,,2.3047988414764404,,
34,10685,,,2.30411434173584,,
34,10687,,,2.3035173416137695,,
34,10689,,,2.3021156787872314,,
34,10691,,,2.3008689880371094,,
34,10693,,,2.3052520751953125,,
34,10695,,,2.3036530017852783,,
34,10697,,,2.30536150932312,,
34,10699,,,2.3044772148132324,,
34,10701,,,2.3040246963500977,,
34,10703,,,2.3050882816314697,,
34,10705,,,2.3031647205352783,,
34,10707,,,2.303349494934082,,
34,10709,,,2.3055336475372314,,
34,10711,,,2.302940845489502,,
34,10713,,,2.3017711639404297,,
34,10715,,,2.302488327026367,,
34,10717,,,2.3012332916259766,,
34,10719,,,2.30307936668396,,
34,10721,,,2.30422306060791,,
34,10723,,,2.307155132293701,,
34,10725,,,2.3023569583892822,,
34,10727,,,2.3021554946899414,,
34,10729,,,2.3033676147460938,,
34,10731,,,2.302131175994873,,
34,10733,,,2.3038806915283203,,
34,10735,,,2.3050522804260254,,
34,10737,,,2.3014943599700928,,
34,10739,,,2.3000807762145996,,
34,10741,,,2.300570487976074,,
34,10743,,,2.3022756576538086,,
34,10745,,,2.3042540550231934,,
34,10747,,,2.3094191551208496,,
34,10749,,,2.3039674758911133,,
34,10751,,,2.302497148513794,,
34,10753,,,2.305678606033325,,
34,10755,,,2.302888870239258,,
34,10757,,,2.299631118774414,,
34,10759,,,2.3034493923187256,,
34,10761,,,2.3052849769592285,,
34,10763,,,2.3026444911956787,,
34,10765,,,2.303189754486084,,
34,10767,,,2.3047146797180176,,
34,10769,,,2.301892042160034,,
34,10771,,,2.303797483444214,,
34,10773,,,2.3017454147338867,,
34,10775,,,2.305706739425659,,
34,10777,,,2.302009105682373,,
34,10779,,,2.3058393001556396,,
34,10781,,,2.30375075340271,,
34,10783,,,2.304851531982422,,
34,10785,,,2.3042314052581787,,
34,10787,,,2.302412748336792,,
34,10789,,,2.3030471801757812,,
34,10791,,,2.3010482788085938,,
34,10793,,,2.3047730922698975,,
34,10795,,,2.3020973205566406,,
34,10797,,,2.3074288368225098,,
34,10799,,,2.305156946182251,,
34,10801,,,2.3009071350097656,,
34,10803,,,2.3028459548950195,,
34,10805,,,2.3031232357025146,,
34,10807,,,2.301896095275879,,
34,10809,,,2.304267406463623,,
34,10811,,,2.305089235305786,,
34,10813,,,2.3036293983459473,,
34,10815,,,2.303187370300293,,
34,10817,,,2.3030097484588623,,
34,10819,,,2.3050241470336914,,
34,10821,,,2.302596092224121,,
34,10823,,,2.303330421447754,,
34,10825,,,2.3011417388916016,,
34,10827,,,2.3048439025878906,,
34,10829,,,2.30367374420166,,
34,10831,,,2.303516387939453,,
34,10833,,,2.303863763809204,,
34,10835,,,2.3031044006347656,,
34,10837,,,2.3058197498321533,,
34,10839,,,2.301088809967041,,
34,10841,,,2.302600383758545,,
34,10843,,,2.3029227256774902,,
34,10845,,,2.3028533458709717,,
34,10847,,,2.3019747734069824,,
34,10849,,,2.3011484146118164,,
34,10851,,,2.3048007488250732,,
34,10853,,,2.3042922019958496,,
34,10855,,,2.305604934692383,,
34,10857,,,2.3024191856384277,,
34,10859,,,2.301138401031494,,
34,10861,,,2.306252956390381,,
34,10863,,,2.302600383758545,,
34,10865,,,2.30122971534729,,
34,10867,,,2.3022804260253906,,
34,10869,,,2.302105665206909,,
34,10871,,,2.3037397861480713,,
34,10873,,,2.305669069290161,,
34,10875,,,2.3052420616149902,,
34,10877,,,2.303961753845215,,
34,10879,,,2.303313732147217,,
34,10881,,,2.3043808937072754,,
34,10883,,,2.3045566082000732,,
34,10885,,,2.3041505813598633,,
34,10887,,,2.3005211353302,,
34,10889,,,2.3036093711853027,,
34,10891,,,2.3037595748901367,,
34,10893,,,2.305011749267578,,
34,10895,,,2.3018956184387207,,
34,10897,,,2.3025081157684326,,
34,10899,,,2.3051326274871826,,
34,10901,,,2.3025777339935303,,
34,10903,,,2.3026278018951416,,
34,10905,,,2.3028979301452637,,
34,10907,,,2.3042197227478027,,
34,10909,,,2.304358959197998,,
34,10911,,,2.3012917041778564,,
34,10913,,,2.303128719329834,,
34,10915,,,2.303656816482544,,
34,10917,,,2.3067097663879395,,
34,10919,,,2.3059568405151367,,
34,10921,,,2.3056228160858154,,
34,10923,,,2.301591396331787,,
34,10925,,,2.3044285774230957,,
34,10927,,,2.3030529022216797,,
34,10929,,,2.30295991897583,,
34,10931,,,2.3033876419067383,,
34,10933,,,2.3041861057281494,,
34,10935,,,2.3032407760620117,,
34,10937,,,2.3033528327941895,,
34,10939,,,2.301729202270508,,
34,10941,,,2.302311658859253,,
34,10943,,,2.303211212158203,,
34,10945,,,2.3001880645751953,,
34,10947,,,2.3023483753204346,,
34,10949,,,2.302009105682373,,
34,10951,,,2.3006343841552734,,
34,10953,,,2.3016746044158936,,
34,10954,,,,0.06274999678134918,2.3181886672973633
35,10955,,,2.3034229278564453,,
35,10957,,,2.3048527240753174,,
35,10959,,,2.306248426437378,,
35,10961,,,2.3009729385375977,,
35,10963,,,2.3046176433563232,,
35,10965,,,2.304856300354004,,
35,10967,,,2.3051047325134277,,
35,10969,,,2.3033928871154785,,
35,10971,,,2.3005523681640625,,
35,10973,,,2.301636219024658,,
35,10975,,,2.3028721809387207,,
35,10977,,,2.303809881210327,,
35,10979,,,2.3036537170410156,,
35,10981,,,2.303032398223877,,
35,10983,,,2.3035759925842285,,
35,10985,,,2.304204225540161,,
35,10987,,,2.3015952110290527,,
35,10989,,,2.299884796142578,,
35,10991,,,2.3024404048919678,,
35,10993,,,2.3031251430511475,,
35,10995,,,2.302382707595825,,
35,10997,,,2.3001489639282227,,
35,10999,,,2.303372859954834,,
35,11001,,,2.3024284839630127,,
35,11003,,,2.3038668632507324,,
35,11005,,,2.3030571937561035,,
35,11007,,,2.3062820434570312,,
35,11009,,,2.3045387268066406,,
35,11011,,,2.3003270626068115,,
35,11013,,,2.3057427406311035,,
35,11015,,,2.3026280403137207,,
35,11017,,,2.3034462928771973,,
35,11019,,,2.304175853729248,,
35,11021,,,2.303133487701416,,
35,11023,,,2.3038997650146484,,
35,11025,,,2.306680202484131,,
35,11027,,,2.301525831222534,,
35,11029,,,2.3016185760498047,,
35,11031,,,2.3047752380371094,,
35,11033,,,2.30342435836792,,
35,11035,,,2.3034234046936035,,
35,11037,,,2.3045763969421387,,
35,11039,,,2.300354242324829,,
35,11041,,,2.3027453422546387,,
35,11043,,,2.304764986038208,,
35,11045,,,2.306096076965332,,
35,11047,,,2.30448055267334,,
35,11049,,,2.3021984100341797,,
35,11051,,,2.3018088340759277,,
35,11053,,,2.304379463195801,,
35,11055,,,2.303804636001587,,
35,11057,,,2.3022005558013916,,
35,11059,,,2.3031420707702637,,
35,11061,,,2.302811861038208,,
35,11063,,,2.3024849891662598,,
35,11065,,,2.3034286499023438,,
35,11067,,,2.30159068107605,,
35,11069,,,2.3041088581085205,,
35,11071,,,2.302417755126953,,
35,11073,,,2.30513334274292,,
35,11075,,,2.304109811782837,,
35,11077,,,2.303713321685791,,
35,11079,,,2.3039002418518066,,
35,11081,,,2.3043107986450195,,
35,11083,,,2.302550792694092,,
35,11085,,,2.3016200065612793,,
35,11087,,,2.304089069366455,,
35,11089,,,2.2997541427612305,,
35,11091,,,2.303779125213623,,
35,11093,,,2.303115129470825,,
35,11095,,,2.3033173084259033,,
35,11097,,,2.299363136291504,,
35,11099,,,2.3038721084594727,,
35,11101,,,2.3038923740386963,,
35,11103,,,2.303502082824707,,
35,11105,,,2.304077625274658,,
35,11107,,,2.3036961555480957,,
35,11109,,,2.3028006553649902,,
35,11111,,,2.3048765659332275,,
35,11113,,,2.3046460151672363,,
35,11115,,,2.3036751747131348,,
35,11117,,,2.3016912937164307,,
35,11119,,,2.3031556606292725,,
35,11121,,,2.3025314807891846,,
35,11123,,,2.302305221557617,,
35,11125,,,2.302062511444092,,
35,11127,,,2.302891254425049,,
35,11129,,,2.304276943206787,,
35,11131,,,2.3021669387817383,,
35,11133,,,2.3019368648529053,,
35,11135,,,2.3038268089294434,,
35,11137,,,2.3053669929504395,,
35,11139,,,2.301492691040039,,
35,11141,,,2.302969455718994,,
35,11143,,,2.304527759552002,,
35,11145,,,2.306628704071045,,
35,11147,,,2.303420066833496,,
35,11149,,,2.303804874420166,,
35,11151,,,2.3043460845947266,,
35,11153,,,2.3034229278564453,,
35,11155,,,2.3024234771728516,,
35,11157,,,2.302338123321533,,
35,11159,,,2.3049333095550537,,
35,11161,,,2.3017168045043945,,
35,11163,,,2.303189754486084,,
35,11165,,,2.302351951599121,,
35,11167,,,2.3047399520874023,,
35,11169,,,2.304811954498291,,
35,11171,,,2.303414821624756,,
35,11173,,,2.3003592491149902,,
35,11175,,,2.3044562339782715,,
35,11177,,,2.301758289337158,,
35,11179,,,2.3010125160217285,,
35,11181,,,2.3020639419555664,,
35,11183,,,2.3066153526306152,,
35,11185,,,2.305359125137329,,
35,11187,,,2.303640365600586,,
35,11189,,,2.3046796321868896,,
35,11191,,,2.3029723167419434,,
35,11193,,,2.3013057708740234,,
35,11195,,,2.3027496337890625,,
35,11197,,,2.302934169769287,,
35,11199,,,2.30204439163208,,
35,11201,,,2.3028886318206787,,
35,11203,,,2.304008960723877,,
35,11205,,,2.302647113800049,,
35,11207,,,2.303740978240967,,
35,11209,,,2.305947780609131,,
35,11211,,,2.304107427597046,,
35,11213,,,2.303591251373291,,
35,11215,,,2.3021860122680664,,
35,11217,,,2.3035390377044678,,
35,11219,,,2.30220365524292,,
35,11221,,,2.304309844970703,,
35,11223,,,2.303647994995117,,
35,11225,,,2.301665782928467,,
35,11227,,,2.303727865219116,,
35,11229,,,2.3029351234436035,,
35,11231,,,2.3020401000976562,,
35,11233,,,2.3043832778930664,,
35,11235,,,2.302372694015503,,
35,11237,,,2.3016810417175293,,
35,11239,,,2.3031134605407715,,
35,11241,,,2.299980640411377,,
35,11243,,,2.302077531814575,,
35,11245,,,2.302976131439209,,
35,11247,,,2.3058013916015625,,
35,11249,,,2.303091287612915,,
35,11251,,,2.304577350616455,,
35,11253,,,2.3043441772460938,,
35,11255,,,2.301168918609619,,
35,11257,,,2.3025786876678467,,
35,11259,,,2.3019180297851562,,
35,11261,,,2.302253246307373,,
35,11263,,,2.302422523498535,,
35,11265,,,2.3040413856506348,,
35,11267,,,2.3019826412200928,,
35,11267,,,,0.010099999606609344,2.327834367752075
36,11269,,,2.3008127212524414,,
36,11271,,,2.300549030303955,,
36,11273,,,2.3014302253723145,,
36,11275,,,2.303499221801758,,
36,11277,,,2.3039259910583496,,
36,11279,,,2.302940845489502,,
36,11281,,,2.30708646774292,,
36,11283,,,2.3063442707061768,,
36,11285,,,2.302687168121338,,
36,11287,,,2.3044161796569824,,
36,11289,,,2.3022758960723877,,
36,11291,,,2.3035476207733154,,
36,11293,,,2.304241418838501,,
36,11295,,,2.3033738136291504,,
36,11297,,,2.3049678802490234,,
36,11299,,,2.2999014854431152,,
36,11301,,,2.3039705753326416,,
36,11303,,,2.302522897720337,,
36,11305,,,2.3024277687072754,,
36,11307,,,2.301497459411621,,
36,11309,,,2.3043320178985596,,
36,11311,,,2.3053135871887207,,
36,11313,,,2.3030476570129395,,
36,11315,,,2.302290439605713,,
36,11317,,,2.3021368980407715,,
36,11319,,,2.303269386291504,,
36,11321,,,2.3035638332366943,,
36,11323,,,2.3058252334594727,,
36,11325,,,2.3046395778656006,,
36,11327,,,2.303952217102051,,
36,11329,,,2.303922653198242,,
36,11331,,,2.3045339584350586,,
36,11333,,,2.3039824962615967,,
36,11335,,,2.3007864952087402,,
36,11337,,,2.3055150508880615,,
36,11339,,,2.3023343086242676,,
36,11341,,,2.303015947341919,,
36,11343,,,2.304434061050415,,
36,11345,,,2.302999973297119,,
36,11347,,,2.3037822246551514,,
36,11349,,,2.302274703979492,,
36,11351,,,2.3012821674346924,,
36,11353,,,2.3051981925964355,,
36,11355,,,2.3023784160614014,,
36,11357,,,2.3025407791137695,,
36,11359,,,2.302995204925537,,
36,11361,,,2.303379535675049,,
36,11363,,,2.3027236461639404,,
36,11365,,,2.3009605407714844,,
36,11367,,,2.302853584289551,,
36,11369,,,2.301586866378784,,
36,11371,,,2.303798198699951,,
36,11373,,,2.302720308303833,,
36,11375,,,2.302184581756592,,
36,11377,,,2.301431655883789,,
36,11379,,,2.3031725883483887,,
36,11381,,,2.3055543899536133,,
36,11383,,,2.3004536628723145,,
36,11385,,,2.3056461811065674,,
36,11387,,,2.3015928268432617,,
36,11389,,,2.3035731315612793,,
36,11391,,,2.3033533096313477,,
36,11393,,,2.303534984588623,,
36,11395,,,2.301985502243042,,
36,11397,,,2.301029682159424,,
36,11399,,,2.3050265312194824,,
36,11401,,,2.30314302444458,,
36,11403,,,2.3058900833129883,,
36,11405,,,2.3024892807006836,,
36,11407,,,2.3035943508148193,,
36,11409,,,2.3034229278564453,,
36,11411,,,2.3029732704162598,,
36,11413,,,2.30324649810791,,
36,11415,,,2.30564546585083,,
36,11417,,,2.303769826889038,,
36,11419,,,2.301401138305664,,
36,11421,,,2.3037869930267334,,
36,11423,,,2.3024706840515137,,
36,11425,,,2.3032636642456055,,
36,11427,,,2.3011131286621094,,
36,11429,,,2.3031134605407715,,
36,11431,,,2.304116725921631,,
36,11433,,,2.3013596534729004,,
36,11435,,,2.303494453430176,,
36,11437,,,2.3044629096984863,,
36,11439,,,2.3033370971679688,,
36,11441,,,2.3049581050872803,,
36,11443,,,2.305722713470459,,
36,11445,,,2.3053112030029297,,
36,11447,,,2.301760673522949,,
36,11449,,,2.3057780265808105,,
36,11451,,,2.3050060272216797,,
36,11453,,,2.303278923034668,,
36,11455,,,2.3018062114715576,,
36,11457,,,2.305166244506836,,
36,11459,,,2.302760124206543,,
36,11461,,,2.3023407459259033,,
36,11463,,,2.303877353668213,,
36,11465,,,2.299190044403076,,
36,11467,,,2.304633378982544,,
36,11469,,,2.3016538619995117,,
36,11471,,,2.303222417831421,,
36,11473,,,2.3028926849365234,,
36,11475,,,2.3000707626342773,,
36,11477,,,2.3044795989990234,,
36,11479,,,2.3038251399993896,,
36,11481,,,2.302992343902588,,
36,11483,,,2.3007168769836426,,
36,11485,,,2.3058621883392334,,
36,11487,,,2.3023080825805664,,
36,11489,,,2.3028838634490967,,
36,11491,,,2.302457332611084,,
36,11493,,,2.301262378692627,,
36,11495,,,2.3029260635375977,,
36,11497,,,2.3045949935913086,,
36,11499,,,2.3056275844573975,,
36,11501,,,2.301008462905884,,
36,11503,,,2.3007147312164307,,
36,11505,,,2.303783893585205,,
36,11507,,,2.3035101890563965,,
36,11509,,,2.307241916656494,,
36,11511,,,2.304537773132324,,
36,11513,,,2.3008737564086914,,
36,11515,,,2.302266836166382,,
36,11517,,,2.306814193725586,,
36,11519,,,2.3017945289611816,,
36,11521,,,2.302988052368164,,
36,11523,,,2.303933620452881,,
36,11525,,,2.305103302001953,,
36,11527,,,2.3037710189819336,,
36,11529,,,2.303835391998291,,
36,11531,,,2.302154064178467,,
36,11533,,,2.303149938583374,,
36,11535,,,2.30072283744812,,
36,11537,,,2.305145263671875,,
36,11539,,,2.3033642768859863,,
36,11541,,,2.302042007446289,,
36,11543,,,2.304065227508545,,
36,11545,,,2.3025898933410645,,
36,11547,,,2.304509162902832,,
36,11549,,,2.301287889480591,,
36,11551,,,2.300976514816284,,
36,11553,,,2.303562879562378,,
36,11555,,,2.304685115814209,,
36,11557,,,2.30351185798645,,
36,11559,,,2.3032331466674805,,
36,11561,,,2.302649736404419,,
36,11563,,,2.3042612075805664,,
36,11565,,,2.302511215209961,,
36,11567,,,2.2991628646850586,,
36,11569,,,2.306105136871338,,
36,11571,,,2.298130989074707,,
36,11573,,,2.298471212387085,,
36,11575,,,2.3020429611206055,,
36,11577,,,2.298910617828369,,
36,11579,,,2.3056552410125732,,
36,11580,,,,0.46549999713897705,2.262486219406128
37,11581,,,2.303524971008301,,
37,11583,,,2.306060552597046,,
37,11585,,,2.301377296447754,,
37,11587,,,2.3006937503814697,,
37,11589,,,2.3016414642333984,,
37,11591,,,2.3049778938293457,,
37,11593,,,2.30405330657959,,
37,11595,,,2.305117607116699,,
37,11597,,,2.3037211894989014,,
37,11599,,,2.303234100341797,,
37,11601,,,2.303537607192993,,
37,11603,,,2.3034510612487793,,
37,11605,,,2.3025007247924805,,
37,11607,,,2.3036365509033203,,
37,11609,,,2.303781270980835,,
37,11611,,,2.3018710613250732,,
37,11613,,,2.3028745651245117,,
37,11615,,,2.304095983505249,,
37,11617,,,2.30111026763916,,
37,11619,,,2.306387424468994,,
37,11621,,,2.3030271530151367,,
37,11623,,,2.304903030395508,,
37,11625,,,2.3040847778320312,,
37,11627,,,2.303907632827759,,
37,11629,,,2.304492235183716,,
37,11631,,,2.3030033111572266,,
37,11633,,,2.3025245666503906,,
37,11635,,,2.3027679920196533,,
37,11637,,,2.3040428161621094,,
37,11639,,,2.3029494285583496,,
37,11641,,,2.3011553287506104,,
37,11643,,,2.3034582138061523,,
37,11645,,,2.302510976791382,,
37,11647,,,2.3023338317871094,,
37,11649,,,2.3024067878723145,,
37,11651,,,2.3047072887420654,,
37,11653,,,2.3036317825317383,,
37,11655,,,2.3044652938842773,,
37,11657,,,2.3009047508239746,,
37,11659,,,2.305255889892578,,
37,11661,,,2.3017730712890625,,
37,11663,,,2.30299711227417,,
37,11665,,,2.3058829307556152,,
37,11667,,,2.30171537399292,,
37,11669,,,2.3026061058044434,,
37,11671,,,2.3046045303344727,,
37,11673,,,2.3025498390197754,,
37,11675,,,2.3037309646606445,,
37,11677,,,2.303605079650879,,
37,11679,,,2.3053219318389893,,
37,11681,,,2.3045315742492676,,
37,11683,,,2.304600954055786,,
37,11685,,,2.303802490234375,,
37,11687,,,2.303441047668457,,
37,11689,,,2.301149606704712,,
37,11691,,,2.301750421524048,,
37,11693,,,2.302680492401123,,
37,11695,,,2.303351879119873,,
37,11697,,,2.3047425746917725,,
37,11699,,,2.3035855293273926,,
37,11701,,,2.300558090209961,,
37,11703,,,2.3030176162719727,,
37,11705,,,2.30314302444458,,
37,11707,,,2.3023672103881836,,
37,11709,,,2.304023265838623,,
37,11711,,,2.3047170639038086,,
37,11713,,,2.3001513481140137,,
37,11715,,,2.3036093711853027,,
37,11717,,,2.304630756378174,,
37,11719,,,2.3033759593963623,,
37,11721,,,2.3031129837036133,,
37,11723,,,2.302645683288574,,
37,11725,,,2.303276538848877,,
37,11727,,,2.303171157836914,,
37,11729,,,2.3046579360961914,,
37,11731,,,2.301973819732666,,
37,11733,,,2.3022570610046387,,
37,11735,,,2.3044285774230957,,
37,11737,,,2.300844430923462,,
37,11739,,,2.3007516860961914,,
37,11741,,,2.3047232627868652,,
37,11743,,,2.3017516136169434,,
37,11745,,,2.304048538208008,,
37,11747,,,2.300814151763916,,
37,11749,,,2.303687572479248,,
37,11751,,,2.302887439727783,,
37,11753,,,2.302668333053589,,
37,11755,,,2.3033478260040283,,
37,11757,,,2.3045742511749268,,
37,11759,,,2.3009605407714844,,
37,11761,,,2.301630973815918,,
37,11763,,,2.301734447479248,,
37,11765,,,2.300539970397949,,
37,11767,,,2.3068137168884277,,
37,11769,,,2.3052749633789062,,
37,11771,,,2.30151629447937,,
37,11773,,,2.3041975498199463,,
37,11775,,,2.3020970821380615,,
37,11777,,,2.3032991886138916,,
37,11779,,,2.305380344390869,,
37,11781,,,2.302513599395752,,
37,11783,,,2.3033266067504883,,
37,11785,,,2.304142951965332,,
37,11787,,,2.302083969116211,,
37,11789,,,2.3029394149780273,,
37,11791,,,2.302255392074585,,
37,11793,,,2.3019919395446777,,
37,11795,,,2.3049778938293457,,
37,11797,,,2.30417537689209,,
37,11799,,,2.3047122955322266,,
37,11801,,,2.3012523651123047,,
37,11803,,,2.302065134048462,,
37,11805,,,2.301377773284912,,
37,11807,,,2.3024487495422363,,
37,11809,,,2.3035671710968018,,
37,11811,,,2.3027007579803467,,
37,11813,,,2.301807403564453,,
37,11815,,,2.3017492294311523,,
37,11817,,,2.3040153980255127,,
37,11819,,,2.3028812408447266,,
37,11821,,,2.30397891998291,,
37,11823,,,2.3021295070648193,,
37,11825,,,2.3024353981018066,,
37,11827,,,2.3018064498901367,,
37,11829,,,2.3040876388549805,,
37,11831,,,2.303948402404785,,
37,11833,,,2.301701068878174,,
37,11835,,,2.303964853286743,,
37,11837,,,2.303256034851074,,
37,11839,,,2.3063862323760986,,
37,11841,,,2.3051793575286865,,
37,11843,,,2.303605318069458,,
37,11845,,,2.3053178787231445,,
37,11847,,,2.305422306060791,,
37,11849,,,2.302704334259033,,
37,11851,,,2.303414821624756,,
37,11853,,,2.3023152351379395,,
37,11855,,,2.3036630153656006,,
37,11857,,,2.301370143890381,,
37,11859,,,2.3046092987060547,,
37,11861,,,2.3052749633789062,,
37,11863,,,2.3049614429473877,,
37,11865,,,2.3048627376556396,,
37,11867,,,2.301893949508667,,
37,11869,,,2.303551435470581,,
37,11871,,,2.302804946899414,,
37,11873,,,2.3044333457946777,,
37,11875,,,2.307943820953369,,
37,11877,,,2.3052878379821777,,
37,11879,,,2.302631378173828,,
37,11881,,,2.3038859367370605,,
37,11883,,,2.3053107261657715,,
37,11885,,,2.307661533355713,,
37,11887,,,2.301567554473877,,
37,11889,,,2.302217960357666,,
37,11891,,,2.302532196044922,,
37,11893,,,2.303863048553467,,
37,11893,,,,0.025750000029802322,2.313002586364746
38,11895,,,2.3038368225097656,,
38,11897,,,2.3048760890960693,,
38,11899,,,2.3003814220428467,,
38,11901,,,2.304378032684326,,
38,11903,,,2.3034772872924805,,
38,11905,,,2.3039581775665283,,
38,11907,,,2.3059287071228027,,
38,11909,,,2.3071682453155518,,
38,11911,,,2.3023300170898438,,
38,11913,,,2.301978588104248,,
38,11915,,,2.3024685382843018,,
38,11917,,,2.3004369735717773,,
38,11919,,,2.3028502464294434,,
38,11921,,,2.3018510341644287,,
38,11923,,,2.3063981533050537,,
38,11925,,,2.3018932342529297,,
38,11927,,,2.303387403488159,,
38,11929,,,2.303314447402954,,
38,11931,,,2.302290916442871,,
38,11933,,,2.303873062133789,,
38,11935,,,2.301748752593994,,
38,11937,,,2.3017489910125732,,
38,11939,,,2.303399085998535,,
38,11941,,,2.3020424842834473,,
38,11943,,,2.3015782833099365,,
38,11945,,,2.3042619228363037,,
38,11947,,,2.304596424102783,,
38,11949,,,2.3034772872924805,,
38,11951,,,2.302793025970459,,
38,11953,,,2.3055224418640137,,
38,11955,,,2.301255226135254,,
38,11957,,,2.30210018157959,,
38,11959,,,2.304861545562744,,
38,11961,,,2.3039445877075195,,
38,11963,,,2.3057024478912354,,
38,11965,,,2.3006367683410645,,
38,11967,,,2.3005051612854004,,
38,11969,,,2.3007383346557617,,
38,11971,,,2.306987762451172,,
38,11973,,,2.3036561012268066,,
38,11975,,,2.302013635635376,,
38,11977,,,2.3067831993103027,,
38,11979,,,2.3037123680114746,,
38,11981,,,2.301910400390625,,
38,11983,,,2.303027629852295,,
38,11985,,,2.302767038345337,,
38,11987,,,2.3054473400115967,,
38,11989,,,2.3030433654785156,,
38,11991,,,2.3031458854675293,,
38,11993,,,2.3041441440582275,,
38,11995,,,2.302513599395752,,
38,11997,,,2.302060604095459,,
38,11999,,,2.302741765975952,,
38,12001,,,2.303579092025757,,
38,12003,,,2.305187940597534,,
38,12005,,,2.301797866821289,,
38,12007,,,2.301267385482788,,
38,12009,,,2.3050174713134766,,
38,12011,,,2.3026318550109863,,
38,12013,,,2.3033666610717773,,
38,12015,,,2.3041841983795166,,
38,12017,,,2.306321859359741,,
38,12019,,,2.3037285804748535,,
38,12021,,,2.303500175476074,,
38,12023,,,2.304839849472046,,
38,12025,,,2.305480480194092,,
38,12027,,,2.301525592803955,,
38,12029,,,2.3038852214813232,,
38,12031,,,2.30306339263916,,
38,12033,,,2.303588390350342,,
38,12035,,,2.3032665252685547,,
38,12037,,,2.3015799522399902,,
38,12039,,,2.303251266479492,,
38,12041,,,2.3020036220550537,,
38,12043,,,2.3012049198150635,,
38,12045,,,2.301255226135254,,
38,12047,,,2.3029532432556152,,
38,12049,,,2.3030428886413574,,
38,12051,,,2.3001060485839844,,
38,12053,,,2.3019347190856934,,
38,12055,,,2.3006834983825684,,
38,12057,,,2.305971622467041,,
38,12059,,,2.300642967224121,,
38,12061,,,2.308948278427124,,
38,12063,,,2.3047070503234863,,
38,12065,,,2.307206153869629,,
38,12067,,,2.300813913345337,,
38,12069,,,2.3034818172454834,,
38,12071,,,2.299135446548462,,
38,12073,,,2.305737018585205,,
38,12075,,,2.3069725036621094,,
38,12077,,,2.303372383117676,,
38,12079,,,2.304152250289917,,
38,12081,,,2.304108142852783,,
38,12083,,,2.304114580154419,,
38,12085,,,2.3013956546783447,,
38,12087,,,2.301699638366699,,
38,12089,,,2.300752639770508,,
38,12091,,,2.3023133277893066,,
38,12093,,,2.300053596496582,,
38,12095,,,2.304448127746582,,
38,12097,,,2.3004770278930664,,
38,12099,,,2.3031163215637207,,
38,12101,,,2.302692413330078,,
38,12103,,,2.3038387298583984,,
38,12105,,,2.302849531173706,,
38,12107,,,2.30141019821167,,
38,12109,,,2.301321506500244,,
38,12111,,,2.3028998374938965,,
38,12113,,,2.303544521331787,,
38,12115,,,2.3017568588256836,,
38,12117,,,2.3014774322509766,,
38,12119,,,2.301943063735962,,
38,12121,,,2.3034892082214355,,
38,12123,,,2.306023359298706,,
38,12125,,,2.302452802658081,,
38,12127,,,2.3025832176208496,,
38,12129,,,2.302713394165039,,
38,12131,,,2.304173469543457,,
38,12133,,,2.302907943725586,,
38,12135,,,2.3029069900512695,,
38,12137,,,2.303649663925171,,
38,12139,,,2.3014087677001953,,
38,12141,,,2.305833339691162,,
38,12143,,,2.304614782333374,,
38,12145,,,2.302553176879883,,
38,12147,,,2.3010573387145996,,
38,12149,,,2.29966139793396,,
38,12151,,,2.3019914627075195,,
38,12153,,,2.304133176803589,,
38,12155,,,2.3019521236419678,,
38,12157,,,2.304513454437256,,
38,12159,,,2.301130771636963,,
38,12161,,,2.3040764331817627,,
38,12163,,,2.2989673614501953,,
38,12165,,,2.3017778396606445,,
38,12167,,,2.3018600940704346,,
38,12169,,,2.3036715984344482,,
38,12171,,,2.3031532764434814,,
38,12173,,,2.2999439239501953,,
38,12175,,,2.304255962371826,,
38,12177,,,2.2977957725524902,,
38,12179,,,2.3092968463897705,,
38,12181,,,2.302442789077759,,
38,12183,,,2.304495334625244,,
38,12185,,,2.3019859790802,,
38,12187,,,2.307006597518921,,
38,12189,,,2.303987503051758,,
38,12191,,,2.303035020828247,,
38,12193,,,2.301913261413574,,
38,12195,,,2.3044838905334473,,
38,12197,,,2.302769660949707,,
38,12199,,,2.3040497303009033,,
38,12201,,,2.3029017448425293,,
38,12203,,,2.3044071197509766,,
38,12205,,,2.3016374111175537,,
38,12206,,,,0.010099999606609344,2.3365392684936523
39,12207,,,2.3028640747070312,,
39,12209,,,2.2998273372650146,,
39,12211,,,2.305236339569092,,
39,12213,,,2.303532600402832,,
39,12215,,,2.302595853805542,,
39,12217,,,2.3067145347595215,,
39,12219,,,2.305495262145996,,
39,12221,,,2.3016855716705322,,
39,12223,,,2.3030781745910645,,
39,12225,,,2.3005106449127197,,
39,12227,,,2.303112030029297,,
39,12229,,,2.3024539947509766,,
39,12231,,,2.3020389080047607,,
39,12233,,,2.303396463394165,,
39,12235,,,2.3024470806121826,,
39,12237,,,2.304924488067627,,
39,12239,,,2.300870656967163,,
39,12241,,,2.3031556606292725,,
39,12243,,,2.3034563064575195,,
39,12245,,,2.305464744567871,,
39,12247,,,2.3023436069488525,,
39,12249,,,2.3023691177368164,,
39,12251,,,2.302109479904175,,
39,12253,,,2.3024051189422607,,
39,12255,,,2.3028860092163086,,
39,12257,,,2.3028526306152344,,
39,12259,,,2.3030953407287598,,
39,12261,,,2.3021152019500732,,
39,12263,,,2.3048975467681885,,
39,12265,,,2.300729751586914,,
39,12267,,,2.300686836242676,,
39,12269,,,2.3048126697540283,,
39,12271,,,2.3013906478881836,,
39,12273,,,2.30483341217041,,
39,12275,,,2.305385112762451,,
39,12277,,,2.300823450088501,,
39,12279,,,2.303389072418213,,
39,12281,,,2.3035008907318115,,
39,12283,,,2.303523302078247,,
39,12285,,,2.30237078666687,,
39,12287,,,2.30180287361145,,
39,12289,,,2.3046274185180664,,
39,12291,,,2.302346706390381,,
39,12293,,,2.302889347076416,,
39,12295,,,2.304628372192383,,
39,12297,,,2.30346417427063,,
39,12299,,,2.3027760982513428,,
39,12301,,,2.301645040512085,,
39,12303,,,2.3049116134643555,,
39,12305,,,2.306718349456787,,
39,12307,,,2.3038222789764404,,
39,12309,,,2.3048624992370605,,
39,12311,,,2.30258846282959,,
39,12313,,,2.301996946334839,,
39,12315,,,2.302475929260254,,
39,12317,,,2.3026814460754395,,
39,12319,,,2.301907539367676,,
39,12321,,,2.301816940307617,,
39,12323,,,2.3041129112243652,,
39,12325,,,2.305649995803833,,
39,12327,,,2.30419921875,,
39,12329,,,2.301443338394165,,
39,12331,,,2.302964210510254,,
39,12333,,,2.302476167678833,,
39,12335,,,2.3017451763153076,,
39,12337,,,2.30519437789917,,
39,12339,,,2.3008484840393066,,
39,12341,,,2.3037571907043457,,
39,12343,,,2.3027238845825195,,
39,12345,,,2.3063838481903076,,
39,12347,,,2.304636001586914,,
39,12349,,,2.3040876388549805,,
39,12351,,,2.3004090785980225,,
39,12353,,,2.3021223545074463,,
39,12355,,,2.3024516105651855,,
39,12357,,,2.2999467849731445,,
39,12359,,,2.302932024002075,,
39,12361,,,2.307781457901001,,
39,12363,,,2.3046958446502686,,
39,12365,,,2.2997848987579346,,
39,12367,,,2.3037006855010986,,
39,12369,,,2.301339626312256,,
39,12371,,,2.3006322383880615,,
39,12373,,,2.2994115352630615,,
39,12375,,,2.3023526668548584,,
39,12377,,,2.303222179412842,,
39,12379,,,2.3015637397766113,,
39,12381,,,2.3021984100341797,,
39,12383,,,2.3037915229797363,,
39,12385,,,2.3021554946899414,,
39,12387,,,2.305466651916504,,
39,12389,,,2.305182456970215,,
39,12391,,,2.302330493927002,,
39,12393,,,2.3042590618133545,,
39,12395,,,2.3061208724975586,,
39,12397,,,2.300046920776367,,
39,12399,,,2.3018693923950195,,
39,12401,,,2.3052456378936768,,
39,12403,,,2.3040103912353516,,
39,12405,,,2.3045785427093506,,
39,12407,,,2.3043487071990967,,
39,12409,,,2.3042078018188477,,
39,12411,,,2.305148124694824,,
39,12413,,,2.303518772125244,,
39,12415,,,2.3037266731262207,,
39,12417,,,2.3034443855285645,,
39,12419,,,2.3038690090179443,,
39,12421,,,2.303896903991699,,
39,12423,,,2.3009324073791504,,
39,12425,,,2.302541732788086,,
39,12427,,,2.304645538330078,,
39,12429,,,2.306607484817505,,
39,12431,,,2.3052384853363037,,
39,12433,,,2.3038880825042725,,
39,12435,,,2.300774574279785,,
39,12437,,,2.3001997470855713,,
39,12439,,,2.3069310188293457,,
39,12441,,,2.3057589530944824,,
39,12443,,,2.3040659427642822,,
39,12445,,,2.3015527725219727,,
39,12447,,,2.3037362098693848,,
39,12449,,,2.3022923469543457,,
39,12451,,,2.305424451828003,,
39,12453,,,2.3034820556640625,,
39,12455,,,2.3022537231445312,,
39,12457,,,2.3017728328704834,,
39,12459,,,2.302340269088745,,
39,12461,,,2.3051817417144775,,
39,12463,,,2.303813934326172,,
39,12465,,,2.3038830757141113,,
39,12467,,,2.302900552749634,,
39,12469,,,2.302356481552124,,
39,12471,,,2.306591510772705,,
39,12473,,,2.304307699203491,,
39,12475,,,2.3058114051818848,,
39,12477,,,2.3068079948425293,,
39,12479,,,2.3029468059539795,,
39,12481,,,2.3030447959899902,,
39,12483,,,2.303246259689331,,
39,12485,,,2.3033952713012695,,
39,12487,,,2.3013343811035156,,
39,12489,,,2.303056478500366,,
39,12491,,,2.3037548065185547,,
39,12493,,,2.3000082969665527,,
39,12495,,,2.3032617568969727,,
39,12497,,,2.305744171142578,,
39,12499,,,2.303868293762207,,
39,12501,,,2.302388906478882,,
39,12503,,,2.302478313446045,,
39,12505,,,2.305910110473633,,
39,12507,,,2.306098222732544,,
39,12509,,,2.3023762702941895,,
39,12511,,,2.303812026977539,,
39,12513,,,2.3043408393859863,,
39,12515,,,2.3017873764038086,,
39,12517,,,2.3021433353424072,,
39,12519,,,2.3029561042785645,,
39,12519,,,,0.46549999713897705,2.2824220657348633
40,12521,,,2.3036911487579346,,
40,12523,,,2.303006172180176,,
40,12525,,,2.3036704063415527,,
40,12527,,,2.303234100341797,,
40,12529,,,2.3040828704833984,,
40,12531,,,2.301948308944702,,
40,12533,,,2.3044564723968506,,
40,12535,,,2.3024110794067383,,
40,12537,,,2.3023557662963867,,
40,12539,,,2.305358409881592,,
40,12541,,,2.3011977672576904,,
40,12543,,,2.3047056198120117,,
40,12545,,,2.3032166957855225,,
40,12547,,,2.300713539123535,,
40,12549,,,2.3026504516601562,,
40,12551,,,2.3037707805633545,,
40,12553,,,2.3056859970092773,,
40,12555,,,2.3031651973724365,,
40,12557,,,2.30269455909729,,
40,12559,,,2.303518533706665,,
40,12561,,,2.302849769592285,,
40,12563,,,2.303712844848633,,
40,12565,,,2.302830696105957,,
40,12567,,,2.3037328720092773,,
40,12569,,,2.3036465644836426,,
40,12571,,,2.3059442043304443,,
40,12573,,,2.305107593536377,,
40,12575,,,2.303828477859497,,
40,12577,,,2.3050103187561035,,
40,12579,,,2.301154613494873,,
40,12581,,,2.3024849891662598,,
40,12583,,,2.304701805114746,,
40,12585,,,2.306412696838379,,
40,12587,,,2.3044798374176025,,
40,12589,,,2.3021814823150635,,
40,12591,,,2.302057981491089,,
40,12593,,,2.302000045776367,,
40,12595,,,2.304009199142456,,
40,12597,,,2.3012962341308594,,
40,12599,,,2.3043065071105957,,
40,12601,,,2.302248239517212,,
40,12603,,,2.3047361373901367,,
40,12605,,,2.301339626312256,,
40,12607,,,2.3037331104278564,,
40,12609,,,2.3050596714019775,,
40,12611,,,2.3029682636260986,,
40,12613,,,2.3047995567321777,,
40,12615,,,2.303725242614746,,
40,12617,,,2.3037350177764893,,
40,12619,,,2.3049111366271973,,
40,12621,,,2.3034114837646484,,
40,12623,,,2.303046226501465,,
40,12625,,,2.302985906600952,,
40,12627,,,2.30344820022583,,
40,12629,,,2.301820993423462,,
40,12631,,,2.3022091388702393,,
40,12633,,,2.3039002418518066,,
40,12635,,,2.300910711288452,,
40,12637,,,2.3028628826141357,,
40,12639,,,2.303952693939209,,
40,12641,,,2.301156520843506,,
40,12643,,,2.304619312286377,,
40,12645,,,2.304816484451294,,
40,12647,,,2.3066933155059814,,
40,12649,,,2.3007874488830566,,
40,12651,,,2.305100440979004,,
40,12653,,,2.302018165588379,,
40,12655,,,2.301042079925537,,
40,12657,,,2.302481174468994,,
40,12659,,,2.302635431289673,,
40,12661,,,2.3034090995788574,,
40,12663,,,2.302954912185669,,
40,12665,,,2.3033621311187744,,
40,12667,,,2.3031163215637207,,
40,12669,,,2.3030452728271484,,
40,12671,,,2.3011999130249023,,
40,12673,,,2.3030970096588135,,
40,12675,,,2.303948402404785,,
40,12677,,,2.303256034851074,,
40,12679,,,2.3046483993530273,,
40,12681,,,2.3017959594726562,,
40,12683,,,2.3022520542144775,,
40,12685,,,2.3041813373565674,,
40,12687,,,2.3013010025024414,,
40,12689,,,2.3020787239074707,,
40,12691,,,2.303152084350586,,
40,12693,,,2.3068583011627197,,
40,12695,,,2.301687717437744,,
40,12697,,,2.300107479095459,,
40,12699,,,2.302724838256836,,
40,12701,,,2.304300308227539,,
40,12703,,,2.307873010635376,,
40,12705,,,2.305103302001953,,
40,12707,,,2.300525665283203,,
40,12709,,,2.3041882514953613,,
40,12711,,,2.304781913757324,,
40,12713,,,2.304112195968628,,
40,12715,,,2.3036725521087646,,
40,12717,,,2.3030242919921875,,
40,12719,,,2.30118989944458,,
40,12721,,,2.3041181564331055,,
40,12723,,,2.3058807849884033,,
40,12725,,,2.3050451278686523,,
40,12727,,,2.3032965660095215,,
40,12729,,,2.3024826049804688,,
40,12731,,,2.3058371543884277,,
40,12733,,,2.3031604290008545,,
40,12735,,,2.3048248291015625,,
40,12737,,,2.3020896911621094,,
40,12739,,,2.3034934997558594,,
40,12741,,,2.304501533508301,,
40,12743,,,2.3025729656219482,,
40,12745,,,2.300291061401367,,
40,12747,,,2.3036701679229736,,
40,12749,,,2.303755760192871,,
40,12751,,,2.30318021774292,,
40,12753,,,2.3012242317199707,,
40,12755,,,2.3039937019348145,,
40,12757,,,2.303183078765869,,
40,12759,,,2.3022918701171875,,
40,12761,,,2.303940773010254,,
40,12763,,,2.3034543991088867,,
40,12765,,,2.304365634918213,,
40,12767,,,2.3024325370788574,,
40,12769,,,2.302666664123535,,
40,12771,,,2.301304578781128,,
40,12773,,,2.3049216270446777,,
40,12775,,,2.3056235313415527,,
40,12777,,,2.3025829792022705,,
40,12779,,,2.304629325866699,,
40,12781,,,2.3032572269439697,,
40,12783,,,2.3013298511505127,,
40,12785,,,2.3031551837921143,,
40,12787,,,2.3024654388427734,,
40,12789,,,2.302158832550049,,
40,12791,,,2.3014519214630127,,
40,12793,,,2.3054511547088623,,
40,12795,,,2.3013267517089844,,
40,12797,,,2.3024251461029053,,
40,12799,,,2.301422595977783,,
40,12801,,,2.3002543449401855,,
40,12803,,,2.304781913757324,,
40,12805,,,2.303433895111084,,
40,12807,,,2.3037123680114746,,
40,12809,,,2.301997184753418,,
40,12811,,,2.304306983947754,,
40,12813,,,2.3029093742370605,,
40,12815,,,2.304415225982666,,
40,12817,,,2.299396514892578,,
40,12819,,,2.3045785427093506,,
40,12821,,,2.3035950660705566,,
40,12823,,,2.30173921585083,,
40,12825,,,2.303271770477295,,
40,12827,,,2.30346941947937,,
40,12829,,,2.3027825355529785,,
40,12831,,,2.3046042919158936,,
40,12832,,,,0.18254999816417694,2.2976245880126953
41,12833,,,2.301470994949341,,
41,12835,,,2.3036141395568848,,
41,12837,,,2.3042407035827637,,
41,12839,,,2.300370931625366,,
41,12841,,,2.303778648376465,,
41,12843,,,2.3058857917785645,,
41,12845,,,2.304046630859375,,
41,12847,,,2.3058645725250244,,
41,12849,,,2.3057985305786133,,
41,12851,,,2.3018884658813477,,
41,12853,,,2.3029961585998535,,
41,12855,,,2.3058619499206543,,
41,12857,,,2.3008713722229004,,
41,12859,,,2.3047518730163574,,
41,12861,,,2.3036324977874756,,
41,12863,,,2.305260181427002,,
41,12865,,,2.3029074668884277,,
41,12867,,,2.30252742767334,,
41,12869,,,2.304734706878662,,
41,12871,,,2.305417537689209,,
41,12873,,,2.303041934967041,,
41,12875,,,2.303534507751465,,
41,12877,,,2.3037540912628174,,
41,12879,,,2.302006721496582,,
41,12881,,,2.3033411502838135,,
41,12883,,,2.303406000137329,,
41,12885,,,2.3040359020233154,,
41,12887,,,2.303638458251953,,
41,12889,,,2.302933692932129,,
41,12891,,,2.303668260574341,,
41,12893,,,2.303122043609619,,
41,12895,,,2.3032779693603516,,
41,12897,,,2.3045761585235596,,
41,12899,,,2.305997610092163,,
41,12901,,,2.304079532623291,,
41,12903,,,2.3012704849243164,,
41,12905,,,2.3016839027404785,,
41,12907,,,2.3015079498291016,,
41,12909,,,2.3028218746185303,,
41,12911,,,2.301438808441162,,
41,12913,,,2.3029091358184814,,
41,12915,,,2.299626588821411,,
41,12917,,,2.302818536758423,,
41,12919,,,2.306370735168457,,
41,12921,,,2.3016862869262695,,
41,12923,,,2.3038463592529297,,
41,12925,,,2.305145740509033,,
41,12927,,,2.302961826324463,,
41,12929,,,2.3011629581451416,,
41,12931,,,2.307204484939575,,
41,12933,,,2.30300235748291,,
41,12935,,,2.3020100593566895,,
41,12937,,,2.3042261600494385,,
41,12939,,,2.302889108657837,,
41,12941,,,2.3020341396331787,,
41,12943,,,2.302739381790161,,
41,12945,,,2.3049724102020264,,
41,12947,,,2.3016960620880127,,
41,12949,,,2.300729513168335,,
41,12951,,,2.305593252182007,,
41,12953,,,2.302058219909668,,
41,12955,,,2.3035576343536377,,
41,12957,,,2.3063735961914062,,
41,12959,,,2.3020315170288086,,
41,12961,,,2.3035242557525635,,
41,12963,,,2.3030123710632324,,
41,12965,,,2.303158760070801,,
41,12967,,,2.3017683029174805,,
41,12969,,,2.3019752502441406,,
41,12971,,,2.3027312755584717,,
41,12973,,,2.302957534790039,,
41,12975,,,2.3019211292266846,,
41,12977,,,2.3034918308258057,,
41,12979,,,2.302645683288574,,
41,12981,,,2.301182270050049,,
41,12983,,,2.3038711547851562,,
41,12985,,,2.304908275604248,,
41,12987,,,2.3050363063812256,,
41,12989,,,2.3049135208129883,,
41,12991,,,2.3033690452575684,,
41,12993,,,2.3022141456604004,,
41,12995,,,2.3054709434509277,,
41,12997,,,2.3003687858581543,,
41,12999,,,2.2999839782714844,,
41,13001,,,2.3053877353668213,,
41,13003,,,2.3039374351501465,,
41,13005,,,2.305694580078125,,
41,13007,,,2.3062615394592285,,
41,13009,,,2.3043882846832275,,
41,13011,,,2.303168773651123,,
41,13013,,,2.3011255264282227,,
41,13015,,,2.3034322261810303,,
41,13017,,,2.3030171394348145,,
41,13019,,,2.302370071411133,,
41,13021,,,2.3028738498687744,,
41,13023,,,2.3021240234375,,
41,13025,,,2.3038458824157715,,
41,13027,,,2.3034262657165527,,
41,13029,,,2.3005666732788086,,
41,13031,,,2.302894115447998,,
41,13033,,,2.3011388778686523,,
41,13035,,,2.3052968978881836,,
41,13037,,,2.3036270141601562,,
41,13039,,,2.302210569381714,,
41,13041,,,2.3064067363739014,,
41,13043,,,2.301823377609253,,
41,13045,,,2.3017330169677734,,
41,13047,,,2.3031954765319824,,
41,13049,,,2.3032121658325195,,
41,13051,,,2.3044991493225098,,
41,13053,,,2.303359031677246,,
41,13055,,,2.304931163787842,,
41,13057,,,2.302504539489746,,
41,13059,,,2.303602695465088,,
41,13061,,,2.300750255584717,,
41,13063,,,2.3041388988494873,,
41,13065,,,2.303270101547241,,
41,13067,,,2.3018813133239746,,
41,13069,,,2.303914785385132,,
41,13071,,,2.300074577331543,,
41,13073,,,2.3010542392730713,,
41,13075,,,2.3015999794006348,,
41,13077,,,2.303921937942505,,
41,13079,,,2.305744171142578,,
41,13081,,,2.3054308891296387,,
41,13083,,,2.3089494705200195,,
41,13085,,,2.3011727333068848,,
41,13087,,,2.3040199279785156,,
41,13089,,,2.3056206703186035,,
41,13091,,,2.3023810386657715,,
41,13093,,,2.304046630859375,,
41,13095,,,2.3034536838531494,,
41,13097,,,2.302992343902588,,
41,13099,,,2.303851842880249,,
41,13101,,,2.301185369491577,,
41,13103,,,2.3060998916625977,,
41,13105,,,2.3013665676116943,,
41,13107,,,2.3013179302215576,,
41,13109,,,2.3038597106933594,,
41,13111,,,2.3009119033813477,,
41,13113,,,2.303424596786499,,
41,13115,,,2.3077030181884766,,
41,13117,,,2.3048758506774902,,
41,13119,,,2.3031368255615234,,
41,13121,,,2.3066470623016357,,
41,13123,,,2.302687168121338,,
41,13125,,,2.3028454780578613,,
41,13127,,,2.3010311126708984,,
41,13129,,,2.303905725479126,,
41,13131,,,2.303600311279297,,
41,13133,,,2.3037352561950684,,
41,13135,,,2.303175926208496,,
41,13137,,,2.3048224449157715,,
41,13139,,,2.302760601043701,,
41,13141,,,2.3046038150787354,,
41,13143,,,2.3019163608551025,,
41,13145,,,2.303143262863159,,
41,13145,,,,0.0012499999720603228,2.3063342571258545
42,13147,,,2.301400661468506,,
42,13149,,,2.3036835193634033,,
42,13151,,,2.3019957542419434,,
42,13153,,,2.3032941818237305,,
42,13155,,,2.3044819831848145,,
42,13157,,,2.3047404289245605,,
42,13159,,,2.30696964263916,,
42,13161,,,2.3024144172668457,,
42,13163,,,2.3034045696258545,,
42,13165,,,2.3022000789642334,,
42,13167,,,2.3035929203033447,,
42,13169,,,2.3048624992370605,,
42,13171,,,2.3040506839752197,,
42,13173,,,2.303075075149536,,
42,13175,,,2.3034284114837646,,
42,13177,,,2.3056652545928955,,
42,13179,,,2.3049561977386475,,
42,13181,,,2.301913261413574,,
42,13183,,,2.3034210205078125,,
42,13185,,,2.300792694091797,,
42,13187,,,2.3015027046203613,,
42,13189,,,2.3051812648773193,,
42,13191,,,2.3013978004455566,,
42,13193,,,2.3012187480926514,,
42,13195,,,2.301795482635498,,
42,13197,,,2.3033814430236816,,
42,13199,,,2.3027422428131104,,
42,13201,,,2.304534673690796,,
42,13203,,,2.3029427528381348,,
42,13205,,,2.3045144081115723,,
42,13207,,,2.3023159503936768,,
42,13209,,,2.301649570465088,,
42,13211,,,2.3016533851623535,,
42,13213,,,2.3030900955200195,,
42,13215,,,2.302962064743042,,
42,13217,,,2.305894374847412,,
42,13219,,,2.3041958808898926,,
42,13221,,,2.3037803173065186,,
42,13223,,,2.302335739135742,,
42,13225,,,2.3046629428863525,,
42,13227,,,2.303192377090454,,
42,13229,,,2.3031747341156006,,
42,13231,,,2.3026928901672363,,
42,13233,,,2.3026301860809326,,
42,13235,,,2.304166555404663,,
42,13237,,,2.302849769592285,,
42,13239,,,2.3037986755371094,,
42,13241,,,2.303086757659912,,
42,13243,,,2.3006017208099365,,
42,13245,,,2.304347515106201,,
42,13247,,,2.3019208908081055,,
42,13249,,,2.3031108379364014,,
42,13251,,,2.301931381225586,,
42,13253,,,2.3028345108032227,,
42,13255,,,2.3038265705108643,,
42,13257,,,2.3039751052856445,,
42,13259,,,2.304825782775879,,
42,13261,,,2.303713083267212,,
42,13263,,,2.3023886680603027,,
42,13265,,,2.3036086559295654,,
42,13267,,,2.304044723510742,,
42,13269,,,2.3022594451904297,,
42,13271,,,2.3024094104766846,,
42,13273,,,2.3016438484191895,,
42,13275,,,2.3027944564819336,,
42,13277,,,2.3010036945343018,,
42,13279,,,2.3040213584899902,,
42,13281,,,2.302885055541992,,
42,13283,,,2.3027477264404297,,
42,13285,,,2.303436517715454,,
42,13287,,,2.3029870986938477,,
42,13289,,,2.3011045455932617,,
42,13291,,,2.303145170211792,,
42,13293,,,2.3048782348632812,,
42,13295,,,2.303844928741455,,
42,13297,,,2.3040432929992676,,
42,13299,,,2.302328586578369,,
42,13301,,,2.301378011703491,,
42,13303,,,2.3053460121154785,,
42,13305,,,2.3051912784576416,,
42,13307,,,2.302793502807617,,
42,13309,,,2.299757957458496,,
42,13311,,,2.302807569503784,,
42,13313,,,2.303985595703125,,
42,13315,,,2.304978370666504,,
42,13317,,,2.3006508350372314,,
42,13319,,,2.302767753601074,,
42,13321,,,2.304654598236084,,
42,13323,,,2.3033461570739746,,
42,13325,,,2.3035664558410645,,
42,13327,,,2.3015599250793457,,
42,13329,,,2.302293539047241,,
42,13331,,,2.3020873069763184,,
42,13333,,,2.30084490776062,,
42,13335,,,2.303971290588379,,
42,13337,,,2.301163673400879,,
42,13339,,,2.3035426139831543,,
42,13341,,,2.304586172103882,,
42,13343,,,2.3019533157348633,,
42,13345,,,2.303441047668457,,
42,13347,,,2.299799919128418,,
42,13349,,,2.3032360076904297,,
42,13351,,,2.3030381202697754,,
42,13353,,,2.3056628704071045,,
42,13355,,,2.3022398948669434,,
42,13357,,,2.3042593002319336,,
42,13359,,,2.304241895675659,,
42,13361,,,2.3053383827209473,,
42,13363,,,2.3023295402526855,,
42,13365,,,2.301360607147217,,
42,13367,,,2.300541639328003,,
42,13369,,,2.3053438663482666,,
42,13371,,,2.3022453784942627,,
42,13373,,,2.300388813018799,,
42,13375,,,2.3008170127868652,,
42,13377,,,2.3025736808776855,,
42,13379,,,2.3005387783050537,,
42,13381,,,2.302450656890869,,
42,13383,,,2.299119472503662,,
42,13385,,,2.301976203918457,,
42,13387,,,2.3079023361206055,,
42,13389,,,2.3014779090881348,,
42,13391,,,2.303360939025879,,
42,13393,,,2.299085855484009,,
42,13395,,,2.302964687347412,,
42,13397,,,2.305123805999756,,
42,13399,,,2.3023366928100586,,
42,13401,,,2.306878089904785,,
42,13403,,,2.304311752319336,,
42,13405,,,2.3032326698303223,,
42,13407,,,2.306298017501831,,
42,13409,,,2.3024415969848633,,
42,13411,,,2.3047590255737305,,
42,13413,,,2.3009138107299805,,
42,13415,,,2.30409574508667,,
42,13417,,,2.305650234222412,,
42,13419,,,2.3017563819885254,,
42,13421,,,2.30568790435791,,
42,13423,,,2.303561210632324,,
42,13425,,,2.302403688430786,,
42,13427,,,2.302158832550049,,
42,13429,,,2.304882526397705,,
42,13431,,,2.3047008514404297,,
42,13433,,,2.3042490482330322,,
42,13435,,,2.3037219047546387,,
42,13437,,,2.302826166152954,,
42,13439,,,2.303450107574463,,
42,13441,,,2.3031702041625977,,
42,13443,,,2.303600788116455,,
42,13445,,,2.305457353591919,,
42,13447,,,2.302621364593506,,
42,13449,,,2.3040008544921875,,
42,13451,,,2.302495002746582,,
42,13453,,,2.3031678199768066,,
42,13455,,,2.302696704864502,,
42,13457,,,2.3028104305267334,,
42,13458,,,,0.06274999678134918,2.2995545864105225
43,13459,,,2.304978370666504,,
43,13461,,,2.3024659156799316,,
43,13463,,,2.301785469055176,,
43,13465,,,2.3040833473205566,,
43,13467,,,2.301995277404785,,
43,13469,,,2.305124044418335,,
43,13471,,,2.302868127822876,,
43,13473,,,2.3035879135131836,,
43,13475,,,2.303582191467285,,
43,13477,,,2.301697254180908,,
43,13479,,,2.3025341033935547,,
43,13481,,,2.3025963306427,,
43,13483,,,2.3030686378479004,,
43,13485,,,2.301609754562378,,
43,13487,,,2.305917739868164,,
43,13489,,,2.3034119606018066,,
43,13491,,,2.302828788757324,,
43,13493,,,2.302828550338745,,
43,13495,,,2.3025455474853516,,
43,13497,,,2.304710626602173,,
43,13499,,,2.303260326385498,,
43,13501,,,2.303313732147217,,
43,13503,,,2.3038952350616455,,
43,13505,,,2.3030457496643066,,
43,13507,,,2.3032541275024414,,
43,13509,,,2.30490779876709,,
43,13511,,,2.30322003364563,,
43,13513,,,2.303835868835449,,
43,13515,,,2.302678346633911,,
43,13517,,,2.3024935722351074,,
43,13519,,,2.303654670715332,,
43,13521,,,2.303516387939453,,
43,13523,,,2.2991175651550293,,
43,13525,,,2.30289888381958,,
43,13527,,,2.3046796321868896,,
43,13529,,,2.3041162490844727,,
43,13531,,,2.3025660514831543,,
43,13533,,,2.3031983375549316,,
43,13535,,,2.303706169128418,,
43,13537,,,2.304210662841797,,
43,13539,,,2.30256986618042,,
43,13541,,,2.3045668601989746,,
43,13543,,,2.3012290000915527,,
43,13545,,,2.305001974105835,,
43,13547,,,2.3014280796051025,,
43,13549,,,2.304964065551758,,
43,13551,,,2.3029897212982178,,
43,13553,,,2.3022897243499756,,
43,13555,,,2.303551197052002,,
43,13557,,,2.304708242416382,,
43,13559,,,2.3016440868377686,,
43,13561,,,2.302126407623291,,
43,13563,,,2.302334785461426,,
43,13565,,,2.302293300628662,,
43,13567,,,2.303058385848999,,
43,13569,,,2.3061537742614746,,
43,13571,,,2.30277681350708,,
43,13573,,,2.3024959564208984,,
43,13575,,,2.3024396896362305,,
43,13577,,,2.299743890762329,,
43,13579,,,2.302147150039673,,
43,13581,,,2.3025665283203125,,
43,13583,,,2.3066248893737793,,
43,13585,,,2.3074748516082764,,
43,13587,,,2.30458402633667,,
43,13589,,,2.3034279346466064,,
43,13591,,,2.3019022941589355,,
43,13593,,,2.3040659427642822,,
43,13595,,,2.3030362129211426,,
43,13597,,,2.3028564453125,,
43,13599,,,2.3028388023376465,,
43,13601,,,2.3043136596679688,,
43,13603,,,2.302027463912964,,
43,13605,,,2.3037428855895996,,
43,13607,,,2.302422523498535,,
43,13609,,,2.3016397953033447,,
43,13611,,,2.299203395843506,,
43,13613,,,2.3051819801330566,,
43,13615,,,2.305330514907837,,
43,13617,,,2.3039517402648926,,
43,13619,,,2.3030056953430176,,
43,13621,,,2.3005456924438477,,
43,13623,,,2.3016204833984375,,
43,13625,,,2.302999496459961,,
43,13627,,,2.3044214248657227,,
43,13629,,,2.3023123741149902,,
43,13631,,,2.301790237426758,,
43,13633,,,2.3031389713287354,,
43,13635,,,2.3022401332855225,,
43,13637,,,2.300959587097168,,
43,13639,,,2.302359104156494,,
43,13641,,,2.3036656379699707,,
43,13643,,,2.300872802734375,,
43,13645,,,2.3029427528381348,,
43,13647,,,2.3019208908081055,,
43,13649,,,2.297276020050049,,
43,13651,,,2.3015692234039307,,
43,13653,,,2.3055009841918945,,
43,13655,,,2.306199789047241,,
43,13657,,,2.3007888793945312,,
43,13659,,,2.301670551300049,,
43,13661,,,2.3027100563049316,,
43,13663,,,2.3011398315429688,,
43,13665,,,2.3027191162109375,,
43,13667,,,2.302433490753174,,
43,13669,,,2.3048059940338135,,
43,13671,,,2.304302215576172,,
43,13673,,,2.3028950691223145,,
43,13675,,,2.3058407306671143,,
43,13677,,,2.3023815155029297,,
43,13679,,,2.3019237518310547,,
43,13681,,,2.3043389320373535,,
43,13683,,,2.300380229949951,,
43,13685,,,2.300903558731079,,
43,13687,,,2.3026976585388184,,
43,13689,,,2.304793119430542,,
43,13691,,,2.303830862045288,,
43,13693,,,2.3036468029022217,,
43,13695,,,2.3030431270599365,,
43,13697,,,2.3027639389038086,,
43,13699,,,2.3005990982055664,,
43,13701,,,2.302185535430908,,
43,13703,,,2.3038907051086426,,
43,13705,,,2.3025968074798584,,
43,13707,,,2.3045012950897217,,
43,13709,,,2.3019025325775146,,
43,13711,,,2.3019418716430664,,
43,13713,,,2.3029544353485107,,
43,13715,,,2.3069405555725098,,
43,13717,,,2.3030190467834473,,
43,13719,,,2.3010008335113525,,
43,13721,,,2.3017609119415283,,
43,13723,,,2.3019371032714844,,
43,13725,,,2.3030807971954346,,
43,13727,,,2.3040428161621094,,
43,13729,,,2.3024182319641113,,
43,13731,,,2.304386615753174,,
43,13733,,,2.3017172813415527,,
43,13735,,,2.3018298149108887,,
43,13737,,,2.3060479164123535,,
43,13739,,,2.3018651008605957,,
43,13741,,,2.3022618293762207,,
43,13743,,,2.303156614303589,,
43,13745,,,2.3033599853515625,,
43,13747,,,2.302584648132324,,
43,13749,,,2.302791118621826,,
43,13751,,,2.3003087043762207,,
43,13753,,,2.30593204498291,,
43,13755,,,2.305760383605957,,
43,13757,,,2.301243782043457,,
43,13759,,,2.3021814823150635,,
43,13761,,,2.3023717403411865,,
43,13763,,,2.304388999938965,,
43,13765,,,2.3034729957580566,,
43,13767,,,2.3056910037994385,,
43,13769,,,2.302971363067627,,
43,13771,,,2.3028903007507324,,
43,13771,,,,0.18254999816417694,2.3022572994232178
44,13773,,,2.303309917449951,,
44,13775,,,2.3044090270996094,,
44,13777,,,2.3034863471984863,,
44,13779,,,2.3044469356536865,,
44,13781,,,2.302095651626587,,
44,13783,,,2.3024137020111084,,
44,13785,,,2.305176019668579,,
44,13787,,,2.304206371307373,,
44,13789,,,2.306201457977295,,
44,13791,,,2.305562734603882,,
44,13793,,,2.3034064769744873,,
44,13795,,,2.3052449226379395,,
44,13797,,,2.30306339263916,,
44,13799,,,2.301644802093506,,
44,13801,,,2.305192232131958,,
44,13803,,,2.304661273956299,,
44,13805,,,2.3052873611450195,,
44,13807,,,2.303089141845703,,
44,13809,,,2.3040876388549805,,
44,13811,,,2.301877498626709,,
44,13813,,,2.3033862113952637,,
44,13815,,,2.304949998855591,,
44,13817,,,2.303224563598633,,
44,13819,,,2.3028101921081543,,
44,13821,,,2.3009963035583496,,
44,13823,,,2.3021016120910645,,
44,13825,,,2.3034133911132812,,
44,13827,,,2.3037075996398926,,
44,13829,,,2.3045055866241455,,
44,13831,,,2.3037803173065186,,
44,13833,,,2.3026280403137207,,
44,13835,,,2.3019213676452637,,
44,13837,,,2.3025012016296387,,
44,13839,,,2.3022661209106445,,
44,13841,,,2.3011221885681152,,
44,13843,,,2.3015270233154297,,
44,13845,,,2.302574634552002,,
44,13847,,,2.3027615547180176,,
44,13849,,,2.3063974380493164,,
44,13851,,,2.303152084350586,,
44,13853,,,2.303990364074707,,
44,13855,,,2.3032636642456055,,
44,13857,,,2.304119110107422,,
44,13859,,,2.3038058280944824,,
44,13861,,,2.3061606884002686,,
44,13863,,,2.3016281127929688,,
44,13865,,,2.3006420135498047,,
44,13867,,,2.3020591735839844,,
44,13869,,,2.3033156394958496,,
44,13871,,,2.3014161586761475,,
44,13873,,,2.301267623901367,,
44,13875,,,2.3047285079956055,,
44,13877,,,2.3058366775512695,,
44,13879,,,2.306917190551758,,
44,13881,,,2.3040874004364014,,
44,13883,,,2.3034822940826416,,
44,13885,,,2.3039896488189697,,
44,13887,,,2.30466890335083,,
44,13889,,,2.302239418029785,,
44,13891,,,2.3018264770507812,,
44,13893,,,2.304112672805786,,
44,13895,,,2.3026983737945557,,
44,13897,,,2.3024487495422363,,
44,13899,,,2.301420211791992,,
44,13901,,,2.300349235534668,,
44,13903,,,2.3033673763275146,,
44,13905,,,2.3041882514953613,,
44,13907,,,2.3039770126342773,,
44,13909,,,2.3023948669433594,,
44,13911,,,2.303772211074829,,
44,13913,,,2.3051810264587402,,
44,13915,,,2.3026065826416016,,
44,13917,,,2.304821252822876,,
44,13919,,,2.303009033203125,,
44,13921,,,2.3035497665405273,,
44,13923,,,2.3029494285583496,,
44,13925,,,2.30680775642395,,
44,13927,,,2.3044869899749756,,
44,13929,,,2.3041141033172607,,
44,13931,,,2.303706169128418,,
44,13933,,,2.302464485168457,,
44,13935,,,2.300769329071045,,
44,13937,,,2.304281711578369,,
44,13939,,,2.3032283782958984,,
44,13941,,,2.3015778064727783,,
44,13943,,,2.3051340579986572,,
44,13945,,,2.302672863006592,,
44,13947,,,2.3025968074798584,,
44,13949,,,2.304764747619629,,
44,13951,,,2.3021788597106934,,
44,13953,,,2.303982734680176,,
44,13955,,,2.303262233734131,,
44,13957,,,2.3021607398986816,,
44,13959,,,2.306148052215576,,
44,13961,,,2.3015339374542236,,
44,13963,,,2.3058910369873047,,
44,13965,,,2.299926996231079,,
44,13967,,,2.3055033683776855,,
44,13969,,,2.304050922393799,,
44,13971,,,2.3011324405670166,,
44,13973,,,2.302417278289795,,
44,13975,,,2.302794933319092,,
44,13977,,,2.3025786876678467,,
44,13979,,,2.301529884338379,,
44,13981,,,2.304140090942383,,
44,13983,,,2.303715467453003,,
44,13985,,,2.3013083934783936,,
44,13987,,,2.3010144233703613,,
44,13989,,,2.304917573928833,,
44,13991,,,2.3037281036376953,,
44,13993,,,2.305192470550537,,
44,13995,,,2.3048033714294434,,
44,13997,,,2.3055880069732666,,
44,13999,,,2.303081512451172,,
44,14001,,,2.301527500152588,,
44,14003,,,2.302802085876465,,
44,14005,,,2.303196907043457,,
44,14007,,,2.3020339012145996,,
44,14009,,,2.304569721221924,,
44,14011,,,2.3019325733184814,,
44,14013,,,2.3041329383850098,,
44,14015,,,2.302044630050659,,
44,14017,,,2.30191707611084,,
44,14019,,,2.3048486709594727,,
44,14021,,,2.3027687072753906,,
44,14023,,,2.303892135620117,,
44,14025,,,2.3025307655334473,,
44,14027,,,2.3020827770233154,,
44,14029,,,2.304598093032837,,
44,14031,,,2.305143356323242,,
44,14033,,,2.3041772842407227,,
44,14035,,,2.3044707775115967,,
44,14037,,,2.3022940158843994,,
44,14039,,,2.3032407760620117,,
44,14041,,,2.3032164573669434,,
44,14043,,,2.304511308670044,,
44,14045,,,2.304147958755493,,
44,14047,,,2.302737236022949,,
44,14049,,,2.30450701713562,,
44,14051,,,2.302341938018799,,
44,14053,,,2.3017423152923584,,
44,14055,,,2.2999258041381836,,
44,14057,,,2.299891948699951,,
44,14059,,,2.298593521118164,,
44,14061,,,2.3017847537994385,,
44,14063,,,2.3032760620117188,,
44,14065,,,2.3092122077941895,,
44,14067,,,2.3045597076416016,,
44,14069,,,2.3034861087799072,,
44,14071,,,2.3022632598876953,,
44,14073,,,2.301069498062134,,
44,14075,,,2.304056167602539,,
44,14077,,,2.3027167320251465,,
44,14079,,,2.3021788597106934,,
44,14081,,,2.3039894104003906,,
44,14083,,,2.303715705871582,,
44,14084,,,,0.0012499999720603228,2.3061447143554688
45,14085,,,2.303023338317871,,
45,14087,,,2.300576686859131,,
45,14089,,,2.3017826080322266,,
45,14091,,,2.304546356201172,,
45,14093,,,2.3042798042297363,,
45,14095,,,2.3040456771850586,,
45,14097,,,2.3023736476898193,,
45,14099,,,2.3024978637695312,,
45,14101,,,2.303738594055176,,
45,14103,,,2.302318572998047,,
45,14105,,,2.304431200027466,,
45,14107,,,2.3026177883148193,,
45,14109,,,2.302299737930298,,
45,14111,,,2.304622173309326,,
45,14113,,,2.303374767303467,,
45,14115,,,2.30251407623291,,
45,14117,,,2.303353786468506,,
45,14119,,,2.301055431365967,,
45,14121,,,2.302389621734619,,
45,14123,,,2.305079221725464,,
45,14125,,,2.305321216583252,,
45,14127,,,2.306290626525879,,
45,14129,,,2.303924083709717,,
45,14131,,,2.3017961978912354,,
45,14133,,,2.304090976715088,,
45,14135,,,2.302356481552124,,
45,14137,,,2.3045437335968018,,
45,14139,,,2.303150177001953,,
45,14141,,,2.303555488586426,,
45,14143,,,2.303218364715576,,
45,14145,,,2.305349349975586,,
45,14147,,,2.304172992706299,,
45,14149,,,2.302762985229492,,
45,14151,,,2.3049728870391846,,
45,14153,,,2.303593158721924,,
45,14155,,,2.300175666809082,,
45,14157,,,2.304337501525879,,
45,14159,,,2.3039052486419678,,
45,14161,,,2.299438953399658,,
45,14163,,,2.3040881156921387,,
45,14165,,,2.30439829826355,,
45,14167,,,2.2996864318847656,,
45,14169,,,2.305737018585205,,
45,14171,,,2.304016590118408,,
45,14173,,,2.305312395095825,,
45,14175,,,2.3046927452087402,,
45,14177,,,2.303913116455078,,
45,14179,,,2.3024473190307617,,
45,14181,,,2.3041388988494873,,
45,14183,,,2.301131248474121,,
45,14185,,,2.302882194519043,,
45,14187,,,2.301473617553711,,
45,14189,,,2.303805112838745,,
45,14191,,,2.301591157913208,,
45,14193,,,2.3031005859375,,
45,14195,,,2.303529739379883,,
45,14197,,,2.3008580207824707,,
45,14199,,,2.303154468536377,,
45,14201,,,2.3026630878448486,,
45,14203,,,2.3027291297912598,,
45,14205,,,2.302852153778076,,
45,14207,,,2.3014562129974365,,
45,14209,,,2.301738739013672,,
45,14211,,,2.3045763969421387,,
45,14213,,,2.301163673400879,,
45,14215,,,2.3020005226135254,,
45,14217,,,2.304819345474243,,
45,14219,,,2.304851770401001,,
45,14221,,,2.3033840656280518,,
45,14223,,,2.3030660152435303,,
45,14225,,,2.30383563041687,,
45,14227,,,2.3030900955200195,,
45,14229,,,2.3037760257720947,,
45,14231,,,2.3041787147521973,,
45,14233,,,2.3023910522460938,,
45,14235,,,2.304379940032959,,
45,14237,,,2.3029990196228027,,
45,14239,,,2.302993059158325,,
45,14241,,,2.3021979331970215,,
45,14243,,,2.3030006885528564,,
45,14245,,,2.3038218021392822,,
45,14247,,,2.304429531097412,,
45,14249,,,2.3028454780578613,,
45,14251,,,2.3044891357421875,,
45,14253,,,2.302030324935913,,
45,14255,,,2.3038787841796875,,
45,14257,,,2.3029444217681885,,
45,14259,,,2.3022384643554688,,
45,14261,,,2.3032870292663574,,
45,14263,,,2.3030028343200684,,
45,14265,,,2.3031489849090576,,
45,14267,,,2.302700996398926,,
45,14269,,,2.3029582500457764,,
45,14271,,,2.3043694496154785,,
45,14273,,,2.301237106323242,,
45,14275,,,2.3036997318267822,,
45,14277,,,2.299391031265259,,
45,14279,,,2.303427219390869,,
45,14281,,,2.3026785850524902,,
45,14283,,,2.30635929107666,,
45,14285,,,2.304953098297119,,
45,14287,,,2.3031961917877197,,
45,14289,,,2.302621364593506,,
45,14291,,,2.303429126739502,,
45,14293,,,2.305800199508667,,
45,14295,,,2.301682472229004,,
45,14297,,,2.301103115081787,,
45,14299,,,2.301516056060791,,
45,14301,,,2.302499294281006,,
45,14303,,,2.3042635917663574,,
45,14305,,,2.3031320571899414,,
45,14307,,,2.300065755844116,,
45,14309,,,2.304999828338623,,
45,14311,,,2.3009567260742188,,
45,14313,,,2.304203987121582,,
45,14315,,,2.3019955158233643,,
45,14317,,,2.303149938583374,,
45,14319,,,2.300236225128174,,
45,14321,,,2.303489923477173,,
45,14323,,,2.300718069076538,,
45,14325,,,2.3019747734069824,,
45,14327,,,2.304863929748535,,
45,14329,,,2.3038158416748047,,
45,14331,,,2.302161693572998,,
45,14333,,,2.300771713256836,,
45,14335,,,2.3054380416870117,,
45,14337,,,2.3031182289123535,,
45,14339,,,2.3028006553649902,,
45,14341,,,2.305368423461914,,
45,14343,,,2.3028528690338135,,
45,14345,,,2.3032054901123047,,
45,14347,,,2.302393674850464,,
45,14349,,,2.3018972873687744,,
45,14351,,,2.3017044067382812,,
45,14353,,,2.3029892444610596,,
45,14355,,,2.301539421081543,,
45,14357,,,2.3009109497070312,,
45,14359,,,2.3024630546569824,,
45,14361,,,2.3017995357513428,,
45,14363,,,2.303187370300293,,
45,14365,,,2.3034543991088867,,
45,14367,,,2.3027114868164062,,
45,14369,,,2.303755283355713,,
45,14371,,,2.2987658977508545,,
45,14373,,,2.305985927581787,,
45,14375,,,2.307051658630371,,
45,14377,,,2.302734136581421,,
45,14379,,,2.30484676361084,,
45,14381,,,2.303798198699951,,
45,14383,,,2.301194190979004,,
45,14385,,,2.302816152572632,,
45,14387,,,2.301328420639038,,
45,14389,,,2.3044519424438477,,
45,14391,,,2.3026416301727295,,
45,14393,,,2.3036515712738037,,
45,14395,,,2.3018722534179688,,
45,14397,,,2.3040080070495605,,
45,14397,,,,0.46549999713897705,2.290295362472534
46,14399,,,2.3036153316497803,,
46,14401,,,2.30257248878479,,
46,14403,,,2.3007278442382812,,
46,14405,,,2.30340576171875,,
46,14407,,,2.301571846008301,,
46,14409,,,2.3032946586608887,,
46,14411,,,2.3039333820343018,,
46,14413,,,2.3008034229278564,,
46,14415,,,2.303234100341797,,
46,14417,,,2.3030834197998047,,
46,14419,,,2.3050687313079834,,
46,14421,,,2.302748680114746,,
46,14423,,,2.3074822425842285,,
46,14425,,,2.3026678562164307,,
46,14427,,,2.3046326637268066,,
46,14429,,,2.3035690784454346,,
46,14431,,,2.3032851219177246,,
46,14433,,,2.3025593757629395,,
46,14435,,,2.3019416332244873,,
46,14437,,,2.302180290222168,,
46,14439,,,2.3036582469940186,,
46,14441,,,2.304443359375,,
46,14443,,,2.3039631843566895,,
46,14445,,,2.302647352218628,,
46,14447,,,2.302999496459961,,
46,14449,,,2.3031082153320312,,
46,14451,,,2.3019206523895264,,
46,14453,,,2.300776481628418,,
46,14455,,,2.303534507751465,,
46,14457,,,2.304152488708496,,
46,14459,,,2.3075149059295654,,
46,14461,,,2.3045520782470703,,
46,14463,,,2.3033523559570312,,
46,14465,,,2.3021974563598633,,
46,14467,,,2.3027942180633545,,
46,14469,,,2.302198886871338,,
46,14471,,,2.3029017448425293,,
46,14473,,,2.3028037548065186,,
46,14475,,,2.302983283996582,,
46,14477,,,2.3030924797058105,,
46,14479,,,2.3013253211975098,,
46,14481,,,2.3042755126953125,,
46,14483,,,2.3032517433166504,,
46,14485,,,2.3021082878112793,,
46,14487,,,2.3027596473693848,,
46,14489,,,2.304262399673462,,
46,14491,,,2.3038244247436523,,
46,14493,,,2.304417610168457,,
46,14495,,,2.3059029579162598,,
46,14497,,,2.301948070526123,,
46,14499,,,2.3030834197998047,,
46,14501,,,2.302497386932373,,
46,14503,,,2.3040618896484375,,
46,14505,,,2.304203748703003,,
46,14507,,,2.3025224208831787,,
46,14509,,,2.3013947010040283,,
46,14511,,,2.3035483360290527,,
46,14513,,,2.3050060272216797,,
46,14515,,,2.302635669708252,,
46,14517,,,2.305048942565918,,
46,14519,,,2.303135633468628,,
46,14521,,,2.3039188385009766,,
46,14523,,,2.302396774291992,,
46,14525,,,2.3045759201049805,,
46,14527,,,2.302907943725586,,
46,14529,,,2.3029327392578125,,
46,14531,,,2.303706169128418,,
46,14533,,,2.3031046390533447,,
46,14535,,,2.3019702434539795,,
46,14537,,,2.302896022796631,,
46,14539,,,2.3039848804473877,,
46,14541,,,2.303701877593994,,
46,14543,,,2.301179885864258,,
46,14545,,,2.301807165145874,,
46,14547,,,2.304922103881836,,
46,14549,,,2.302666187286377,,
46,14551,,,2.3014557361602783,,
46,14553,,,2.3043997287750244,,
46,14555,,,2.302048683166504,,
46,14557,,,2.3020386695861816,,
46,14559,,,2.3030858039855957,,
46,14561,,,2.3034214973449707,,
46,14563,,,2.303234577178955,,
46,14565,,,2.3018078804016113,,
46,14567,,,2.303142786026001,,
46,14569,,,2.3062167167663574,,
46,14571,,,2.3031396865844727,,
46,14573,,,2.3051328659057617,,
46,14575,,,2.303007125854492,,
46,14577,,,2.303208112716675,,
46,14579,,,2.2999305725097656,,
46,14581,,,2.304419994354248,,
46,14583,,,2.3014087677001953,,
46,14585,,,2.2986743450164795,,
46,14587,,,2.304943084716797,,
46,14589,,,2.305306911468506,,
46,14591,,,2.3046538829803467,,
46,14593,,,2.3037281036376953,,
46,14595,,,2.301664352416992,,
46,14597,,,2.30344295501709,,
46,14599,,,2.301872730255127,,
46,14601,,,2.3022665977478027,,
46,14603,,,2.305398464202881,,
46,14605,,,2.304337739944458,,
46,14607,,,2.3040390014648438,,
46,14609,,,2.3034701347351074,,
46,14611,,,2.3056931495666504,,
46,14613,,,2.303426742553711,,
46,14615,,,2.304396867752075,,
46,14617,,,2.3016154766082764,,
46,14619,,,2.3031704425811768,,
46,14621,,,2.302278518676758,,
46,14623,,,2.304206371307373,,
46,14625,,,2.3048152923583984,,
46,14627,,,2.3021838665008545,,
46,14629,,,2.3042469024658203,,
46,14631,,,2.3051533699035645,,
46,14633,,,2.3008663654327393,,
46,14635,,,2.3039586544036865,,
46,14637,,,2.302595376968384,,
46,14639,,,2.3021633625030518,,
46,14641,,,2.3031888008117676,,
46,14643,,,2.30349063873291,,
46,14645,,,2.3015542030334473,,
46,14647,,,2.3043832778930664,,
46,14649,,,2.3026716709136963,,
46,14651,,,2.3031368255615234,,
46,14653,,,2.3018388748168945,,
46,14655,,,2.302039623260498,,
46,14657,,,2.3029165267944336,,
46,14659,,,2.3016676902770996,,
46,14661,,,2.2993483543395996,,
46,14663,,,2.3019309043884277,,
46,14665,,,2.3044347763061523,,
46,14667,,,2.301414728164673,,
46,14669,,,2.3027286529541016,,
46,14671,,,2.3019495010375977,,
46,14673,,,2.302825927734375,,
46,14675,,,2.302917957305908,,
46,14677,,,2.3040428161621094,,
46,14679,,,2.3061184883117676,,
46,14681,,,2.303213119506836,,
46,14683,,,2.3052384853363037,,
46,14685,,,2.3027968406677246,,
46,14687,,,2.3036630153656006,,
46,14689,,,2.302083730697632,,
46,14691,,,2.3019821643829346,,
46,14693,,,2.30252742767334,,
46,14695,,,2.3030710220336914,,
46,14697,,,2.301309585571289,,
46,14699,,,2.305070400238037,,
46,14701,,,2.3028523921966553,,
46,14703,,,2.302495241165161,,
46,14705,,,2.3029239177703857,,
46,14707,,,2.3027234077453613,,
46,14709,,,2.3022561073303223,,
46,14710,,,,0.46549999713897705,2.2920491695404053
47,14711,,,2.303171157836914,,
47,14713,,,2.303321361541748,,
47,14715,,,2.304962158203125,,
47,14717,,,2.3021936416625977,,
47,14719,,,2.3017935752868652,,
47,14721,,,2.300983428955078,,
47,14723,,,2.300321102142334,,
47,14725,,,2.3032360076904297,,
47,14727,,,2.3049943447113037,,
47,14729,,,2.303668975830078,,
47,14731,,,2.3048973083496094,,
47,14733,,,2.3025269508361816,,
47,14735,,,2.302902936935425,,
47,14737,,,2.3028578758239746,,
47,14739,,,2.303309679031372,,
47,14741,,,2.302438259124756,,
47,14743,,,2.302504301071167,,
47,14745,,,2.3043932914733887,,
47,14747,,,2.3036656379699707,,
47,14749,,,2.302985668182373,,
47,14751,,,2.3014559745788574,,
47,14753,,,2.3037219047546387,,
47,14755,,,2.3017101287841797,,
47,14757,,,2.3036131858825684,,
47,14759,,,2.3031346797943115,,
47,14761,,,2.30303955078125,,
47,14763,,,2.3024816513061523,,
47,14765,,,2.3013949394226074,,
47,14767,,,2.3044981956481934,,
47,14769,,,2.3048532009124756,,
47,14771,,,2.3027660846710205,,
47,14773,,,2.302158832550049,,
47,14775,,,2.3033409118652344,,
47,14777,,,2.3017187118530273,,
47,14779,,,2.3052775859832764,,
47,14781,,,2.3053464889526367,,
47,14783,,,2.3027548789978027,,
47,14785,,,2.3037734031677246,,
47,14787,,,2.303659439086914,,
47,14789,,,2.3021774291992188,,
47,14791,,,2.302999973297119,,
47,14793,,,2.3038320541381836,,
47,14795,,,2.3045217990875244,,
47,14797,,,2.2995657920837402,,
47,14799,,,2.3001980781555176,,
47,14801,,,2.304131031036377,,
47,14803,,,2.3041224479675293,,
47,14805,,,2.304825782775879,,
47,14807,,,2.302692413330078,,
47,14809,,,2.3038978576660156,,
47,14811,,,2.3023204803466797,,
47,14813,,,2.3029797077178955,,
47,14815,,,2.3031516075134277,,
47,14817,,,2.3036301136016846,,
47,14819,,,2.3029911518096924,,
47,14821,,,2.3020505905151367,,
47,14823,,,2.30178165435791,,
47,14825,,,2.3024191856384277,,
47,14827,,,2.3032641410827637,,
47,14829,,,2.3036694526672363,,
47,14831,,,2.3049471378326416,,
47,14833,,,2.304670810699463,,
47,14835,,,2.3022680282592773,,
47,14837,,,2.303483486175537,,
47,14839,,,2.303170919418335,,
47,14841,,,2.3031740188598633,,
47,14843,,,2.3037033081054688,,
47,14845,,,2.3017704486846924,,
47,14847,,,2.303201198577881,,
47,14849,,,2.3025050163269043,,
47,14851,,,2.304455280303955,,
47,14853,,,2.3047986030578613,,
47,14855,,,2.3031768798828125,,
47,14857,,,2.304337978363037,,
47,14859,,,2.3026413917541504,,
47,14861,,,2.303229570388794,,
47,14863,,,2.3040995597839355,,
47,14865,,,2.3019232749938965,,
47,14867,,,2.302192449569702,,
47,14869,,,2.3027615547180176,,
47,14871,,,2.3047127723693848,,
47,14873,,,2.3034799098968506,,
47,14875,,,2.3024942874908447,,
47,14877,,,2.30413556098938,,
47,14879,,,2.303753614425659,,
47,14881,,,2.3026809692382812,,
47,14883,,,2.3033499717712402,,
47,14885,,,2.3029308319091797,,
47,14887,,,2.3017029762268066,,
47,14889,,,2.3040285110473633,,
47,14891,,,2.3011772632598877,,
47,14893,,,2.3038101196289062,,
47,14895,,,2.3010919094085693,,
47,14897,,,2.3021984100341797,,
47,14899,,,2.3022122383117676,,
47,14901,,,2.3022496700286865,,
47,14903,,,2.3032641410827637,,
47,14905,,,2.30328106880188,,
47,14907,,,2.3046412467956543,,
47,14909,,,2.3028550148010254,,
47,14911,,,2.3029699325561523,,
47,14913,,,2.302691698074341,,
47,14915,,,2.303053379058838,,
47,14917,,,2.30391263961792,,
47,14919,,,2.3024048805236816,,
47,14921,,,2.3037891387939453,,
47,14923,,,2.302440643310547,,
47,14925,,,2.3041129112243652,,
47,14927,,,2.3045544624328613,,
47,14929,,,2.3025288581848145,,
47,14931,,,2.3019802570343018,,
47,14933,,,2.3028202056884766,,
47,14935,,,2.30214262008667,,
47,14937,,,2.301072597503662,,
47,14939,,,2.3027398586273193,,
47,14941,,,2.3012843132019043,,
47,14943,,,2.3037476539611816,,
47,14945,,,2.303896903991699,,
47,14947,,,2.3028852939605713,,
47,14949,,,2.302886724472046,,
47,14951,,,2.305957794189453,,
47,14953,,,2.3035390377044678,,
47,14955,,,2.3054239749908447,,
47,14957,,,2.3030879497528076,,
47,14959,,,2.3038647174835205,,
47,14961,,,2.301626205444336,,
47,14963,,,2.303964138031006,,
47,14965,,,2.3026180267333984,,
47,14967,,,2.3043808937072754,,
47,14969,,,2.3020403385162354,,
47,14971,,,2.300536632537842,,
47,14973,,,2.302696704864502,,
47,14975,,,2.3016912937164307,,
47,14977,,,2.3056418895721436,,
47,14979,,,2.302485704421997,,
47,14981,,,2.300924301147461,,
47,14983,,,2.300964117050171,,
47,14985,,,2.303501605987549,,
47,14987,,,2.3040108680725098,,
47,14989,,,2.3012049198150635,,
47,14991,,,2.3028693199157715,,
47,14993,,,2.30519700050354,,
47,14995,,,2.303708076477051,,
47,14997,,,2.3045058250427246,,
47,14999,,,2.3018293380737305,,
47,15001,,,2.3039302825927734,,
47,15003,,,2.3048675060272217,,
47,15005,,,2.3039703369140625,,
47,15007,,,2.302420139312744,,
47,15009,,,2.3031232357025146,,
47,15011,,,2.303988218307495,,
47,15013,,,2.3021080493927,,
47,15015,,,2.303687334060669,,
47,15017,,,2.3012237548828125,,
47,15019,,,2.302999973297119,,
47,15021,,,2.303341865539551,,
47,15023,,,2.302596092224121,,
47,15023,,,,0.18254999816417694,2.283090829849243
48,15025,,,2.304532527923584,,
48,15027,,,2.303793430328369,,
48,15029,,,2.3025360107421875,,
48,15031,,,2.3037471771240234,,
48,15033,,,2.3034121990203857,,
48,15035,,,2.3025779724121094,,
48,15037,,,2.3033738136291504,,
48,15039,,,2.3029494285583496,,
48,15041,,,2.302975654602051,,
48,15043,,,2.302983283996582,,
48,15045,,,2.3036270141601562,,
48,15047,,,2.3029823303222656,,
48,15049,,,2.3037831783294678,,
48,15051,,,2.302393913269043,,
48,15053,,,2.3045294284820557,,
48,15055,,,2.303123712539673,,
48,15057,,,2.302635431289673,,
48,15059,,,2.304891347885132,,
48,15061,,,2.304283857345581,,
48,15063,,,2.3025169372558594,,
48,15065,,,2.3039863109588623,,
48,15067,,,2.3027560710906982,,
48,15069,,,2.302717447280884,,
48,15071,,,2.302562952041626,,
48,15073,,,2.3024752140045166,,
48,15075,,,2.3044803142547607,,
48,15077,,,2.3027191162109375,,
48,15079,,,2.3037397861480713,,
48,15081,,,2.302640914916992,,
48,15083,,,2.3026552200317383,,
48,15085,,,2.303898811340332,,
48,15087,,,2.301680564880371,,
48,15089,,,2.3055691719055176,,
48,15091,,,2.3032608032226562,,
48,15093,,,2.30415940284729,,
48,15095,,,2.3030951023101807,,
48,15097,,,2.303651809692383,,
48,15099,,,2.303541898727417,,
48,15101,,,2.3035688400268555,,
48,15103,,,2.302286148071289,,
48,15105,,,2.3032758235931396,,
48,15107,,,2.301677942276001,,
48,15109,,,2.303457498550415,,
48,15111,,,2.3025689125061035,,
48,15113,,,2.304184913635254,,
48,15115,,,2.3035221099853516,,
48,15117,,,2.3028337955474854,,
48,15119,,,2.3038418292999268,,
48,15121,,,2.3038854598999023,,
48,15123,,,2.3014438152313232,,
48,15125,,,2.302978992462158,,
48,15127,,,2.301271677017212,,
48,15129,,,2.301985263824463,,
48,15131,,,2.3014984130859375,,
48,15133,,,2.3039231300354004,,
48,15135,,,2.307481050491333,,
48,15137,,,2.3039064407348633,,
48,15139,,,2.304745674133301,,
48,15141,,,2.3016581535339355,,
48,15143,,,2.3023159503936768,,
48,15145,,,2.305088758468628,,
48,15147,,,2.3062171936035156,,
48,15149,,,2.3030500411987305,,
48,15151,,,2.3026843070983887,,
48,15153,,,2.3031656742095947,,
48,15155,,,2.303370714187622,,
48,15157,,,2.3014862537384033,,
48,15159,,,2.3027236461639404,,
48,15161,,,2.302931785583496,,
48,15163,,,2.3017802238464355,,
48,15165,,,2.30271577835083,,
48,15167,,,2.3041868209838867,,
48,15169,,,2.302419900894165,,
48,15171,,,2.304798126220703,,
48,15173,,,2.3048079013824463,,
48,15175,,,2.3037514686584473,,
48,15177,,,2.3023011684417725,,
48,15179,,,2.302595615386963,,
48,15181,,,2.3033571243286133,,
48,15183,,,2.3028860092163086,,
48,15185,,,2.3047900199890137,,
48,15187,,,2.3031082153320312,,
48,15189,,,2.302011013031006,,
48,15191,,,2.3034348487854004,,
48,15193,,,2.3034868240356445,,
48,15195,,,2.303513765335083,,
48,15197,,,2.3028464317321777,,
48,15199,,,2.3048739433288574,,
48,15201,,,2.302482843399048,,
48,15203,,,2.302248001098633,,
48,15205,,,2.3025898933410645,,
48,15207,,,2.3020975589752197,,
48,15209,,,2.303466796875,,
48,15211,,,2.30501651763916,,
48,15213,,,2.301567316055298,,
48,15215,,,2.303323745727539,,
48,15217,,,2.303278923034668,,
48,15219,,,2.3035507202148438,,
48,15221,,,2.3016836643218994,,
48,15223,,,2.3041422367095947,,
48,15225,,,2.3015048503875732,,
48,15227,,,2.302799701690674,,
48,15229,,,2.3075034618377686,,
48,15231,,,2.3007442951202393,,
48,15233,,,2.303642988204956,,
48,15235,,,2.305911064147949,,
48,15237,,,2.303896427154541,,
48,15239,,,2.3014278411865234,,
48,15241,,,2.3029181957244873,,
48,15243,,,2.3040428161621094,,
48,15245,,,2.30232310295105,,
48,15247,,,2.3044538497924805,,
48,15249,,,2.3024492263793945,,
48,15251,,,2.3032398223876953,,
48,15253,,,2.3025259971618652,,
48,15255,,,2.3017823696136475,,
48,15257,,,2.3011932373046875,,
48,15259,,,2.3034191131591797,,
48,15261,,,2.301853656768799,,
48,15263,,,2.3027172088623047,,
48,15265,,,2.3023667335510254,,
48,15267,,,2.3034634590148926,,
48,15269,,,2.3016726970672607,,
48,15271,,,2.3031156063079834,,
48,15273,,,2.3003811836242676,,
48,15275,,,2.3053863048553467,,
48,15277,,,2.3046748638153076,,
48,15279,,,2.3005902767181396,,
48,15281,,,2.3016879558563232,,
48,15283,,,2.301558494567871,,
48,15285,,,2.3029470443725586,,
48,15287,,,2.304306983947754,,
48,15289,,,2.3016581535339355,,
48,15291,,,2.302884101867676,,
48,15293,,,2.3017067909240723,,
48,15295,,,2.301689624786377,,
48,15297,,,2.3045802116394043,,
48,15299,,,2.3011460304260254,,
48,15301,,,2.303858757019043,,
48,15303,,,2.3045010566711426,,
48,15305,,,2.3021507263183594,,
48,15307,,,2.304088592529297,,
48,15309,,,2.3043627738952637,,
48,15311,,,2.3038556575775146,,
48,15313,,,2.3037075996398926,,
48,15315,,,2.30240535736084,,
48,15317,,,2.3023252487182617,,
48,15319,,,2.3060359954833984,,
48,15321,,,2.3050222396850586,,
48,15323,,,2.3041024208068848,,
48,15325,,,2.3022780418395996,,
48,15327,,,2.304323673248291,,
48,15329,,,2.302260398864746,,
48,15331,,,2.3013668060302734,,
48,15333,,,2.302842140197754,,
48,15335,,,2.303921699523926,,
48,15336,,,,0.010099999606609344,2.298724889755249
49,15337,,,2.303752899169922,,
49,15339,,,2.3026230335235596,,
49,15341,,,2.302074432373047,,
49,15343,,,2.303140640258789,,
49,15345,,,2.3036465644836426,,
49,15347,,,2.303013801574707,,
49,15349,,,2.306083917617798,,
49,15351,,,2.3011093139648438,,
49,15353,,,2.30100417137146,,
49,15355,,,2.3037819862365723,,
49,15357,,,2.302051544189453,,
49,15359,,,2.3039584159851074,,
49,15361,,,2.3033437728881836,,
49,15363,,,2.301584243774414,,
49,15365,,,2.303082227706909,,
49,15367,,,2.3064181804656982,,
49,15369,,,2.302834987640381,,
49,15371,,,2.3024802207946777,,
49,15373,,,2.300940752029419,,
49,15375,,,2.304258346557617,,
49,15377,,,2.304542064666748,,
49,15379,,,2.303816318511963,,
49,15381,,,2.3049581050872803,,
49,15383,,,2.3031277656555176,,
49,15385,,,2.30739164352417,,
49,15387,,,2.3023838996887207,,
49,15389,,,2.3001465797424316,,
49,15391,,,2.3026347160339355,,
49,15393,,,2.3019556999206543,,
49,15395,,,2.304389476776123,,
49,15397,,,2.30374813079834,,
49,15399,,,2.3030736446380615,,
49,15401,,,2.302510976791382,,
49,15403,,,2.3023428916931152,,
49,15405,,,2.302600860595703,,
49,15407,,,2.3051748275756836,,
49,15409,,,2.3041300773620605,,
49,15411,,,2.304323673248291,,
49,15413,,,2.3013627529144287,,
49,15415,,,2.303318738937378,,
49,15417,,,2.303884983062744,,
49,15419,,,2.301966428756714,,
49,15421,,,2.303023099899292,,
49,15423,,,2.3035097122192383,,
49,15425,,,2.3044793605804443,,
49,15427,,,2.302762746810913,,
49,15429,,,2.303452491760254,,
49,15431,,,2.30173659324646,,
49,15433,,,2.3009746074676514,,
49,15435,,,2.3015270233154297,,
49,15437,,,2.3047196865081787,,
49,15439,,,2.302475690841675,,
49,15441,,,2.301485300064087,,
49,15443,,,2.3025808334350586,,
49,15445,,,2.30167818069458,,
49,15447,,,2.3048295974731445,,
49,15449,,,2.304004192352295,,
49,15451,,,2.3035430908203125,,
49,15453,,,2.3028101921081543,,
49,15455,,,2.304356813430786,,
49,15457,,,2.3033268451690674,,
49,15459,,,2.3034350872039795,,
49,15461,,,2.3001441955566406,,
49,15463,,,2.302290916442871,,
49,15465,,,2.3007707595825195,,
49,15467,,,2.3032047748565674,,
49,15469,,,2.3054327964782715,,
49,15471,,,2.303487777709961,,
49,15473,,,2.304870128631592,,
49,15475,,,2.303560733795166,,
49,15477,,,2.3019189834594727,,
49,15479,,,2.3036253452301025,,
49,15481,,,2.3030731678009033,,
49,15483,,,2.303269147872925,,
49,15485,,,2.3031601905822754,,
49,15487,,,2.3020811080932617,,
49,15489,,,2.2998242378234863,,
49,15491,,,2.3025104999542236,,
49,15493,,,2.304433822631836,,
49,15495,,,2.302675724029541,,
49,15497,,,2.3057007789611816,,
49,15499,,,2.3025078773498535,,
49,15501,,,2.3048973083496094,,
49,15503,,,2.3030104637145996,,
49,15505,,,2.3022518157958984,,
49,15507,,,2.3015799522399902,,
49,15509,,,2.3047966957092285,,
49,15511,,,2.3023228645324707,,
49,15513,,,2.303358554840088,,
49,15515,,,2.302712917327881,,
49,15517,,,2.304309844970703,,
49,15519,,,2.2987887859344482,,
49,15521,,,2.304809093475342,,
49,15523,,,2.304532527923584,,
49,15525,,,2.3011322021484375,,
49,15527,,,2.3033547401428223,,
49,15529,,,2.3026511669158936,,
49,15531,,,2.3027992248535156,,
49,15533,,,2.3007495403289795,,
49,15535,,,2.3017139434814453,,
49,15537,,,2.301626205444336,,
49,15539,,,2.301797866821289,,
49,15541,,,2.303943157196045,,
49,15543,,,2.3026885986328125,,
49,15545,,,2.302604913711548,,
49,15547,,,2.303466796875,,
49,15549,,,2.3026866912841797,,
49,15551,,,2.301980495452881,,
49,15553,,,2.301586627960205,,
49,15555,,,2.30472469329834,,
49,15557,,,2.301919937133789,,
49,15559,,,2.3038997650146484,,
49,15561,,,2.3029513359069824,,
49,15563,,,2.3017702102661133,,
49,15565,,,2.3014566898345947,,
49,15567,,,2.302633285522461,,
49,15569,,,2.303326368331909,,
49,15571,,,2.301302909851074,,
49,15573,,,2.3032917976379395,,
49,15575,,,2.303521156311035,,
49,15577,,,2.302306652069092,,
49,15579,,,2.303750991821289,,
49,15581,,,2.2999329566955566,,
49,15583,,,2.301710605621338,,
49,15585,,,2.3040053844451904,,
49,15587,,,2.305168390274048,,
49,15589,,,2.304077625274658,,
49,15591,,,2.304337501525879,,
49,15593,,,2.3021278381347656,,
49,15595,,,2.304370403289795,,
49,15597,,,2.3038759231567383,,
49,15599,,,2.300940990447998,,
49,15601,,,2.30179762840271,,
49,15603,,,2.3005306720733643,,
49,15605,,,2.3049817085266113,,
49,15607,,,2.3024072647094727,,
49,15609,,,2.305119514465332,,
49,15611,,,2.3021349906921387,,
49,15613,,,2.302659034729004,,
49,15615,,,2.3039557933807373,,
49,15617,,,2.3025598526000977,,
49,15619,,,2.302175998687744,,
49,15621,,,2.302363872528076,,
49,15623,,,2.302506446838379,,
49,15625,,,2.302812099456787,,
49,15627,,,2.302973508834839,,
49,15629,,,2.3021738529205322,,
49,15631,,,2.302513360977173,,
49,15633,,,2.300974130630493,,
49,15635,,,2.3019800186157227,,
49,15637,,,2.3027286529541016,,
49,15639,,,2.3044075965881348,,
49,15641,,,2.30301570892334,,
49,15643,,,2.3027305603027344,,
49,15645,,,2.3033742904663086,,
49,15647,,,2.3025646209716797,,
49,15649,,,2.301766872406006,,
49,15649,,,,0.011950000189244747,2.3056089878082275
50,15651,,,2.303333282470703,,
50,15653,,,2.3036949634552,,
50,15655,,,2.303104877471924,,
50,15657,,,2.302870750427246,,
50,15659,,,2.3029818534851074,,
50,15661,,,2.3035144805908203,,
50,15663,,,2.3033010959625244,,
50,15665,,,2.302614688873291,,
50,15667,,,2.302257537841797,,
50,15669,,,2.303009033203125,,
50,15671,,,2.3030953407287598,,
50,15673,,,2.300291061401367,,
50,15675,,,2.3035194873809814,,
50,15677,,,2.3031866550445557,,
50,15679,,,2.3038063049316406,,
50,15681,,,2.3032901287078857,,
50,15683,,,2.3021445274353027,,
50,15685,,,2.300215244293213,,
50,15687,,,2.3028061389923096,,
50,15689,,,2.3028182983398438,,
50,15691,,,2.306121349334717,,
50,15693,,,2.30188250541687,,
50,15695,,,2.3034586906433105,,
50,15697,,,2.3038644790649414,,
50,15699,,,2.3028244972229004,,
50,15701,,,2.306412696838379,,
50,15703,,,2.3055834770202637,,
50,15705,,,2.303734540939331,,
50,15707,,,2.3035709857940674,,
50,15709,,,2.3027877807617188,,
50,15711,,,2.3031961917877197,,
50,15713,,,2.3033299446105957,,
50,15715,,,2.302820920944214,,
50,15717,,,2.3023412227630615,,
50,15719,,,2.302583694458008,,
50,15721,,,2.303234338760376,,
50,15723,,,2.3034768104553223,,
50,15725,,,2.3045029640197754,,
50,15727,,,2.3034915924072266,,
50,15729,,,2.3048157691955566,,
50,15731,,,2.300936222076416,,
50,15733,,,2.302145481109619,,
50,15735,,,2.3022866249084473,,
50,15737,,,2.302877426147461,,
50,15739,,,2.301711082458496,,
50,15741,,,2.303128242492676,,
50,15743,,,2.303699016571045,,
50,15745,,,2.3045854568481445,,
50,15747,,,2.2987895011901855,,
50,15749,,,2.3032314777374268,,
50,15751,,,2.302372932434082,,
50,15753,,,2.3037734031677246,,
50,15755,,,2.3049051761627197,,
50,15757,,,2.3054559230804443,,
50,15759,,,2.3047680854797363,,
50,15761,,,2.301121234893799,,
50,15763,,,2.3055379390716553,,
50,15765,,,2.301584243774414,,
50,15767,,,2.3035030364990234,,
50,15769,,,2.3034751415252686,,
50,15771,,,2.3031129837036133,,
50,15773,,,2.3030614852905273,,
50,15775,,,2.3018603324890137,,
50,15777,,,2.3019652366638184,,
50,15779,,,2.304314136505127,,
50,15781,,,2.3030917644500732,,
50,15783,,,2.3057844638824463,,
50,15785,,,2.302149772644043,,
50,15787,,,2.30181622505188,,
50,15789,,,2.303577184677124,,
50,15791,,,2.3025426864624023,,
50,15793,,,2.3018453121185303,,
50,15795,,,2.3032591342926025,,
50,15797,,,2.3034896850585938,,
50,15799,,,2.3029026985168457,,
50,15801,,,2.3027427196502686,,
50,15803,,,2.3037357330322266,,
50,15805,,,2.3042986392974854,,
50,15807,,,2.302000045776367,,
50,15809,,,2.302647113800049,,
50,15811,,,2.303734302520752,,
50,15813,,,2.301541805267334,,
50,15815,,,2.3019466400146484,,
50,15817,,,2.3028011322021484,,
50,15819,,,2.3033790588378906,,
50,15821,,,2.3008077144622803,,
50,15823,,,2.302298069000244,,
50,15825,,,2.3044824600219727,,
50,15827,,,2.30527400970459,,
50,15829,,,2.3038721084594727,,
50,15831,,,2.3028697967529297,,
50,15833,,,2.3033580780029297,,
50,15835,,,2.3022778034210205,,
50,15837,,,2.3023881912231445,,
50,15839,,,2.3019299507141113,,
50,15841,,,2.305978298187256,,
50,15843,,,2.302659034729004,,
50,15845,,,2.3020131587982178,,
50,15847,,,2.3036746978759766,,
50,15849,,,2.303130626678467,,
50,15851,,,2.30385422706604,,
50,15853,,,2.3047409057617188,,
50,15855,,,2.3028221130371094,,
50,15857,,,2.301848888397217,,
50,15859,,,2.3041961193084717,,
50,15861,,,2.303011417388916,,
50,15863,,,2.303616523742676,,
50,15865,,,2.303121328353882,,
50,15867,,,2.301527738571167,,
50,15869,,,2.3017234802246094,,
50,15871,,,2.3030858039855957,,
50,15873,,,2.3031599521636963,,
50,15875,,,2.3033623695373535,,
50,15877,,,2.3032193183898926,,
50,15879,,,2.3044214248657227,,
50,15881,,,2.2993078231811523,,
50,15883,,,2.3032517433166504,,
50,15885,,,2.3000082969665527,,
50,15887,,,2.3030247688293457,,
50,15889,,,2.3022961616516113,,
50,15891,,,2.305954933166504,,
50,15893,,,2.303434371948242,,
50,15895,,,2.305485486984253,,
50,15897,,,2.3035030364990234,,
50,15899,,,2.3026390075683594,,
50,15901,,,2.3023648262023926,,
50,15903,,,2.3026273250579834,,
50,15905,,,2.3042547702789307,,
50,15907,,,2.3035359382629395,,
50,15909,,,2.304645299911499,,
50,15911,,,2.3022851943969727,,
50,15913,,,2.304189682006836,,
50,15915,,,2.301562786102295,,
50,15917,,,2.302809238433838,,
50,15919,,,2.302365303039551,,
50,15921,,,2.3039143085479736,,
50,15923,,,2.301987409591675,,
50,15925,,,2.3012993335723877,,
50,15927,,,2.303037643432617,,
50,15929,,,2.3059778213500977,,
50,15931,,,2.308624267578125,,
50,15933,,,2.3003296852111816,,
50,15935,,,2.301271438598633,,
50,15937,,,2.3021292686462402,,
50,15939,,,2.301682472229004,,
50,15941,,,2.303359031677246,,
50,15943,,,2.304626941680908,,
50,15945,,,2.3032217025756836,,
50,15947,,,2.3018126487731934,,
50,15949,,,2.3045644760131836,,
50,15951,,,2.3016161918640137,,
50,15953,,,2.3032588958740234,,
50,15955,,,2.3032338619232178,,
50,15957,,,2.3023109436035156,,
50,15959,,,2.3028271198272705,,
50,15961,,,2.3030712604522705,,
50,15962,,,,0.010099999606609344,2.3063783645629883
51,15963,,,2.303391933441162,,
51,15965,,,2.3044397830963135,,
51,15967,,,2.3052093982696533,,
51,15969,,,2.3020706176757812,,
51,15971,,,2.3028793334960938,,
51,15973,,,2.302642345428467,,
51,15975,,,2.3043346405029297,,
51,15977,,,2.3009214401245117,,
51,15979,,,2.3030805587768555,,
51,15981,,,2.3022518157958984,,
51,15983,,,2.3007354736328125,,
51,15985,,,2.302344799041748,,
51,15987,,,2.302999496459961,,
51,15989,,,2.304652452468872,,
51,15991,,,2.30214786529541,,
51,15993,,,2.3018698692321777,,
51,15995,,,2.302896499633789,,
51,15997,,,2.303973913192749,,
51,15999,,,2.301577568054199,,
51,16001,,,2.302480459213257,,
51,16003,,,2.3041601181030273,,
51,16005,,,2.304743766784668,,
51,16007,,,2.3028833866119385,,
51,16009,,,2.302053928375244,,
51,16011,,,2.3034396171569824,,
51,16013,,,2.3029263019561768,,
51,16015,,,2.3024468421936035,,
51,16017,,,2.303067684173584,,
51,16019,,,2.302807331085205,,
51,16021,,,2.302908420562744,,
51,16023,,,2.302769184112549,,
51,16025,,,2.3035340309143066,,
51,16027,,,2.304689884185791,,
51,16029,,,2.3006062507629395,,
51,16031,,,2.303354263305664,,
51,16033,,,2.30338716506958,,
51,16035,,,2.302614688873291,,
51,16037,,,2.3069405555725098,,
51,16039,,,2.303119659423828,,
51,16041,,,2.3042216300964355,,
51,16043,,,2.303398847579956,,
51,16045,,,2.3038406372070312,,
51,16047,,,2.303539752960205,,
51,16049,,,2.3021469116210938,,
51,16051,,,2.3016982078552246,,
51,16053,,,2.303852081298828,,
51,16055,,,2.3037710189819336,,
51,16057,,,2.303131103515625,,
51,16059,,,2.301511287689209,,
51,16061,,,2.3044400215148926,,
51,16063,,,2.303255319595337,,
51,16065,,,2.30424427986145,,
51,16067,,,2.3038277626037598,,
51,16069,,,2.3033342361450195,,
51,16071,,,2.3025007247924805,,
51,16073,,,2.3048202991485596,,
51,16075,,,2.304661273956299,,
51,16077,,,2.305666446685791,,
51,16079,,,2.3010263442993164,,
51,16081,,,2.298527240753174,,
51,16083,,,2.3060624599456787,,
51,16085,,,2.3041768074035645,,
51,16087,,,2.3020973205566406,,
51,16089,,,2.303309440612793,,
51,16091,,,2.300917148590088,,
51,16093,,,2.3037502765655518,,
51,16095,,,2.302384614944458,,
51,16097,,,2.303323745727539,,
51,16099,,,2.3045639991760254,,
51,16101,,,2.3021512031555176,,
51,16103,,,2.302840232849121,,
51,16105,,,2.300679922103882,,
51,16107,,,2.3026700019836426,,
51,16109,,,2.3015835285186768,,
51,16111,,,2.304624557495117,,
51,16113,,,2.301445245742798,,
51,16115,,,2.304500102996826,,
51,16117,,,2.3029513359069824,,
51,16119,,,2.3024954795837402,,
51,16121,,,2.3039655685424805,,
51,16123,,,2.301828384399414,,
51,16125,,,2.300278663635254,,
51,16127,,,2.303847312927246,,
51,16129,,,2.303297519683838,,
51,16131,,,2.302617073059082,,
51,16133,,,2.3030219078063965,,
51,16135,,,2.304100275039673,,
51,16137,,,2.3014230728149414,,
51,16139,,,2.3018622398376465,,
51,16141,,,2.301516532897949,,
51,16143,,,2.3045172691345215,,
51,16145,,,2.3032755851745605,,
51,16147,,,2.303574800491333,,
51,16149,,,2.3021459579467773,,
51,16151,,,2.3044381141662598,,
51,16153,,,2.3038840293884277,,
51,16155,,,2.301793336868286,,
51,16157,,,2.301346778869629,,
51,16159,,,2.304227352142334,,
51,16161,,,2.3031866550445557,,
51,16163,,,2.3039488792419434,,
51,16165,,,2.302915096282959,,
51,16167,,,2.3007211685180664,,
51,16169,,,2.302394151687622,,
51,16171,,,2.3043274879455566,,
51,16173,,,2.3024532794952393,,
51,16175,,,2.3051130771636963,,
51,16177,,,2.3027877807617188,,
51,16179,,,2.303312301635742,,
51,16181,,,2.302325963973999,,
51,16183,,,2.3022918701171875,,
51,16185,,,2.3021433353424072,,
51,16187,,,2.3036928176879883,,
51,16189,,,2.3032782077789307,,
51,16191,,,2.302509307861328,,
51,16193,,,2.3026123046875,,
51,16195,,,2.302481174468994,,
51,16197,,,2.30385160446167,,
51,16199,,,2.304141044616699,,
51,16201,,,2.302525520324707,,
51,16203,,,2.30379056930542,,
51,16205,,,2.3030824661254883,,
51,16207,,,2.3013956546783447,,
51,16209,,,2.304356098175049,,
51,16211,,,2.3012173175811768,,
51,16213,,,2.301438093185425,,
51,16215,,,2.3050150871276855,,
51,16217,,,2.3025295734405518,,
51,16219,,,2.3027892112731934,,
51,16221,,,2.304626226425171,,
51,16223,,,2.306370973587036,,
51,16225,,,2.3008804321289062,,
51,16227,,,2.301748037338257,,
51,16229,,,2.3017821311950684,,
51,16231,,,2.305816173553467,,
51,16233,,,2.303884267807007,,
51,16235,,,2.3034629821777344,,
51,16237,,,2.3035430908203125,,
51,16239,,,2.3035826683044434,,
51,16241,,,2.302948474884033,,
51,16243,,,2.302931785583496,,
51,16245,,,2.3028042316436768,,
51,16247,,,2.303170919418335,,
51,16249,,,2.3027162551879883,,
51,16251,,,2.301285743713379,,
51,16253,,,2.3055291175842285,,
51,16255,,,2.303426742553711,,
51,16257,,,2.302875518798828,,
51,16259,,,2.3035621643066406,,
51,16261,,,2.3049144744873047,,
51,16263,,,2.30531907081604,,
51,16265,,,2.302290201187134,,
51,16267,,,2.304447650909424,,
51,16269,,,2.303658962249756,,
51,16271,,,2.30252742767334,,
51,16273,,,2.302971124649048,,
51,16275,,,2.3013434410095215,,
51,16275,,,,0.06274999678134918,2.29682993888855
52,16277,,,2.3029556274414062,,
52,16279,,,2.3037667274475098,,
52,16281,,,2.3046798706054688,,
52,16283,,,2.3024158477783203,,
52,16285,,,2.3054563999176025,,
52,16287,,,2.3020877838134766,,
52,16289,,,2.3019418716430664,,
52,16291,,,2.303849458694458,,
52,16293,,,2.3034729957580566,,
52,16295,,,2.303661823272705,,
52,16297,,,2.3017828464508057,,
52,16299,,,2.3027753829956055,,
52,16301,,,2.3043692111968994,,
52,16303,,,2.301337718963623,,
52,16305,,,2.3025574684143066,,
52,16307,,,2.3037519454956055,,
52,16309,,,2.302032947540283,,
52,16311,,,2.3052127361297607,,
52,16313,,,2.3011536598205566,,
52,16315,,,2.3038101196289062,,
52,16317,,,2.303453207015991,,
52,16319,,,2.301908254623413,,
52,16321,,,2.304807662963867,,
52,16323,,,2.3018665313720703,,
52,16325,,,2.303605556488037,,
52,16327,,,2.3037333488464355,,
52,16329,,,2.303889274597168,,
52,16331,,,2.3038713932037354,,
52,16333,,,2.3031787872314453,,
52,16335,,,2.3040995597839355,,
52,16337,,,2.3041701316833496,,
52,16339,,,2.302736282348633,,
52,16341,,,2.302746295928955,,
52,16343,,,2.303755521774292,,
52,16345,,,2.303435802459717,,
52,16347,,,2.3025808334350586,,
52,16349,,,2.3031768798828125,,
52,16351,,,2.3026795387268066,,
52,16353,,,2.302462339401245,,
52,16355,,,2.302788257598877,,
52,16357,,,2.3042068481445312,,
52,16359,,,2.304605484008789,,
52,16361,,,2.3033297061920166,,
52,16363,,,2.3029263019561768,,
52,16365,,,2.3027310371398926,,
52,16367,,,2.3009023666381836,,
52,16369,,,2.305027484893799,,
52,16371,,,2.3050966262817383,,
52,16373,,,2.3045144081115723,,
52,16375,,,2.303030014038086,,
52,16377,,,2.303358554840088,,
52,16379,,,2.3020060062408447,,
52,16381,,,2.3026976585388184,,
52,16383,,,2.304276943206787,,
52,16385,,,2.306828498840332,,
52,16387,,,2.304778814315796,,
52,16389,,,2.30558443069458,,
52,16391,,,2.3025341033935547,,
52,16393,,,2.304640769958496,,
52,16395,,,2.3048861026763916,,
52,16397,,,2.3025617599487305,,
52,16399,,,2.302427291870117,,
52,16401,,,2.303166389465332,,
52,16403,,,2.3024251461029053,,
52,16405,,,2.302034378051758,,
52,16407,,,2.3039731979370117,,
52,16409,,,2.303143262863159,,
52,16411,,,2.3014109134674072,,
52,16413,,,2.3029963970184326,,
52,16415,,,2.3028793334960938,,
52,16417,,,2.3026461601257324,,
52,16419,,,2.302790641784668,,
52,16421,,,2.3048744201660156,,
52,16423,,,2.30252742767334,,
52,16425,,,2.3020591735839844,,
52,16427,,,2.3022100925445557,,
52,16429,,,2.3028390407562256,,
52,16431,,,2.3034024238586426,,
52,16433,,,2.301888942718506,,
52,16435,,,2.302985191345215,,
52,16437,,,2.302567958831787,,
52,16439,,,2.3037922382354736,,
52,16441,,,2.303117275238037,,
52,16443,,,2.3062186241149902,,
52,16445,,,2.3041539192199707,,
52,16447,,,2.3029866218566895,,
52,16449,,,2.3028488159179688,,
52,16451,,,2.302351474761963,,
52,16453,,,2.300863265991211,,
52,16455,,,2.3021395206451416,,
52,16457,,,2.3037190437316895,,
52,16459,,,2.3034515380859375,,
52,16461,,,2.304509162902832,,
52,16463,,,2.3028154373168945,,
52,16465,,,2.301278829574585,,
52,16467,,,2.304868698120117,,
52,16469,,,2.303375244140625,,
52,16471,,,2.304056406021118,,
52,16473,,,2.302293539047241,,
52,16475,,,2.302644729614258,,
52,16477,,,2.3023617267608643,,
52,16479,,,2.3037374019622803,,
52,16481,,,2.3012819290161133,,
52,16483,,,2.302011489868164,,
52,16485,,,2.3041534423828125,,
52,16487,,,2.303220748901367,,
52,16489,,,2.3046975135803223,,
52,16491,,,2.301776885986328,,
52,16493,,,2.3012986183166504,,
52,16495,,,2.3022422790527344,,
52,16497,,,2.300914764404297,,
52,16499,,,2.3046412467956543,,
52,16501,,,2.3023574352264404,,
52,16503,,,2.3035686016082764,,
52,16505,,,2.306811809539795,,
52,16507,,,2.3023343086242676,,
52,16509,,,2.304372787475586,,
52,16511,,,2.3028740882873535,,
52,16513,,,2.3029000759124756,,
52,16515,,,2.3027894496917725,,
52,16517,,,2.3076322078704834,,
52,16519,,,2.2997779846191406,,
52,16521,,,2.303384780883789,,
52,16523,,,2.304515838623047,,
52,16525,,,2.305072784423828,,
52,16527,,,2.3021128177642822,,
52,16529,,,2.3031046390533447,,
52,16531,,,2.3008198738098145,,
52,16533,,,2.303666591644287,,
52,16535,,,2.307243824005127,,
52,16537,,,2.3020448684692383,,
52,16539,,,2.3022003173828125,,
52,16541,,,2.302671194076538,,
52,16543,,,2.301060199737549,,
52,16545,,,2.3022570610046387,,
52,16547,,,2.304337978363037,,
52,16549,,,2.30306077003479,,
52,16551,,,2.301220655441284,,
52,16553,,,2.3043150901794434,,
52,16555,,,2.3026654720306396,,
52,16557,,,2.3023624420166016,,
52,16559,,,2.302311420440674,,
52,16561,,,2.304354190826416,,
52,16563,,,2.302358865737915,,
52,16565,,,2.303238868713379,,
52,16567,,,2.3004040718078613,,
52,16569,,,2.303187370300293,,
52,16571,,,2.3046164512634277,,
52,16573,,,2.302098035812378,,
52,16575,,,2.303699016571045,,
52,16577,,,2.3017873764038086,,
52,16579,,,2.3020119667053223,,
52,16581,,,2.3025271892547607,,
52,16583,,,2.302125930786133,,
52,16585,,,2.3031206130981445,,
52,16587,,,2.3031866550445557,,
52,16588,,,,0.04554999992251396,2.295151472091675
53,16589,,,2.303032875061035,,
53,16591,,,2.303997039794922,,
53,16593,,,2.303380012512207,,
53,16595,,,2.3021578788757324,,
53,16597,,,2.3006606101989746,,
53,16599,,,2.301746368408203,,
53,16601,,,2.3031299114227295,,
53,16603,,,2.3043456077575684,,
53,16605,,,2.3040924072265625,,
53,16607,,,2.3036160469055176,,
53,16609,,,2.3025269508361816,,
53,16611,,,2.3021841049194336,,
53,16613,,,2.3018789291381836,,
53,16615,,,2.3030459880828857,,
53,16617,,,2.3042454719543457,,
53,16619,,,2.3026201725006104,,
53,16621,,,2.3039803504943848,,
53,16623,,,2.303281307220459,,
53,16625,,,2.3021533489227295,,
53,16627,,,2.302785634994507,,
53,16629,,,2.3026726245880127,,
53,16631,,,2.303661823272705,,
53,16633,,,2.302823543548584,,
53,16635,,,2.3032054901123047,,
53,16637,,,2.3017001152038574,,
53,16639,,,2.302279472351074,,
53,16641,,,2.3020167350769043,,
53,16643,,,2.3031866550445557,,
53,16645,,,2.303140640258789,,
53,16647,,,2.300687789916992,,
53,16649,,,2.3023929595947266,,
53,16651,,,2.3048477172851562,,
53,16653,,,2.303370475769043,,
53,16655,,,2.3026678562164307,,
53,16657,,,2.303675889968872,,
53,16659,,,2.3030736446380615,,
53,16661,,,2.3022537231445312,,
53,16663,,,2.302861452102661,,
53,16665,,,2.3015809059143066,,
53,16667,,,2.3036296367645264,,
53,16669,,,2.302238941192627,,
53,16671,,,2.3021676540374756,,
53,16673,,,2.3030588626861572,,
53,16675,,,2.3021655082702637,,
53,16677,,,2.304661989212036,,
53,16679,,,2.3035430908203125,,
53,16681,,,2.3024816513061523,,
53,16683,,,2.3026368618011475,,
53,16685,,,2.303952693939209,,
53,16687,,,2.3045473098754883,,
53,16689,,,2.3015694618225098,,
53,16691,,,2.3047592639923096,,
53,16693,,,2.304086446762085,,
53,16695,,,2.303203582763672,,
53,16697,,,2.302489995956421,,
53,16699,,,2.3049330711364746,,
53,16701,,,2.3029298782348633,,
53,16703,,,2.302530288696289,,
53,16705,,,2.303159713745117,,
53,16707,,,2.3025965690612793,,
53,16709,,,2.3033533096313477,,
53,16711,,,2.301072359085083,,
53,16713,,,2.303861618041992,,
53,16715,,,2.3029842376708984,,
53,16717,,,2.3033552169799805,,
53,16719,,,2.301553726196289,,
53,16721,,,2.3020997047424316,,
53,16723,,,2.3024940490722656,,
53,16725,,,2.3042547702789307,,
53,16727,,,2.3023359775543213,,
53,16729,,,2.3045754432678223,,
53,16731,,,2.302614450454712,,
53,16733,,,2.301424741744995,,
53,16735,,,2.303384304046631,,
53,16737,,,2.302927255630493,,
53,16739,,,2.3054771423339844,,
53,16741,,,2.303846836090088,,
53,16743,,,2.303734540939331,,
53,16745,,,2.3035614490509033,,
53,16747,,,2.3015573024749756,,
53,16749,,,2.3017313480377197,,
53,16751,,,2.304644823074341,,
53,16753,,,2.3051352500915527,,
53,16755,,,2.3014397621154785,,
53,16757,,,2.302633047103882,,
53,16759,,,2.303112745285034,,
53,16761,,,2.302262783050537,,
53,16763,,,2.3027524948120117,,
53,16765,,,2.3044817447662354,,
53,16767,,,2.302579402923584,,
53,16769,,,2.3036231994628906,,
53,16771,,,2.302887439727783,,
53,16773,,,2.3029532432556152,,
53,16775,,,2.3006432056427,,
53,16777,,,2.304041862487793,,
53,16779,,,2.3049750328063965,,
53,16781,,,2.304652690887451,,
53,16783,,,2.3036556243896484,,
53,16785,,,2.3022193908691406,,
53,16787,,,2.300870180130005,,
53,16789,,,2.302255153656006,,
53,16791,,,2.3036575317382812,,
53,16793,,,2.3050148487091064,,
53,16795,,,2.302102565765381,,
53,16797,,,2.302311897277832,,
53,16799,,,2.3021585941314697,,
53,16801,,,2.301764965057373,,
53,16803,,,2.304960250854492,,
53,16805,,,2.303805112838745,,
53,16807,,,2.302194356918335,,
53,16809,,,2.301424503326416,,
53,16811,,,2.3029260635375977,,
53,16813,,,2.3029627799987793,,
53,16815,,,2.3022990226745605,,
53,16817,,,2.302574634552002,,
53,16819,,,2.3052029609680176,,
53,16821,,,2.3021774291992188,,
53,16823,,,2.3019866943359375,,
53,16825,,,2.3000411987304688,,
53,16827,,,2.3022663593292236,,
53,16829,,,2.304295063018799,,
53,16831,,,2.301265239715576,,
53,16833,,,2.3020355701446533,,
53,16835,,,2.302936553955078,,
53,16837,,,2.3052375316619873,,
53,16839,,,2.303840160369873,,
53,16841,,,2.3038811683654785,,
53,16843,,,2.301875591278076,,
53,16845,,,2.301969051361084,,
53,16847,,,2.3021209239959717,,
53,16849,,,2.3038647174835205,,
53,16851,,,2.303879976272583,,
53,16853,,,2.3025286197662354,,
53,16855,,,2.301872968673706,,
53,16857,,,2.3033947944641113,,
53,16859,,,2.303083896636963,,
53,16861,,,2.3034329414367676,,
53,16863,,,2.3013291358947754,,
53,16865,,,2.3035264015197754,,
53,16867,,,2.3008975982666016,,
53,16869,,,2.302551746368408,,
53,16871,,,2.303473472595215,,
53,16873,,,2.3016819953918457,,
53,16875,,,2.3003532886505127,,
53,16877,,,2.302516460418701,,
53,16879,,,2.305168628692627,,
53,16881,,,2.3050131797790527,,
53,16883,,,2.304077625274658,,
53,16885,,,2.3023183345794678,,
53,16887,,,2.3043203353881836,,
53,16889,,,2.302774429321289,,
53,16891,,,2.3036584854125977,,
53,16893,,,2.303776264190674,,
53,16895,,,2.3012852668762207,,
53,16897,,,2.302938938140869,,
53,16899,,,2.302694320678711,,
53,16901,,,2.302946090698242,,
53,16901,,,,0.46549999713897705,2.2853188514709473
54,16903,,,2.3031210899353027,,
54,16905,,,2.302426338195801,,
54,16907,,,2.301884412765503,,
54,16909,,,2.303525447845459,,
54,16911,,,2.3017220497131348,,
54,16913,,,2.3055953979492188,,
54,16915,,,2.303497314453125,,
54,16917,,,2.3021955490112305,,
54,16919,,,2.3029770851135254,,
54,16921,,,2.3024215698242188,,
54,16923,,,2.3031067848205566,,
54,16925,,,2.3035967350006104,,
54,16927,,,2.303211212158203,,
54,16929,,,2.3054778575897217,,
54,16931,,,2.3013665676116943,,
54,16933,,,2.3014349937438965,,
54,16935,,,2.303823471069336,,
54,16937,,,2.3047192096710205,,
54,16939,,,2.303776264190674,,
54,16941,,,2.3032259941101074,,
54,16943,,,2.302734375,,
54,16945,,,2.302496910095215,,
54,16947,,,2.3005080223083496,,
54,16949,,,2.305279016494751,,
54,16951,,,2.3023808002471924,,
54,16953,,,2.3033883571624756,,
54,16955,,,2.302591562271118,,
54,16957,,,2.3038485050201416,,
54,16959,,,2.3035378456115723,,
54,16961,,,2.3034915924072266,,
54,16963,,,2.3027210235595703,,
54,16965,,,2.302419424057007,,
54,16967,,,2.3035104274749756,,
54,16969,,,2.3038525581359863,,
54,16971,,,2.3036129474639893,,
54,16973,,,2.3026442527770996,,
54,16975,,,2.3032445907592773,,
54,16977,,,2.30267071723938,,
54,16979,,,2.3014307022094727,,
54,16981,,,2.30351185798645,,
54,16983,,,2.301042079925537,,
54,16985,,,2.304311513900757,,
54,16987,,,2.302316188812256,,
54,16989,,,2.3034610748291016,,
54,16991,,,2.302928924560547,,
54,16993,,,2.3018157482147217,,
54,16995,,,2.3019533157348633,,
54,16997,,,2.302403450012207,,
54,16999,,,2.302724838256836,,
54,17001,,,2.3038673400878906,,
54,17003,,,2.302755832672119,,
54,17005,,,2.301828384399414,,
54,17007,,,2.303079128265381,,
54,17009,,,2.3028292655944824,,
54,17011,,,2.304776668548584,,
54,17013,,,2.3024065494537354,,
54,17015,,,2.3019604682922363,,
54,17017,,,2.3034119606018066,,
54,17019,,,2.300382614135742,,
54,17021,,,2.303781270980835,,
54,17023,,,2.303410768508911,,
54,17025,,,2.3028624057769775,,
54,17027,,,2.3031222820281982,,
54,17029,,,2.3043036460876465,,
54,17031,,,2.302077293395996,,
54,17033,,,2.3041162490844727,,
54,17035,,,2.3021013736724854,,
54,17037,,,2.303326368331909,,
54,17039,,,2.301117420196533,,
54,17041,,,2.302464485168457,,
54,17043,,,2.300403118133545,,
54,17045,,,2.306274652481079,,
54,17047,,,2.30303955078125,,
54,17049,,,2.3051021099090576,,
54,17051,,,2.3045120239257812,,
54,17053,,,2.301440715789795,,
54,17055,,,2.301858901977539,,
54,17057,,,2.3016886711120605,,
54,17059,,,2.3037166595458984,,
54,17061,,,2.302482843399048,,
54,17063,,,2.304166316986084,,
54,17065,,,2.3029043674468994,,
54,17067,,,2.3020949363708496,,
54,17069,,,2.3037667274475098,,
54,17071,,,2.301164388656616,,
54,17073,,,2.304018020629883,,
54,17075,,,2.302812099456787,,
54,17077,,,2.303267478942871,,
54,17079,,,2.3012611865997314,,
54,17081,,,2.3042960166931152,,
54,17083,,,2.3040573596954346,,
54,17085,,,2.302994728088379,,
54,17087,,,2.3026235103607178,,
54,17089,,,2.3035972118377686,,
54,17091,,,2.302041530609131,,
54,17093,,,2.3035244941711426,,
54,17095,,,2.302351474761963,,
54,17097,,,2.3016161918640137,,
54,17099,,,2.3027610778808594,,
54,17101,,,2.3030638694763184,,
54,17103,,,2.3024611473083496,,
54,17105,,,2.303877115249634,,
54,17107,,,2.30251407623291,,
54,17109,,,2.305783271789551,,
54,17111,,,2.3032450675964355,,
54,17113,,,2.304610013961792,,
54,17115,,,2.3033313751220703,,
54,17117,,,2.303905963897705,,
54,17119,,,2.3023524284362793,,
54,17121,,,2.302609443664551,,
54,17123,,,2.303234100341797,,
54,17125,,,2.3015007972717285,,
54,17127,,,2.302811622619629,,
54,17129,,,2.3031506538391113,,
54,17131,,,2.3020119667053223,,
54,17133,,,2.3025331497192383,,
54,17135,,,2.3027570247650146,,
54,17137,,,2.3029847145080566,,
54,17139,,,2.3028697967529297,,
54,17141,,,2.3009352684020996,,
54,17143,,,2.3057374954223633,,
54,17145,,,2.3042664527893066,,
54,17147,,,2.3010520935058594,,
54,17149,,,2.3052144050598145,,
54,17151,,,2.303297758102417,,
54,17153,,,2.304199695587158,,
54,17155,,,2.301302433013916,,
54,17157,,,2.3000683784484863,,
54,17159,,,2.3033547401428223,,
54,17161,,,2.3054800033569336,,
54,17163,,,2.300502300262451,,
54,17165,,,2.3018171787261963,,
54,17167,,,2.306260585784912,,
54,17169,,,2.302321195602417,,
54,17171,,,2.3040969371795654,,
54,17173,,,2.30259370803833,,
54,17175,,,2.304192066192627,,
54,17177,,,2.301577568054199,,
54,17179,,,2.3031065464019775,,
54,17181,,,2.303393602371216,,
54,17183,,,2.302788734436035,,
54,17185,,,2.301896572113037,,
54,17187,,,2.303154945373535,,
54,17189,,,2.3030004501342773,,
54,17191,,,2.302980422973633,,
54,17193,,,2.3016700744628906,,
54,17195,,,2.3047168254852295,,
54,17197,,,2.3022611141204834,,
54,17199,,,2.3032443523406982,,
54,17201,,,2.301362991333008,,
54,17203,,,2.303022861480713,,
54,17205,,,2.3027312755584717,,
54,17207,,,2.30310320854187,,
54,17209,,,2.3025405406951904,,
54,17211,,,2.3037214279174805,,
54,17213,,,2.301138401031494,,
54,17214,,,,0.1907999962568283,2.3062195777893066
55,17215,,,2.301823139190674,,
55,17217,,,2.303798198699951,,
55,17219,,,2.303170680999756,,
55,17221,,,2.3019628524780273,,
55,17223,,,2.3021764755249023,,
55,17225,,,2.302244186401367,,
55,17227,,,2.30385684967041,,
55,17229,,,2.303279161453247,,
55,17231,,,2.3007209300994873,,
55,17233,,,2.3025388717651367,,
55,17235,,,2.3040144443511963,,
55,17237,,,2.301809310913086,,
55,17239,,,2.3013076782226562,,
55,17241,,,2.302455425262451,,
55,17243,,,2.303396701812744,,
55,17245,,,2.301999092102051,,
55,17247,,,2.3036956787109375,,
55,17249,,,2.3048157691955566,,
55,17251,,,2.3036184310913086,,
55,17253,,,2.302518367767334,,
55,17255,,,2.3032331466674805,,
55,17257,,,2.302999496459961,,
55,17259,,,2.3043320178985596,,
55,17261,,,2.3022565841674805,,
55,17263,,,2.302837371826172,,
55,17265,,,2.3039398193359375,,
55,17267,,,2.303222179412842,,
55,17269,,,2.30368709564209,,
55,17271,,,2.3028578758239746,,
55,17273,,,2.304201126098633,,
55,17275,,,2.301744222640991,,
55,17277,,,2.302978754043579,,
55,17279,,,2.3025577068328857,,
55,17281,,,2.3028273582458496,,
55,17283,,,2.303386926651001,,
55,17285,,,2.3023595809936523,,
55,17287,,,2.3020195960998535,,
55,17289,,,2.301443576812744,,
55,17291,,,2.3012313842773438,,
55,17293,,,2.303689479827881,,
55,17295,,,2.3031725883483887,,
55,17297,,,2.3019282817840576,,
55,17299,,,2.300567150115967,,
55,17301,,,2.3028438091278076,,
55,17303,,,2.304565906524658,,
55,17305,,,2.303708076477051,,
55,17307,,,2.3022828102111816,,
55,17309,,,2.3008646965026855,,
55,17311,,,2.303968906402588,,
55,17313,,,2.3029980659484863,,
55,17315,,,2.30303692817688,,
55,17317,,,2.3048229217529297,,
55,17319,,,2.302846908569336,,
55,17321,,,2.300759792327881,,
55,17323,,,2.29974627494812,,
55,17325,,,2.3023221492767334,,
55,17327,,,2.3026046752929688,,
55,17329,,,2.3040895462036133,,
55,17331,,,2.3023948669433594,,
55,17333,,,2.3023602962493896,,
55,17335,,,2.3018014430999756,,
55,17337,,,2.302137613296509,,
55,17339,,,2.3020753860473633,,
55,17341,,,2.3032937049865723,,
55,17343,,,2.303603172302246,,
55,17345,,,2.3030080795288086,,
55,17347,,,2.3025360107421875,,
55,17349,,,2.303757905960083,,
55,17351,,,2.302079200744629,,
55,17353,,,2.3062362670898438,,
55,17355,,,2.304114818572998,,
55,17357,,,2.3025970458984375,,
55,17359,,,2.303488254547119,,
55,17361,,,2.3017992973327637,,
55,17363,,,2.3023810386657715,,
55,17365,,,2.304915428161621,,
55,17367,,,2.3046109676361084,,
55,17369,,,2.3031749725341797,,
55,17371,,,2.3032636642456055,,
55,17373,,,2.3033459186553955,,
55,17375,,,2.3017072677612305,,
55,17377,,,2.302683115005493,,
55,17379,,,2.304673671722412,,
55,17381,,,2.3031280040740967,,
55,17383,,,2.303088903427124,,
55,17385,,,2.3037915229797363,,
55,17387,,,2.300969123840332,,
55,17389,,,2.3028314113616943,,
55,17391,,,2.304778575897217,,
55,17393,,,2.303218126296997,,
55,17395,,,2.3032712936401367,,
55,17397,,,2.3040003776550293,,
55,17399,,,2.302037239074707,,
55,17401,,,2.303830146789551,,
55,17403,,,2.3053348064422607,,
55,17405,,,2.3019771575927734,,
55,17407,,,2.300734043121338,,
55,17409,,,2.304018497467041,,
55,17411,,,2.3015921115875244,,
55,17413,,,2.301543712615967,,
55,17415,,,2.304245948791504,,
55,17417,,,2.304333448410034,,
55,17419,,,2.3019907474517822,,
55,17421,,,2.3026294708251953,,
55,17423,,,2.3030178546905518,,
55,17425,,,2.3030693531036377,,
55,17427,,,2.3024613857269287,,
55,17429,,,2.3026959896087646,,
55,17431,,,2.301544666290283,,
55,17433,,,2.303704261779785,,
55,17435,,,2.3028688430786133,,
55,17437,,,2.3017826080322266,,
55,17439,,,2.3013153076171875,,
55,17441,,,2.3039608001708984,,
55,17443,,,2.3018503189086914,,
55,17445,,,2.3033335208892822,,
55,17447,,,2.3019540309906006,,
55,17449,,,2.3032238483428955,,
55,17451,,,2.3034162521362305,,
55,17453,,,2.3055403232574463,,
55,17455,,,2.3028011322021484,,
55,17457,,,2.3044581413269043,,
55,17459,,,2.30184268951416,,
55,17461,,,2.302844524383545,,
55,17463,,,2.3022336959838867,,
55,17465,,,2.3026013374328613,,
55,17467,,,2.3029580116271973,,
55,17469,,,2.3027915954589844,,
55,17471,,,2.3037595748901367,,
55,17473,,,2.303880453109741,,
55,17475,,,2.3033950328826904,,
55,17477,,,2.302917957305908,,
55,17479,,,2.3017332553863525,,
55,17481,,,2.3023698329925537,,
55,17483,,,2.3026084899902344,,
55,17485,,,2.3037362098693848,,
55,17487,,,2.302861213684082,,
55,17489,,,2.3026821613311768,,
55,17491,,,2.302894115447998,,
55,17493,,,2.3018760681152344,,
55,17495,,,2.3004355430603027,,
55,17497,,,2.3048512935638428,,
55,17499,,,2.301051378250122,,
55,17501,,,2.303619384765625,,
55,17503,,,2.304614543914795,,
55,17505,,,2.3048033714294434,,
55,17507,,,2.3045830726623535,,
55,17509,,,2.3052759170532227,,
55,17511,,,2.3026857376098633,,
55,17513,,,2.3023681640625,,
55,17515,,,2.3025057315826416,,
55,17517,,,2.3019919395446777,,
55,17519,,,2.303617477416992,,
55,17521,,,2.302678108215332,,
55,17523,,,2.3021790981292725,,
55,17525,,,2.303009033203125,,
55,17527,,,2.3038032054901123,,
55,17527,,,,0.46549999713897705,2.261793851852417
56,17529,,,2.302708864212036,,
56,17531,,,2.30273175239563,,
56,17533,,,2.302927017211914,,
56,17535,,,2.3034682273864746,,
56,17537,,,2.3023226261138916,,
56,17539,,,2.3040387630462646,,
56,17541,,,2.3018171787261963,,
56,17543,,,2.301913022994995,,
56,17545,,,2.3020997047424316,,
56,17547,,,2.3027544021606445,,
56,17549,,,2.302952766418457,,
56,17551,,,2.3003158569335938,,
56,17553,,,2.3006107807159424,,
56,17555,,,2.301356792449951,,
56,17557,,,2.3030381202697754,,
56,17559,,,2.3039839267730713,,
56,17561,,,2.3042120933532715,,
56,17563,,,2.3022851943969727,,
56,17565,,,2.303157329559326,,
56,17567,,,2.30346417427063,,
56,17569,,,2.3020169734954834,,
56,17571,,,2.3047027587890625,,
56,17573,,,2.304286479949951,,
56,17575,,,2.300997734069824,,
56,17577,,,2.3031673431396484,,
56,17579,,,2.302161693572998,,
56,17581,,,2.301591157913208,,
56,17583,,,2.3031961917877197,,
56,17585,,,2.30422043800354,,
56,17587,,,2.3062186241149902,,
56,17589,,,2.3041515350341797,,
56,17591,,,2.303250312805176,,
56,17593,,,2.302769422531128,,
56,17595,,,2.303311824798584,,
56,17597,,,2.3032069206237793,,
56,17599,,,2.3026633262634277,,
56,17601,,,2.3029656410217285,,
56,17603,,,2.302220344543457,,
56,17605,,,2.3040218353271484,,
56,17607,,,2.3032915592193604,,
56,17609,,,2.3023838996887207,,
56,17611,,,2.3011484146118164,,
56,17613,,,2.3026862144470215,,
56,17615,,,2.302642583847046,,
56,17617,,,2.3033483028411865,,
56,17619,,,2.3045425415039062,,
56,17621,,,2.3040661811828613,,
56,17623,,,2.3033554553985596,,
56,17625,,,2.3031392097473145,,
56,17627,,,2.3049607276916504,,
56,17629,,,2.3043782711029053,,
56,17631,,,2.300344467163086,,
56,17633,,,2.303457021713257,,
56,17635,,,2.302699089050293,,
56,17637,,,2.3045654296875,,
56,17639,,,2.306478500366211,,
56,17641,,,2.3032422065734863,,
56,17643,,,2.3037288188934326,,
56,17645,,,2.3023629188537598,,
56,17647,,,2.303903102874756,,
56,17649,,,2.3003311157226562,,
56,17651,,,2.30169677734375,,
56,17653,,,2.3035330772399902,,
56,17655,,,2.302398204803467,,
56,17657,,,2.3018829822540283,,
56,17659,,,2.304084300994873,,
56,17661,,,2.302983522415161,,
56,17663,,,2.302163600921631,,
56,17665,,,2.3036530017852783,,
56,17667,,,2.3034353256225586,,
56,17669,,,2.30334210395813,,
56,17671,,,2.3025004863739014,,
56,17673,,,2.303584098815918,,
56,17675,,,2.30377459526062,,
56,17677,,,2.3031747341156006,,
56,17679,,,2.3030829429626465,,
56,17681,,,2.302713632583618,,
56,17683,,,2.3033735752105713,,
56,17685,,,2.30230712890625,,
56,17687,,,2.303311347961426,,
56,17689,,,2.303722381591797,,
56,17691,,,2.303555488586426,,
56,17693,,,2.302186965942383,,
56,17695,,,2.3022663593292236,,
56,17697,,,2.3029115200042725,,
56,17699,,,2.3032021522521973,,
56,17701,,,2.3044276237487793,,
56,17703,,,2.3036398887634277,,
56,17705,,,2.305002212524414,,
56,17707,,,2.3021738529205322,,
56,17709,,,2.302295446395874,,
56,17711,,,2.302818775177002,,
56,17713,,,2.3032431602478027,,
56,17715,,,2.3018546104431152,,
56,17717,,,2.30257511138916,,
56,17719,,,2.3020362854003906,,
56,17721,,,2.3030314445495605,,
56,17723,,,2.3038291931152344,,
56,17725,,,2.3028416633605957,,
56,17727,,,2.304941177368164,,
56,17729,,,2.302995204925537,,
56,17731,,,2.3053510189056396,,
56,17733,,,2.303603410720825,,
56,17735,,,2.3014063835144043,,
56,17737,,,2.3027455806732178,,
56,17739,,,2.302722454071045,,
56,17741,,,2.3035898208618164,,
56,17743,,,2.3041462898254395,,
56,17745,,,2.301481008529663,,
56,17747,,,2.3034281730651855,,
56,17749,,,2.302640914916992,,
56,17751,,,2.3037428855895996,,
56,17753,,,2.3027150630950928,,
56,17755,,,2.302269458770752,,
56,17757,,,2.3033390045166016,,
56,17759,,,2.3023903369903564,,
56,17761,,,2.3037233352661133,,
56,17763,,,2.303098678588867,,
56,17765,,,2.304168224334717,,
56,17767,,,2.3029026985168457,,
56,17769,,,2.3035097122192383,,
56,17771,,,2.3026881217956543,,
56,17773,,,2.302131175994873,,
56,17775,,,2.305358648300171,,
56,17777,,,2.302513599395752,,
56,17779,,,2.3020009994506836,,
56,17781,,,2.3011975288391113,,
56,17783,,,2.303662061691284,,
56,17785,,,2.302856206893921,,
56,17787,,,2.3044941425323486,,
56,17789,,,2.304269790649414,,
56,17791,,,2.304976463317871,,
56,17793,,,2.3032937049865723,,
56,17795,,,2.303290843963623,,
56,17797,,,2.3011393547058105,,
56,17799,,,2.303030014038086,,
56,17801,,,2.302690029144287,,
56,17803,,,2.302860736846924,,
56,17805,,,2.302638292312622,,
56,17807,,,2.3041439056396484,,
56,17809,,,2.3031809329986572,,
56,17811,,,2.301797866821289,,
56,17813,,,2.3040342330932617,,
56,17815,,,2.302657127380371,,
56,17817,,,2.302138328552246,,
56,17819,,,2.3024182319641113,,
56,17821,,,2.303288459777832,,
56,17823,,,2.303882598876953,,
56,17825,,,2.302875518798828,,
56,17827,,,2.303326368331909,,
56,17829,,,2.303408145904541,,
56,17831,,,2.302616834640503,,
56,17833,,,2.302065849304199,,
56,17835,,,2.3032708168029785,,
56,17837,,,2.3017234802246094,,
56,17839,,,2.3035483360290527,,
56,17840,,,,0.010099999606609344,2.3173940181732178
57,17841,,,2.3019654750823975,,
57,17843,,,2.3034822940826416,,
57,17845,,,2.301926851272583,,
57,17847,,,2.3020777702331543,,
57,17849,,,2.3043837547302246,,
57,17851,,,2.3027420043945312,,
57,17853,,,2.3011972904205322,,
57,17855,,,2.303783893585205,,
57,17857,,,2.3035972118377686,,
57,17859,,,2.303351402282715,,
57,17861,,,2.303175926208496,,
57,17863,,,2.303030014038086,,
57,17865,,,2.3040575981140137,,
57,17867,,,2.302903175354004,,
57,17869,,,2.302520275115967,,
57,17871,,,2.302691698074341,,
57,17873,,,2.303675889968872,,
57,17875,,,2.302438259124756,,
57,17877,,,2.3034873008728027,,
57,17879,,,2.301814556121826,,
57,17881,,,2.302213668823242,,
57,17883,,,2.3047990798950195,,
57,17885,,,2.3026657104492188,,
57,17887,,,2.3028411865234375,,
57,17889,,,2.3027353286743164,,
57,17891,,,2.3016579151153564,,
57,17893,,,2.304487943649292,,
57,17895,,,2.304004192352295,,
57,17897,,,2.3038361072540283,,
57,17899,,,2.301211357116699,,
57,17901,,,2.301527500152588,,
57,17903,,,2.3026247024536133,,
57,17905,,,2.302544116973877,,
57,17907,,,2.3022537231445312,,
57,17909,,,2.3056259155273438,,
57,17911,,,2.3031206130981445,,
57,17913,,,2.3033642768859863,,
57,17915,,,2.3038229942321777,,
57,17917,,,2.3026986122131348,,
57,17919,,,2.3035097122192383,,
57,17921,,,2.304058074951172,,
57,17923,,,2.302896499633789,,
57,17925,,,2.3030638694763184,,
57,17927,,,2.3021390438079834,,
57,17929,,,2.303689956665039,,
57,17931,,,2.3039474487304688,,
57,17933,,,2.3030927181243896,,
57,17935,,,2.301305055618286,,
57,17937,,,2.303514242172241,,
57,17939,,,2.3027524948120117,,
57,17941,,,2.3009843826293945,,
57,17943,,,2.303816795349121,,
57,17945,,,2.301254987716675,,
57,17947,,,2.3044915199279785,,
57,17949,,,2.3036012649536133,,
57,17951,,,2.304292678833008,,
57,17953,,,2.3046045303344727,,
57,17955,,,2.3024919033050537,,
57,17957,,,2.3013901710510254,,
57,17959,,,2.302067279815674,,
57,17961,,,2.302671432495117,,
57,17963,,,2.30295991897583,,
57,17965,,,2.303091287612915,,
57,17967,,,2.302652359008789,,
57,17969,,,2.3046555519104004,,
57,17971,,,2.304110050201416,,
57,17973,,,2.30246639251709,,
57,17975,,,2.3015670776367188,,
57,17977,,,2.3047597408294678,,
57,17979,,,2.303356170654297,,
57,17981,,,2.3033552169799805,,
57,17983,,,2.300078868865967,,
57,17985,,,2.301771640777588,,
57,17987,,,2.303969621658325,,
57,17989,,,2.3022708892822266,,
57,17991,,,2.2994513511657715,,
57,17993,,,2.3043322563171387,,
57,17995,,,2.3021044731140137,,
57,17997,,,2.303652763366699,,
57,17999,,,2.304807186126709,,
57,18001,,,2.302988052368164,,
57,18003,,,2.3042900562286377,,
57,18005,,,2.303210735321045,,
57,18007,,,2.304401397705078,,
57,18009,,,2.303086519241333,,
57,18011,,,2.302096366882324,,
57,18013,,,2.3037538528442383,,
57,18015,,,2.3022828102111816,,
57,18017,,,2.304314136505127,,
57,18019,,,2.3044724464416504,,
57,18021,,,2.303612232208252,,
57,18023,,,2.302747964859009,,
57,18025,,,2.3038055896759033,,
57,18027,,,2.3037729263305664,,
57,18029,,,2.3047733306884766,,
57,18031,,,2.303645372390747,,
57,18033,,,2.302426815032959,,
57,18035,,,2.3024888038635254,,
57,18037,,,2.3038854598999023,,
57,18039,,,2.3037796020507812,,
57,18041,,,2.3030383586883545,,
57,18043,,,2.3032078742980957,,
57,18045,,,2.3028876781463623,,
57,18047,,,2.303551435470581,,
57,18049,,,2.3025412559509277,,
57,18051,,,2.3028528690338135,,
57,18053,,,2.3033437728881836,,
57,18055,,,2.302525281906128,,
57,18057,,,2.302582263946533,,
57,18059,,,2.3011977672576904,,
57,18061,,,2.3023602962493896,,
57,18063,,,2.3016974925994873,,
57,18065,,,2.3036627769470215,,
57,18067,,,2.3036627769470215,,
57,18069,,,2.3036563396453857,,
57,18071,,,2.3040575981140137,,
57,18073,,,2.3031976222991943,,
57,18075,,,2.3024935722351074,,
57,18077,,,2.3030011653900146,,
57,18079,,,2.3014070987701416,,
57,18081,,,2.301893711090088,,
57,18083,,,2.3047661781311035,,
57,18085,,,2.305302143096924,,
57,18087,,,2.3028512001037598,,
57,18089,,,2.3036601543426514,,
57,18091,,,2.303947925567627,,
57,18093,,,2.3025195598602295,,
57,18095,,,2.302076816558838,,
57,18097,,,2.3043394088745117,,
57,18099,,,2.3028035163879395,,
57,18101,,,2.3028969764709473,,
57,18103,,,2.304266929626465,,
57,18105,,,2.3018622398376465,,
57,18107,,,2.3022356033325195,,
57,18109,,,2.3010001182556152,,
57,18111,,,2.301741123199463,,
57,18113,,,2.304295539855957,,
57,18115,,,2.3031973838806152,,
57,18117,,,2.3051280975341797,,
57,18119,,,2.3037500381469727,,
57,18121,,,2.302062749862671,,
57,18123,,,2.3048596382141113,,
57,18125,,,2.303241729736328,,
57,18127,,,2.3026041984558105,,
57,18129,,,2.302069664001465,,
57,18131,,,2.303138494491577,,
57,18133,,,2.303372621536255,,
57,18135,,,2.3033318519592285,,
57,18137,,,2.3032636642456055,,
57,18139,,,2.3032450675964355,,
57,18141,,,2.303954601287842,,
57,18143,,,2.3038995265960693,,
57,18145,,,2.302558422088623,,
57,18147,,,2.3042690753936768,,
57,18149,,,2.30355167388916,,
57,18151,,,2.3021459579467773,,
57,18153,,,2.3007760047912598,,
57,18153,,,,0.04554999992251396,2.317641258239746
58,18155,,,2.3035030364990234,,
58,18157,,,2.305020332336426,,
58,18159,,,2.3033409118652344,,
58,18161,,,2.3048200607299805,,
58,18163,,,2.3030872344970703,,
58,18165,,,2.3026034832000732,,
58,18167,,,2.3029961585998535,,
58,18169,,,2.3035337924957275,,
58,18171,,,2.3019859790802,,
58,18173,,,2.302591323852539,,
58,18175,,,2.302450656890869,,
58,18177,,,2.3023629188537598,,
58,18179,,,2.306894063949585,,
58,18181,,,2.3028616905212402,,
58,18183,,,2.301781177520752,,
58,18185,,,2.3036813735961914,,
58,18187,,,2.3026745319366455,,
58,18189,,,2.304682970046997,,
58,18191,,,2.3038973808288574,,
58,18193,,,2.301258087158203,,
58,18195,,,2.3024561405181885,,
58,18197,,,2.3048253059387207,,
58,18199,,,2.303964614868164,,
58,18201,,,2.3013710975646973,,
58,18203,,,2.3036460876464844,,
58,18205,,,2.3012888431549072,,
58,18207,,,2.3028564453125,,
58,18209,,,2.3026368618011475,,
58,18211,,,2.303248882293701,,
58,18213,,,2.3023595809936523,,
58,18215,,,2.3020973205566406,,
58,18217,,,2.3057701587677,,
58,18219,,,2.300290822982788,,
58,18221,,,2.3027353286743164,,
58,18223,,,2.302694320678711,,
58,18225,,,2.303360939025879,,
58,18227,,,2.3040664196014404,,
58,18229,,,2.302440643310547,,
58,18231,,,2.302913188934326,,
58,18233,,,2.3026576042175293,,
58,18235,,,2.3011698722839355,,
58,18237,,,2.301632881164551,,
58,18239,,,2.302812099456787,,
58,18241,,,2.3032240867614746,,
58,18243,,,2.304372787475586,,
58,18245,,,2.3007476329803467,,
58,18247,,,2.3026371002197266,,
58,18249,,,2.3025436401367188,,
58,18251,,,2.301077365875244,,
58,18253,,,2.3022522926330566,,
58,18255,,,2.302783966064453,,
58,18257,,,2.3023622035980225,,
58,18259,,,2.304157018661499,,
58,18261,,,2.3019914627075195,,
58,18263,,,2.301419496536255,,
58,18265,,,2.3037726879119873,,
58,18267,,,2.2998006343841553,,
58,18269,,,2.3015716075897217,,
58,18271,,,2.304783582687378,,
58,18273,,,2.301906108856201,,
58,18275,,,2.301349401473999,,
58,18277,,,2.30240797996521,,
58,18279,,,2.302398681640625,,
58,18281,,,2.3030712604522705,,
58,18283,,,2.3022189140319824,,
58,18285,,,2.3014490604400635,,
58,18287,,,2.299391746520996,,
58,18289,,,2.3055639266967773,,
58,18291,,,2.303377151489258,,
58,18293,,,2.302736520767212,,
58,18295,,,2.30124568939209,,
58,18297,,,2.302962303161621,,
58,18299,,,2.303226947784424,,
58,18301,,,2.3011910915374756,,
58,18303,,,2.303497791290283,,
58,18305,,,2.303677797317505,,
58,18307,,,2.30400013923645,,
58,18309,,,2.30208683013916,,
58,18311,,,2.300846576690674,,
58,18313,,,2.3031816482543945,,
58,18315,,,2.3048479557037354,,
58,18317,,,2.3031938076019287,,
58,18319,,,2.3039188385009766,,
58,18321,,,2.3028125762939453,,
58,18323,,,2.3021912574768066,,
58,18325,,,2.301982879638672,,
58,18327,,,2.3023767471313477,,
58,18329,,,2.3011322021484375,,
58,18331,,,2.3011322021484375,,
58,18333,,,2.3036491870880127,,
58,18335,,,2.2984819412231445,,
58,18337,,,2.2995898723602295,,
58,18339,,,2.3040413856506348,,
58,18341,,,2.303647041320801,,
58,18343,,,2.302764892578125,,
58,18345,,,2.3040764331817627,,
58,18347,,,2.302076578140259,,
58,18349,,,2.3001551628112793,,
58,18351,,,2.3006176948547363,,
58,18353,,,2.3014936447143555,,
58,18355,,,2.3042657375335693,,
58,18357,,,2.30380916595459,,
58,18359,,,2.3042430877685547,,
58,18361,,,2.302380084991455,,
58,18363,,,2.303561210632324,,
58,18365,,,2.3018388748168945,,
58,18367,,,2.305880069732666,,
58,18369,,,2.3028597831726074,,
58,18371,,,2.3024606704711914,,
58,18373,,,2.3042995929718018,,
58,18375,,,2.303705930709839,,
58,18377,,,2.3026323318481445,,
58,18379,,,2.3050193786621094,,
58,18381,,,2.302135705947876,,
58,18383,,,2.3030643463134766,,
58,18385,,,2.303288698196411,,
58,18387,,,2.302523374557495,,
58,18389,,,2.302255153656006,,
58,18391,,,2.3045148849487305,,
58,18393,,,2.3030781745910645,,
58,18395,,,2.303961753845215,,
58,18397,,,2.3018674850463867,,
58,18399,,,2.3037359714508057,,
58,18401,,,2.304635524749756,,
58,18403,,,2.302975654602051,,
58,18405,,,2.304112434387207,,
58,18407,,,2.304891586303711,,
58,18409,,,2.3032467365264893,,
58,18411,,,2.3033790588378906,,
58,18413,,,2.3022027015686035,,
58,18415,,,2.302539825439453,,
58,18417,,,2.302354335784912,,
58,18419,,,2.3037147521972656,,
58,18421,,,2.301300525665283,,
58,18423,,,2.3038086891174316,,
58,18425,,,2.3021905422210693,,
58,18427,,,2.304356813430786,,
58,18429,,,2.3014230728149414,,
58,18431,,,2.301839828491211,,
58,18433,,,2.304168462753296,,
58,18435,,,2.3020520210266113,,
58,18437,,,2.3042914867401123,,
58,18439,,,2.302065849304199,,
58,18441,,,2.3029263019561768,,
58,18443,,,2.303091287612915,,
58,18445,,,2.3012208938598633,,
58,18447,,,2.3037338256835938,,
58,18449,,,2.303986072540283,,
58,18451,,,2.3033761978149414,,
58,18453,,,2.301241874694824,,
58,18455,,,2.3015248775482178,,
58,18457,,,2.3024206161499023,,
58,18459,,,2.3041672706604004,,
58,18461,,,2.301906108856201,,
58,18463,,,2.303595542907715,,
58,18465,,,2.3028011322021484,,
58,18466,,,,0.06274999678134918,2.28436279296875
59,18467,,,2.301893949508667,,
59,18469,,,2.3039140701293945,,
59,18471,,,2.302029848098755,,
59,18473,,,2.303229331970215,,
59,18475,,,2.303905963897705,,
59,18477,,,2.30471134185791,,
59,18479,,,2.302027702331543,,
59,18481,,,2.3010473251342773,,
59,18483,,,2.3004045486450195,,
59,18485,,,2.3055739402770996,,
59,18487,,,2.3037772178649902,,
59,18489,,,2.3015856742858887,,
59,18491,,,2.3034398555755615,,
59,18493,,,2.30203914642334,,
59,18495,,,2.304577112197876,,
59,18497,,,2.303717851638794,,
59,18499,,,2.302700996398926,,
59,18501,,,2.3034067153930664,,
59,18503,,,2.3018136024475098,,
59,18505,,,2.3025288581848145,,
59,18507,,,2.305664539337158,,
59,18509,,,2.303488254547119,,
59,18511,,,2.3018946647644043,,
59,18513,,,2.3022937774658203,,
59,18515,,,2.302368640899658,,
59,18517,,,2.303439140319824,,
59,18519,,,2.303664207458496,,
59,18521,,,2.302119731903076,,
59,18523,,,2.3030099868774414,,
59,18525,,,2.303309917449951,,
59,18527,,,2.3045623302459717,,
59,18529,,,2.3034043312072754,,
59,18531,,,2.302607774734497,,
59,18533,,,2.3035190105438232,,
59,18535,,,2.300870656967163,,
59,18537,,,2.3018980026245117,,
59,18539,,,2.3018312454223633,,
59,18541,,,2.304307699203491,,
59,18543,,,2.3037405014038086,,
59,18545,,,2.3038601875305176,,
59,18547,,,2.3011136054992676,,
59,18549,,,2.3027615547180176,,
59,18551,,,2.3029024600982666,,
59,18553,,,2.301943302154541,,
59,18555,,,2.3038601875305176,,
59,18557,,,2.3021950721740723,,
59,18559,,,2.3026461601257324,,
59,18561,,,2.303785562515259,,
59,18563,,,2.3031721115112305,,
59,18565,,,2.301208257675171,,
59,18567,,,2.302104949951172,,
59,18569,,,2.303377151489258,,
59,18571,,,2.3037524223327637,,
59,18573,,,2.303415298461914,,
59,18575,,,2.303010940551758,,
59,18577,,,2.304609775543213,,
59,18579,,,2.3030927181243896,,
59,18581,,,2.3029398918151855,,
59,18583,,,2.3041906356811523,,
59,18585,,,2.3039867877960205,,
59,18587,,,2.3039145469665527,,
59,18589,,,2.301858901977539,,
59,18591,,,2.301584243774414,,
59,18593,,,2.302091121673584,,
59,18595,,,2.3026833534240723,,
59,18597,,,2.3010313510894775,,
59,18599,,,2.3020262718200684,,
59,18601,,,2.3037445545196533,,
59,18603,,,2.3031606674194336,,
59,18605,,,2.3052897453308105,,
59,18607,,,2.3014872074127197,,
59,18609,,,2.3030617237091064,,
59,18611,,,2.3014888763427734,,
59,18613,,,2.3021106719970703,,
59,18615,,,2.3039908409118652,,
59,18617,,,2.3023409843444824,,
59,18619,,,2.302264928817749,,
59,18621,,,2.303447723388672,,
59,18623,,,2.30233097076416,,
59,18625,,,2.3014163970947266,,
59,18627,,,2.3026206493377686,,
59,18629,,,2.302428960800171,,
59,18631,,,2.304671287536621,,
59,18633,,,2.3011796474456787,,
59,18635,,,2.301252603530884,,
59,18637,,,2.3032193183898926,,
59,18639,,,2.3023276329040527,,
59,18641,,,2.304250717163086,,
59,18643,,,2.3019731044769287,,
59,18645,,,2.3044564723968506,,
59,18647,,,2.3031349182128906,,
59,18649,,,2.3031086921691895,,
59,18651,,,2.3023900985717773,,
59,18653,,,2.3026504516601562,,
59,18655,,,2.303668975830078,,
59,18657,,,2.3019778728485107,,
59,18659,,,2.302671432495117,,
59,18661,,,2.302602767944336,,
59,18663,,,2.3030364513397217,,
59,18665,,,2.3054537773132324,,
59,18667,,,2.303034782409668,,
59,18669,,,2.3017468452453613,,
59,18671,,,2.304199695587158,,
59,18673,,,2.3023436069488525,,
59,18675,,,2.302278757095337,,
59,18677,,,2.303250312805176,,
59,18679,,,2.3035292625427246,,
59,18681,,,2.301828622817993,,
59,18683,,,2.302135467529297,,
59,18685,,,2.302868604660034,,
59,18687,,,2.302442789077759,,
59,18689,,,2.304135799407959,,
59,18691,,,2.304445266723633,,
59,18693,,,2.3024826049804688,,
59,18695,,,2.304687976837158,,
59,18697,,,2.301304578781128,,
59,18699,,,2.30203914642334,,
59,18701,,,2.304600477218628,,
59,18703,,,2.3041810989379883,,
59,18705,,,2.303034782409668,,
59,18707,,,2.301811695098877,,
59,18709,,,2.303280830383301,,
59,18711,,,2.3027939796447754,,
59,18713,,,2.303009033203125,,
59,18715,,,2.3033809661865234,,
59,18717,,,2.303208112716675,,
59,18719,,,2.3029637336730957,,
59,18721,,,2.30357027053833,,
59,18723,,,2.301790237426758,,
59,18725,,,2.3020074367523193,,
59,18727,,,2.3034613132476807,,
59,18729,,,2.302327871322632,,
59,18731,,,2.303466320037842,,
59,18733,,,2.3040618896484375,,
59,18735,,,2.302557945251465,,
59,18737,,,2.3017754554748535,,
59,18739,,,2.3043086528778076,,
59,18741,,,2.3044371604919434,,
59,18743,,,2.3043060302734375,,
59,18745,,,2.30391263961792,,
59,18747,,,2.303278923034668,,
59,18749,,,2.3024001121520996,,
59,18751,,,2.3033385276794434,,
59,18753,,,2.3018362522125244,,
59,18755,,,2.3027238845825195,,
59,18757,,,2.303115129470825,,
59,18759,,,2.3032219409942627,,
59,18761,,,2.3033065795898438,,
59,18763,,,2.301112651824951,,
59,18765,,,2.3024954795837402,,
59,18767,,,2.3031508922576904,,
59,18769,,,2.303743362426758,,
59,18771,,,2.3017330169677734,,
59,18773,,,2.3033995628356934,,
59,18775,,,2.3033275604248047,,
59,18777,,,2.305813789367676,,
59,18779,,,2.303556203842163,,
59,18779,,,,0.011950000189244747,2.318267345428467
60,18780,0.012900000438094139,2.3184170722961426,,,
