epoch,step,train_loss,val_acc,val_loss
0,1,3.3987996578216553,,
0,3,3.316415548324585,,
0,5,3.191256523132324,,
0,7,3.0788803100585938,,
0,9,2.9959216117858887,,
0,11,2.9192090034484863,,
0,13,2.8345351219177246,,
0,15,2.79964280128479,,
0,17,2.735995292663574,,
0,19,2.663302183151245,,
0,21,2.659247398376465,,
0,23,2.6159422397613525,,
0,25,2.5749783515930176,,
0,27,2.5566024780273438,,
0,29,2.545382022857666,,
0,31,2.4958791732788086,,
0,33,2.46791410446167,,
0,35,2.447350025177002,,
0,37,2.4249935150146484,,
0,39,2.425576686859131,,
0,41,2.4035167694091797,,
0,43,2.387746810913086,,
0,45,2.3832919597625732,,
0,47,2.3680663108825684,,
0,49,2.36820125579834,,
0,51,2.359851121902466,,
0,53,2.3437857627868652,,
0,55,2.342961072921753,,
0,57,2.3443851470947266,,
0,59,2.3459043502807617,,
0,61,2.3431880474090576,,
0,63,2.3332793712615967,,
0,65,2.331063985824585,,
0,67,2.3296942710876465,,
0,69,2.329549789428711,,
0,71,2.3295278549194336,,
0,73,2.334867477416992,,
0,75,2.338282823562622,,
0,77,2.3211355209350586,,
0,79,2.320342540740967,,
0,81,2.316331386566162,,
0,83,2.3246214389801025,,
0,85,2.323957920074463,,
0,87,2.3182389736175537,,
0,89,2.324934482574463,,
0,91,2.32389760017395,,
0,93,2.3182883262634277,,
0,95,2.3249456882476807,,
0,97,2.3211402893066406,,
0,99,2.3233485221862793,,
0,101,2.3188247680664062,,
0,103,2.3148512840270996,,
0,105,2.3173351287841797,,
0,107,2.321528911590576,,
0,109,2.3231210708618164,,
0,111,2.3193225860595703,,
0,113,2.313748836517334,,
0,115,2.314232349395752,,
0,117,2.314246892929077,,
0,119,2.3214244842529297,,
0,121,2.3152835369110107,,
0,123,2.31988525390625,,
0,125,2.324023723602295,,
0,127,2.3160321712493896,,
0,129,2.316952705383301,,
0,131,2.316032648086548,,
0,133,2.316962718963623,,
0,135,2.3185958862304688,,
0,137,2.314258098602295,,
0,139,2.3188652992248535,,
0,141,2.3226943016052246,,
0,143,2.3107197284698486,,
0,145,2.316708564758301,,
0,147,2.3203980922698975,,
0,149,2.308812379837036,,
0,151,2.31876802444458,,
0,153,2.3160953521728516,,
0,155,2.317338466644287,,
0,157,2.314052104949951,,
0,159,2.3137760162353516,,
0,161,2.324367046356201,,
0,163,2.3208062648773193,,
0,165,2.3160200119018555,,
0,167,2.3116703033447266,,
0,169,2.330312967300415,,
0,171,2.317450523376465,,
0,173,2.3091487884521484,,
0,175,2.3104286193847656,,
0,177,2.3106369972229004,,
0,179,2.320972442626953,,
0,181,2.326228618621826,,
0,183,2.315493583679199,,
0,185,2.315185308456421,,
0,187,2.3110125064849854,,
0,189,2.3040285110473633,,
0,191,2.3160433769226074,,
0,193,2.30655574798584,,
0,195,2.3166465759277344,,
0,197,2.3169164657592773,,
0,199,2.307758331298828,,
0,201,2.317343235015869,,
0,203,2.319809675216675,,
0,205,2.3167638778686523,,
0,207,2.3148744106292725,,
0,209,2.31829833984375,,
0,211,2.318620204925537,,
0,213,2.3164961338043213,,
0,215,2.318990468978882,,
0,217,2.299468994140625,,
0,219,2.311098098754883,,
0,221,2.307969808578491,,
0,223,2.3112692832946777,,
0,225,2.3065147399902344,,
0,227,2.3200621604919434,,
0,229,2.316396474838257,,
0,231,2.3058674335479736,,
0,233,2.329007625579834,,
0,235,2.322927951812744,,
0,237,2.316495895385742,,
0,239,2.307121515274048,,
0,241,2.311800956726074,,
0,243,2.31546950340271,,
0,245,2.3078503608703613,,
0,247,2.306156873703003,,
0,249,2.318042278289795,,
0,251,2.317701816558838,,
0,253,2.3145437240600586,,
0,255,2.3052139282226562,,
0,257,2.316850185394287,,
0,259,2.309593439102173,,
0,261,2.3153889179229736,,
0,263,2.316958427429199,,
0,265,2.3104591369628906,,
0,267,2.3033695220947266,,
0,269,2.314758777618408,,
0,271,2.3175227642059326,,
0,273,2.326951503753662,,
0,275,2.30605411529541,,
0,277,2.3011438846588135,,
0,279,2.3068761825561523,,
0,281,2.307736396789551,,
0,283,2.3159854412078857,,
0,285,2.302182674407959,,
0,287,2.329488754272461,,
0,289,2.3095993995666504,,
0,291,2.3022103309631348,,
0,293,2.319697856903076,,
0,295,2.308241605758667,,
0,297,2.3156142234802246,,
0,299,2.3104147911071777,,
0,301,2.3118503093719482,,
0,303,2.309014320373535,,
0,305,2.3083767890930176,,
0,307,2.3097527027130127,,
0,309,2.316882848739624,,
0,311,2.3135666847229004,,
0,312,,0.004500900395214558,2.328207492828369
1,313,2.3068556785583496,,
1,315,2.3006272315979004,,
1,317,2.321878671646118,,
1,319,2.320380449295044,,
1,321,2.3168463706970215,,
1,323,2.3122477531433105,,
1,325,2.3166980743408203,,
1,327,2.3125085830688477,,
1,329,2.3138575553894043,,
1,331,2.315446376800537,,
1,333,2.3120055198669434,,
1,335,2.3103113174438477,,
1,337,2.3162336349487305,,
1,339,2.3218894004821777,,
1,341,2.3016481399536133,,
1,343,2.307779312133789,,
1,345,2.3224215507507324,,
1,347,2.3140759468078613,,
1,349,2.3075289726257324,,
1,351,2.314314365386963,,
1,353,2.315160036087036,,
1,355,2.3141579627990723,,
1,357,2.3167624473571777,,
1,359,2.313432216644287,,
1,361,2.308797597885132,,
1,363,2.306460380554199,,
1,365,2.3179192543029785,,
1,367,2.316307544708252,,
1,369,2.312816619873047,,
1,371,2.3097729682922363,,
1,373,2.3041932582855225,,
1,375,2.3184995651245117,,
1,377,2.3135108947753906,,
1,379,2.312560558319092,,
1,381,2.3132710456848145,,
1,383,2.3195080757141113,,
1,385,2.3153984546661377,,
1,387,2.3277390003204346,,
1,389,2.3162569999694824,,
1,391,2.3078017234802246,,
1,393,2.3122336864471436,,
1,395,2.3103466033935547,,
1,397,2.312615156173706,,
1,399,2.3069980144500732,,
1,401,2.3161234855651855,,
1,403,2.313338279724121,,
1,405,2.3059277534484863,,
1,407,2.3072104454040527,,
1,409,2.3134944438934326,,
1,411,2.3119020462036133,,
1,413,2.317017078399658,,
1,415,2.3092448711395264,,
1,417,2.3188536167144775,,
1,419,2.3120408058166504,,
1,421,2.3112683296203613,,
1,423,2.3066112995147705,,
1,425,2.312626600265503,,
1,427,2.3130087852478027,,
1,429,2.3088316917419434,,
1,431,2.3201963901519775,,
1,433,2.307677745819092,,
1,435,2.3067502975463867,,
1,437,2.3159215450286865,,
1,439,2.309152841567993,,
1,441,2.315680980682373,,
1,443,2.318772077560425,,
1,445,2.316472053527832,,
1,447,2.3079142570495605,,
1,449,2.3111143112182617,,
1,451,2.3154892921447754,,
1,453,2.306718349456787,,
1,455,2.3026301860809326,,
1,457,2.3085780143737793,,
1,459,2.322152614593506,,
1,461,2.304722785949707,,
1,463,2.3047637939453125,,
1,465,2.306464195251465,,
1,467,2.3082656860351562,,
1,469,2.3082926273345947,,
1,471,2.309617042541504,,
1,473,2.3113532066345215,,
1,475,2.3165502548217773,,
1,477,2.306109666824341,,
1,479,2.315044403076172,,
1,481,2.3049306869506836,,
1,483,2.3043723106384277,,
1,485,2.3143973350524902,,
1,487,2.313965320587158,,
1,489,2.3193018436431885,,
1,491,2.311779499053955,,
1,493,2.30792236328125,,
1,495,2.3177449703216553,,
1,497,2.311494827270508,,
1,499,2.30753231048584,,
1,501,2.317302703857422,,
1,503,2.3182177543640137,,
1,505,2.322772979736328,,
1,507,2.3121728897094727,,
1,509,2.3143978118896484,,
1,511,2.3202075958251953,,
1,513,2.30505633354187,,
1,515,2.317089080810547,,
1,517,2.3154757022857666,,
1,519,2.306215286254883,,
1,521,2.310495615005493,,
1,523,2.3083019256591797,,
1,525,2.3117451667785645,,
1,527,2.3175246715545654,,
1,529,2.3178799152374268,,
1,531,2.3174638748168945,,
1,533,2.310137987136841,,
1,535,2.315399646759033,,
1,537,2.314013957977295,,
1,539,2.3109235763549805,,
1,541,2.309131622314453,,
1,543,2.3032264709472656,,
1,545,2.3071632385253906,,
1,547,2.3137564659118652,,
1,549,2.3069634437561035,,
1,551,2.309654712677002,,
1,553,2.306671380996704,,
1,555,2.3053810596466064,,
1,557,2.2959370613098145,,
1,559,2.314685821533203,,
1,561,2.3143067359924316,,
1,563,2.3053698539733887,,
1,565,2.306173086166382,,
1,567,2.3128156661987305,,
1,569,2.3121185302734375,,
1,571,2.307614326477051,,
1,573,2.3176350593566895,,
1,575,2.3218026161193848,,
1,577,2.3083395957946777,,
1,579,2.304953098297119,,
1,581,2.304166316986084,,
1,583,2.313279628753662,,
1,585,2.3113491535186768,,
1,587,2.3149142265319824,,
1,589,2.3056788444519043,,
1,591,2.312086582183838,,
1,593,2.3104262351989746,,
1,595,2.3055882453918457,,
1,597,2.322556495666504,,
1,599,2.3068361282348633,,
1,601,2.3084797859191895,,
1,603,2.311958074569702,,
1,605,2.300710916519165,,
1,607,2.2979302406311035,,
1,609,2.313009262084961,,
1,611,2.312051773071289,,
1,613,2.309414863586426,,
1,615,2.31235933303833,,
1,617,2.3110082149505615,,
1,619,2.31490421295166,,
1,621,2.3219122886657715,,
1,623,2.3106203079223633,,
1,625,2.3163034915924072,,
1,625,,0.1872374415397644,2.310549259185791
2,627,2.3076982498168945,,
2,629,2.3096206188201904,,
2,631,2.3193347454071045,,
2,633,2.307335138320923,,
2,635,2.3102574348449707,,
2,637,2.312954902648926,,
2,639,2.3155460357666016,,
2,641,2.3194503784179688,,
2,643,2.31655216217041,,
2,645,2.323178291320801,,
2,647,2.309396505355835,,
2,649,2.3107035160064697,,
2,651,2.312152862548828,,
2,653,2.3121848106384277,,
2,655,2.3114871978759766,,
2,657,2.296236038208008,,
2,659,2.3107900619506836,,
2,661,2.320025682449341,,
2,663,2.310269355773926,,
2,665,2.315372943878174,,
2,667,2.3220713138580322,,
2,669,2.3085503578186035,,
2,671,2.316863775253296,,
2,673,2.306732177734375,,
2,675,2.315100908279419,,
2,677,2.3182926177978516,,
2,679,2.3094096183776855,,
2,681,2.308579444885254,,
2,683,2.3159327507019043,,
2,685,2.305218458175659,,
2,687,2.3163504600524902,,
2,689,2.3010668754577637,,
2,691,2.3020923137664795,,
2,693,2.3074960708618164,,
2,695,2.308042049407959,,
2,697,2.3118200302124023,,
2,699,2.30739164352417,,
2,701,2.3113484382629395,,
2,703,2.308838367462158,,
2,705,2.3126001358032227,,
2,707,2.3062078952789307,,
2,709,2.3157200813293457,,
2,711,2.3047661781311035,,
2,713,2.3154690265655518,,
2,715,2.314789295196533,,
2,717,2.320783853530884,,
2,719,2.320171594619751,,
2,721,2.308323860168457,,
2,723,2.307516574859619,,
2,725,2.307656764984131,,
2,727,2.319182872772217,,
2,729,2.3058664798736572,,
2,731,2.319106101989746,,
2,733,2.315624237060547,,
2,735,2.310675621032715,,
2,737,2.299410343170166,,
2,739,2.302171468734741,,
2,741,2.3178791999816895,,
2,743,2.3094990253448486,,
2,745,2.3132379055023193,,
2,747,2.3039119243621826,,
2,749,2.3070807456970215,,
2,751,2.3095271587371826,,
2,753,2.312617540359497,,
2,755,2.3106296062469482,,
2,757,2.3107962608337402,,
2,759,2.3090431690216064,,
2,761,2.309335470199585,,
2,763,2.322788953781128,,
2,765,2.304476737976074,,
2,767,2.3153390884399414,,
2,769,2.3115625381469727,,
2,771,2.304798126220703,,
2,773,2.3046464920043945,,
2,775,2.3033149242401123,,
2,777,2.304217576980591,,
2,779,2.321382999420166,,
2,781,2.311720371246338,,
2,783,2.3084287643432617,,
2,785,2.3131659030914307,,
2,787,2.3176660537719727,,
2,789,2.3080294132232666,,
2,791,2.3086166381835938,,
2,793,2.318674325942993,,
2,795,2.31040096282959,,
2,797,2.3080947399139404,,
2,799,2.3266985416412354,,
2,801,2.31463885307312,,
2,803,2.3134632110595703,,
2,805,2.309361219406128,,
2,807,2.3160407543182373,,
2,809,2.302438259124756,,
2,811,2.307771682739258,,
2,813,2.3216793537139893,,
2,815,2.3208398818969727,,
2,817,2.317322015762329,,
2,819,2.3187904357910156,,
2,821,2.3165693283081055,,
2,823,2.3090405464172363,,
2,825,2.3241963386535645,,
2,827,2.3050291538238525,,
2,829,2.313788652420044,,
2,831,2.3254799842834473,,
2,833,2.312929153442383,,
2,835,2.309744358062744,,
2,837,2.3065857887268066,,
2,839,2.305840015411377,,
2,841,2.3142712116241455,,
2,843,2.3227968215942383,,
2,845,2.315256357192993,,
2,847,2.314425468444824,,
2,849,2.318971633911133,,
2,851,2.3104209899902344,,
2,853,2.3155839443206787,,
2,855,2.302981376647949,,
2,857,2.3098387718200684,,
2,859,2.3092265129089355,,
2,861,2.315657138824463,,
2,863,2.3043932914733887,,
2,865,2.3142294883728027,,
2,867,2.310234785079956,,
2,869,2.306307792663574,,
2,871,2.3150224685668945,,
2,873,2.3132481575012207,,
2,875,2.3138203620910645,,
2,877,2.316514492034912,,
2,879,2.3063113689422607,,
2,881,2.322976589202881,,
2,883,2.307065963745117,,
2,885,2.311828374862671,,
2,887,2.3105788230895996,,
2,889,2.307528018951416,,
2,891,2.3126699924468994,,
2,893,2.309558868408203,,
2,895,2.30999755859375,,
2,897,2.306136131286621,,
2,899,2.308739185333252,,
2,901,2.3076932430267334,,
2,903,2.306980609893799,,
2,905,2.3031301498413086,,
2,907,2.322683811187744,,
2,909,2.313544750213623,,
2,911,2.303637981414795,,
2,913,2.3063414096832275,,
2,915,2.3036022186279297,,
2,917,2.3075714111328125,,
2,919,2.3088362216949463,,
2,921,2.323147773742676,,
2,923,2.309340238571167,,
2,925,2.310375213623047,,
2,927,2.3113560676574707,,
2,929,2.3187661170959473,,
2,931,2.309936285018921,,
2,933,2.314093589782715,,
2,935,2.3103456497192383,,
2,937,2.316462755203247,,
2,938,,0.04645929113030434,2.3422141075134277
3,939,2.314506769180298,,
3,941,2.3120884895324707,,
3,943,2.3162941932678223,,
3,945,2.305549383163452,,
3,947,2.311267375946045,,
3,949,2.314390182495117,,
3,951,2.3041162490844727,,
3,953,2.3187127113342285,,
3,955,2.307239055633545,,
3,957,2.304624080657959,,
3,959,2.307117462158203,,
3,961,2.314080238342285,,
3,963,2.3073480129241943,,
3,965,2.3171463012695312,,
3,967,2.3097734451293945,,
3,969,2.314164876937866,,
3,971,2.3125040531158447,,
3,973,2.309408187866211,,
3,975,2.3055362701416016,,
3,977,2.304185390472412,,
3,979,2.311896324157715,,
3,981,2.3081555366516113,,
3,983,2.3083107471466064,,
3,985,2.315051794052124,,
3,987,2.302000045776367,,
3,989,2.3043179512023926,,
3,991,2.3035483360290527,,
3,993,2.3171310424804688,,
3,995,2.3170206546783447,,
3,997,2.3124165534973145,,
3,999,2.3126368522644043,,
3,1001,2.30700421333313,,
3,1003,2.3165156841278076,,
3,1005,2.3087286949157715,,
3,1007,2.3074793815612793,,
3,1009,2.3093650341033936,,
3,1011,2.3055076599121094,,
3,1013,2.307673454284668,,
3,1015,2.3069043159484863,,
3,1017,2.2981176376342773,,
3,1019,2.3112435340881348,,
3,1021,2.3143389225006104,,
3,1023,2.310669422149658,,
3,1025,2.310931444168091,,
3,1027,2.308755397796631,,
3,1029,2.305772066116333,,
3,1031,2.319912910461426,,
3,1033,2.3030028343200684,,
3,1035,2.3058619499206543,,
3,1037,2.309600830078125,,
3,1039,2.3139398097991943,,
3,1041,2.3097496032714844,,
3,1043,2.3060364723205566,,
3,1045,2.3146092891693115,,
3,1047,2.3217644691467285,,
3,1049,2.3023858070373535,,
3,1051,2.314831495285034,,
3,1053,2.2995047569274902,,
3,1055,2.3163840770721436,,
3,1057,2.311371088027954,,
3,1059,2.308340549468994,,
3,1061,2.3113460540771484,,
3,1063,2.3009297847747803,,
3,1065,2.3098561763763428,,
3,1067,2.322114944458008,,
3,1069,2.304749011993408,,
3,1071,2.3077175617218018,,
3,1073,2.3106579780578613,,
3,1075,2.310215711593628,,
3,1077,2.3080263137817383,,
3,1079,2.2985785007476807,,
3,1081,2.3242170810699463,,
3,1083,2.322917938232422,,
3,1085,2.3042168617248535,,
3,1087,2.3021509647369385,,
3,1089,2.3084397315979004,,
3,1091,2.304541826248169,,
3,1093,2.306957483291626,,
3,1095,2.3157691955566406,,
3,1097,2.308372974395752,,
3,1099,2.3143630027770996,,
3,1101,2.3155808448791504,,
3,1103,2.3122663497924805,,
3,1105,2.3062171936035156,,
3,1107,2.3105058670043945,,
3,1109,2.317770481109619,,
3,1111,2.3112921714782715,,
3,1113,2.3035073280334473,,
3,1115,2.3104870319366455,,
3,1117,2.3150391578674316,,
3,1119,2.3125112056732178,,
3,1121,2.3068342208862305,,
3,1123,2.305830478668213,,
3,1125,2.3151140213012695,,
3,1127,2.3070971965789795,,
3,1129,2.305494546890259,,
3,1131,2.312903881072998,,
3,1133,2.3123068809509277,,
3,1135,2.3020966053009033,,
3,1137,2.316138744354248,,
3,1139,2.3218436241149902,,
3,1141,2.3025338649749756,,
3,1143,2.308058023452759,,
3,1145,2.3097329139709473,,
3,1147,2.3123598098754883,,
3,1149,2.3074891567230225,,
3,1151,2.3215510845184326,,
3,1153,2.308018922805786,,
3,1155,2.314424514770508,,
3,1157,2.3095645904541016,,
3,1159,2.3189361095428467,,
3,1161,2.3128509521484375,,
3,1163,2.3105111122131348,,
3,1165,2.311028003692627,,
3,1167,2.3121213912963867,,
3,1169,2.308065176010132,,
3,1171,2.310054302215576,,
3,1173,2.3110251426696777,,
3,1175,2.3137404918670654,,
3,1177,2.3030734062194824,,
3,1179,2.305805206298828,,
3,1181,2.3086626529693604,,
3,1183,2.31549072265625,,
3,1185,2.311318874359131,,
3,1187,2.311307430267334,,
3,1189,2.3113696575164795,,
3,1191,2.307952404022217,,
3,1193,2.3135647773742676,,
3,1195,2.3102428913116455,,
3,1197,2.3044185638427734,,
3,1199,2.3089332580566406,,
3,1201,2.3123579025268555,,
3,1203,2.312486171722412,,
3,1205,2.3103203773498535,,
3,1207,2.3088467121124268,,
3,1209,2.31011962890625,,
3,1211,2.3073441982269287,,
3,1213,2.3079404830932617,,
3,1215,2.3020057678222656,,
3,1217,2.308302879333496,,
3,1219,2.3093109130859375,,
3,1221,2.3082103729248047,,
3,1223,2.3098926544189453,,
3,1225,2.3082690238952637,,
3,1227,2.312288999557495,,
3,1229,2.3192672729492188,,
3,1231,2.314828395843506,,
3,1233,2.308065176010132,,
3,1235,2.3235435485839844,,
3,1237,2.3124313354492188,,
3,1239,2.3084065914154053,,
3,1241,2.2994606494903564,,
3,1243,2.2972469329833984,,
3,1245,2.3053321838378906,,
3,1247,2.310788631439209,,
3,1249,2.3158769607543945,,
3,1251,2.3108112812042236,,
3,1251,,0.026205241680145264,2.327568769454956
4,1253,2.313068389892578,,
4,1255,2.3195552825927734,,
4,1257,2.316854476928711,,
4,1259,2.3122434616088867,,
4,1261,2.3085484504699707,,
4,1263,2.3052048683166504,,
4,1265,2.3091025352478027,,
4,1267,2.2984061241149902,,
4,1269,2.3099656105041504,,
4,1271,2.3144478797912598,,
4,1273,2.3121652603149414,,
4,1275,2.3115854263305664,,
4,1277,2.311785936355591,,
4,1279,2.3134777545928955,,
4,1281,2.3085403442382812,,
4,1283,2.306036949157715,,
4,1285,2.3150038719177246,,
4,1287,2.3077077865600586,,
4,1289,2.305523157119751,,
4,1291,2.310668468475342,,
4,1293,2.3067984580993652,,
4,1295,2.311314821243286,,
4,1297,2.309175491333008,,
4,1299,2.3051295280456543,,
4,1301,2.310478925704956,,
4,1303,2.3180489540100098,,
4,1305,2.3066368103027344,,
4,1307,2.3128981590270996,,
4,1309,2.3221654891967773,,
4,1311,2.3113179206848145,,
4,1313,2.3076376914978027,,
4,1315,2.3132786750793457,,
4,1317,2.309063673019409,,
4,1319,2.3070578575134277,,
4,1321,2.308485984802246,,
4,1323,2.3116798400878906,,
4,1325,2.3123836517333984,,
4,1327,2.3119213581085205,,
4,1329,2.3047492504119873,,
4,1331,2.312802791595459,,
4,1333,2.315018892288208,,
4,1335,2.3041577339172363,,
4,1337,2.317491054534912,,
4,1339,2.3186309337615967,,
4,1341,2.3060169219970703,,
4,1343,2.30912446975708,,
4,1345,2.3078432083129883,,
4,1347,2.321106433868408,,
4,1349,2.316257953643799,,
4,1351,2.3098678588867188,,
4,1353,2.308931350708008,,
4,1355,2.308198928833008,,
4,1357,2.3113505840301514,,
4,1359,2.306098461151123,,
4,1361,2.3011159896850586,,
4,1363,2.3085527420043945,,
4,1365,2.3045334815979004,,
4,1367,2.309896230697632,,
4,1369,2.308659076690674,,
4,1371,2.3153610229492188,,
4,1373,2.305769443511963,,
4,1375,2.309260845184326,,
4,1377,2.3153786659240723,,
4,1379,2.301504135131836,,
4,1381,2.3099074363708496,,
4,1383,2.3117103576660156,,
4,1385,2.3088746070861816,,
4,1387,2.3048324584960938,,
4,1389,2.3048267364501953,,
4,1391,2.3077375888824463,,
4,1393,2.3092169761657715,,
4,1395,2.310602903366089,,
4,1397,2.305428981781006,,
4,1399,2.308304786682129,,
4,1401,2.304696559906006,,
4,1403,2.307900905609131,,
4,1405,2.300771951675415,,
4,1407,2.302746295928955,,
4,1409,2.3045902252197266,,
4,1411,2.318436622619629,,
4,1413,2.323157548904419,,
4,1415,2.3085544109344482,,
4,1417,2.303438663482666,,
4,1419,2.3095295429229736,,
4,1421,2.3164796829223633,,
4,1423,2.3147940635681152,,
4,1425,2.313441038131714,,
4,1427,2.305087089538574,,
4,1429,2.312483310699463,,
4,1431,2.309227466583252,,
4,1433,2.305237293243408,,
4,1435,2.305856466293335,,
4,1437,2.3105151653289795,,
4,1439,2.3035383224487305,,
4,1441,2.3110194206237793,,
4,1443,2.312018632888794,,
4,1445,2.307814836502075,,
4,1447,2.3121848106384277,,
4,1449,2.307704448699951,,
4,1451,2.311279296875,,
4,1453,2.307440757751465,,
4,1455,2.3140816688537598,,
4,1457,2.308767080307007,,
4,1459,2.307112693786621,,
4,1461,2.306596040725708,,
4,1463,2.3059775829315186,,
4,1465,2.3063690662384033,,
4,1467,2.305037260055542,,
4,1469,2.3105881214141846,,
4,1471,2.3150320053100586,,
4,1473,2.301403045654297,,
4,1475,2.310765266418457,,
4,1477,2.3130760192871094,,
4,1479,2.3032212257385254,,
4,1481,2.305832862854004,,
4,1483,2.3164010047912598,,
4,1485,2.3120932579040527,,
4,1487,2.3066482543945312,,
4,1489,2.3079185485839844,,
4,1491,2.3142385482788086,,
4,1493,2.312455177307129,,
4,1495,2.306657314300537,,
4,1497,2.3008365631103516,,
4,1499,2.306002140045166,,
4,1501,2.306426525115967,,
4,1503,2.297159194946289,,
4,1505,2.310476541519165,,
4,1507,2.316765546798706,,
4,1509,2.3282995223999023,,
4,1511,2.312554359436035,,
4,1513,2.303868293762207,,
4,1515,2.3061952590942383,,
4,1517,2.310004234313965,,
4,1519,2.3122622966766357,,
4,1521,2.308217763900757,,
4,1523,2.3080763816833496,,
4,1525,2.3091611862182617,,
4,1527,2.3047735691070557,,
4,1529,2.3114054203033447,,
4,1531,2.3173253536224365,,
4,1533,2.3030545711517334,,
4,1535,2.3086087703704834,,
4,1537,2.302757740020752,,
4,1539,2.305806875228882,,
4,1541,2.3077194690704346,,
4,1543,2.319150924682617,,
4,1545,2.3174490928649902,,
4,1547,2.303830623626709,,
4,1549,2.3024044036865234,,
4,1551,2.306582450866699,,
4,1553,2.3141355514526367,,
4,1555,2.3028056621551514,,
4,1557,2.310032367706299,,
4,1559,2.2989516258239746,,
4,1561,2.307274341583252,,
4,1563,2.311492919921875,,
4,1564,,0.18433687090873718,2.2613277435302734
5,1565,2.3111884593963623,,
5,1567,2.3015294075012207,,
5,1569,2.30342698097229,,
5,1571,2.309142827987671,,
5,1573,2.301693916320801,,
5,1575,2.3073649406433105,,
5,1577,2.3052852153778076,,
5,1579,2.3054420948028564,,
5,1581,2.30484676361084,,
5,1583,2.305410623550415,,
5,1585,2.2969279289245605,,
5,1587,2.303201198577881,,
5,1589,2.3099658489227295,,
5,1591,2.3020052909851074,,
5,1593,2.3062310218811035,,
5,1595,2.3117048740386963,,
5,1597,2.3052475452423096,,
5,1599,2.3045248985290527,,
5,1601,2.3113396167755127,,
5,1603,2.3094570636749268,,
5,1605,2.310638427734375,,
5,1607,2.3057475090026855,,
5,1609,2.310379981994629,,
5,1611,2.3111841678619385,,
5,1613,2.3086891174316406,,
5,1615,2.313528537750244,,
5,1617,2.307849645614624,,
5,1619,2.3020458221435547,,
5,1621,2.3077101707458496,,
5,1623,2.311379909515381,,
5,1625,2.302692174911499,,
5,1627,2.310734510421753,,
5,1629,2.2974815368652344,,
5,1631,2.3060355186462402,,
5,1633,2.3093180656433105,,
5,1635,2.3118836879730225,,
5,1637,2.3038527965545654,,
5,1639,2.3084254264831543,,
5,1641,2.3125767707824707,,
5,1643,2.3102288246154785,,
5,1645,2.3152754306793213,,
5,1647,2.315142869949341,,
5,1649,2.2975540161132812,,
5,1651,2.316892623901367,,
5,1653,2.3118057250976562,,
5,1655,2.3034517765045166,,
5,1657,2.3027544021606445,,
5,1659,2.3060879707336426,,
5,1661,2.3079328536987305,,
5,1663,2.319418430328369,,
5,1665,2.3067502975463867,,
5,1667,2.3041770458221436,,
5,1669,2.308955669403076,,
5,1671,2.3072521686553955,,
5,1673,2.3093655109405518,,
5,1675,2.306222438812256,,
5,1677,2.3077006340026855,,
5,1679,2.3090901374816895,,
5,1681,2.3058156967163086,,
5,1683,2.3094215393066406,,
5,1685,2.3088083267211914,,
5,1687,2.313222646713257,,
5,1689,2.316345453262329,,
5,1691,2.307152271270752,,
5,1693,2.304654359817505,,
5,1695,2.3029630184173584,,
5,1697,2.313018321990967,,
5,1699,2.3164784908294678,,
5,1701,2.309105396270752,,
5,1703,2.3085825443267822,,
5,1705,2.3058524131774902,,
5,1707,2.3151915073394775,,
5,1709,2.3050293922424316,,
5,1711,2.3063461780548096,,
5,1713,2.3143539428710938,,
5,1715,2.3048434257507324,,
5,1717,2.304621696472168,,
5,1719,2.307882308959961,,
5,1721,2.3098206520080566,,
5,1723,2.305673122406006,,
5,1725,2.3133044242858887,,
5,1727,2.3104302883148193,,
5,1729,2.3089046478271484,,
5,1731,2.3043642044067383,,
5,1733,2.30660080909729,,
5,1735,2.307973861694336,,
5,1737,2.3065781593322754,,
5,1739,2.3115241527557373,,
5,1741,2.3096487522125244,,
5,1743,2.303740978240967,,
5,1745,2.313755512237549,,
5,1747,2.310441255569458,,
5,1749,2.3074512481689453,,
5,1751,2.3034114837646484,,
5,1753,2.3099329471588135,,
5,1755,2.3023838996887207,,
5,1757,2.3055779933929443,,
5,1759,2.3018925189971924,,
5,1761,2.30631422996521,,
5,1763,2.307042121887207,,
5,1765,2.313112258911133,,
5,1767,2.304304838180542,,
5,1769,2.306182861328125,,
5,1771,2.309238910675049,,
5,1773,2.310213804244995,,
5,1775,2.308561325073242,,
5,1777,2.3043951988220215,,
5,1779,2.311525344848633,,
5,1781,2.3080344200134277,,
5,1783,2.3126349449157715,,
5,1785,2.30763578414917,,
5,1787,2.30668306350708,,
5,1789,2.3132314682006836,,
5,1791,2.316877841949463,,
5,1793,2.3096323013305664,,
5,1795,2.3074140548706055,,
5,1797,2.3118255138397217,,
5,1799,2.313427448272705,,
5,1801,2.3130202293395996,,
5,1803,2.3127920627593994,,
5,1805,2.3005716800689697,,
5,1807,2.307845115661621,,
5,1809,2.310211658477783,,
5,1811,2.302600383758545,,
5,1813,2.313476085662842,,
5,1815,2.299999952316284,,
5,1817,2.3009533882141113,,
5,1819,2.3040857315063477,,
5,1821,2.307419776916504,,
5,1823,2.302673816680908,,
5,1825,2.3139357566833496,,
5,1827,2.3131632804870605,,
5,1829,2.3031792640686035,,
5,1831,2.300651788711548,,
5,1833,2.305180788040161,,
5,1835,2.3046700954437256,,
5,1837,2.3150858879089355,,
5,1839,2.2988364696502686,,
5,1841,2.305619716644287,,
5,1843,2.3085575103759766,,
5,1845,2.3102684020996094,,
5,1847,2.312469959259033,,
5,1849,2.30462646484375,,
5,1851,2.3128015995025635,,
5,1853,2.315408706665039,,
5,1855,2.2998385429382324,,
5,1857,2.3098878860473633,,
5,1859,2.3036158084869385,,
5,1861,2.301482915878296,,
5,1863,2.317063331604004,,
5,1865,2.3041837215423584,,
5,1867,2.311683177947998,,
5,1869,2.3066623210906982,,
5,1871,2.3147287368774414,,
5,1873,2.3043131828308105,,
5,1875,2.2989068031311035,,
5,1877,2.3150994777679443,,
5,1877,,0.012252450920641422,2.330381393432617
6,1879,2.311284303665161,,
6,1881,2.3044345378875732,,
6,1883,2.3053832054138184,,
6,1885,2.3038489818573,,
6,1887,2.3091413974761963,,
6,1889,2.308091163635254,,
6,1891,2.3054940700531006,,
6,1893,2.3077032566070557,,
6,1895,2.3099915981292725,,
6,1897,2.3044893741607666,,
6,1899,2.3126330375671387,,
6,1901,2.3047306537628174,,
6,1903,2.311849594116211,,
6,1905,2.309597969055176,,
6,1907,2.3074045181274414,,
6,1909,2.3101730346679688,,
6,1911,2.305708408355713,,
6,1913,2.305274486541748,,
6,1915,2.308638095855713,,
6,1917,2.303833484649658,,
6,1919,2.29714298248291,,
6,1921,2.305856227874756,,
6,1923,2.308887481689453,,
6,1925,2.3124568462371826,,
6,1927,2.3035802841186523,,
6,1929,2.30320405960083,,
6,1931,2.305769681930542,,
6,1933,2.312908172607422,,
6,1935,2.3038177490234375,,
6,1937,2.3089852333068848,,
6,1939,2.2985167503356934,,
6,1941,2.299313545227051,,
6,1943,2.313101291656494,,
6,1945,2.309006929397583,,
6,1947,2.315235137939453,,
6,1949,2.315263509750366,,
6,1951,2.310009479522705,,
6,1953,2.3078842163085938,,
6,1955,2.3026890754699707,,
6,1957,2.32340145111084,,
6,1959,2.303895950317383,,
6,1961,2.302967071533203,,
6,1963,2.3043313026428223,,
6,1965,2.305706024169922,,
6,1967,2.3104512691497803,,
6,1969,2.305417537689209,,
6,1971,2.303473949432373,,
6,1973,2.3091695308685303,,
6,1975,2.3070998191833496,,
6,1977,2.3077797889709473,,
6,1979,2.307255983352661,,
6,1981,2.3022665977478027,,
6,1983,2.3120205402374268,,
6,1985,2.303130626678467,,
6,1987,2.3090975284576416,,
6,1989,2.3136324882507324,,
6,1991,2.309290885925293,,
6,1993,2.3112616539001465,,
6,1995,2.3056726455688477,,
6,1997,2.309664487838745,,
6,1999,2.306879997253418,,
6,2001,2.3057432174682617,,
6,2003,2.304659366607666,,
6,2005,2.2992331981658936,,
6,2007,2.307109832763672,,
6,2009,2.3077480792999268,,
6,2011,2.311819076538086,,
6,2013,2.307692050933838,,
6,2015,2.3094167709350586,,
6,2017,2.305471897125244,,
6,2019,2.3110883235931396,,
6,2021,2.3091049194335938,,
6,2023,2.3093438148498535,,
6,2025,2.300036668777466,,
6,2027,2.302252769470215,,
6,2029,2.307380199432373,,
6,2031,2.3166656494140625,,
6,2033,2.309483051300049,,
6,2035,2.3061697483062744,,
6,2037,2.310760021209717,,
6,2039,2.305582046508789,,
6,2041,2.3139467239379883,,
6,2043,2.302581787109375,,
6,2045,2.3163509368896484,,
6,2047,2.3091673851013184,,
6,2049,2.302525758743286,,
6,2051,2.3055052757263184,,
6,2053,2.310788631439209,,
6,2055,2.3050456047058105,,
6,2057,2.307145118713379,,
6,2059,2.3127920627593994,,
6,2061,2.299947500228882,,
6,2063,2.3079421520233154,,
6,2065,2.3083839416503906,,
6,2067,2.3091495037078857,,
6,2069,2.310206174850464,,
6,2071,2.310412883758545,,
6,2073,2.31162166595459,,
6,2075,2.3039114475250244,,
6,2077,2.3078975677490234,,
6,2079,2.308157205581665,,
6,2081,2.304795980453491,,
6,2083,2.3129589557647705,,
6,2085,2.30450701713562,,
6,2087,2.304286003112793,,
6,2089,2.3006608486175537,,
6,2091,2.3057234287261963,,
6,2093,2.308673858642578,,
6,2095,2.3111398220062256,,
6,2097,2.3051576614379883,,
6,2099,2.3137803077697754,,
6,2101,2.3074593544006348,,
6,2103,2.3083090782165527,,
6,2105,2.304349899291992,,
6,2107,2.3068175315856934,,
6,2109,2.3039278984069824,,
6,2111,2.3104586601257324,,
6,2113,2.3184051513671875,,
6,2115,2.308101177215576,,
6,2117,2.302992820739746,,
6,2119,2.311195135116577,,
6,2121,2.3011157512664795,,
6,2123,2.305511951446533,,
6,2125,2.304131031036377,,
6,2127,2.3147926330566406,,
6,2129,2.3061413764953613,,
6,2131,2.3056981563568115,,
6,2133,2.301910400390625,,
6,2135,2.306837320327759,,
6,2137,2.3078222274780273,,
6,2139,2.3071680068969727,,
6,2141,2.3102545738220215,,
6,2143,2.3122947216033936,,
6,2145,2.30734920501709,,
6,2147,2.3084523677825928,,
6,2149,2.311271905899048,,
6,2151,2.312011957168579,,
6,2153,2.3061318397521973,,
6,2155,2.3087148666381836,,
6,2157,2.3179819583892822,,
6,2159,2.3073487281799316,,
6,2161,2.3132147789001465,,
6,2163,2.315614700317383,,
6,2165,2.310208559036255,,
6,2167,2.302612543106079,,
6,2169,2.306776285171509,,
6,2171,2.3050289154052734,,
6,2173,2.3116016387939453,,
6,2175,2.3110427856445312,,
6,2177,2.3111040592193604,,
6,2179,2.3151752948760986,,
6,2181,2.3071417808532715,,
6,2183,2.31669545173645,,
6,2185,2.306830406188965,,
6,2187,2.309966802597046,,
6,2189,2.306244134902954,,
6,2190,,0.1872374415397644,2.297544002532959
7,2191,2.3084805011749268,,
7,2193,2.3038947582244873,,
7,2195,2.3035104274749756,,
7,2197,2.307501792907715,,
7,2199,2.309772253036499,,
7,2201,2.3117902278900146,,
7,2203,2.306429147720337,,
7,2205,2.300835132598877,,
7,2207,2.3079192638397217,,
7,2209,2.312206745147705,,
7,2211,2.3045058250427246,,
7,2213,2.3055684566497803,,
7,2215,2.3046693801879883,,
7,2217,2.305450439453125,,
7,2219,2.308582305908203,,
7,2221,2.3141579627990723,,
7,2223,2.3056535720825195,,
7,2225,2.3084046840667725,,
7,2227,2.3044614791870117,,
7,2229,2.3112707138061523,,
7,2231,2.3009438514709473,,
7,2233,2.3175880908966064,,
7,2235,2.307880163192749,,
7,2237,2.304093360900879,,
7,2239,2.3029580116271973,,
7,2241,2.308849573135376,,
7,2243,2.3056998252868652,,
7,2245,2.303889751434326,,
7,2247,2.3085057735443115,,
7,2249,2.3086228370666504,,
7,2251,2.304204225540161,,
7,2253,2.3068172931671143,,
7,2255,2.3082005977630615,,
7,2257,2.3077163696289062,,
7,2259,2.308964967727661,,
7,2261,2.300457000732422,,
7,2263,2.3058924674987793,,
7,2265,2.3090105056762695,,
7,2267,2.306906223297119,,
7,2269,2.305147886276245,,
7,2271,2.304198741912842,,
7,2273,2.3075766563415527,,
7,2275,2.30834698677063,,
7,2277,2.30599308013916,,
7,2279,2.309380054473877,,
7,2281,2.303642511367798,,
7,2283,2.302661657333374,,
7,2285,2.3062291145324707,,
7,2287,2.3119421005249023,,
7,2289,2.304893970489502,,
7,2291,2.3108420372009277,,
7,2293,2.3101179599761963,,
7,2295,2.3040683269500732,,
7,2297,2.304692268371582,,
7,2299,2.314685583114624,,
7,2301,2.3076415061950684,,
7,2303,2.303816556930542,,
7,2305,2.3084330558776855,,
7,2307,2.3018035888671875,,
7,2309,2.297024965286255,,
7,2311,2.3104944229125977,,
7,2313,2.306925058364868,,
7,2315,2.309539794921875,,
7,2317,2.3083877563476562,,
7,2319,2.3037314414978027,,
7,2321,2.306272029876709,,
7,2323,2.311638116836548,,
7,2325,2.3132481575012207,,
7,2327,2.305121898651123,,
7,2329,2.297610282897949,,
7,2331,2.302811622619629,,
7,2333,2.310791015625,,
7,2335,2.3072338104248047,,
7,2337,2.303515911102295,,
7,2339,2.312009334564209,,
7,2341,2.3029403686523438,,
7,2343,2.3032732009887695,,
7,2345,2.3035666942596436,,
7,2347,2.2992894649505615,,
7,2349,2.3044850826263428,,
7,2351,2.304605007171631,,
7,2353,2.309119701385498,,
7,2355,2.3064451217651367,,
7,2357,2.3096864223480225,,
7,2359,2.2997870445251465,,
7,2361,2.308661699295044,,
7,2363,2.303565263748169,,
7,2365,2.311293601989746,,
7,2367,2.299680471420288,,
7,2369,2.303408622741699,,
7,2371,2.3044779300689697,,
7,2373,2.302420139312744,,
7,2375,2.310539722442627,,
7,2377,2.306790351867676,,
7,2379,2.3007612228393555,,
7,2381,2.3123080730438232,,
7,2383,2.313408613204956,,
7,2385,2.306403160095215,,
7,2387,2.300884246826172,,
7,2389,2.304354190826416,,
7,2391,2.303987503051758,,
7,2393,2.3075218200683594,,
7,2395,2.3095765113830566,,
7,2397,2.309054374694824,,
7,2399,2.3127658367156982,,
7,2401,2.308687210083008,,
7,2403,2.3039402961730957,,
7,2405,2.3106720447540283,,
7,2407,2.309903383255005,,
7,2409,2.3135247230529785,,
7,2411,2.3077831268310547,,
7,2413,2.3121087551116943,,
7,2415,2.305570602416992,,
7,2417,2.3106579780578613,,
7,2419,2.3120012283325195,,
7,2421,2.3073649406433105,,
7,2423,2.3015377521514893,,
7,2425,2.307452917098999,,
7,2427,2.3080458641052246,,
7,2429,2.3029797077178955,,
7,2431,2.3086535930633545,,
7,2433,2.3114233016967773,,
7,2435,2.309386968612671,,
7,2437,2.308696746826172,,
7,2439,2.3095245361328125,,
7,2441,2.310271739959717,,
7,2443,2.3048524856567383,,
7,2445,2.305354595184326,,
7,2447,2.3073744773864746,,
7,2449,2.3080551624298096,,
7,2451,2.311184883117676,,
7,2453,2.307379722595215,,
7,2455,2.3020224571228027,,
7,2457,2.306122303009033,,
7,2459,2.3056225776672363,,
7,2461,2.3074512481689453,,
7,2463,2.3018910884857178,,
7,2465,2.3120641708374023,,
7,2467,2.304521322250366,,
7,2469,2.3070647716522217,,
7,2471,2.3130059242248535,,
7,2473,2.299039840698242,,
7,2475,2.3075833320617676,,
7,2477,2.309911012649536,,
7,2479,2.3050904273986816,,
7,2481,2.3009324073791504,,
7,2483,2.307311534881592,,
7,2485,2.3037843704223633,,
7,2487,2.3081421852111816,,
7,2489,2.300720691680908,,
7,2491,2.3095216751098633,,
7,2493,2.305598258972168,,
7,2495,2.3052420616149902,,
7,2497,2.303534507751465,,
7,2499,2.3098106384277344,,
7,2501,2.302544593811035,,
7,2503,2.300854444503784,,
7,2503,,0.1872374415397644,2.321719169616699
8,2505,2.3049681186676025,,
8,2507,2.3051178455352783,,
8,2509,2.3063180446624756,,
8,2511,2.3078243732452393,,
8,2513,2.307903289794922,,
8,2515,2.3018100261688232,,
8,2517,2.3121371269226074,,
8,2519,2.3062283992767334,,
8,2521,2.308223009109497,,
8,2523,2.302158832550049,,
8,2525,2.30281400680542,,
8,2527,2.3035826683044434,,
8,2529,2.3060176372528076,,
8,2531,2.3064799308776855,,
8,2533,2.299421787261963,,
8,2535,2.306316375732422,,
8,2537,2.3044381141662598,,
8,2539,2.309844970703125,,
8,2541,2.3124423027038574,,
8,2543,2.3118057250976562,,
8,2545,2.3061201572418213,,
8,2547,2.3021974563598633,,
8,2549,2.304939031600952,,
8,2551,2.31109619140625,,
8,2553,2.3011722564697266,,
8,2555,2.3126206398010254,,
8,2557,2.3029890060424805,,
8,2559,2.303162097930908,,
8,2561,2.3120641708374023,,
8,2563,2.3115286827087402,,
8,2565,2.303598403930664,,
8,2567,2.3060479164123535,,
8,2569,2.3046669960021973,,
8,2571,2.306307792663574,,
8,2573,2.306436538696289,,
8,2575,2.30783748626709,,
8,2577,2.298130512237549,,
8,2579,2.311230182647705,,
8,2581,2.304056167602539,,
8,2583,2.304827928543091,,
8,2585,2.305995464324951,,
8,2587,2.312239170074463,,
8,2589,2.3102684020996094,,
8,2591,2.305006980895996,,
8,2593,2.301708221435547,,
8,2595,2.308773994445801,,
8,2597,2.30937123298645,,
8,2599,2.3067378997802734,,
8,2601,2.3024492263793945,,
8,2603,2.3058876991271973,,
8,2605,2.3082973957061768,,
8,2607,2.312364101409912,,
8,2609,2.313502073287964,,
8,2611,2.308783531188965,,
8,2613,2.306218147277832,,
8,2615,2.3052256107330322,,
8,2617,2.2989816665649414,,
8,2619,2.3039417266845703,,
8,2621,2.3055615425109863,,
8,2623,2.3061094284057617,,
8,2625,2.302302360534668,,
8,2627,2.3064322471618652,,
8,2629,2.30055570602417,,
8,2631,2.306490898132324,,
8,2633,2.3076248168945312,,
8,2635,2.302186965942383,,
8,2637,2.309978485107422,,
8,2639,2.302997589111328,,
8,2641,2.304945468902588,,
8,2643,2.304327964782715,,
8,2645,2.3061678409576416,,
8,2647,2.306270122528076,,
8,2649,2.3025803565979004,,
8,2651,2.307359218597412,,
8,2653,2.3065121173858643,,
8,2655,2.3113434314727783,,
8,2657,2.301481246948242,,
8,2659,2.3069067001342773,,
8,2661,2.310685634613037,,
8,2663,2.3062665462493896,,
8,2665,2.2997870445251465,,
8,2667,2.3122880458831787,,
8,2669,2.308906078338623,,
8,2671,2.306182622909546,,
8,2673,2.3107762336730957,,
8,2675,2.3004369735717773,,
8,2677,2.3046092987060547,,
8,2679,2.301738977432251,,
8,2681,2.3046555519104004,,
8,2683,2.3038251399993896,,
8,2685,2.301084518432617,,
8,2687,2.30256986618042,,
8,2689,2.3048062324523926,,
8,2691,2.308483600616455,,
8,2693,2.308304786682129,,
8,2695,2.3092775344848633,,
8,2697,2.30393648147583,,
8,2699,2.3061676025390625,,
8,2701,2.314361095428467,,
8,2703,2.3063156604766846,,
8,2705,2.3003649711608887,,
8,2707,2.3022968769073486,,
8,2709,2.3194215297698975,,
8,2711,2.303752899169922,,
8,2713,2.303231716156006,,
8,2715,2.3057761192321777,,
8,2717,2.304995536804199,,
8,2719,2.2989466190338135,,
8,2721,2.3104028701782227,,
8,2723,2.3185057640075684,,
8,2725,2.317375421524048,,
8,2727,2.3054392337799072,,
8,2729,2.308255672454834,,
8,2731,2.3050694465637207,,
8,2733,2.299844264984131,,
8,2735,2.3057169914245605,,
8,2737,2.2994041442871094,,
8,2739,2.3009676933288574,,
8,2741,2.30810546875,,
8,2743,2.3037261962890625,,
8,2745,2.311607837677002,,
8,2747,2.3097879886627197,,
8,2749,2.3095240592956543,,
8,2751,2.294363498687744,,
8,2753,2.306338310241699,,
8,2755,2.2983150482177734,,
8,2757,2.313115119934082,,
8,2759,2.311734199523926,,
8,2761,2.307215690612793,,
8,2763,2.3030004501342773,,
8,2765,2.303786277770996,,
8,2767,2.3081345558166504,,
8,2769,2.3177523612976074,,
8,2771,2.301487445831299,,
8,2773,2.309634208679199,,
8,2775,2.304076671600342,,
8,2777,2.3067452907562256,,
8,2779,2.309317111968994,,
8,2781,2.2985172271728516,,
8,2783,2.3002235889434814,,
8,2785,2.3098597526550293,,
8,2787,2.3090980052948,,
8,2789,2.3065052032470703,,
8,2791,2.307619094848633,,
8,2793,2.3094706535339355,,
8,2795,2.3076539039611816,,
8,2797,2.306663751602173,,
8,2799,2.307859420776367,,
8,2801,2.3055574893951416,,
8,2803,2.3092217445373535,,
8,2805,2.304079532623291,,
8,2807,2.304579734802246,,
8,2809,2.3072316646575928,,
8,2811,2.308156967163086,,
8,2813,2.3065476417541504,,
8,2815,2.306488275527954,,
8,2816,,0.009701940231025219,2.351649522781372
9,2817,2.304988145828247,,
9,2819,2.3051016330718994,,
9,2821,2.3012776374816895,,
9,2823,2.3031187057495117,,
9,2825,2.309080123901367,,
9,2827,2.3079214096069336,,
9,2829,2.3009109497070312,,
9,2831,2.3025522232055664,,
9,2833,2.3065505027770996,,
9,2835,2.3030545711517334,,
9,2837,2.306854009628296,,
9,2839,2.311262607574463,,
9,2841,2.3040664196014404,,
9,2843,2.303699493408203,,
9,2845,2.306443214416504,,
9,2847,2.305546760559082,,
9,2849,2.3044748306274414,,
9,2851,2.3068344593048096,,
9,2853,2.3126134872436523,,
9,2855,2.306366443634033,,
9,2857,2.3046038150787354,,
9,2859,2.3125782012939453,,
9,2861,2.305488109588623,,
9,2863,2.310213804244995,,
9,2865,2.30936861038208,,
9,2867,2.3052632808685303,,
9,2869,2.310239315032959,,
9,2871,2.296358346939087,,
9,2873,2.308180093765259,,
9,2875,2.2993783950805664,,
9,2877,2.300408363342285,,
9,2879,2.304035186767578,,
9,2881,2.3020448684692383,,
9,2883,2.302440881729126,,
9,2885,2.3124444484710693,,
9,2887,2.3052000999450684,,
9,2889,2.307607650756836,,
9,2891,2.315398693084717,,
9,2893,2.3148345947265625,,
9,2895,2.3038902282714844,,
9,2897,2.305161237716675,,
9,2899,2.310469388961792,,
9,2901,2.3089613914489746,,
9,2903,2.309804916381836,,
9,2905,2.3032727241516113,,
9,2907,2.3065297603607178,,
9,2909,2.314624547958374,,
9,2911,2.3085505962371826,,
9,2913,2.3063912391662598,,
9,2915,2.3069725036621094,,
9,2917,2.3047568798065186,,
9,2919,2.301020383834839,,
9,2921,2.3039536476135254,,
9,2923,2.309072494506836,,
9,2925,2.3105998039245605,,
9,2927,2.307142734527588,,
9,2929,2.3062872886657715,,
9,2931,2.3059751987457275,,
9,2933,2.3062331676483154,,
9,2935,2.3049488067626953,,
9,2937,2.301274299621582,,
9,2939,2.3063716888427734,,
9,2941,2.2970476150512695,,
9,2943,2.3041439056396484,,
9,2945,2.3039498329162598,,
9,2947,2.308591365814209,,
9,2949,2.3083932399749756,,
9,2951,2.3133702278137207,,
9,2953,2.309643030166626,,
9,2955,2.308004856109619,,
9,2957,2.30692458152771,,
9,2959,2.3064489364624023,,
9,2961,2.3033785820007324,,
9,2963,2.3094940185546875,,
9,2965,2.305708408355713,,
9,2967,2.3055014610290527,,
9,2969,2.3010940551757812,,
9,2971,2.310335159301758,,
9,2973,2.3063440322875977,,
9,2975,2.3055553436279297,,
9,2977,2.3053064346313477,,
9,2979,2.3054585456848145,,
9,2981,2.3032748699188232,,
9,2983,2.3087158203125,,
9,2985,2.3048882484436035,,
9,2987,2.311138868331909,,
9,2989,2.3058395385742188,,
9,2991,2.3033103942871094,,
9,2993,2.3105714321136475,,
9,2995,2.2989847660064697,,
9,2997,2.3104355335235596,,
9,2999,2.3058383464813232,,
9,3001,2.3050365447998047,,
9,3003,2.3023219108581543,,
9,3005,2.3056349754333496,,
9,3007,2.310666084289551,,
9,3009,2.304856777191162,,
9,3011,2.3131113052368164,,
9,3013,2.309011936187744,,
9,3015,2.305732011795044,,
9,3017,2.3083019256591797,,
9,3019,2.3080480098724365,,
9,3021,2.305971384048462,,
9,3023,2.315105438232422,,
9,3025,2.30368971824646,,
9,3027,2.308291435241699,,
9,3029,2.303708076477051,,
9,3031,2.306225299835205,,
9,3033,2.3035502433776855,,
9,3035,2.314791202545166,,
9,3037,2.3057847023010254,,
9,3039,2.306279182434082,,
9,3041,2.3050997257232666,,
9,3043,2.305654525756836,,
9,3045,2.307521343231201,,
9,3047,2.305596351623535,,
9,3049,2.307337760925293,,
9,3051,2.299376964569092,,
9,3053,2.304990768432617,,
9,3055,2.3019561767578125,,
9,3057,2.3059778213500977,,
9,3059,2.3011536598205566,,
9,3061,2.305863857269287,,
9,3063,2.30763840675354,,
9,3065,2.305478096008301,,
9,3067,2.299595594406128,,
9,3069,2.31060791015625,,
9,3071,2.307649612426758,,
9,3073,2.3093039989471436,,
9,3075,2.304978370666504,,
9,3077,2.3064167499542236,,
9,3079,2.3082950115203857,,
9,3081,2.3083748817443848,,
9,3083,2.3069796562194824,,
9,3085,2.309816837310791,,
9,3087,2.302696704864502,,
9,3089,2.308079719543457,,
9,3091,2.3113229274749756,,
9,3093,2.3126087188720703,,
9,3095,2.3041610717773438,,
9,3097,2.306386947631836,,
9,3099,2.311631679534912,,
9,3101,2.3055331707000732,,
9,3103,2.3130857944488525,,
9,3105,2.3094100952148438,,
9,3107,2.3069825172424316,,
9,3109,2.302471160888672,,
9,3111,2.305870771408081,,
9,3113,2.305781364440918,,
9,3115,2.3059654235839844,,
9,3117,2.3121731281280518,,
9,3119,2.315629005432129,,
9,3121,2.304845094680786,,
9,3123,2.3024473190307617,,
9,3125,2.3108019828796387,,
9,3127,2.30885648727417,,
9,3129,2.3056349754333496,,
9,3129,,0.06271254271268845,2.2910075187683105
10,3131,2.3104331493377686,,
10,3133,2.3100745677948,,
10,3135,2.3022267818450928,,
10,3137,2.3059945106506348,,
10,3139,2.306713581085205,,
10,3141,2.305006504058838,,
10,3143,2.3103537559509277,,
10,3145,2.3130977153778076,,
10,3147,2.306006669998169,,
10,3149,2.3105664253234863,,
10,3151,2.311192512512207,,
10,3153,2.307750940322876,,
10,3155,2.3040850162506104,,
10,3157,2.31036114692688,,
10,3159,2.304049491882324,,
10,3161,2.303576707839966,,
10,3163,2.314260244369507,,
10,3165,2.304853916168213,,
10,3167,2.311312675476074,,
10,3169,2.3039987087249756,,
10,3171,2.3056936264038086,,
10,3173,2.302157163619995,,
10,3175,2.3107728958129883,,
10,3177,2.311819076538086,,
10,3179,2.308211088180542,,
10,3181,2.3026835918426514,,
10,3183,2.309619188308716,,
10,3185,2.3011913299560547,,
10,3187,2.3116559982299805,,
10,3189,2.305971145629883,,
10,3191,2.309523105621338,,
10,3193,2.3084795475006104,,
10,3195,2.309521436691284,,
10,3197,2.2976064682006836,,
10,3199,2.311034679412842,,
10,3201,2.312699317932129,,
10,3203,2.3046751022338867,,
10,3205,2.3143255710601807,,
10,3207,2.3056228160858154,,
10,3209,2.3077075481414795,,
10,3211,2.3086442947387695,,
10,3213,2.3052444458007812,,
10,3215,2.3052430152893066,,
10,3217,2.3048245906829834,,
10,3219,2.3064961433410645,,
10,3221,2.302180290222168,,
10,3223,2.3030436038970947,,
10,3225,2.3085720539093018,,
10,3227,2.301659107208252,,
10,3229,2.3066327571868896,,
10,3231,2.3054490089416504,,
10,3233,2.2973625659942627,,
10,3235,2.3024373054504395,,
10,3237,2.3101444244384766,,
10,3239,2.3025588989257812,,
10,3241,2.3108015060424805,,
10,3243,2.3038506507873535,,
10,3245,2.30560302734375,,
10,3247,2.3046183586120605,,
10,3249,2.3033981323242188,,
10,3251,2.306363344192505,,
10,3253,2.3143692016601562,,
10,3255,2.307823657989502,,
10,3257,2.3079872131347656,,
10,3259,2.309908628463745,,
10,3261,2.309955358505249,,
10,3263,2.306321620941162,,
10,3265,2.305701494216919,,
10,3267,2.303736686706543,,
10,3269,2.308438301086426,,
10,3271,2.305565357208252,,
10,3273,2.3020687103271484,,
10,3275,2.300200939178467,,
10,3277,2.297837257385254,,
10,3279,2.3056087493896484,,
10,3281,2.305098056793213,,
10,3283,2.306140661239624,,
10,3285,2.297003746032715,,
10,3287,2.303316354751587,,
10,3289,2.311526298522949,,
10,3291,2.311882495880127,,
10,3293,2.3074541091918945,,
10,3295,2.3040127754211426,,
10,3297,2.308617115020752,,
10,3299,2.304715156555176,,
10,3301,2.308723211288452,,
10,3303,2.309253215789795,,
10,3305,2.3048627376556396,,
10,3307,2.3034632205963135,,
10,3309,2.3066506385803223,,
10,3311,2.304992198944092,,
10,3313,2.3030641078948975,,
10,3315,2.307983875274658,,
10,3317,2.3090853691101074,,
10,3319,2.3060522079467773,,
10,3321,2.302267074584961,,
10,3323,2.2981810569763184,,
10,3325,2.3084216117858887,,
10,3327,2.3081629276275635,,
10,3329,2.306579113006592,,
10,3331,2.303394317626953,,
10,3333,2.3075942993164062,,
10,3335,2.3059959411621094,,
10,3337,2.3054885864257812,,
10,3339,2.3058278560638428,,
10,3341,2.3026254177093506,,
10,3343,2.3063483238220215,,
10,3345,2.304701805114746,,
10,3347,2.304950714111328,,
10,3349,2.3048882484436035,,
10,3351,2.3035097122192383,,
10,3353,2.306701421737671,,
10,3355,2.3074886798858643,,
10,3357,2.308854103088379,,
10,3359,2.305924415588379,,
10,3361,2.304004192352295,,
10,3363,2.304471015930176,,
10,3365,2.3103392124176025,,
10,3367,2.3031773567199707,,
10,3369,2.310126304626465,,
10,3371,2.304202079772949,,
10,3373,2.30501651763916,,
10,3375,2.3063406944274902,,
10,3377,2.3084921836853027,,
10,3379,2.302112579345703,,
10,3381,2.3026795387268066,,
10,3383,2.303684711456299,,
10,3385,2.298915386199951,,
10,3387,2.305382490158081,,
10,3389,2.3035082817077637,,
10,3391,2.3068013191223145,,
10,3393,2.3032515048980713,,
10,3395,2.3045618534088135,,
10,3397,2.3084936141967773,,
10,3399,2.3130626678466797,,
10,3401,2.3046040534973145,,
10,3403,2.311084747314453,,
10,3405,2.3048007488250732,,
10,3407,2.3095524311065674,,
10,3409,2.303463935852051,,
10,3411,2.30283260345459,,
10,3413,2.307485580444336,,
10,3415,2.304192543029785,,
10,3417,2.304750442504883,,
10,3419,2.3065876960754395,,
10,3421,2.3026959896087646,,
10,3423,2.301274061203003,,
10,3425,2.302490234375,,
10,3427,2.305342435836792,,
10,3429,2.303879976272583,,
10,3431,2.3045570850372314,,
10,3433,2.3086349964141846,,
10,3435,2.3051257133483887,,
10,3437,2.3007068634033203,,
10,3439,2.3069655895233154,,
10,3441,2.304335594177246,,
10,3442,,0.004500900395214558,2.3758327960968018
11,3443,2.3113303184509277,,
11,3445,2.302351951599121,,
11,3447,2.2997493743896484,,
11,3449,2.3061604499816895,,
11,3451,2.306412696838379,,
11,3453,2.3059563636779785,,
11,3455,2.3093228340148926,,
11,3457,2.3080341815948486,,
11,3459,2.303694486618042,,
11,3461,2.3047935962677,,
11,3463,2.306215763092041,,
11,3465,2.3073596954345703,,
11,3467,2.3087821006774902,,
11,3469,2.3000869750976562,,
11,3471,2.3091564178466797,,
11,3473,2.3046836853027344,,
11,3475,2.304492950439453,,
11,3477,2.3056182861328125,,
11,3479,2.3038461208343506,,
11,3481,2.3016114234924316,,
11,3483,2.3140649795532227,,
11,3485,2.303845167160034,,
11,3487,2.3043603897094727,,
11,3489,2.3070194721221924,,
11,3491,2.300872802734375,,
11,3493,2.3018765449523926,,
11,3495,2.307622194290161,,
11,3497,2.3032853603363037,,
11,3499,2.314375877380371,,
11,3501,2.3004541397094727,,
11,3503,2.307058811187744,,
11,3505,2.3061163425445557,,
11,3507,2.308455467224121,,
11,3509,2.3039321899414062,,
11,3511,2.3036751747131348,,
11,3513,2.305288791656494,,
11,3515,2.3006880283355713,,
11,3517,2.3088021278381348,,
11,3519,2.3102335929870605,,
11,3521,2.3047056198120117,,
11,3523,2.304334878921509,,
11,3525,2.3055453300476074,,
11,3527,2.3038878440856934,,
11,3529,2.30098295211792,,
11,3531,2.3042502403259277,,
11,3533,2.3037407398223877,,
11,3535,2.3020105361938477,,
11,3537,2.307514190673828,,
11,3539,2.304802656173706,,
11,3541,2.3105263710021973,,
11,3543,2.3019886016845703,,
11,3545,2.30788516998291,,
11,3547,2.306112766265869,,
11,3549,2.302990198135376,,
11,3551,2.3004908561706543,,
11,3553,2.3036346435546875,,
11,3555,2.3068275451660156,,
11,3557,2.307870864868164,,
11,3559,2.309831142425537,,
11,3561,2.30465030670166,,
11,3563,2.30755352973938,,
11,3565,2.305154800415039,,
11,3567,2.3041186332702637,,
11,3569,2.3052382469177246,,
11,3571,2.3039298057556152,,
11,3573,2.310004234313965,,
11,3575,2.3053627014160156,,
11,3577,2.307526111602783,,
11,3579,2.3041293621063232,,
11,3581,2.301058292388916,,
11,3583,2.3050222396850586,,
11,3585,2.308610200881958,,
11,3587,2.303983211517334,,
11,3589,2.3095858097076416,,
11,3591,2.3077235221862793,,
11,3593,2.309020519256592,,
11,3595,2.308244228363037,,
11,3597,2.3039064407348633,,
11,3599,2.3091797828674316,,
11,3601,2.3057491779327393,,
11,3603,2.3053808212280273,,
11,3605,2.3018479347229004,,
11,3607,2.307225465774536,,
11,3609,2.3085379600524902,,
11,3611,2.304734230041504,,
11,3613,2.306270122528076,,
11,3615,2.30863356590271,,
11,3617,2.3088388442993164,,
11,3619,2.3037118911743164,,
11,3621,2.3073832988739014,,
11,3623,2.3064656257629395,,
11,3625,2.306154251098633,,
11,3627,2.3010711669921875,,
11,3629,2.3131661415100098,,
11,3631,2.307644844055176,,
11,3633,2.31463623046875,,
11,3635,2.3078956604003906,,
11,3637,2.3074209690093994,,
11,3639,2.3057682514190674,,
11,3641,2.3108718395233154,,
11,3643,2.3042404651641846,,
11,3645,2.3048434257507324,,
11,3647,2.3113198280334473,,
11,3649,2.3034815788269043,,
11,3651,2.3090133666992188,,
11,3653,2.305185079574585,,
11,3655,2.3004612922668457,,
11,3657,2.3033976554870605,,
11,3659,2.303431510925293,,
11,3661,2.3101255893707275,,
11,3663,2.307682752609253,,
11,3665,2.3103861808776855,,
11,3667,2.3045883178710938,,
11,3669,2.3030290603637695,,
11,3671,2.306474208831787,,
11,3673,2.306797981262207,,
11,3675,2.303492784500122,,
11,3677,2.3036081790924072,,
11,3679,2.304500102996826,,
11,3681,2.3104257583618164,,
11,3683,2.30850887298584,,
11,3685,2.3042373657226562,,
11,3687,2.309274435043335,,
11,3689,2.305032968521118,,
11,3691,2.310988664627075,,
11,3693,2.3039774894714355,,
11,3695,2.304633617401123,,
11,3697,2.3062844276428223,,
11,3699,2.3102030754089355,,
11,3701,2.304325580596924,,
11,3703,2.2995171546936035,,
11,3705,2.312005043029785,,
11,3707,2.3026466369628906,,
11,3709,2.3107452392578125,,
11,3711,2.310189723968506,,
11,3713,2.3077921867370605,,
11,3715,2.3067467212677,,
11,3717,2.3054158687591553,,
11,3719,2.30698299407959,,
11,3721,2.300645589828491,,
11,3723,2.30194354057312,,
11,3725,2.3047919273376465,,
11,3727,2.3080697059631348,,
11,3729,2.3029046058654785,,
11,3731,2.3021085262298584,,
11,3733,2.313561201095581,,
11,3735,2.30397629737854,,
11,3737,2.3009097576141357,,
11,3739,2.307558536529541,,
11,3741,2.3129591941833496,,
11,3743,2.305421829223633,,
11,3745,2.3076868057250977,,
11,3747,2.306206703186035,,
11,3749,2.3032989501953125,,
11,3751,2.3119091987609863,,
11,3753,2.3038113117218018,,
11,3755,2.312485456466675,,
11,3755,,0.004500900395214558,2.282331943511963
12,3757,2.305600643157959,,
12,3759,2.306231737136841,,
12,3761,2.303744316101074,,
12,3763,2.3023054599761963,,
12,3765,2.3073487281799316,,
12,3767,2.303069829940796,,
12,3769,2.3047633171081543,,
12,3771,2.3013153076171875,,
12,3773,2.302611827850342,,
12,3775,2.3166489601135254,,
12,3777,2.307896137237549,,
12,3779,2.3096561431884766,,
12,3781,2.304198741912842,,
12,3783,2.3088088035583496,,
12,3785,2.3033370971679688,,
12,3787,2.3086557388305664,,
12,3789,2.3056700229644775,,
12,3791,2.3080244064331055,,
12,3793,2.3019659519195557,,
12,3795,2.302166223526001,,
12,3797,2.3060712814331055,,
12,3799,2.3085012435913086,,
12,3801,2.3078646659851074,,
12,3803,2.3130340576171875,,
12,3805,2.305919885635376,,
12,3807,2.308100700378418,,
12,3809,2.304075241088867,,
12,3811,2.307823896408081,,
12,3813,2.3078582286834717,,
12,3815,2.3031182289123535,,
12,3817,2.3062381744384766,,
12,3819,2.3059639930725098,,
12,3821,2.308394432067871,,
12,3823,2.3092494010925293,,
12,3825,2.308126449584961,,
12,3827,2.303927421569824,,
12,3829,2.304013252258301,,
12,3831,2.306602954864502,,
12,3833,2.307523250579834,,
12,3835,2.30362606048584,,
12,3837,2.307785749435425,,
12,3839,2.3018786907196045,,
12,3841,2.3089089393615723,,
12,3843,2.306753158569336,,
12,3845,2.308840274810791,,
12,3847,2.30534029006958,,
12,3849,2.3043994903564453,,
12,3851,2.306178092956543,,
12,3853,2.305135488510132,,
12,3855,2.3047969341278076,,
12,3857,2.3049120903015137,,
12,3859,2.304513454437256,,
12,3861,2.3063859939575195,,
12,3863,2.3055648803710938,,
12,3865,2.3056142330169678,,
12,3867,2.3015336990356445,,
12,3869,2.305040121078491,,
12,3871,2.309070110321045,,
12,3873,2.3063650131225586,,
12,3875,2.3016576766967773,,
12,3877,2.3099617958068848,,
12,3879,2.3063747882843018,,
12,3881,2.301917552947998,,
12,3883,2.3066611289978027,,
12,3885,2.3003039360046387,,
12,3887,2.3109350204467773,,
12,3889,2.3147289752960205,,
12,3891,2.305941581726074,,
12,3893,2.298246145248413,,
12,3895,2.311650514602661,,
12,3897,2.3074951171875,,
12,3899,2.3052334785461426,,
12,3901,2.308094024658203,,
12,3903,2.311779022216797,,
12,3905,2.3025221824645996,,
12,3907,2.3140454292297363,,
12,3909,2.304257392883301,,
12,3911,2.3060357570648193,,
12,3913,2.3037006855010986,,
12,3915,2.3115410804748535,,
12,3917,2.299675464630127,,
12,3919,2.304056406021118,,
12,3921,2.305957078933716,,
12,3923,2.3101425170898438,,
12,3925,2.303067684173584,,
12,3927,2.3052351474761963,,
12,3929,2.3063971996307373,,
12,3931,2.3026843070983887,,
12,3933,2.306460380554199,,
12,3935,2.302400827407837,,
12,3937,2.3051881790161133,,
12,3939,2.3066651821136475,,
12,3941,2.304643154144287,,
12,3943,2.309612274169922,,
12,3945,2.3054656982421875,,
12,3947,2.307291269302368,,
12,3949,2.3075077533721924,,
12,3951,2.304267406463623,,
12,3953,2.3010036945343018,,
12,3955,2.3027102947235107,,
12,3957,2.306419610977173,,
12,3959,2.3048009872436523,,
12,3961,2.3057236671447754,,
12,3963,2.3104360103607178,,
12,3965,2.306037425994873,,
12,3967,2.3051412105560303,,
12,3969,2.304558277130127,,
12,3971,2.3022589683532715,,
12,3973,2.3060550689697266,,
12,3975,2.302161931991577,,
12,3977,2.3055200576782227,,
12,3979,2.2989883422851562,,
12,3981,2.3120102882385254,,
12,3983,2.30147647857666,,
12,3985,2.3089566230773926,,
12,3987,2.3018574714660645,,
12,3989,2.307443857192993,,
12,3991,2.302013874053955,,
12,3993,2.3069262504577637,,
12,3995,2.3052139282226562,,
12,3997,2.3045003414154053,,
12,3999,2.3063302040100098,,
12,4001,2.306668758392334,,
12,4003,2.299339532852173,,
12,4005,2.3016600608825684,,
12,4007,2.3012256622314453,,
12,4009,2.308143377304077,,
12,4011,2.302175521850586,,
12,4013,2.3038907051086426,,
12,4015,2.304809808731079,,
12,4017,2.3073599338531494,,
12,4019,2.3015120029449463,,
12,4021,2.3016982078552246,,
12,4023,2.305572986602783,,
12,4025,2.3020236492156982,,
12,4027,2.3000738620758057,,
12,4029,2.3038105964660645,,
12,4031,2.3041412830352783,,
12,4033,2.3051509857177734,,
12,4035,2.3042516708374023,,
12,4037,2.300528049468994,,
12,4039,2.305417537689209,,
12,4041,2.302198886871338,,
12,4043,2.3082001209259033,,
12,4045,2.306886672973633,,
12,4047,2.3023033142089844,,
12,4049,2.3026366233825684,,
12,4051,2.308651924133301,,
12,4053,2.3076834678649902,,
12,4055,2.3047983646392822,,
12,4057,2.309271812438965,,
12,4059,2.3033485412597656,,
12,4061,2.3021950721740723,,
12,4063,2.301024913787842,,
12,4065,2.303011178970337,,
12,4067,2.304687738418579,,
12,4068,,0.004500900395214558,2.3269684314727783
13,4069,2.3065710067749023,,
13,4071,2.30261492729187,,
13,4073,2.3060731887817383,,
13,4075,2.3089146614074707,,
13,4077,2.3043665885925293,,
13,4079,2.301143169403076,,
13,4081,2.308467149734497,,
13,4083,2.304272174835205,,
13,4085,2.301919460296631,,
13,4087,2.3119235038757324,,
13,4089,2.3024725914001465,,
13,4091,2.3042163848876953,,
13,4093,2.301642417907715,,
13,4095,2.305784225463867,,
13,4097,2.3045754432678223,,
13,4099,2.3028035163879395,,
13,4101,2.302668571472168,,
13,4103,2.3055779933929443,,
13,4105,2.303250312805176,,
13,4107,2.3105640411376953,,
13,4109,2.308255195617676,,
13,4111,2.306359052658081,,
13,4113,2.3062758445739746,,
13,4115,2.302990436553955,,
13,4117,2.303990125656128,,
13,4119,2.3050243854522705,,
13,4121,2.3056282997131348,,
13,4123,2.3035783767700195,,
13,4125,2.304763078689575,,
13,4127,2.3067054748535156,,
13,4129,2.301039695739746,,
13,4131,2.3054635524749756,,
13,4133,2.3062052726745605,,
13,4135,2.30294132232666,,
13,4137,2.306936740875244,,
13,4139,2.3040430545806885,,
13,4141,2.303581476211548,,
13,4143,2.3113210201263428,,
13,4145,2.3067431449890137,,
13,4147,2.314117670059204,,
13,4149,2.307626485824585,,
13,4151,2.308168888092041,,
13,4153,2.3074452877044678,,
13,4155,2.3026621341705322,,
13,4157,2.307262659072876,,
13,4159,2.3022780418395996,,
13,4161,2.303675889968872,,
13,4163,2.3017568588256836,,
13,4165,2.3049213886260986,,
13,4167,2.3050355911254883,,
13,4169,2.305798053741455,,
13,4171,2.303384780883789,,
13,4173,2.3099732398986816,,
13,4175,2.311251401901245,,
13,4177,2.304795503616333,,
13,4179,2.3027865886688232,,
13,4181,2.305605888366699,,
13,4183,2.305629253387451,,
13,4185,2.304644823074341,,
13,4187,2.3051910400390625,,
13,4189,2.309803009033203,,
13,4191,2.310270309448242,,
13,4193,2.3032021522521973,,
13,4195,2.3070359230041504,,
13,4197,2.3058831691741943,,
13,4199,2.303847312927246,,
13,4201,2.3038368225097656,,
13,4203,2.3037543296813965,,
13,4205,2.303223133087158,,
13,4207,2.307366371154785,,
13,4209,2.301027774810791,,
13,4211,2.306485652923584,,
13,4213,2.3068277835845947,,
13,4215,2.3062565326690674,,
13,4217,2.303642749786377,,
13,4219,2.3085875511169434,,
13,4221,2.305070400238037,,
13,4223,2.3090133666992188,,
13,4225,2.30696439743042,,
13,4227,2.3094654083251953,,
13,4229,2.3049492835998535,,
13,4231,2.304671049118042,,
13,4233,2.304082155227661,,
13,4235,2.3011996746063232,,
13,4237,2.3029000759124756,,
13,4239,2.303992986679077,,
13,4241,2.306334972381592,,
13,4243,2.2996273040771484,,
13,4245,2.3060054779052734,,
13,4247,2.304481029510498,,
13,4249,2.3051021099090576,,
13,4251,2.3075647354125977,,
13,4253,2.308058261871338,,
13,4255,2.3075499534606934,,
13,4257,2.304885149002075,,
13,4259,2.3039627075195312,,
13,4261,2.3055930137634277,,
13,4263,2.3063855171203613,,
13,4265,2.3093745708465576,,
13,4267,2.300063371658325,,
13,4269,2.3034560680389404,,
13,4271,2.301456928253174,,
13,4273,2.3039608001708984,,
13,4275,2.3043766021728516,,
13,4277,2.304755926132202,,
13,4279,2.301947593688965,,
13,4281,2.3019633293151855,,
13,4283,2.3058619499206543,,
13,4285,2.3043949604034424,,
13,4287,2.310303211212158,,
13,4289,2.3092262744903564,,
13,4291,2.3001651763916016,,
13,4293,2.305128574371338,,
13,4295,2.3073816299438477,,
13,4297,2.3068723678588867,,
13,4299,2.30521821975708,,
13,4301,2.3081765174865723,,
13,4303,2.3026585578918457,,
13,4305,2.3008947372436523,,
13,4307,2.300204038619995,,
13,4309,2.303015947341919,,
13,4311,2.3035829067230225,,
13,4313,2.3055758476257324,,
13,4315,2.303622245788574,,
13,4317,2.301525115966797,,
13,4319,2.3008346557617188,,
13,4321,2.309731960296631,,
13,4323,2.3087518215179443,,
13,4325,2.306245803833008,,
13,4327,2.302442789077759,,
13,4329,2.3041698932647705,,
13,4331,2.302752733230591,,
13,4333,2.2981185913085938,,
13,4335,2.3051974773406982,,
13,4337,2.3113770484924316,,
13,4339,2.3056979179382324,,
13,4341,2.3076815605163574,,
13,4343,2.2993452548980713,,
13,4345,2.304253578186035,,
13,4347,2.3028829097747803,,
13,4349,2.308350086212158,,
13,4351,2.305769443511963,,
13,4353,2.305384397506714,,
13,4355,2.304499626159668,,
13,4357,2.3080410957336426,,
13,4359,2.300248622894287,,
13,4361,2.3050355911254883,,
13,4363,2.3130874633789062,,
13,4365,2.3045530319213867,,
13,4367,2.304033041000366,,
13,4369,2.3085837364196777,,
13,4371,2.30722975730896,,
13,4373,2.302450656890869,,
13,4375,2.2987618446350098,,
13,4377,2.2989158630371094,,
13,4379,2.3027353286743164,,
13,4381,2.3056602478027344,,
13,4381,,0.012252450920641422,2.320103883743286
14,4383,2.3100810050964355,,
14,4385,2.309645175933838,,
14,4387,2.3084418773651123,,
14,4389,2.3043153285980225,,
14,4391,2.3025193214416504,,
14,4393,2.3056640625,,
14,4395,2.3136749267578125,,
14,4397,2.306943416595459,,
14,4399,2.2987163066864014,,
14,4401,2.306087017059326,,
14,4403,2.302371025085449,,
14,4405,2.3039984703063965,,
14,4407,2.3110241889953613,,
14,4409,2.3066394329071045,,
14,4411,2.3037779331207275,,
14,4413,2.307915449142456,,
14,4415,2.306190013885498,,
14,4417,2.304926872253418,,
14,4419,2.304244041442871,,
14,4421,2.3050060272216797,,
14,4423,2.309657096862793,,
14,4425,2.305713653564453,,
14,4427,2.3034510612487793,,
14,4429,2.3049561977386475,,
14,4431,2.304065227508545,,
14,4433,2.3096377849578857,,
14,4435,2.3035812377929688,,
14,4437,2.3024702072143555,,
14,4439,2.302220344543457,,
14,4441,2.3053812980651855,,
14,4443,2.3060812950134277,,
14,4445,2.304426670074463,,
14,4447,2.30220103263855,,
14,4449,2.309868335723877,,
14,4451,2.3067193031311035,,
14,4453,2.3052127361297607,,
14,4455,2.3034276962280273,,
14,4457,2.3052687644958496,,
14,4459,2.3108603954315186,,
14,4461,2.3042752742767334,,
14,4463,2.305929183959961,,
14,4465,2.3019256591796875,,
14,4467,2.3047845363616943,,
14,4469,2.305246591567993,,
14,4471,2.3017845153808594,,
14,4473,2.3032212257385254,,
14,4475,2.3066272735595703,,
14,4477,2.300823926925659,,
14,4479,2.3093090057373047,,
14,4481,2.3080544471740723,,
14,4483,2.306337356567383,,
14,4485,2.3052427768707275,,
14,4487,2.307033061981201,,
14,4489,2.3096072673797607,,
14,4491,2.306483745574951,,
14,4493,2.3008694648742676,,
14,4495,2.3040475845336914,,
14,4497,2.3062329292297363,,
14,4499,2.3047447204589844,,
14,4501,2.304948568344116,,
14,4503,2.302042007446289,,
14,4505,2.3033673763275146,,
14,4507,2.3024649620056152,,
14,4509,2.3080105781555176,,
14,4511,2.3121886253356934,,
14,4513,2.3038170337677,,
14,4515,2.306501865386963,,
14,4517,2.302924871444702,,
14,4519,2.3090219497680664,,
14,4521,2.307962417602539,,
14,4523,2.3065829277038574,,
14,4525,2.3052024841308594,,
14,4527,2.3076729774475098,,
14,4529,2.30835223197937,,
14,4531,2.3059048652648926,,
14,4533,2.303323268890381,,
14,4535,2.3033881187438965,,
14,4537,2.308457612991333,,
14,4539,2.3062024116516113,,
14,4541,2.307884693145752,,
14,4543,2.3061881065368652,,
14,4545,2.30133318901062,,
14,4547,2.3025999069213867,,
14,4549,2.304788589477539,,
14,4551,2.3052830696105957,,
14,4553,2.302849769592285,,
14,4555,2.300469160079956,,
14,4557,2.3049721717834473,,
14,4559,2.3057117462158203,,
14,4561,2.304293155670166,,
14,4563,2.3050007820129395,,
14,4565,2.3042163848876953,,
14,4567,2.304288864135742,,
14,4569,2.303691864013672,,
14,4571,2.3051300048828125,,
14,4573,2.310555934906006,,
14,4575,2.3044381141662598,,
14,4577,2.306203842163086,,
14,4579,2.302370548248291,,
14,4581,2.304455041885376,,
14,4583,2.305692195892334,,
14,4585,2.305046558380127,,
14,4587,2.304584503173828,,
14,4589,2.3019871711730957,,
14,4591,2.30513334274292,,
14,4593,2.310960292816162,,
14,4595,2.301054000854492,,
14,4597,2.3001434803009033,,
14,4599,2.3063249588012695,,
14,4601,2.307811737060547,,
14,4603,2.3059780597686768,,
14,4605,2.3055663108825684,,
14,4607,2.3108325004577637,,
14,4609,2.3082516193389893,,
14,4611,2.3012609481811523,,
14,4613,2.302859306335449,,
14,4615,2.3015265464782715,,
14,4617,2.3079068660736084,,
14,4619,2.3050341606140137,,
14,4621,2.3075222969055176,,
14,4623,2.302332878112793,,
14,4625,2.308022975921631,,
14,4627,2.3048291206359863,,
14,4629,2.3007259368896484,,
14,4631,2.3056931495666504,,
14,4633,2.3027002811431885,,
14,4635,2.307211399078369,,
14,4637,2.3004560470581055,,
14,4639,2.303452968597412,,
14,4641,2.3015241622924805,,
14,4643,2.304993152618408,,
14,4645,2.3026123046875,,
14,4647,2.305732250213623,,
14,4649,2.307666778564453,,
14,4651,2.313004970550537,,
14,4653,2.307779312133789,,
14,4655,2.3036105632781982,,
14,4657,2.3015356063842773,,
14,4659,2.3049261569976807,,
14,4661,2.3142881393432617,,
14,4663,2.302412509918213,,
14,4665,2.306889533996582,,
14,4667,2.3049685955047607,,
14,4669,2.301865577697754,,
14,4671,2.3054332733154297,,
14,4673,2.3055171966552734,,
14,4675,2.3087024688720703,,
14,4677,2.304264783859253,,
14,4679,2.303821086883545,,
14,4681,2.304164409637451,,
14,4683,2.3030643463134766,,
14,4685,2.301152467727661,,
14,4687,2.3041820526123047,,
14,4689,2.2977843284606934,,
14,4691,2.304781198501587,,
14,4693,2.30338716506958,,
14,4694,,0.04645929113030434,2.2765419483184814
15,4695,2.308838367462158,,
15,4697,2.306619167327881,,
15,4699,2.302560806274414,,
15,4701,2.304889678955078,,
15,4703,2.306771993637085,,
15,4705,2.310300350189209,,
15,4707,2.3038814067840576,,
15,4709,2.3033604621887207,,
15,4711,2.3006749153137207,,
15,4713,2.3054018020629883,,
15,4715,2.3050613403320312,,
15,4717,2.3096017837524414,,
15,4719,2.3016905784606934,,
15,4721,2.304736614227295,,
15,4723,2.3018550872802734,,
15,4725,2.301831007003784,,
15,4727,2.3043360710144043,,
15,4729,2.3007190227508545,,
15,4731,2.3032546043395996,,
15,4733,2.30440616607666,,
15,4735,2.306044101715088,,
15,4737,2.309598445892334,,
15,4739,2.3196051120758057,,
15,4741,2.3056230545043945,,
15,4743,2.3041577339172363,,
15,4745,2.305914878845215,,
15,4747,2.303009271621704,,
15,4749,2.3059909343719482,,
15,4751,2.301729917526245,,
15,4753,2.3082127571105957,,
15,4755,2.3024840354919434,,
15,4757,2.3070361614227295,,
15,4759,2.3092103004455566,,
15,4761,2.3082833290100098,,
15,4763,2.303802013397217,,
15,4765,2.304448366165161,,
15,4767,2.3064868450164795,,
15,4769,2.301208734512329,,
15,4771,2.306757688522339,,
15,4773,2.3039872646331787,,
15,4775,2.308238983154297,,
15,4777,2.3054213523864746,,
15,4779,2.3057267665863037,,
15,4781,2.309715747833252,,
15,4783,2.303776264190674,,
15,4785,2.30294132232666,,
15,4787,2.304887056350708,,
15,4789,2.30322265625,,
15,4791,2.3024561405181885,,
15,4793,2.3031139373779297,,
15,4795,2.307107925415039,,
15,4797,2.3091750144958496,,
15,4799,2.3109235763549805,,
15,4801,2.3039908409118652,,
15,4803,2.3035125732421875,,
15,4805,2.3069047927856445,,
15,4807,2.3039727210998535,,
15,4809,2.300555467605591,,
15,4811,2.298887014389038,,
15,4813,2.305363655090332,,
15,4815,2.30885910987854,,
15,4817,2.305419921875,,
15,4819,2.3033437728881836,,
15,4821,2.3044846057891846,,
15,4823,2.3084676265716553,,
15,4825,2.311751365661621,,
15,4827,2.308307647705078,,
15,4829,2.3056046962738037,,
15,4831,2.3026723861694336,,
15,4833,2.304384708404541,,
15,4835,2.3119287490844727,,
15,4837,2.3017821311950684,,
15,4839,2.306464672088623,,
15,4841,2.3099536895751953,,
15,4843,2.3058176040649414,,
15,4845,2.303818702697754,,
15,4847,2.3051042556762695,,
15,4849,2.3045709133148193,,
15,4851,2.3092081546783447,,
15,4853,2.3032076358795166,,
15,4855,2.304460287094116,,
15,4857,2.304126739501953,,
15,4859,2.3012139797210693,,
15,4861,2.3067665100097656,,
15,4863,2.305398941040039,,
15,4865,2.308797597885132,,
15,4867,2.3056859970092773,,
15,4869,2.3080129623413086,,
15,4871,2.3071537017822266,,
15,4873,2.3016014099121094,,
15,4875,2.306614398956299,,
15,4877,2.304253339767456,,
15,4879,2.3055050373077393,,
15,4881,2.301318645477295,,
15,4883,2.3043313026428223,,
15,4885,2.305548667907715,,
15,4887,2.3057446479797363,,
15,4889,2.3092331886291504,,
15,4891,2.30202317237854,,
15,4893,2.306777238845825,,
15,4895,2.3041751384735107,,
15,4897,2.3071138858795166,,
15,4899,2.3043274879455566,,
15,4901,2.3004705905914307,,
15,4903,2.306809663772583,,
15,4905,2.308145523071289,,
15,4907,2.304697036743164,,
15,4909,2.303938865661621,,
15,4911,2.3031396865844727,,
15,4913,2.30649733543396,,
15,4915,2.310190439224243,,
15,4917,2.3027615547180176,,
15,4919,2.3044850826263428,,
15,4921,2.3050384521484375,,
15,4923,2.3030266761779785,,
15,4925,2.3059487342834473,,
15,4927,2.3017146587371826,,
15,4929,2.306798219680786,,
15,4931,2.3088293075561523,,
15,4933,2.3033535480499268,,
15,4935,2.304093360900879,,
15,4937,2.3054938316345215,,
15,4939,2.3019514083862305,,
15,4941,2.3033223152160645,,
15,4943,2.3085215091705322,,
15,4945,2.3093409538269043,,
15,4947,2.307778835296631,,
15,4949,2.3029537200927734,,
15,4951,2.3028693199157715,,
15,4953,2.307480812072754,,
15,4955,2.3026578426361084,,
15,4957,2.3037209510803223,,
15,4959,2.3032891750335693,,
15,4961,2.3074026107788086,,
15,4963,2.3048806190490723,,
15,4965,2.3110427856445312,,
15,4967,2.303532600402832,,
15,4969,2.3039193153381348,,
15,4971,2.3066346645355225,,
15,4973,2.3016655445098877,,
15,4975,2.3015098571777344,,
15,4977,2.3045647144317627,,
15,4979,2.3005332946777344,,
15,4981,2.305891513824463,,
15,4983,2.302344799041748,,
15,4985,2.30877423286438,,
15,4987,2.3050012588500977,,
15,4989,2.3040852546691895,,
15,4991,2.3010096549987793,,
15,4993,2.3034253120422363,,
15,4995,2.3058271408081055,,
15,4997,2.2999677658081055,,
15,4999,2.306230068206787,,
15,5001,2.3037664890289307,,
15,5003,2.3105738162994385,,
15,5005,2.3084259033203125,,
15,5007,2.292602300643921,,
15,5007,,0.46544307470321655,2.245448589324951
16,5009,2.3078114986419678,,
16,5011,2.30049467086792,,
16,5013,2.310636520385742,,
16,5015,2.302243232727051,,
16,5017,2.3068833351135254,,
16,5019,2.3067288398742676,,
16,5021,2.2995595932006836,,
16,5023,2.302764415740967,,
16,5025,2.305670738220215,,
16,5027,2.3055286407470703,,
16,5029,2.3076891899108887,,
16,5031,2.306941032409668,,
16,5033,2.313314437866211,,
16,5035,2.3021039962768555,,
16,5037,2.304100275039673,,
16,5039,2.3041789531707764,,
16,5041,2.304844617843628,,
16,5043,2.3054511547088623,,
16,5045,2.3015265464782715,,
16,5047,2.298443078994751,,
16,5049,2.3073887825012207,,
16,5051,2.2987935543060303,,
16,5053,2.298931360244751,,
16,5055,2.3018856048583984,,
16,5057,2.3116912841796875,,
16,5059,2.3035964965820312,,
16,5061,2.3047561645507812,,
16,5063,2.3089962005615234,,
16,5065,2.302608013153076,,
16,5067,2.3056836128234863,,
16,5069,2.3031604290008545,,
16,5071,2.3067827224731445,,
16,5073,2.3011364936828613,,
16,5075,2.305402994155884,,
16,5077,2.3054332733154297,,
16,5079,2.306241273880005,,
16,5081,2.305276393890381,,
16,5083,2.303378105163574,,
16,5085,2.3066225051879883,,
16,5087,2.303203821182251,,
16,5089,2.3007030487060547,,
16,5091,2.3055148124694824,,
16,5093,2.3044745922088623,,
16,5095,2.307811975479126,,
16,5097,2.303213119506836,,
16,5099,2.300997257232666,,
16,5101,2.301546573638916,,
16,5103,2.3021323680877686,,
16,5105,2.3040313720703125,,
16,5107,2.304483413696289,,
16,5109,2.304098606109619,,
16,5111,2.3072471618652344,,
16,5113,2.305452823638916,,
16,5115,2.3043689727783203,,
16,5117,2.302063226699829,,
16,5119,2.3093197345733643,,
16,5121,2.3053464889526367,,
16,5123,2.305818796157837,,
16,5125,2.302079916000366,,
16,5127,2.303466320037842,,
16,5129,2.3051228523254395,,
16,5131,2.3038856983184814,,
16,5133,2.3043570518493652,,
16,5135,2.304988384246826,,
16,5137,2.3055098056793213,,
16,5139,2.3029279708862305,,
16,5141,2.306317090988159,,
16,5143,2.303356409072876,,
16,5145,2.3028063774108887,,
16,5147,2.3044607639312744,,
16,5149,2.3088717460632324,,
16,5151,2.3066983222961426,,
16,5153,2.3056273460388184,,
16,5155,2.306748628616333,,
16,5157,2.305783748626709,,
16,5159,2.3036208152770996,,
16,5161,2.303079128265381,,
16,5163,2.299213171005249,,
16,5165,2.30562162399292,,
16,5167,2.3045902252197266,,
16,5169,2.3035120964050293,,
16,5171,2.306964874267578,,
16,5173,2.3048148155212402,,
16,5175,2.3034162521362305,,
16,5177,2.3002190589904785,,
16,5179,2.3029944896698,,
16,5181,2.305772304534912,,
16,5183,2.3061673641204834,,
16,5185,2.3052892684936523,,
16,5187,2.3007748126983643,,
16,5189,2.3028180599212646,,
16,5191,2.303576946258545,,
16,5193,2.3075828552246094,,
16,5195,2.30666184425354,,
16,5197,2.3097639083862305,,
16,5199,2.3041958808898926,,
16,5201,2.3039779663085938,,
16,5203,2.3044543266296387,,
16,5205,2.3045315742492676,,
16,5207,2.304975986480713,,
16,5209,2.3013229370117188,,
16,5211,2.3055906295776367,,
16,5213,2.3098645210266113,,
16,5215,2.3078842163085938,,
16,5217,2.3033814430236816,,
16,5219,2.3032288551330566,,
16,5221,2.305661201477051,,
16,5223,2.301509380340576,,
16,5225,2.3047492504119873,,
16,5227,2.3086791038513184,,
16,5229,2.3020236492156982,,
16,5231,2.3063135147094727,,
16,5233,2.305452346801758,,
16,5235,2.3081202507019043,,
16,5237,2.3104677200317383,,
16,5239,2.3035764694213867,,
16,5241,2.3037853240966797,,
16,5243,2.3048648834228516,,
16,5245,2.305367946624756,,
16,5247,2.3032145500183105,,
16,5249,2.305985689163208,,
16,5251,2.304201126098633,,
16,5253,2.302426815032959,,
16,5255,2.303211212158203,,
16,5257,2.303622245788574,,
16,5259,2.3049402236938477,,
16,5261,2.304469108581543,,
16,5263,2.303797960281372,,
16,5265,2.30755615234375,,
16,5267,2.3060975074768066,,
16,5269,2.2977044582366943,,
16,5271,2.305044174194336,,
16,5273,2.3043315410614014,,
16,5275,2.3043737411499023,,
16,5277,2.3051512241363525,,
16,5279,2.3037562370300293,,
16,5281,2.3104074001312256,,
16,5283,2.306544303894043,,
16,5285,2.305882692337036,,
16,5287,2.3050217628479004,,
16,5289,2.305011034011841,,
16,5291,2.3016676902770996,,
16,5293,2.3067524433135986,,
16,5295,2.306410312652588,,
16,5297,2.3048315048217773,,
16,5299,2.3057916164398193,,
16,5301,2.309391975402832,,
16,5303,2.3037219047546387,,
16,5305,2.309255838394165,,
16,5307,2.310675859451294,,
16,5309,2.3021724224090576,,
16,5311,2.304551124572754,,
16,5313,2.30692458152771,,
16,5315,2.306605815887451,,
16,5317,2.302311897277832,,
16,5319,2.3008549213409424,,
16,5320,,0.46544307470321655,2.271843671798706
17,5321,2.30820631980896,,
17,5323,2.305542469024658,,
17,5325,2.3045754432678223,,
17,5327,2.3035695552825928,,
17,5329,2.3081884384155273,,
17,5331,2.302645444869995,,
17,5333,2.302699089050293,,
17,5335,2.302294969558716,,
17,5337,2.307996988296509,,
17,5339,2.307405710220337,,
17,5341,2.302776336669922,,
17,5343,2.2988343238830566,,
17,5345,2.3032588958740234,,
17,5347,2.3024191856384277,,
17,5349,2.307326316833496,,
17,5351,2.3040051460266113,,
17,5353,2.3087215423583984,,
17,5355,2.2995238304138184,,
17,5357,2.3036646842956543,,
17,5359,2.3044161796569824,,
17,5361,2.3096439838409424,,
17,5363,2.3025686740875244,,
17,5365,2.3059520721435547,,
17,5367,2.3079116344451904,,
17,5369,2.3027448654174805,,
17,5371,2.307807445526123,,
17,5373,2.3002710342407227,,
17,5375,2.308112382888794,,
17,5377,2.309457302093506,,
17,5379,2.31166410446167,,
17,5381,2.306851863861084,,
17,5383,2.2984981536865234,,
17,5385,2.3042283058166504,,
17,5387,2.303347110748291,,
17,5389,2.3003406524658203,,
17,5391,2.300560474395752,,
17,5393,2.3076817989349365,,
17,5395,2.3039629459381104,,
17,5397,2.3007564544677734,,
17,5399,2.3015692234039307,,
17,5401,2.3046884536743164,,
17,5403,2.304600238800049,,
17,5405,2.308817148208618,,
17,5407,2.3019185066223145,,
17,5409,2.3031482696533203,,
17,5411,2.2998671531677246,,
17,5413,2.3001651763916016,,
17,5415,2.3024401664733887,,
17,5417,2.301070213317871,,
17,5419,2.301426887512207,,
17,5421,2.307192325592041,,
17,5423,2.302328109741211,,
17,5425,2.302502155303955,,
17,5427,2.3050427436828613,,
17,5429,2.3067684173583984,,
17,5431,2.304656982421875,,
17,5433,2.302065372467041,,
17,5435,2.309734344482422,,
17,5437,2.301030158996582,,
17,5439,2.30747652053833,,
17,5441,2.3074951171875,,
17,5443,2.3034002780914307,,
17,5445,2.3036305904388428,,
17,5447,2.3054287433624268,,
17,5449,2.3028011322021484,,
17,5451,2.3039145469665527,,
17,5453,2.3085618019104004,,
17,5455,2.3057823181152344,,
17,5457,2.3077306747436523,,
17,5459,2.302093744277954,,
17,5461,2.301582098007202,,
17,5463,2.304319143295288,,
17,5465,2.305248498916626,,
17,5467,2.3018665313720703,,
17,5469,2.3036675453186035,,
17,5471,2.305724620819092,,
17,5473,2.3045618534088135,,
17,5475,2.3056740760803223,,
17,5477,2.3052430152893066,,
17,5479,2.3074872493743896,,
17,5481,2.3046507835388184,,
17,5483,2.305144786834717,,
17,5485,2.302419662475586,,
17,5487,2.3015685081481934,,
17,5489,2.3034579753875732,,
17,5491,2.3032641410827637,,
17,5493,2.309351682662964,,
17,5495,2.3058903217315674,,
17,5497,2.3007919788360596,,
17,5499,2.3033101558685303,,
17,5501,2.306492805480957,,
17,5503,2.300413131713867,,
17,5505,2.304837703704834,,
17,5507,2.3098232746124268,,
17,5509,2.3018884658813477,,
17,5511,2.306497812271118,,
17,5513,2.3081064224243164,,
17,5515,2.306387424468994,,
17,5517,2.304537057876587,,
17,5519,2.305800676345825,,
17,5521,2.3041789531707764,,
17,5523,2.3012118339538574,,
17,5525,2.3052196502685547,,
17,5527,2.306217670440674,,
17,5529,2.301398277282715,,
17,5531,2.3071298599243164,,
17,5533,2.3099963665008545,,
17,5535,2.304780960083008,,
17,5537,2.303013563156128,,
17,5539,2.3024210929870605,,
17,5541,2.3039703369140625,,
17,5543,2.303030490875244,,
17,5545,2.302189350128174,,
17,5547,2.3014938831329346,,
17,5549,2.3015735149383545,,
17,5551,2.3063087463378906,,
17,5553,2.3062431812286377,,
17,5555,2.307765007019043,,
17,5557,2.303046703338623,,
17,5559,2.301929473876953,,
17,5561,2.303223133087158,,
17,5563,2.302849292755127,,
17,5565,2.3040401935577393,,
17,5567,2.302290439605713,,
17,5569,2.304563045501709,,
17,5571,2.302859306335449,,
17,5573,2.3061282634735107,,
17,5575,2.3059072494506836,,
17,5577,2.298778772354126,,
17,5579,2.30155611038208,,
17,5581,2.3056695461273193,,
17,5583,2.3078017234802246,,
17,5585,2.300264835357666,,
17,5587,2.304926872253418,,
17,5589,2.3151159286499023,,
17,5591,2.3038711547851562,,
17,5593,2.3107340335845947,,
17,5595,2.3022172451019287,,
17,5597,2.3051352500915527,,
17,5599,2.3066864013671875,,
17,5601,2.3020200729370117,,
17,5603,2.30214786529541,,
17,5605,2.3053712844848633,,
17,5607,2.3003153800964355,,
17,5609,2.306182861328125,,
17,5611,2.30023193359375,,
17,5613,2.2984588146209717,,
17,5615,2.303450584411621,,
17,5617,2.3029274940490723,,
17,5619,2.305851697921753,,
17,5621,2.305637836456299,,
17,5623,2.305652141571045,,
17,5625,2.305119514465332,,
17,5627,2.3055503368377686,,
17,5629,2.301804542541504,,
17,5631,2.3056459426879883,,
17,5633,2.303677558898926,,
17,5633,,0.004500900395214558,2.2968430519104004
18,5635,2.305957555770874,,
18,5637,2.3013739585876465,,
18,5639,2.3039863109588623,,
18,5641,2.3023524284362793,,
18,5643,2.302307605743408,,
18,5645,2.30751371383667,,
18,5647,2.307143211364746,,
18,5649,2.3027007579803467,,
18,5651,2.299971342086792,,
18,5653,2.3016531467437744,,
18,5655,2.3021130561828613,,
18,5657,2.307969570159912,,
18,5659,2.3054497241973877,,
18,5661,2.3032429218292236,,
18,5663,2.3004984855651855,,
18,5665,2.3050339221954346,,
18,5667,2.307215929031372,,
18,5669,2.301048517227173,,
18,5671,2.3020668029785156,,
18,5673,2.303813934326172,,
18,5675,2.301731824874878,,
18,5677,2.302936553955078,,
18,5679,2.2997844219207764,,
18,5681,2.3013439178466797,,
18,5683,2.303499698638916,,
18,5685,2.3031599521636963,,
18,5687,2.3041391372680664,,
18,5689,2.3078222274780273,,
18,5691,2.3046536445617676,,
18,5693,2.306222915649414,,
18,5695,2.3058278560638428,,
18,5697,2.307260036468506,,
18,5699,2.3038082122802734,,
18,5701,2.304142475128174,,
18,5703,2.302680015563965,,
18,5705,2.3056561946868896,,
18,5707,2.306318521499634,,
18,5709,2.308523654937744,,
18,5711,2.3110132217407227,,
18,5713,2.308554172515869,,
18,5715,2.304231643676758,,
18,5717,2.304661273956299,,
18,5719,2.300992965698242,,
18,5721,2.301440715789795,,
18,5723,2.3071770668029785,,
18,5725,2.303597927093506,,
18,5727,2.305406093597412,,
18,5729,2.3072052001953125,,
18,5731,2.3053314685821533,,
18,5733,2.3040659427642822,,
18,5735,2.304495334625244,,
18,5737,2.303252696990967,,
18,5739,2.30428409576416,,
18,5741,2.3035082817077637,,
18,5743,2.3090271949768066,,
18,5745,2.3033266067504883,,
18,5747,2.305711030960083,,
18,5749,2.307241439819336,,
18,5751,2.301443576812744,,
18,5753,2.306265354156494,,
18,5755,2.3018736839294434,,
18,5757,2.3051700592041016,,
18,5759,2.304780960083008,,
18,5761,2.3041582107543945,,
18,5763,2.3064780235290527,,
18,5765,2.3084936141967773,,
18,5767,2.304966926574707,,
18,5769,2.301011562347412,,
18,5771,2.309940814971924,,
18,5773,2.3079404830932617,,
18,5775,2.3057031631469727,,
18,5777,2.303447961807251,,
18,5779,2.2996580600738525,,
18,5781,2.298074722290039,,
18,5783,2.307420492172241,,
18,5785,2.3037960529327393,,
18,5787,2.3024721145629883,,
18,5789,2.3031489849090576,,
18,5791,2.302736759185791,,
18,5793,2.3049111366271973,,
18,5795,2.3032989501953125,,
18,5797,2.3040637969970703,,
18,5799,2.3045005798339844,,
18,5801,2.300940990447998,,
18,5803,2.3045549392700195,,
18,5805,2.3052978515625,,
18,5807,2.3059487342834473,,
18,5809,2.304323196411133,,
18,5811,2.3003273010253906,,
18,5813,2.3077969551086426,,
18,5815,2.306095600128174,,
18,5817,2.2989065647125244,,
18,5819,2.3046839237213135,,
18,5821,2.299851417541504,,
18,5823,2.3017144203186035,,
18,5825,2.3046414852142334,,
18,5827,2.303924560546875,,
18,5829,2.3027701377868652,,
18,5831,2.3054871559143066,,
18,5833,2.297830820083618,,
18,5835,2.305446147918701,,
18,5837,2.308231830596924,,
18,5839,2.302682399749756,,
18,5841,2.301910400390625,,
18,5843,2.300851821899414,,
18,5845,2.300973653793335,,
18,5847,2.309920310974121,,
18,5849,2.305551052093506,,
18,5851,2.3014588356018066,,
18,5853,2.305032253265381,,
18,5855,2.3053503036499023,,
18,5857,2.305532932281494,,
18,5859,2.3037078380584717,,
18,5861,2.305290460586548,,
18,5863,2.300203561782837,,
18,5865,2.305171012878418,,
18,5867,2.3038673400878906,,
18,5869,2.3037972450256348,,
18,5871,2.3011457920074463,,
18,5873,2.305699348449707,,
18,5875,2.305919885635376,,
18,5877,2.3069348335266113,,
18,5879,2.300896644592285,,
18,5881,2.303159713745117,,
18,5883,2.3086624145507812,,
18,5885,2.307102680206299,,
18,5887,2.3096680641174316,,
18,5889,2.3062736988067627,,
18,5891,2.3011538982391357,,
18,5893,2.308255434036255,,
18,5895,2.310295581817627,,
18,5897,2.307621955871582,,
18,5899,2.299072265625,,
18,5901,2.3021249771118164,,
18,5903,2.299509048461914,,
18,5905,2.3054051399230957,,
18,5907,2.304100513458252,,
18,5909,2.304563283920288,,
18,5911,2.3056585788726807,,
18,5913,2.304250717163086,,
18,5915,2.30594539642334,,
18,5917,2.3078017234802246,,
18,5919,2.3044097423553467,,
18,5921,2.3049864768981934,,
18,5923,2.3039467334747314,,
18,5925,2.304492235183716,,
18,5927,2.309417247772217,,
18,5929,2.3074898719787598,,
18,5931,2.3000593185424805,,
18,5933,2.304713249206543,,
18,5935,2.3006467819213867,,
18,5937,2.304225444793701,,
18,5939,2.3087167739868164,,
18,5941,2.304537296295166,,
18,5943,2.3060193061828613,,
18,5945,2.3033132553100586,,
18,5946,,0.0011502300621941686,2.351940631866455
19,5947,2.305135726928711,,
19,5949,2.311589479446411,,
19,5951,2.3036036491394043,,
19,5953,2.3005597591400146,,
19,5955,2.306008815765381,,
19,5957,2.302074432373047,,
19,5959,2.302155017852783,,
19,5961,2.2993240356445312,,
19,5963,2.302748441696167,,
19,5965,2.3065028190612793,,
19,5967,2.3047866821289062,,
19,5969,2.3050084114074707,,
19,5971,2.302821636199951,,
19,5973,2.299039363861084,,
19,5975,2.301485776901245,,
19,5977,2.3024587631225586,,
19,5979,2.303043842315674,,
19,5981,2.302825450897217,,
19,5983,2.3002686500549316,,
19,5985,2.303615093231201,,
19,5987,2.3072266578674316,,
19,5989,2.303236961364746,,
19,5991,2.305297613143921,,
19,5993,2.2999956607818604,,
19,5995,2.3137943744659424,,
19,5997,2.3023152351379395,,
19,5999,2.303010940551758,,
19,6001,2.305935859680176,,
19,6003,2.304168462753296,,
19,6005,2.307664632797241,,
19,6007,2.3016891479492188,,
19,6009,2.3009719848632812,,
19,6011,2.3007264137268066,,
19,6013,2.3038101196289062,,
19,6015,2.3044772148132324,,
19,6017,2.3016042709350586,,
19,6019,2.305609703063965,,
19,6021,2.3028810024261475,,
19,6023,2.3082077503204346,,
19,6025,2.3019580841064453,,
19,6027,2.3052124977111816,,
19,6029,2.305136203765869,,
19,6031,2.302973747253418,,
19,6033,2.301374673843384,,
19,6035,2.2999191284179688,,
19,6037,2.30745530128479,,
19,6039,2.3021225929260254,,
19,6041,2.301262378692627,,
19,6043,2.3061835765838623,,
19,6045,2.30120587348938,,
19,6047,2.3021864891052246,,
19,6049,2.3039097785949707,,
19,6051,2.304318904876709,,
19,6053,2.305232048034668,,
19,6055,2.307543992996216,,
19,6057,2.3040027618408203,,
19,6059,2.3066635131835938,,
19,6061,2.303712844848633,,
19,6063,2.304983615875244,,
19,6065,2.3037819862365723,,
19,6067,2.3044381141662598,,
19,6069,2.305112600326538,,
19,6071,2.3024587631225586,,
19,6073,2.3076882362365723,,
19,6075,2.299999237060547,,
19,6077,2.304837703704834,,
19,6079,2.304492950439453,,
19,6081,2.3052544593811035,,
19,6083,2.305583953857422,,
19,6085,2.301530361175537,,
19,6087,2.303043842315674,,
19,6089,2.3060154914855957,,
19,6091,2.307687759399414,,
19,6093,2.3070921897888184,,
19,6095,2.3033318519592285,,
19,6097,2.302461624145508,,
19,6099,2.303619623184204,,
19,6101,2.3029580116271973,,
19,6103,2.3051962852478027,,
19,6105,2.3052515983581543,,
19,6107,2.306788444519043,,
19,6109,2.304750442504883,,
19,6111,2.304042339324951,,
19,6113,2.305211067199707,,
19,6115,2.3034181594848633,,
19,6117,2.301699638366699,,
19,6119,2.3058807849884033,,
19,6121,2.3031673431396484,,
19,6123,2.305067539215088,,
19,6125,2.306525230407715,,
19,6127,2.3051180839538574,,
19,6129,2.304079055786133,,
19,6131,2.303241014480591,,
19,6133,2.3040289878845215,,
19,6135,2.304290294647217,,
19,6137,2.3070640563964844,,
19,6139,2.3013453483581543,,
19,6141,2.3020505905151367,,
19,6143,2.3089990615844727,,
19,6145,2.304338216781616,,
19,6147,2.2997703552246094,,
19,6149,2.3035547733306885,,
19,6151,2.3063547611236572,,
19,6153,2.307997226715088,,
19,6155,2.3054261207580566,,
19,6157,2.3012571334838867,,
19,6159,2.3038458824157715,,
19,6161,2.30460262298584,,
19,6163,2.305309295654297,,
19,6165,2.3074951171875,,
19,6167,2.3047094345092773,,
19,6169,2.3025460243225098,,
19,6171,2.3047683238983154,,
19,6173,2.30377459526062,,
19,6175,2.3030080795288086,,
19,6177,2.3044373989105225,,
19,6179,2.3010947704315186,,
19,6181,2.3014485836029053,,
19,6183,2.3059186935424805,,
19,6185,2.3029301166534424,,
19,6187,2.305299758911133,,
19,6189,2.3061110973358154,,
19,6191,2.2984249591827393,,
19,6193,2.299896240234375,,
19,6195,2.3063435554504395,,
19,6197,2.3109419345855713,,
19,6199,2.3052916526794434,,
19,6201,2.3038337230682373,,
19,6203,2.300804853439331,,
19,6205,2.3035879135131836,,
19,6207,2.303370475769043,,
19,6209,2.305116653442383,,
19,6211,2.3005025386810303,,
19,6213,2.3083276748657227,,
19,6215,2.3005106449127197,,
19,6217,2.303126335144043,,
19,6219,2.306623935699463,,
19,6221,2.306359052658081,,
19,6223,2.3058218955993652,,
19,6225,2.3051564693450928,,
19,6227,2.3007352352142334,,
19,6229,2.306107521057129,,
19,6231,2.3048267364501953,,
19,6233,2.304020404815674,,
19,6235,2.3034818172454834,,
19,6237,2.305713415145874,,
19,6239,2.313335657119751,,
19,6241,2.3022823333740234,,
19,6243,2.303105354309082,,
19,6245,2.3044092655181885,,
19,6247,2.301729202270508,,
19,6249,2.3039820194244385,,
19,6251,2.306715250015259,,
19,6253,2.302624225616455,,
19,6255,2.3066039085388184,,
19,6257,2.303577423095703,,
19,6259,2.303250312805176,,
19,6259,,0.1872374415397644,2.288480758666992
20,6261,2.3022336959838867,,
20,6263,2.3055202960968018,,
20,6265,2.304124593734741,,
20,6267,2.3055081367492676,,
20,6269,2.304612159729004,,
20,6271,2.302645206451416,,
20,6273,2.3013932704925537,,
20,6275,2.2993953227996826,,
20,6277,2.30385160446167,,
20,6279,2.3055200576782227,,
20,6281,2.3033013343811035,,
20,6283,2.3013110160827637,,
20,6285,2.302783250808716,,
20,6287,2.3026132583618164,,
20,6289,2.306792736053467,,
20,6291,2.30104923248291,,
20,6293,2.3036210536956787,,
20,6295,2.3060271739959717,,
20,6297,2.301003932952881,,
20,6299,2.3049092292785645,,
20,6301,2.3026018142700195,,
20,6303,2.306532859802246,,
20,6305,2.306035041809082,,
20,6307,2.301629066467285,,
20,6309,2.3013107776641846,,
20,6311,2.303755760192871,,
20,6313,2.2998647689819336,,
20,6315,2.306750535964966,,
20,6317,2.3065314292907715,,
20,6319,2.3053054809570312,,
20,6321,2.304676055908203,,
20,6323,2.3064165115356445,,
20,6325,2.306429386138916,,
20,6327,2.303656578063965,,
20,6329,2.304661750793457,,
20,6331,2.3051657676696777,,
20,6333,2.2997617721557617,,
20,6335,2.3046505451202393,,
20,6337,2.3035449981689453,,
20,6339,2.306002378463745,,
20,6341,2.304978847503662,,
20,6343,2.300290584564209,,
20,6345,2.306871175765991,,
20,6347,2.305561065673828,,
20,6349,2.3062353134155273,,
20,6351,2.3049347400665283,,
20,6353,2.3026270866394043,,
20,6355,2.3028016090393066,,
20,6357,2.3067378997802734,,
20,6359,2.303964376449585,,
20,6361,2.3050758838653564,,
20,6363,2.3067145347595215,,
20,6365,2.3049867153167725,,
20,6367,2.3038063049316406,,
20,6369,2.3096299171447754,,
20,6371,2.306591510772705,,
20,6373,2.3084893226623535,,
20,6375,2.3021063804626465,,
20,6377,2.3046088218688965,,
20,6379,2.303572177886963,,
20,6381,2.305276870727539,,
20,6383,2.3091847896575928,,
20,6385,2.3056674003601074,,
20,6387,2.3061206340789795,,
20,6389,2.305243968963623,,
20,6391,2.30476975440979,,
20,6393,2.303835153579712,,
20,6395,2.2979583740234375,,
20,6397,2.307983160018921,,
20,6399,2.304205894470215,,
20,6401,2.300048828125,,
20,6403,2.2987475395202637,,
20,6405,2.3005247116088867,,
20,6407,2.308999538421631,,
20,6409,2.3034520149230957,,
20,6411,2.305617332458496,,
20,6413,2.3010663986206055,,
20,6415,2.307157516479492,,
20,6417,2.302722930908203,,
20,6419,2.2998437881469727,,
20,6421,2.3026223182678223,,
20,6423,2.302384376525879,,
20,6425,2.299698829650879,,
20,6427,2.3098044395446777,,
20,6429,2.3065590858459473,,
20,6431,2.3082833290100098,,
20,6433,2.3054134845733643,,
20,6435,2.3034698963165283,,
20,6437,2.3049182891845703,,
20,6439,2.3038015365600586,,
20,6441,2.3048319816589355,,
20,6443,2.3025355339050293,,
20,6445,2.3048579692840576,,
20,6447,2.3049614429473877,,
20,6449,2.3049046993255615,,
20,6451,2.3060431480407715,,
20,6453,2.3010447025299072,,
20,6455,2.3039932250976562,,
20,6457,2.3060860633850098,,
20,6459,2.304126262664795,,
20,6461,2.3025617599487305,,
20,6463,2.3000411987304688,,
20,6465,2.306018590927124,,
20,6467,2.3027849197387695,,
20,6469,2.3051857948303223,,
20,6471,2.3022613525390625,,
20,6473,2.3035621643066406,,
20,6475,2.299593925476074,,
20,6477,2.305553913116455,,
20,6479,2.306678533554077,,
20,6481,2.3085808753967285,,
20,6483,2.3048758506774902,,
20,6485,2.302440881729126,,
20,6487,2.3019089698791504,,
20,6489,2.304262638092041,,
20,6491,2.301865577697754,,
20,6493,2.303853988647461,,
20,6495,2.3095993995666504,,
20,6497,2.3065409660339355,,
20,6499,2.3062868118286133,,
20,6501,2.3038241863250732,,
20,6503,2.3023643493652344,,
20,6505,2.303689956665039,,
20,6507,2.3054919242858887,,
20,6509,2.302244186401367,,
20,6511,2.299912452697754,,
20,6513,2.3023486137390137,,
20,6515,2.305703639984131,,
20,6517,2.3026180267333984,,
20,6519,2.3022940158843994,,
20,6521,2.303248643875122,,
20,6523,2.3030521869659424,,
20,6525,2.305008888244629,,
20,6527,2.3037455081939697,,
20,6529,2.302414655685425,,
20,6531,2.3027114868164062,,
20,6533,2.302973508834839,,
20,6535,2.302389621734619,,
20,6537,2.303131103515625,,
20,6539,2.3058273792266846,,
20,6541,2.3000705242156982,,
20,6543,2.3055176734924316,,
20,6545,2.3017594814300537,,
20,6547,2.304196834564209,,
20,6549,2.306215763092041,,
20,6551,2.302554130554199,,
20,6553,2.3024888038635254,,
20,6555,2.305577278137207,,
20,6557,2.3023343086242676,,
20,6559,2.305983066558838,,
20,6561,2.3012571334838867,,
20,6563,2.3056631088256836,,
20,6565,2.302711009979248,,
20,6567,2.3054723739624023,,
20,6569,2.3065314292907715,,
20,6571,2.3028435707092285,,
20,6572,,0.04645929113030434,2.3334548473358154
21,6573,2.3052375316619873,,
21,6575,2.302187204360962,,
21,6577,2.3073978424072266,,
21,6579,2.3014283180236816,,
21,6581,2.3024702072143555,,
21,6583,2.3003735542297363,,
21,6585,2.30094051361084,,
21,6587,2.3052988052368164,,
21,6589,2.3041927814483643,,
21,6591,2.30426025390625,,
21,6593,2.307893753051758,,
21,6595,2.307709217071533,,
21,6597,2.3056163787841797,,
21,6599,2.3037619590759277,,
21,6601,2.3032937049865723,,
21,6603,2.303147077560425,,
21,6605,2.3056509494781494,,
21,6607,2.301300525665283,,
21,6609,2.3056981563568115,,
21,6611,2.302548885345459,,
21,6613,2.303696870803833,,
21,6615,2.3038082122802734,,
21,6617,2.303084373474121,,
21,6619,2.305483818054199,,
21,6621,2.3046717643737793,,
21,6623,2.3031253814697266,,
21,6625,2.3015658855438232,,
21,6627,2.3000292778015137,,
21,6629,2.3060755729675293,,
21,6631,2.3061161041259766,,
21,6633,2.3034536838531494,,
21,6635,2.306447982788086,,
21,6637,2.30775785446167,,
21,6639,2.302093505859375,,
21,6641,2.302800416946411,,
21,6643,2.3083488941192627,,
21,6645,2.3043782711029053,,
21,6647,2.304988384246826,,
21,6649,2.305414915084839,,
21,6651,2.3053109645843506,,
21,6653,2.3119287490844727,,
21,6655,2.302145004272461,,
21,6657,2.303011894226074,,
21,6659,2.3034486770629883,,
21,6661,2.3049755096435547,,
21,6663,2.3070430755615234,,
21,6665,2.3053131103515625,,
21,6667,2.3025615215301514,,
21,6669,2.3022642135620117,,
21,6671,2.3026716709136963,,
21,6673,2.299757480621338,,
21,6675,2.3028316497802734,,
21,6677,2.3026633262634277,,
21,6679,2.29879093170166,,
21,6681,2.306356191635132,,
21,6683,2.306898832321167,,
21,6685,2.304551124572754,,
21,6687,2.307823896408081,,
21,6689,2.3040671348571777,,
21,6691,2.304633140563965,,
21,6693,2.3039071559906006,,
21,6695,2.301112174987793,,
21,6697,2.3047938346862793,,
21,6699,2.3093762397766113,,
21,6701,2.306334972381592,,
21,6703,2.303570032119751,,
21,6705,2.3046677112579346,,
21,6707,2.306856632232666,,
21,6709,2.3029069900512695,,
21,6711,2.3015828132629395,,
21,6713,2.300132989883423,,
21,6715,2.3017094135284424,,
21,6717,2.3019556999206543,,
21,6719,2.3070054054260254,,
21,6721,2.302546501159668,,
21,6723,2.3047494888305664,,
21,6725,2.3022749423980713,,
21,6727,2.3026905059814453,,
21,6729,2.304875612258911,,
21,6731,2.3086133003234863,,
21,6733,2.3086345195770264,,
21,6735,2.3048362731933594,,
21,6737,2.308929681777954,,
21,6739,2.305370569229126,,
21,6741,2.30380916595459,,
21,6743,2.3022241592407227,,
21,6745,2.300124168395996,,
21,6747,2.3028407096862793,,
21,6749,2.3045334815979004,,
21,6751,2.2997450828552246,,
21,6753,2.304816484451294,,
21,6755,2.3046674728393555,,
21,6757,2.306422233581543,,
21,6759,2.3068833351135254,,
21,6761,2.305783271789551,,
21,6763,2.303319215774536,,
21,6765,2.3032889366149902,,
21,6767,2.301076889038086,,
21,6769,2.3036699295043945,,
21,6771,2.3043417930603027,,
21,6773,2.305187940597534,,
21,6775,2.3030710220336914,,
21,6777,2.302302360534668,,
21,6779,2.3055148124694824,,
21,6781,2.3091225624084473,,
21,6783,2.3083877563476562,,
21,6785,2.3040599822998047,,
21,6787,2.3053746223449707,,
21,6789,2.3067574501037598,,
21,6791,2.302906036376953,,
21,6793,2.3076438903808594,,
21,6795,2.302891969680786,,
21,6797,2.3071343898773193,,
21,6799,2.307565450668335,,
21,6801,2.3043079376220703,,
21,6803,2.305288314819336,,
21,6805,2.3034121990203857,,
21,6807,2.3029603958129883,,
21,6809,2.303806781768799,,
21,6811,2.305792808532715,,
21,6813,2.306029796600342,,
21,6815,2.3033199310302734,,
21,6817,2.305102586746216,,
21,6819,2.305128574371338,,
21,6821,2.302238941192627,,
21,6823,2.303199291229248,,
21,6825,2.3049612045288086,,
21,6827,2.3047142028808594,,
21,6829,2.3003323078155518,,
21,6831,2.303757905960083,,
21,6833,2.302147626876831,,
21,6835,2.303694248199463,,
21,6837,2.301823139190674,,
21,6839,2.303811550140381,,
21,6841,2.304870128631592,,
21,6843,2.301908254623413,,
21,6845,2.302652359008789,,
21,6847,2.3083508014678955,,
21,6849,2.3015003204345703,,
21,6851,2.303800344467163,,
21,6853,2.3053808212280273,,
21,6855,2.3026909828186035,,
21,6857,2.3059022426605225,,
21,6859,2.3049020767211914,,
21,6861,2.304043769836426,,
21,6863,2.301970958709717,,
21,6865,2.3055973052978516,,
21,6867,2.303999423980713,,
21,6869,2.3034298419952393,,
21,6871,2.3043482303619385,,
21,6873,2.3050737380981445,,
21,6875,2.3024959564208984,,
21,6877,2.3004636764526367,,
21,6879,2.302544116973877,,
21,6881,2.3018486499786377,,
21,6883,2.307687997817993,,
21,6885,2.301337480545044,,
21,6885,,0.06271254271268845,2.3329570293426514
22,6887,2.302438735961914,,
22,6889,2.303983211517334,,
22,6891,2.307833671569824,,
22,6893,2.304687976837158,,
22,6895,2.304063081741333,,
22,6897,2.3015730381011963,,
22,6899,2.303748369216919,,
22,6901,2.3074073791503906,,
22,6903,2.305386543273926,,
22,6905,2.3050386905670166,,
22,6907,2.3010172843933105,,
22,6909,2.3039655685424805,,
22,6911,2.3004586696624756,,
22,6913,2.301255464553833,,
22,6915,2.304617404937744,,
22,6917,2.3026137351989746,,
22,6919,2.30122971534729,,
22,6921,2.304628849029541,,
22,6923,2.303281784057617,,
22,6925,2.3020803928375244,,
22,6927,2.3084189891815186,,
22,6929,2.3004825115203857,,
22,6931,2.3033647537231445,,
22,6933,2.3068766593933105,,
22,6935,2.310352325439453,,
22,6937,2.308501720428467,,
22,6939,2.303959846496582,,
22,6941,2.303417205810547,,
22,6943,2.300778865814209,,
22,6945,2.3042287826538086,,
22,6947,2.3034212589263916,,
22,6949,2.3074188232421875,,
22,6951,2.3032078742980957,,
22,6953,2.3051490783691406,,
22,6955,2.308246374130249,,
22,6957,2.302896022796631,,
22,6959,2.301147222518921,,
22,6961,2.308011054992676,,
22,6963,2.3024327754974365,,
22,6965,2.3022706508636475,,
22,6967,2.3022804260253906,,
22,6969,2.305481433868408,,
22,6971,2.3040764331817627,,
22,6973,2.303584337234497,,
22,6975,2.3025927543640137,,
22,6977,2.301051616668701,,
22,6979,2.301741361618042,,
22,6981,2.304351329803467,,
22,6983,2.3035330772399902,,
22,6985,2.306774854660034,,
22,6987,2.303084373474121,,
22,6989,2.304363965988159,,
22,6991,2.3032827377319336,,
22,6993,2.3023338317871094,,
22,6995,2.3023738861083984,,
22,6997,2.305893898010254,,
22,6999,2.3013699054718018,,
22,7001,2.3022139072418213,,
22,7003,2.3065266609191895,,
22,7005,2.303605556488037,,
22,7007,2.308929920196533,,
22,7009,2.3041865825653076,,
22,7011,2.3053531646728516,,
22,7013,2.308495044708252,,
22,7015,2.3057961463928223,,
22,7017,2.304366111755371,,
22,7019,2.3040988445281982,,
22,7021,2.3044915199279785,,
22,7023,2.3004150390625,,
22,7025,2.302433490753174,,
22,7027,2.3036983013153076,,
22,7029,2.3055362701416016,,
22,7031,2.3047759532928467,,
22,7033,2.300131320953369,,
22,7035,2.3019089698791504,,
22,7037,2.3115315437316895,,
22,7039,2.3089520931243896,,
22,7041,2.304975986480713,,
22,7043,2.304394245147705,,
22,7045,2.30293607711792,,
22,7047,2.3039660453796387,,
22,7049,2.3000645637512207,,
22,7051,2.303478240966797,,
22,7053,2.3025364875793457,,
22,7055,2.303340435028076,,
22,7057,2.3063607215881348,,
22,7059,2.303144693374634,,
22,7061,2.3050265312194824,,
22,7063,2.3021039962768555,,
22,7065,2.303175926208496,,
22,7067,2.2991366386413574,,
22,7069,2.3038711547851562,,
22,7071,2.307908058166504,,
22,7073,2.3052849769592285,,
22,7075,2.3036630153656006,,
22,7077,2.3017754554748535,,
22,7079,2.3050215244293213,,
22,7081,2.306576728820801,,
22,7083,2.308377981185913,,
22,7085,2.3047990798950195,,
22,7087,2.3004419803619385,,
22,7089,2.3103294372558594,,
22,7091,2.3048534393310547,,
22,7093,2.303420305252075,,
22,7095,2.300304412841797,,
22,7097,2.3041560649871826,,
22,7099,2.3047423362731934,,
22,7101,2.3058271408081055,,
22,7103,2.3076887130737305,,
22,7105,2.3053994178771973,,
22,7107,2.3066720962524414,,
22,7109,2.3010921478271484,,
22,7111,2.305217742919922,,
22,7113,2.3046364784240723,,
22,7115,2.302946090698242,,
22,7117,2.3053059577941895,,
22,7119,2.3036656379699707,,
22,7121,2.3054659366607666,,
22,7123,2.30146861076355,,
22,7125,2.3025505542755127,,
22,7127,2.302910089492798,,
22,7129,2.3060286045074463,,
22,7131,2.3065998554229736,,
22,7133,2.3035199642181396,,
22,7135,2.3023037910461426,,
22,7137,2.3039746284484863,,
22,7139,2.302248954772949,,
22,7141,2.303802967071533,,
22,7143,2.3004908561706543,,
22,7145,2.3052775859832764,,
22,7147,2.302924633026123,,
22,7149,2.302114248275757,,
22,7151,2.3077445030212402,,
22,7153,2.304293632507324,,
22,7155,2.303589344024658,,
22,7157,2.3027820587158203,,
22,7159,2.305607318878174,,
22,7161,2.301950454711914,,
22,7163,2.3034472465515137,,
22,7165,2.3042070865631104,,
22,7167,2.3075809478759766,,
22,7169,2.303210735321045,,
22,7171,2.302306652069092,,
22,7173,2.305232286453247,,
22,7175,2.307929039001465,,
22,7177,2.3038594722747803,,
22,7179,2.3074405193328857,,
22,7181,2.3044991493225098,,
