epoch,step,test_acc,test_loss,train_loss,val_acc,val_loss
0,1,,,3.2373616695404053,,
0,3,,,3.2040555477142334,,
0,5,,,3.17901349067688,,
0,7,,,3.1453371047973633,,
0,9,,,3.199519157409668,,
0,11,,,3.106718063354492,,
0,13,,,3.105189323425293,,
0,15,,,3.0507988929748535,,
0,17,,,3.056828498840332,,
0,19,,,3.038100242614746,,
0,21,,,2.967045545578003,,
0,23,,,2.9652583599090576,,
0,25,,,2.9548044204711914,,
0,27,,,2.987974166870117,,
0,29,,,2.978447914123535,,
0,31,,,2.938425064086914,,
0,33,,,2.918462038040161,,
0,35,,,2.8129546642303467,,
0,37,,,2.8698055744171143,,
0,39,,,2.844834804534912,,
0,41,,,2.8178656101226807,,
0,43,,,2.7244584560394287,,
0,45,,,2.810710906982422,,
0,47,,,2.6481263637542725,,
0,49,,,2.6869285106658936,,
0,51,,,2.6766908168792725,,
0,53,,,2.721342086791992,,
0,55,,,2.6742777824401855,,
0,57,,,2.6993467807769775,,
0,59,,,2.625856876373291,,
0,61,,,2.5694711208343506,,
0,63,,,2.585446834564209,,
0,65,,,2.62489652633667,,
0,67,,,2.6729695796966553,,
0,69,,,2.461085557937622,,
0,71,,,2.5984909534454346,,
0,73,,,2.5184834003448486,,
0,75,,,2.434093952178955,,
0,77,,,2.561530590057373,,
0,79,,,2.4314169883728027,,
0,81,,,2.3512187004089355,,
0,83,,,2.405120372772217,,
0,85,,,2.462526798248291,,
0,87,,,2.396280288696289,,
0,89,,,2.405521869659424,,
0,91,,,2.3539156913757324,,
0,93,,,2.4541053771972656,,
0,95,,,2.3099160194396973,,
0,97,,,2.3596932888031006,,
0,99,,,2.3959639072418213,,
0,101,,,2.4740407466888428,,
0,103,,,2.3163280487060547,,
0,105,,,2.3676974773406982,,
0,107,,,2.2671613693237305,,
0,109,,,2.179145336151123,,
0,111,,,2.27024245262146,,
0,113,,,2.2130022048950195,,
0,115,,,2.2436962127685547,,
0,117,,,2.2446892261505127,,
0,119,,,2.1870639324188232,,
0,121,,,2.3230903148651123,,
0,123,,,2.265378713607788,,
0,125,,,2.3077433109283447,,
0,127,,,2.362692356109619,,
0,129,,,2.4103286266326904,,
0,131,,,2.1125059127807617,,
0,133,,,2.125831127166748,,
0,135,,,2.3682336807250977,,
0,137,,,2.1690759658813477,,
0,139,,,2.290877103805542,,
0,141,,,2.2310092449188232,,
0,143,,,2.1390161514282227,,
0,145,,,2.1596217155456543,,
0,147,,,2.1158926486968994,,
0,149,,,2.143195390701294,,
0,151,,,2.2619879245758057,,
0,153,,,2.089322328567505,,
0,155,,,2.1354031562805176,,
0,157,,,2.208062171936035,,
0,159,,,2.191490411758423,,
0,161,,,2.2373621463775635,,
0,163,,,2.186218023300171,,
0,165,,,2.1101224422454834,,
0,167,,,2.204866409301758,,
0,169,,,2.0113375186920166,,
0,171,,,2.0066189765930176,,
0,173,,,2.1854183673858643,,
0,175,,,2.085872173309326,,
0,177,,,2.06966495513916,,
0,179,,,2.1309561729431152,,
0,181,,,2.1499381065368652,,
0,183,,,2.034125328063965,,
0,185,,,1.854901671409607,,
0,187,,,1.9774678945541382,,
0,189,,,2.0496883392333984,,
0,191,,,2.0164103507995605,,
0,193,,,2.050079345703125,,
0,195,,,2.1301987171173096,,
0,197,,,2.1426260471343994,,
0,199,,,2.0434141159057617,,
0,201,,,2.0189568996429443,,
0,203,,,2.0434393882751465,,
0,205,,,1.9942113161087036,,
0,207,,,2.1022286415100098,,
0,209,,,2.102644443511963,,
0,211,,,2.067183256149292,,
0,213,,,2.029245376586914,,
0,215,,,2.054776191711426,,
0,217,,,2.0255327224731445,,
0,219,,,2.0269343852996826,,
0,221,,,2.0669236183166504,,
0,223,,,2.002307176589966,,
0,225,,,2.013958692550659,,
0,227,,,1.9573183059692383,,
0,229,,,1.9153110980987549,,
0,231,,,1.9952350854873657,,
0,233,,,2.109912395477295,,
0,235,,,2.267148494720459,,
0,237,,,1.903225064277649,,
0,239,,,2.0846939086914062,,
0,241,,,2.241164207458496,,
0,243,,,2.026691436767578,,
0,245,,,2.1104066371917725,,
0,247,,,1.9496413469314575,,
0,249,,,2.0398054122924805,,
0,251,,,2.083451986312866,,
0,253,,,2.066004991531372,,
0,255,,,1.9484508037567139,,
0,257,,,1.9225947856903076,,
0,259,,,1.97672700881958,,
0,261,,,1.9722071886062622,,
0,263,,,1.990424394607544,,
0,265,,,2.043717622756958,,
0,267,,,1.8388949632644653,,
0,269,,,2.0383098125457764,,
0,271,,,1.9671310186386108,,
0,273,,,2.2201826572418213,,
0,275,,,2.0392463207244873,,
0,277,,,1.9459868669509888,,
0,279,,,2.4019179344177246,,
0,281,,,1.9540177583694458,,
0,283,,,1.9132050275802612,,
0,285,,,2.075789451599121,,
0,287,,,2.2508296966552734,,
0,289,,,2.006828546524048,,
0,291,,,1.9457430839538574,,
0,293,,,1.8630385398864746,,
0,295,,,1.7990989685058594,,
0,297,,,1.8479799032211304,,
0,299,,,2.0085833072662354,,
0,301,,,1.8888970613479614,,
0,303,,,1.9530974626541138,,
0,305,,,2.0513720512390137,,
0,307,,,1.8882161378860474,,
0,309,,,1.9942680597305298,,
0,311,,,1.9247676134109497,,
0,312,,,,0.46549999713897705,8.602561950683594
1,313,,,1.9086521863937378,,
1,315,,,1.958302617073059,,
1,317,,,1.8101696968078613,,
1,319,,,1.925932765007019,,
1,321,,,1.8783522844314575,,
1,323,,,2.2420899868011475,,
1,325,,,1.9426236152648926,,
1,327,,,2.0268726348876953,,
1,329,,,1.8397586345672607,,
1,331,,,2.0125064849853516,,
1,333,,,1.901850700378418,,
1,335,,,1.8337218761444092,,
1,337,,,1.9373315572738647,,
1,339,,,1.9740610122680664,,
1,341,,,2.0077521800994873,,
1,343,,,1.7091832160949707,,
1,345,,,2.132042646408081,,
1,347,,,1.8284465074539185,,
1,349,,,1.9462460279464722,,
1,351,,,1.809691309928894,,
1,353,,,1.9168808460235596,,
1,355,,,1.830171823501587,,
1,357,,,1.6623660326004028,,
1,359,,,1.8628045320510864,,
1,361,,,1.7621828317642212,,
1,363,,,2.210033416748047,,
1,365,,,1.8996081352233887,,
1,367,,,1.692057490348816,,
1,369,,,1.7491939067840576,,
1,371,,,1.9615018367767334,,
1,373,,,1.904103398323059,,
1,375,,,1.8053256273269653,,
1,377,,,1.9452675580978394,,
1,379,,,1.8383866548538208,,
1,381,,,1.8729033470153809,,
1,383,,,1.9759441614151,,
1,385,,,1.9235721826553345,,
1,387,,,1.9091511964797974,,
1,389,,,1.9221563339233398,,
1,391,,,1.887062430381775,,
1,393,,,2.091096878051758,,
1,395,,,1.7902204990386963,,
1,397,,,1.9643495082855225,,
1,399,,,1.8872624635696411,,
1,401,,,1.9017817974090576,,
1,403,,,1.7533984184265137,,
1,405,,,1.9272055625915527,,
1,407,,,1.7509011030197144,,
1,409,,,1.9001054763793945,,
1,411,,,1.9730180501937866,,
1,413,,,1.730054259300232,,
1,415,,,1.858839988708496,,
1,417,,,1.7839933633804321,,
1,419,,,1.8180735111236572,,
1,421,,,1.8969969749450684,,
1,423,,,1.9222992658615112,,
1,425,,,2.013927936553955,,
1,427,,,1.9900076389312744,,
1,429,,,1.9370715618133545,,
1,431,,,1.820212483406067,,
1,433,,,1.715567708015442,,
1,435,,,1.7361202239990234,,
1,437,,,1.7572120428085327,,
1,439,,,1.9688013792037964,,
1,441,,,1.8165390491485596,,
1,443,,,1.7100870609283447,,
1,445,,,2.4980521202087402,,
1,447,,,1.7321875095367432,,
1,449,,,1.8037140369415283,,
1,451,,,1.9834433794021606,,
1,453,,,1.6541272401809692,,
1,455,,,1.7036679983139038,,
1,457,,,1.8263872861862183,,
1,459,,,1.744661569595337,,
1,461,,,1.815083622932434,,
1,463,,,1.8564296960830688,,
1,465,,,1.8231441974639893,,
1,467,,,1.7780510187149048,,
1,469,,,2.056119203567505,,
1,471,,,1.7665793895721436,,
1,473,,,1.8023396730422974,,
1,475,,,1.7266837358474731,,
1,477,,,1.880631685256958,,
1,479,,,1.8259955644607544,,
1,481,,,1.879892349243164,,
1,483,,,1.8743503093719482,,
1,485,,,2.2305755615234375,,
1,487,,,1.7580214738845825,,
1,489,,,1.8525505065917969,,
1,491,,,1.7886863946914673,,
1,493,,,1.8480122089385986,,
1,495,,,1.610740065574646,,
1,497,,,1.8450264930725098,,
1,499,,,1.9940690994262695,,
1,501,,,1.7871969938278198,,
1,503,,,1.7330931425094604,,
1,505,,,1.6701892614364624,,
1,507,,,1.6719474792480469,,
1,509,,,1.768013596534729,,
1,511,,,1.791579246520996,,
1,513,,,1.7821564674377441,,
1,515,,,1.8519755601882935,,
1,517,,,1.7660980224609375,,
1,519,,,1.666183590888977,,
1,521,,,1.8045828342437744,,
1,523,,,1.883636713027954,,
1,525,,,1.7137796878814697,,
1,527,,,1.7035454511642456,,
1,529,,,1.7534196376800537,,
1,531,,,1.8164982795715332,,
1,533,,,1.8002890348434448,,
1,535,,,1.658668041229248,,
1,537,,,1.7674251794815063,,
1,539,,,1.7637734413146973,,
1,541,,,1.7463208436965942,,
1,543,,,1.6826586723327637,,
1,545,,,1.6400319337844849,,
1,547,,,1.7549384832382202,,
1,549,,,1.7561789751052856,,
1,551,,,1.720207691192627,,
1,553,,,1.8365293741226196,,
1,555,,,1.635975956916809,,
1,557,,,1.7461984157562256,,
1,559,,,1.7668650150299072,,
1,561,,,1.8221303224563599,,
1,563,,,1.6063733100891113,,
1,565,,,1.8291358947753906,,
1,567,,,1.6193821430206299,,
1,569,,,1.6924723386764526,,
1,571,,,1.8348934650421143,,
1,573,,,1.9802027940750122,,
1,575,,,1.6831437349319458,,
1,577,,,1.690189242362976,,
1,579,,,1.7472103834152222,,
1,581,,,1.599366545677185,,
1,583,,,1.7493059635162354,,
1,585,,,1.8287473917007446,,
1,587,,,2.0941739082336426,,
1,589,,,1.4639421701431274,,
1,591,,,1.6650731563568115,,
1,593,,,1.6370505094528198,,
1,595,,,1.8196407556533813,,
1,597,,,1.9076191186904907,,
1,599,,,1.8480157852172852,,
1,601,,,1.8133482933044434,,
1,603,,,1.8606199026107788,,
1,605,,,1.7313458919525146,,
1,607,,,1.7974348068237305,,
1,609,,,1.819936752319336,,
1,611,,,1.7648195028305054,,
1,613,,,1.806229591369629,,
1,615,,,1.6063451766967773,,
1,617,,,1.7111172676086426,,
1,619,,,1.7781648635864258,,
1,621,,,2.182185649871826,,
1,623,,,1.698380708694458,,
1,625,,,1.5459057092666626,,
1,625,,,,0.025750000029802322,13.4862060546875
2,627,,,1.6889344453811646,,
2,629,,,1.7344785928726196,,
2,631,,,1.7217004299163818,,
2,633,,,1.8226238489151,,
2,635,,,2.0475540161132812,,
2,637,,,1.724658489227295,,
2,639,,,1.736908197402954,,
2,641,,,1.6794136762619019,,
2,643,,,1.5832806825637817,,
2,645,,,1.675289273262024,,
2,647,,,1.625182867050171,,
2,649,,,1.6954799890518188,,
2,651,,,1.8325510025024414,,
2,653,,,1.82733154296875,,
2,655,,,1.6147693395614624,,
2,657,,,1.557877540588379,,
2,659,,,1.7545853853225708,,
2,661,,,1.621220350265503,,
2,663,,,1.7531487941741943,,
2,665,,,1.8917455673217773,,
2,667,,,1.6054519414901733,,
2,669,,,1.6578340530395508,,
2,671,,,1.4689626693725586,,
2,673,,,1.492210865020752,,
2,675,,,1.7406032085418701,,
2,677,,,1.5371382236480713,,
2,679,,,1.7966848611831665,,
2,681,,,1.5536912679672241,,
2,683,,,1.7572029829025269,,
2,685,,,1.6560454368591309,,
2,687,,,1.5716677904129028,,
2,689,,,1.787291169166565,,
2,691,,,1.7213178873062134,,
2,693,,,2.091447114944458,,
2,695,,,1.5113755464553833,,
2,697,,,1.887276530265808,,
2,699,,,1.8804446458816528,,
2,701,,,1.7437968254089355,,
2,703,,,1.4159188270568848,,
2,705,,,1.7478561401367188,,
2,707,,,1.698901653289795,,
2,709,,,1.7332953214645386,,
2,711,,,1.829725980758667,,
2,713,,,1.704388976097107,,
2,715,,,1.611289620399475,,
2,717,,,1.6047550439834595,,
2,719,,,1.932381272315979,,
2,721,,,1.6995134353637695,,
2,723,,,1.5179129838943481,,
2,725,,,1.6093393564224243,,
2,727,,,1.7761868238449097,,
2,729,,,1.7662547826766968,,
2,731,,,1.6152175664901733,,
2,733,,,1.8294874429702759,,
2,735,,,1.7310304641723633,,
2,737,,,1.61262047290802,,
2,739,,,1.7817819118499756,,
2,741,,,1.6105294227600098,,
2,743,,,1.6889948844909668,,
2,745,,,1.6977957487106323,,
2,747,,,1.490233302116394,,
2,749,,,1.5310333967208862,,
2,751,,,1.696250319480896,,
2,753,,,1.8507307767868042,,
2,755,,,1.7662293910980225,,
2,757,,,1.72268807888031,,
2,759,,,1.4342801570892334,,
2,761,,,1.9692115783691406,,
2,763,,,1.698724389076233,,
2,765,,,1.6607203483581543,,
2,767,,,1.773314118385315,,
2,769,,,1.5033001899719238,,
2,771,,,1.646926760673523,,
2,773,,,1.5051485300064087,,
2,775,,,1.6626458168029785,,
2,777,,,1.525334119796753,,
2,779,,,1.563551664352417,,
2,781,,,1.6440610885620117,,
2,783,,,1.7938008308410645,,
2,785,,,1.7473266124725342,,
2,787,,,1.7570796012878418,,
2,789,,,1.8469420671463013,,
2,791,,,1.6210761070251465,,
2,793,,,1.7864093780517578,,
2,795,,,1.5128451585769653,,
2,797,,,1.351831316947937,,
2,799,,,1.6806244850158691,,
2,801,,,1.6487083435058594,,
2,803,,,1.6693273782730103,,
2,805,,,1.7890478372573853,,
2,807,,,1.6148988008499146,,
2,809,,,1.5728695392608643,,
2,811,,,1.467468023300171,,
2,813,,,1.605302333831787,,
2,815,,,1.5062236785888672,,
2,817,,,1.602752923965454,,
2,819,,,1.5723464488983154,,
2,821,,,1.5893746614456177,,
2,823,,,1.6709928512573242,,
2,825,,,1.6154433488845825,,
2,827,,,1.6718018054962158,,
2,829,,,1.6123861074447632,,
2,831,,,1.6251968145370483,,
2,833,,,1.7719084024429321,,
2,835,,,1.707437515258789,,
2,837,,,1.636897087097168,,
2,839,,,1.6804064512252808,,
2,841,,,1.6656121015548706,,
2,843,,,1.7462882995605469,,
2,845,,,1.5417735576629639,,
2,847,,,1.6028631925582886,,
2,849,,,1.698735237121582,,
2,851,,,1.617917776107788,,
2,853,,,1.588366985321045,,
2,855,,,1.4735140800476074,,
2,857,,,1.6370420455932617,,
2,859,,,1.6686140298843384,,
2,861,,,2.0507450103759766,,
2,863,,,1.4728491306304932,,
2,865,,,1.7289055585861206,,
2,867,,,1.889116883277893,,
2,869,,,1.6818825006484985,,
2,871,,,1.7797045707702637,,
2,873,,,1.5961549282073975,,
2,875,,,1.7446078062057495,,
2,877,,,1.8090428113937378,,
2,879,,,1.6911195516586304,,
2,881,,,1.6466069221496582,,
2,883,,,1.538281798362732,,
2,885,,,1.7213566303253174,,
2,887,,,1.7241020202636719,,
2,889,,,1.7590314149856567,,
2,891,,,1.6523112058639526,,
2,893,,,1.4907087087631226,,
2,895,,,1.681769847869873,,
2,897,,,1.7222861051559448,,
2,899,,,1.842653751373291,,
2,901,,,1.7534923553466797,,
2,903,,,1.617546558380127,,
2,905,,,2.1191790103912354,,
2,907,,,1.5791757106781006,,
2,909,,,1.4488089084625244,,
2,911,,,1.8273773193359375,,
2,913,,,1.9498116970062256,,
2,915,,,1.7279223203659058,,
2,917,,,1.6708577871322632,,
2,919,,,1.5825283527374268,,
2,921,,,1.561722993850708,,
2,923,,,1.4221892356872559,,
2,925,,,1.5589141845703125,,
2,927,,,1.517500638961792,,
2,929,,,1.6163396835327148,,
2,931,,,1.738566517829895,,
2,933,,,1.5055370330810547,,
2,935,,,1.6526069641113281,,
2,937,,,1.6403286457061768,,
2,938,,,,0.011950000189244747,20.099231719970703
3,939,,,1.5311408042907715,,
3,941,,,1.6746526956558228,,
3,943,,,1.5085457563400269,,
3,945,,,1.5996559858322144,,
3,947,,,1.5816609859466553,,
3,949,,,1.871490240097046,,
3,951,,,1.6722362041473389,,
3,953,,,1.696702003479004,,
3,955,,,1.565136432647705,,
3,957,,,1.7762926816940308,,
3,959,,,1.6207407712936401,,
3,961,,,1.5318645238876343,,
3,963,,,1.706510066986084,,
3,965,,,1.764377474784851,,
3,967,,,1.706716537475586,,
3,969,,,1.431442379951477,,
3,971,,,1.836400032043457,,
3,973,,,1.558997392654419,,
3,975,,,1.6509112119674683,,
3,977,,,1.492034673690796,,
3,979,,,1.6398991346359253,,
3,981,,,1.5240991115570068,,
3,983,,,1.2938939332962036,,
3,985,,,1.5626145601272583,,
3,987,,,1.4156075716018677,,
3,989,,,1.9640804529190063,,
3,991,,,1.6983779668807983,,
3,993,,,1.524949073791504,,
3,995,,,1.5126224756240845,,
3,997,,,1.668475866317749,,
3,999,,,1.610376000404358,,
3,1001,,,1.5359554290771484,,
3,1003,,,1.7072969675064087,,
3,1005,,,1.6405911445617676,,
3,1007,,,1.5645672082901,,
3,1009,,,1.7133848667144775,,
3,1011,,,1.679296851158142,,
3,1013,,,1.5713785886764526,,
3,1015,,,1.7247881889343262,,
3,1017,,,1.5907026529312134,,
3,1019,,,1.791603684425354,,
3,1021,,,1.5654865503311157,,
3,1023,,,1.713262915611267,,
3,1025,,,1.667807936668396,,
3,1027,,,1.6286128759384155,,
3,1029,,,1.4883614778518677,,
3,1031,,,1.6696988344192505,,
3,1033,,,1.462687611579895,,
3,1035,,,1.6932293176651,,
3,1037,,,1.699161171913147,,
3,1039,,,1.395659327507019,,
3,1041,,,1.6537747383117676,,
3,1043,,,1.5351336002349854,,
3,1045,,,1.5817809104919434,,
3,1047,,,1.677807092666626,,
3,1049,,,1.6058462858200073,,
3,1051,,,1.7315679788589478,,
3,1053,,,1.8157856464385986,,
3,1055,,,1.7480685710906982,,
3,1057,,,1.591482400894165,,
3,1059,,,1.5287519693374634,,
3,1061,,,1.4559673070907593,,
3,1063,,,1.5149646997451782,,
3,1065,,,1.8672019243240356,,
3,1067,,,1.6176060438156128,,
3,1069,,,1.3914477825164795,,
3,1071,,,2.3423049449920654,,
3,1073,,,1.506359577178955,,
3,1075,,,1.568638563156128,,
3,1077,,,1.606885552406311,,
3,1079,,,1.3614546060562134,,
3,1081,,,1.4382930994033813,,
3,1083,,,1.5910451412200928,,
3,1085,,,1.5384881496429443,,
3,1087,,,1.5582784414291382,,
3,1089,,,1.6046032905578613,,
3,1091,,,1.5574904680252075,,
3,1093,,,1.5319684743881226,,
3,1095,,,1.868478775024414,,
3,1097,,,1.4992530345916748,,
3,1099,,,1.7078938484191895,,
3,1101,,,1.4904576539993286,,
3,1103,,,1.686742901802063,,
3,1105,,,1.6867687702178955,,
3,1107,,,1.7894935607910156,,
3,1109,,,1.6901729106903076,,
3,1111,,,2.136308193206787,,
3,1113,,,1.5135728120803833,,
3,1115,,,1.6388773918151855,,
3,1117,,,1.5213329792022705,,
3,1119,,,1.622994303703308,,
3,1121,,,1.4664009809494019,,
3,1123,,,1.6480919122695923,,
3,1125,,,1.881732702255249,,
3,1127,,,1.658958077430725,,
3,1129,,,1.4825953245162964,,
3,1131,,,1.446560263633728,,
3,1133,,,1.475972056388855,,
3,1135,,,1.522234320640564,,
3,1137,,,1.6773141622543335,,
3,1139,,,1.600855827331543,,
3,1141,,,1.694158673286438,,
3,1143,,,1.6150208711624146,,
3,1145,,,1.4324506521224976,,
3,1147,,,1.6531946659088135,,
3,1149,,,1.6607273817062378,,
3,1151,,,1.5853911638259888,,
3,1153,,,1.5537811517715454,,
3,1155,,,1.556188702583313,,
3,1157,,,1.7403876781463623,,
3,1159,,,1.586175560951233,,
3,1161,,,1.3483377695083618,,
3,1163,,,1.5935869216918945,,
3,1165,,,1.728498935699463,,
3,1167,,,1.5418121814727783,,
3,1169,,,1.5015316009521484,,
3,1171,,,1.4372555017471313,,
3,1173,,,1.5728707313537598,,
3,1175,,,1.632465124130249,,
3,1177,,,1.475401759147644,,
3,1179,,,1.7236523628234863,,
3,1181,,,1.4816352128982544,,
3,1183,,,1.4925403594970703,,
3,1185,,,1.623284101486206,,
3,1187,,,1.6411845684051514,,
3,1189,,,1.4626946449279785,,
3,1191,,,1.6821593046188354,,
3,1193,,,1.4407799243927002,,
3,1195,,,1.4275357723236084,,
3,1197,,,1.7445435523986816,,
3,1199,,,1.7307835817337036,,
3,1201,,,1.4920313358306885,,
3,1203,,,1.5413548946380615,,
3,1205,,,1.599841833114624,,
3,1207,,,1.434723973274231,,
3,1209,,,1.4309872388839722,,
3,1211,,,1.7118752002716064,,
3,1213,,,1.9498646259307861,,
3,1215,,,1.331476092338562,,
3,1217,,,1.5456533432006836,,
3,1219,,,1.620164394378662,,
3,1221,,,1.6838637590408325,,
3,1223,,,1.6885316371917725,,
3,1225,,,1.764026165008545,,
3,1227,,,1.659375548362732,,
3,1229,,,1.6699522733688354,,
3,1231,,,1.5878782272338867,,
3,1233,,,1.7267849445343018,,
3,1235,,,1.5081714391708374,,
3,1237,,,1.587798833847046,,
3,1239,,,1.5341200828552246,,
3,1241,,,1.5098201036453247,,
3,1243,,,1.5110499858856201,,
3,1245,,,1.637465238571167,,
3,1247,,,2.0225813388824463,,
3,1249,,,1.5039979219436646,,
3,1251,,,1.4450218677520752,,
3,1251,,,,0.1907999962568283,22.503461837768555
4,1253,,,1.4921499490737915,,
4,1255,,,1.5260318517684937,,
4,1257,,,1.5730371475219727,,
4,1259,,,1.6979551315307617,,
4,1261,,,1.8920975923538208,,
4,1263,,,1.6020536422729492,,
4,1265,,,1.6558537483215332,,
4,1267,,,1.5498236417770386,,
4,1269,,,1.4878730773925781,,
4,1271,,,1.5337433815002441,,
4,1273,,,1.432203769683838,,
4,1275,,,1.5301430225372314,,
4,1277,,,1.6993415355682373,,
4,1279,,,1.7241591215133667,,
4,1281,,,1.6180979013442993,,
4,1283,,,1.4574189186096191,,
4,1285,,,1.6549041271209717,,
4,1287,,,1.4697853326797485,,
4,1289,,,1.6523479223251343,,
4,1291,,,1.701386570930481,,
4,1293,,,1.3570704460144043,,
4,1295,,,1.4580116271972656,,
4,1297,,,1.3901135921478271,,
4,1299,,,1.3512983322143555,,
4,1301,,,1.5324993133544922,,
4,1303,,,1.412742257118225,,
4,1305,,,1.6458736658096313,,
4,1307,,,1.4178791046142578,,
4,1309,,,1.6130917072296143,,
4,1311,,,1.531705617904663,,
4,1313,,,1.407127022743225,,
4,1315,,,1.6655291318893433,,
4,1317,,,1.5726505517959595,,
4,1319,,,2.0437889099121094,,
4,1321,,,1.3310073614120483,,
4,1323,,,1.8226252794265747,,
4,1325,,,1.7546552419662476,,
4,1327,,,1.6179438829421997,,
4,1329,,,1.271935224533081,,
4,1331,,,1.6438263654708862,,
4,1333,,,1.6045756340026855,,
4,1335,,,1.5800814628601074,,
4,1337,,,1.6704059839248657,,
4,1339,,,1.5556029081344604,,
4,1341,,,1.4083319902420044,,
4,1343,,,1.4209600687026978,,
4,1345,,,1.8366172313690186,,
4,1347,,,1.5563756227493286,,
4,1349,,,1.3922700881958008,,
4,1351,,,1.5126359462738037,,
4,1353,,,1.5733903646469116,,
4,1355,,,1.7283196449279785,,
4,1357,,,1.5706849098205566,,
4,1359,,,1.718740701675415,,
4,1361,,,1.6425652503967285,,
4,1363,,,1.4304311275482178,,
4,1365,,,1.5106830596923828,,
4,1367,,,1.5204153060913086,,
4,1369,,,1.5700331926345825,,
4,1371,,,1.5575766563415527,,
4,1373,,,1.4967634677886963,,
4,1375,,,1.4363136291503906,,
4,1377,,,1.5496283769607544,,
4,1379,,,1.5767275094985962,,
4,1381,,,1.6155779361724854,,
4,1383,,,1.5754826068878174,,
4,1385,,,1.2530864477157593,,
4,1387,,,1.7952054738998413,,
4,1389,,,1.5740221738815308,,
4,1391,,,1.5453176498413086,,
4,1393,,,1.7239755392074585,,
4,1395,,,1.39058256149292,,
4,1397,,,1.6177088022232056,,
4,1399,,,1.4888498783111572,,
4,1401,,,1.5786288976669312,,
4,1403,,,1.3700056076049805,,
4,1405,,,1.5290793180465698,,
4,1407,,,1.4800879955291748,,
4,1409,,,1.728394865989685,,
4,1411,,,1.6590845584869385,,
4,1413,,,1.5476926565170288,,
4,1415,,,1.7755423784255981,,
4,1417,,,1.4872701168060303,,
4,1419,,,1.6805472373962402,,
4,1421,,,1.4128605127334595,,
4,1423,,,1.2404524087905884,,
4,1425,,,1.5070431232452393,,
4,1427,,,1.5418052673339844,,
4,1429,,,1.5374513864517212,,
4,1431,,,1.695529580116272,,
4,1433,,,1.567430853843689,,
4,1435,,,1.4569993019104004,,
4,1437,,,1.264448881149292,,
4,1439,,,1.4715460538864136,,
4,1441,,,1.516910195350647,,
4,1443,,,1.457502841949463,,
4,1445,,,1.4840333461761475,,
4,1447,,,1.531636118888855,,
4,1449,,,1.5810624361038208,,
4,1451,,,1.4472296237945557,,
4,1453,,,1.543110966682434,,
4,1455,,,1.5563758611679077,,
4,1457,,,1.4775233268737793,,
4,1459,,,1.639708161354065,,
4,1461,,,1.6438533067703247,,
4,1463,,,1.4716130495071411,,
4,1465,,,1.6104282140731812,,
4,1467,,,1.5258846282958984,,
4,1469,,,1.5933334827423096,,
4,1471,,,1.4845364093780518,,
4,1473,,,1.4336652755737305,,
4,1475,,,1.5928548574447632,,
4,1477,,,1.5119179487228394,,
4,1479,,,1.4390945434570312,,
4,1481,,,1.4515448808670044,,
4,1483,,,1.4945780038833618,,
4,1485,,,1.5841130018234253,,
4,1487,,,1.9468564987182617,,
4,1489,,,1.344426155090332,,
4,1491,,,1.6067612171173096,,
4,1493,,,1.7276991605758667,,
4,1495,,,1.5719887018203735,,
4,1497,,,1.6870688199996948,,
4,1499,,,1.463868260383606,,
4,1501,,,1.5970481634140015,,
4,1503,,,1.7111786603927612,,
4,1505,,,1.6077362298965454,,
4,1507,,,1.56557035446167,,
4,1509,,,1.4197683334350586,,
4,1511,,,1.6308449506759644,,
4,1513,,,1.596942663192749,,
4,1515,,,1.634661316871643,,
4,1517,,,1.5094950199127197,,
4,1519,,,1.3742982149124146,,
4,1521,,,1.5905816555023193,,
4,1523,,,1.5288382768630981,,
4,1525,,,1.5219227075576782,,
4,1527,,,1.6623495817184448,,
4,1529,,,1.5171482563018799,,
4,1531,,,1.9263023138046265,,
4,1533,,,1.47971510887146,,
4,1535,,,1.3715792894363403,,
4,1537,,,1.7894983291625977,,
4,1539,,,1.8804432153701782,,
4,1541,,,1.6630821228027344,,
4,1543,,,1.475261926651001,,
4,1545,,,1.5018516778945923,,
4,1547,,,1.3957997560501099,,
4,1549,,,1.3801989555358887,,
4,1551,,,1.470823884010315,,
4,1553,,,1.35084068775177,,
4,1555,,,1.5629125833511353,,
4,1557,,,1.660424828529358,,
4,1559,,,1.4233708381652832,,
4,1561,,,1.5277811288833618,,
4,1563,,,1.5762600898742676,,
4,1564,,,,0.2626500129699707,13.57040786743164
5,1565,,,1.4195072650909424,,
5,1567,,,1.5947705507278442,,
5,1569,,,1.4289865493774414,,
5,1571,,,1.5388230085372925,,
5,1573,,,1.492876410484314,,
5,1575,,,1.9265270233154297,,
5,1577,,,1.532136082649231,,
5,1579,,,1.5767741203308105,,
5,1581,,,1.553905963897705,,
5,1583,,,1.7100632190704346,,
5,1585,,,1.5652801990509033,,
5,1587,,,1.4203370809555054,,
5,1589,,,1.6578141450881958,,
5,1591,,,1.644140601158142,,
5,1593,,,1.6015304327011108,,
5,1595,,,1.2093364000320435,,
5,1597,,,1.6275694370269775,,
5,1599,,,1.455154538154602,,
5,1601,,,1.5628888607025146,,
5,1603,,,1.3944556713104248,,
5,1605,,,1.5394015312194824,,
5,1607,,,1.4408191442489624,,
5,1609,,,1.2050175666809082,,
5,1611,,,1.5221490859985352,,
5,1613,,,1.3395150899887085,,
5,1615,,,1.8176931142807007,,
5,1617,,,1.504027247428894,,
5,1619,,,1.4752392768859863,,
5,1621,,,1.3217979669570923,,
5,1623,,,1.5556572675704956,,
5,1625,,,1.5138206481933594,,
5,1627,,,1.4328898191452026,,
5,1629,,,1.6086785793304443,,
5,1631,,,1.5823339223861694,,
5,1633,,,1.5228456258773804,,
5,1635,,,1.5860766172409058,,
5,1637,,,1.5542429685592651,,
5,1639,,,1.4220691919326782,,
5,1641,,,1.606210470199585,,
5,1643,,,1.5495320558547974,,
5,1645,,,1.6474883556365967,,
5,1647,,,1.518997073173523,,
5,1649,,,1.7265369892120361,,
5,1651,,,1.5685738325119019,,
5,1653,,,1.5689282417297363,,
5,1655,,,1.3874871730804443,,
5,1657,,,1.5659388303756714,,
5,1659,,,1.4597967863082886,,
5,1661,,,1.6019395589828491,,
5,1663,,,1.6335917711257935,,
5,1665,,,1.2901520729064941,,
5,1667,,,1.5514730215072632,,
5,1669,,,1.4017030000686646,,
5,1671,,,1.452003836631775,,
5,1673,,,1.6187471151351929,,
5,1675,,,1.5100356340408325,,
5,1677,,,1.8572297096252441,,
5,1679,,,1.7823089361190796,,
5,1681,,,1.692107081413269,,
5,1683,,,1.4901394844055176,,
5,1685,,,1.4024494886398315,,
5,1687,,,1.309104084968567,,
5,1689,,,1.4159972667694092,,
5,1691,,,1.8217781782150269,,
5,1693,,,1.5256482362747192,,
5,1695,,,1.3817789554595947,,
5,1697,,,2.490017890930176,,
5,1699,,,1.3994349241256714,,
5,1701,,,1.527773141860962,,
5,1703,,,1.513496994972229,,
5,1705,,,1.3479764461517334,,
5,1707,,,1.3885353803634644,,
5,1709,,,1.4566324949264526,,
5,1711,,,1.366446614265442,,
5,1713,,,1.430565357208252,,
5,1715,,,1.4779807329177856,,
5,1717,,,1.4627224206924438,,
5,1719,,,1.4817183017730713,,
5,1721,,,1.7871371507644653,,
5,1723,,,1.3994722366333008,,
5,1725,,,1.574008584022522,,
5,1727,,,1.435619592666626,,
5,1729,,,1.722548484802246,,
5,1731,,,1.629181146621704,,
5,1733,,,1.5992735624313354,,
5,1735,,,1.6386535167694092,,
5,1737,,,2.088876247406006,,
5,1739,,,1.5037412643432617,,
5,1741,,,1.5439001321792603,,
5,1743,,,1.469582438468933,,
5,1745,,,1.5494457483291626,,
5,1747,,,1.3098894357681274,,
5,1749,,,1.5795161724090576,,
5,1751,,,1.7779194116592407,,
5,1753,,,1.6023389101028442,,
5,1755,,,1.416650652885437,,
5,1757,,,1.3418936729431152,,
5,1759,,,1.422985315322876,,
5,1761,,,1.4535597562789917,,
5,1763,,,1.5966730117797852,,
5,1765,,,1.4923990964889526,,
5,1767,,,1.7168364524841309,,
5,1769,,,1.5161362886428833,,
5,1771,,,1.3754557371139526,,
5,1773,,,1.615576148033142,,
5,1775,,,1.6962498426437378,,
5,1777,,,1.547358751296997,,
5,1779,,,1.4951750040054321,,
5,1781,,,1.4693087339401245,,
5,1783,,,1.648036241531372,,
5,1785,,,1.5156002044677734,,
5,1787,,,1.2906455993652344,,
5,1789,,,1.5509682893753052,,
5,1791,,,1.5566316843032837,,
5,1793,,,1.4540032148361206,,
5,1795,,,1.4057565927505493,,
5,1797,,,1.3419687747955322,,
5,1799,,,1.5241458415985107,,
5,1801,,,1.5597803592681885,,
5,1803,,,1.4262949228286743,,
5,1805,,,1.6536020040512085,,
5,1807,,,1.4568020105361938,,
5,1809,,,1.4099202156066895,,
5,1811,,,1.5940648317337036,,
5,1813,,,1.5703295469284058,,
5,1815,,,1.4371631145477295,,
5,1817,,,1.6090940237045288,,
5,1819,,,1.4371532201766968,,
5,1821,,,1.237196445465088,,
5,1823,,,1.6648883819580078,,
5,1825,,,1.751569390296936,,
5,1827,,,1.3559770584106445,,
5,1829,,,1.4570080041885376,,
5,1831,,,1.54751718044281,,
5,1833,,,1.2978161573410034,,
5,1835,,,1.3722461462020874,,
5,1837,,,1.66252601146698,,
5,1839,,,1.7669944763183594,,
5,1841,,,1.3128852844238281,,
5,1843,,,1.4455684423446655,,
5,1845,,,1.4390301704406738,,
5,1847,,,1.5928246974945068,,
5,1849,,,1.5856177806854248,,
5,1851,,,1.7289543151855469,,
5,1853,,,1.5185070037841797,,
5,1855,,,1.6478219032287598,,
5,1857,,,1.552154302597046,,
5,1859,,,1.5530800819396973,,
5,1861,,,1.6373765468597412,,
5,1863,,,1.473878026008606,,
5,1865,,,1.438165307044983,,
5,1867,,,1.3431962728500366,,
5,1869,,,1.401270866394043,,
5,1871,,,1.588381052017212,,
5,1873,,,1.8259943723678589,,
5,1875,,,1.4484305381774902,,
5,1877,,,1.3086497783660889,,
5,1877,,,,0.025750000029802322,62.480655670166016
6,1879,,,1.4147511720657349,,
6,1881,,,1.484210729598999,,
6,1883,,,1.5098223686218262,,
6,1885,,,1.6306825876235962,,
6,1887,,,2.00508189201355,,
6,1889,,,1.4979727268218994,,
6,1891,,,1.585237741470337,,
6,1893,,,1.4396132230758667,,
6,1895,,,1.3935941457748413,,
6,1897,,,1.4259064197540283,,
6,1899,,,1.3851760625839233,,
6,1901,,,1.5126992464065552,,
6,1903,,,1.670878291130066,,
6,1905,,,1.8339587450027466,,
6,1907,,,1.559963583946228,,
6,1909,,,1.3606843948364258,,
6,1911,,,1.4960228204727173,,
6,1913,,,1.356170892715454,,
6,1915,,,1.6479411125183105,,
6,1917,,,1.6193503141403198,,
6,1919,,,1.3038365840911865,,
6,1921,,,1.4042882919311523,,
6,1923,,,1.2182804346084595,,
6,1925,,,1.3062330484390259,,
6,1927,,,1.5050684213638306,,
6,1929,,,1.250269889831543,,
6,1931,,,1.609725832939148,,
6,1933,,,1.3483165502548218,,
6,1935,,,1.5213286876678467,,
6,1937,,,1.4188939332962036,,
6,1939,,,1.3116471767425537,,
6,1941,,,1.5144469738006592,,
6,1943,,,1.494645595550537,,
6,1945,,,1.9384866952896118,,
6,1947,,,1.2992761135101318,,
6,1949,,,1.776383399963379,,
6,1951,,,1.7238069772720337,,
6,1953,,,1.4929519891738892,,
6,1955,,,1.2694011926651,,
6,1957,,,1.643944501876831,,
6,1959,,,1.5396099090576172,,
6,1961,,,1.5064009428024292,,
6,1963,,,1.6644468307495117,,
6,1965,,,1.4941060543060303,,
6,1967,,,1.3832203149795532,,
6,1969,,,1.3951784372329712,,
6,1971,,,1.6133769750595093,,
6,1973,,,1.512412428855896,,
6,1975,,,1.3727995157241821,,
6,1977,,,1.5031896829605103,,
6,1979,,,1.4384400844573975,,
6,1981,,,1.6287533044815063,,
6,1983,,,1.48883855342865,,
6,1985,,,1.6627707481384277,,
6,1987,,,1.5347139835357666,,
6,1989,,,1.386830449104309,,
6,1991,,,1.4439456462860107,,
6,1993,,,1.4838424921035767,,
6,1995,,,1.4776755571365356,,
6,1997,,,1.5258126258850098,,
6,1999,,,1.298154354095459,,
6,2001,,,1.3372642993927002,,
6,2003,,,1.51124107837677,,
6,2005,,,1.5176342725753784,,
6,2007,,,1.557457447052002,,
6,2009,,,1.5278596878051758,,
6,2011,,,1.1690253019332886,,
6,2013,,,1.6877938508987427,,
6,2015,,,1.4712494611740112,,
6,2017,,,1.595560908317566,,
6,2019,,,1.642322301864624,,
6,2021,,,1.2909585237503052,,
6,2023,,,1.5091603994369507,,
6,2025,,,1.4681003093719482,,
6,2027,,,1.4843988418579102,,
6,2029,,,1.3006914854049683,,
6,2031,,,1.4649487733840942,,
6,2033,,,1.4505764245986938,,
6,2035,,,1.6928975582122803,,
6,2037,,,1.6184545755386353,,
6,2039,,,1.5774728059768677,,
6,2041,,,1.7159209251403809,,
6,2043,,,1.376670241355896,,
6,2045,,,1.6136747598648071,,
6,2047,,,1.384666919708252,,
6,2049,,,1.1778287887573242,,
6,2051,,,1.4487338066101074,,
6,2053,,,1.4451457262039185,,
6,2055,,,1.5102216005325317,,
6,2057,,,1.5747482776641846,,
6,2059,,,1.4897258281707764,,
6,2061,,,1.3840242624282837,,
6,2063,,,1.1415784358978271,,
6,2065,,,1.4035518169403076,,
6,2067,,,1.285452127456665,,
6,2069,,,1.596041202545166,,
6,2071,,,1.40159273147583,,
6,2073,,,1.4456355571746826,,
6,2075,,,1.4501855373382568,,
6,2077,,,1.4713281393051147,,
6,2079,,,1.5055371522903442,,
6,2081,,,1.5017873048782349,,
6,2083,,,1.5003373622894287,,
6,2085,,,1.595922589302063,,
6,2087,,,1.5964951515197754,,
6,2089,,,1.4571791887283325,,
6,2091,,,1.5788910388946533,,
6,2093,,,1.5054346323013306,,
6,2095,,,1.5667271614074707,,
6,2097,,,1.4435794353485107,,
6,2099,,,1.3702895641326904,,
6,2101,,,1.5644301176071167,,
6,2103,,,1.4755370616912842,,
6,2105,,,1.38377046585083,,
6,2107,,,1.3147938251495361,,
6,2109,,,1.4669225215911865,,
6,2111,,,1.5149931907653809,,
6,2113,,,1.938504934310913,,
6,2115,,,1.3257017135620117,,
6,2117,,,1.570448398590088,,
6,2119,,,1.5952255725860596,,
6,2121,,,1.5598697662353516,,
6,2123,,,1.6289721727371216,,
6,2125,,,1.4518769979476929,,
6,2127,,,1.541707992553711,,
6,2129,,,1.6640218496322632,,
6,2131,,,1.4984004497528076,,
6,2133,,,1.5179568529129028,,
6,2135,,,1.307723045349121,,
6,2137,,,1.539929747581482,,
6,2139,,,1.5974100828170776,,
6,2141,,,1.6269657611846924,,
6,2143,,,1.418394923210144,,
6,2145,,,1.3976126909255981,,
6,2147,,,1.5855586528778076,,
6,2149,,,1.512446403503418,,
6,2151,,,1.6072447299957275,,
6,2153,,,1.5796852111816406,,
6,2155,,,1.4454078674316406,,
6,2157,,,1.8723889589309692,,
6,2159,,,1.3662294149398804,,
6,2161,,,1.3098315000534058,,
6,2163,,,1.806600570678711,,
6,2165,,,1.7849230766296387,,
6,2167,,,1.592995285987854,,
6,2169,,,1.4404053688049316,,
6,2171,,,1.4059473276138306,,
6,2173,,,1.3683289289474487,,
6,2175,,,1.2424761056900024,,
6,2177,,,1.4771345853805542,,
6,2179,,,1.3215887546539307,,
6,2181,,,1.5113080739974976,,
6,2183,,,1.599836826324463,,
6,2185,,,1.4021623134613037,,
6,2187,,,1.4908665418624878,,
6,2189,,,1.5133200883865356,,
6,2190,,,,0.07649999856948853,89.53865051269531
7,2191,,,1.4069299697875977,,
7,2193,,,1.5389701128005981,,
7,2195,,,1.2997982501983643,,
7,2197,,,1.5017951726913452,,
7,2199,,,1.416808009147644,,
7,2201,,,1.8385838270187378,,
7,2203,,,1.5101561546325684,,
7,2205,,,1.5740517377853394,,
7,2207,,,1.358963966369629,,
7,2209,,,1.6193583011627197,,
7,2211,,,1.4771313667297363,,
7,2213,,,1.371878743171692,,
7,2215,,,1.5530458688735962,,
7,2217,,,1.6348294019699097,,
7,2219,,,1.5382592678070068,,
7,2221,,,1.148255467414856,,
7,2223,,,1.5224757194519043,,
7,2225,,,1.4100794792175293,,
7,2227,,,1.5243752002716064,,
7,2229,,,1.522407054901123,,
7,2231,,,1.4810364246368408,,
7,2233,,,1.3340654373168945,,
7,2235,,,1.1109601259231567,,
7,2237,,,1.462015986442566,,
7,2239,,,1.3061872720718384,,
7,2241,,,1.6830319166183472,,
7,2243,,,1.4592790603637695,,
7,2245,,,1.3106114864349365,,
7,2247,,,1.2800443172454834,,
7,2249,,,1.4694098234176636,,
7,2251,,,1.4832688570022583,,
7,2253,,,1.358757495880127,,
7,2255,,,1.5685728788375854,,
7,2257,,,1.5317177772521973,,
7,2259,,,1.447879433631897,,
7,2261,,,1.5466639995574951,,
7,2263,,,1.499320387840271,,
7,2265,,,1.3396767377853394,,
7,2267,,,1.5735807418823242,,
7,2269,,,1.4820663928985596,,
7,2271,,,1.6301569938659668,,
7,2273,,,1.445478916168213,,
7,2275,,,1.7139734029769897,,
7,2277,,,1.4837554693222046,,
7,2279,,,1.4914690256118774,,
7,2281,,,1.3344327211380005,,
7,2283,,,1.516417145729065,,
7,2285,,,1.4287029504776,,
7,2287,,,1.6206218004226685,,
7,2289,,,1.5439213514328003,,
7,2291,,,1.2605654001235962,,
7,2293,,,1.4546104669570923,,
7,2295,,,1.492383360862732,,
7,2297,,,1.348853349685669,,
7,2299,,,1.565765142440796,,
7,2301,,,1.5969535112380981,,
7,2303,,,1.736617088317871,,
7,2305,,,1.699777364730835,,
7,2307,,,1.6679611206054688,,
7,2309,,,1.4522584676742554,,
7,2311,,,1.399388074874878,,
7,2313,,,1.313490867614746,,
7,2315,,,1.334181308746338,,
7,2317,,,1.718849539756775,,
7,2319,,,1.4354945421218872,,
7,2321,,,1.2886117696762085,,
7,2323,,,2.270726442337036,,
7,2325,,,1.3238784074783325,,
7,2327,,,1.4808746576309204,,
7,2329,,,1.4466934204101562,,
7,2331,,,1.285927653312683,,
7,2333,,,1.2926552295684814,,
7,2335,,,1.4257702827453613,,
7,2337,,,1.3697917461395264,,
7,2339,,,1.431999683380127,,
7,2341,,,1.4184015989303589,,
7,2343,,,1.3879368305206299,,
7,2345,,,1.3975340127944946,,
7,2347,,,1.690777063369751,,
7,2349,,,1.3723591566085815,,
7,2351,,,1.5217219591140747,,
7,2353,,,1.2689344882965088,,
7,2355,,,1.6760996580123901,,
7,2357,,,1.548511028289795,,
7,2359,,,1.648680567741394,,
7,2361,,,1.6030700206756592,,
7,2363,,,2.0813112258911133,,
7,2365,,,1.4422800540924072,,
7,2367,,,1.4813733100891113,,
7,2369,,,1.3859680891036987,,
7,2371,,,1.5546060800552368,,
7,2373,,,1.2717959880828857,,
7,2375,,,1.5515178442001343,,
7,2377,,,1.8902770280838013,,
7,2379,,,1.5908193588256836,,
7,2381,,,1.3296204805374146,,
7,2383,,,1.2649402618408203,,
7,2385,,,1.3366405963897705,,
7,2387,,,1.392329454421997,,
7,2389,,,1.5027203559875488,,
7,2391,,,1.4475785493850708,,
7,2393,,,1.6155977249145508,,
7,2395,,,1.5170660018920898,,
7,2397,,,1.3636770248413086,,
7,2399,,,1.6224766969680786,,
7,2401,,,1.4994155168533325,,
7,2403,,,1.4831124544143677,,
7,2405,,,1.4243053197860718,,
7,2407,,,1.4488781690597534,,
7,2409,,,1.6644351482391357,,
7,2411,,,1.4663609266281128,,
7,2413,,,1.207777738571167,,
7,2415,,,1.5569064617156982,,
7,2417,,,1.5400950908660889,,
7,2419,,,1.4062036275863647,,
7,2421,,,1.3895539045333862,,
7,2423,,,1.353595495223999,,
7,2425,,,1.505815863609314,,
7,2427,,,1.5011805295944214,,
7,2429,,,1.3405187129974365,,
7,2431,,,1.667080044746399,,
7,2433,,,1.3890169858932495,,
7,2435,,,1.3437941074371338,,
7,2437,,,1.5197871923446655,,
7,2439,,,1.5225328207015991,,
7,2441,,,1.3499271869659424,,
7,2443,,,1.5372227430343628,,
7,2445,,,1.338191270828247,,
7,2447,,,1.2554932832717896,,
7,2449,,,1.5943775177001953,,
7,2451,,,1.752288579940796,,
7,2453,,,1.359189748764038,,
7,2455,,,1.393172025680542,,
7,2457,,,1.3659608364105225,,
7,2459,,,1.2923996448516846,,
7,2461,,,1.443252444267273,,
7,2463,,,1.6177630424499512,,
7,2465,,,1.8338518142700195,,
7,2467,,,1.283059000968933,,
7,2469,,,1.3585700988769531,,
7,2471,,,1.467256784439087,,
7,2473,,,1.5855026245117188,,
7,2475,,,1.5685319900512695,,
7,2477,,,1.70476233959198,,
7,2479,,,1.4963923692703247,,
7,2481,,,1.5983610153198242,,
7,2483,,,1.5086807012557983,,
7,2485,,,1.491077184677124,,
7,2487,,,1.4554585218429565,,
7,2489,,,1.4181190729141235,,
7,2491,,,1.4817179441452026,,
7,2493,,,1.3297655582427979,,
7,2495,,,1.3303908109664917,,
7,2497,,,1.5445950031280518,,
7,2499,,,1.952552080154419,,
7,2501,,,1.3882430791854858,,
7,2503,,,1.2305772304534912,,
7,2503,,,,0.46549999713897705,58.641395568847656
8,2505,,,1.360403299331665,,
8,2507,,,1.396078109741211,,
8,2509,,,1.4406673908233643,,
8,2511,,,1.573418140411377,,
8,2513,,,1.8689045906066895,,
8,2515,,,1.4960782527923584,,
8,2517,,,1.5316592454910278,,
8,2519,,,1.4288763999938965,,
8,2521,,,1.3589155673980713,,
8,2523,,,1.3813278675079346,,
8,2525,,,1.3591221570968628,,
8,2527,,,1.4342923164367676,,
8,2529,,,1.683010220527649,,
8,2531,,,1.8158326148986816,,
8,2533,,,1.3997516632080078,,
8,2535,,,1.3318642377853394,,
8,2537,,,1.470659613609314,,
8,2539,,,1.3335224390029907,,
8,2541,,,1.5560227632522583,,
8,2543,,,1.578757405281067,,
8,2545,,,1.339842677116394,,
8,2547,,,1.3191008567810059,,
8,2549,,,1.2005223035812378,,
8,2551,,,1.2893356084823608,,
8,2553,,,1.4810038805007935,,
8,2555,,,1.2056294679641724,,
8,2557,,,1.5688836574554443,,
8,2559,,,1.3583686351776123,,
8,2561,,,1.440914511680603,,
8,2563,,,1.330207109451294,,
8,2565,,,1.3831959962844849,,
8,2567,,,1.556473970413208,,
8,2569,,,1.4036840200424194,,
8,2571,,,1.8407407999038696,,
8,2573,,,1.220741868019104,,
8,2575,,,1.7492016553878784,,
8,2577,,,1.7390645742416382,,
8,2579,,,1.4280686378479004,,
8,2581,,,1.2413898706436157,,
8,2583,,,1.6583483219146729,,
8,2585,,,1.5293444395065308,,
8,2587,,,1.4488188028335571,,
8,2589,,,1.6161421537399292,,
8,2591,,,1.4262058734893799,,
8,2593,,,1.301748514175415,,
8,2595,,,1.2961870431900024,,
8,2597,,,1.665236234664917,,
8,2599,,,1.4880590438842773,,
8,2601,,,1.275930404663086,,
8,2603,,,1.5238932371139526,,
8,2605,,,1.4314637184143066,,
8,2607,,,1.549864649772644,,
8,2609,,,1.517492413520813,,
8,2611,,,1.7506694793701172,,
8,2613,,,1.4839229583740234,,
8,2615,,,1.3851772546768188,,
8,2617,,,1.4230289459228516,,
8,2619,,,1.3852523565292358,,
8,2621,,,1.3934733867645264,,
8,2623,,,1.4644575119018555,,
8,2625,,,1.3148252964019775,,
8,2627,,,1.246089220046997,,
8,2629,,,1.532457709312439,,
8,2631,,,1.4533339738845825,,
8,2633,,,1.6507351398468018,,
8,2635,,,1.4634088277816772,,
8,2637,,,1.2781827449798584,,
8,2639,,,1.675718069076538,,
8,2641,,,1.4715386629104614,,
8,2643,,,1.357772707939148,,
8,2645,,,1.5729066133499146,,
8,2647,,,1.1929423809051514,,
8,2649,,,1.532196283340454,,
8,2651,,,1.300736427307129,,
8,2653,,,1.4700630903244019,,
8,2655,,,1.2758216857910156,,
8,2657,,,1.434670090675354,,
8,2659,,,1.363561749458313,,
8,2661,,,1.6450546979904175,,
8,2663,,,1.5862551927566528,,
8,2665,,,1.488169550895691,,
8,2667,,,1.6640890836715698,,
8,2669,,,1.3983523845672607,,
8,2671,,,1.5817692279815674,,
8,2673,,,1.3060060739517212,,
8,2675,,,1.1627399921417236,,
8,2677,,,1.386724829673767,,
8,2679,,,1.4086164236068726,,
8,2681,,,1.476138710975647,,
8,2683,,,1.5566071271896362,,
8,2685,,,1.458382248878479,,
8,2687,,,1.3504774570465088,,
8,2689,,,1.159123420715332,,
8,2691,,,1.4218536615371704,,
8,2693,,,1.2184443473815918,,
8,2695,,,1.409171462059021,,
8,2697,,,1.3534401655197144,,
8,2699,,,1.4016541242599487,,
8,2701,,,1.38516366481781,,
8,2703,,,1.3822858333587646,,
8,2705,,,1.4533638954162598,,
8,2707,,,1.4703125953674316,,
8,2709,,,1.4285757541656494,,
8,2711,,,1.5030428171157837,,
8,2713,,,1.5505359172821045,,
8,2715,,,1.3912335634231567,,
8,2717,,,1.5143007040023804,,
8,2719,,,1.4506479501724243,,
8,2721,,,1.5490961074829102,,
8,2723,,,1.3506274223327637,,
8,2725,,,1.2941755056381226,,
8,2727,,,1.423057198524475,,
8,2729,,,1.4333164691925049,,
8,2731,,,1.3016576766967773,,
8,2733,,,1.3865973949432373,,
8,2735,,,1.4104044437408447,,
8,2737,,,1.463422417640686,,
8,2739,,,2.0645101070404053,,
8,2741,,,1.219590425491333,,
8,2743,,,1.5184944868087769,,
8,2745,,,1.5901596546173096,,
8,2747,,,1.5005333423614502,,
8,2749,,,1.5178124904632568,,
8,2751,,,1.4220439195632935,,
8,2753,,,1.5216840505599976,,
8,2755,,,1.6533535718917847,,
8,2757,,,1.450974464416504,,
8,2759,,,1.4983174800872803,,
8,2761,,,1.2782487869262695,,
8,2763,,,1.5344561338424683,,
8,2765,,,1.5195176601409912,,
8,2767,,,1.5748777389526367,,
8,2769,,,1.4355818033218384,,
8,2771,,,1.3275593519210815,,
8,2773,,,1.6348735094070435,,
8,2775,,,1.4656684398651123,,
8,2777,,,1.595410943031311,,
8,2779,,,1.5433602333068848,,
8,2781,,,1.4305568933486938,,
8,2783,,,1.873358130455017,,
8,2785,,,1.3392137289047241,,
8,2787,,,1.2491227388381958,,
8,2789,,,1.792371392250061,,
8,2791,,,1.6664921045303345,,
8,2793,,,1.5721417665481567,,
8,2795,,,1.396308183670044,,
8,2797,,,1.3929648399353027,,
8,2799,,,1.3107510805130005,,
8,2801,,,1.3347101211547852,,
8,2803,,,1.4013911485671997,,
8,2805,,,1.2420682907104492,,
8,2807,,,1.4344098567962646,,
8,2809,,,1.5667297840118408,,
8,2811,,,1.2286105155944824,,
8,2813,,,1.4541101455688477,,
8,2815,,,1.5351642370224,,
8,2816,,,,0.43619999289512634,102.43665313720703
9,2817,,,1.3696590662002563,,
9,2819,,,1.4439030885696411,,
9,2821,,,1.2374728918075562,,
9,2823,,,1.3963215351104736,,
9,2825,,,1.3506479263305664,,
9,2827,,,1.9097299575805664,,
9,2829,,,1.4767926931381226,,
9,2831,,,1.5568087100982666,,
9,2833,,,1.3457390069961548,,
9,2835,,,1.5541409254074097,,
9,2837,,,1.4016170501708984,,
9,2839,,,1.3094409704208374,,
9,2841,,,1.5774472951889038,,
9,2843,,,1.6842529773712158,,
9,2845,,,1.4461814165115356,,
9,2847,,,1.1582356691360474,,
9,2849,,,1.499481201171875,,
9,2851,,,1.3554997444152832,,
9,2853,,,1.46695876121521,,
9,2855,,,1.279091715812683,,
9,2857,,,1.4556480646133423,,
9,2859,,,1.3079631328582764,,
9,2861,,,1.0863838195800781,,
9,2863,,,1.468846321105957,,
9,2865,,,1.2204869985580444,,
9,2867,,,1.6791956424713135,,
9,2869,,,1.45306396484375,,
9,2871,,,1.2584679126739502,,
9,2873,,,1.2022262811660767,,
9,2875,,,1.4617441892623901,,
9,2877,,,1.4590561389923096,,
9,2879,,,1.280598521232605,,
9,2881,,,1.4232031106948853,,
9,2883,,,1.4804786443710327,,
9,2885,,,1.4709213972091675,,
9,2887,,,1.4872660636901855,,
9,2889,,,1.4621026515960693,,
9,2891,,,1.2875585556030273,,
9,2893,,,1.5583233833312988,,
9,2895,,,1.456917643547058,,
9,2897,,,1.539264440536499,,
9,2899,,,1.4039984941482544,,
9,2901,,,1.8867568969726562,,
9,2903,,,1.458432912826538,,
9,2905,,,1.4296613931655884,,
9,2907,,,1.2884317636489868,,
9,2909,,,1.4626774787902832,,
9,2911,,,1.3526301383972168,,
9,2913,,,1.5594666004180908,,
9,2915,,,1.6091309785842896,,
9,2917,,,1.1688462495803833,,
9,2919,,,1.4407527446746826,,
9,2921,,,1.47989821434021,,
9,2923,,,1.3278594017028809,,
9,2925,,,1.5623213052749634,,
9,2927,,,1.43692147731781,,
9,2929,,,1.56769597530365,,
9,2931,,,1.602954626083374,,
9,2933,,,1.5979418754577637,,
9,2935,,,1.4820332527160645,,
9,2937,,,1.377542495727539,,
9,2939,,,1.2890245914459229,,
9,2941,,,1.3060404062271118,,
9,2943,,,1.6512806415557861,,
9,2945,,,1.404552698135376,,
9,2947,,,1.2596518993377686,,
9,2949,,,2.2760326862335205,,
9,2951,,,1.3004693984985352,,
9,2953,,,1.462677240371704,,
9,2955,,,1.5023081302642822,,
9,2957,,,1.2472975254058838,,
9,2959,,,1.29617440700531,,
9,2961,,,1.3514001369476318,,
9,2963,,,1.2509480714797974,,
9,2965,,,1.3693419694900513,,
9,2967,,,1.3496049642562866,,
9,2969,,,1.4328126907348633,,
9,2971,,,1.2894350290298462,,
9,2973,,,1.7383099794387817,,
9,2975,,,1.2997854948043823,,
9,2977,,,1.539302945137024,,
9,2979,,,1.249813437461853,,
9,2981,,,1.6252506971359253,,
9,2983,,,1.4711602926254272,,
9,2985,,,1.5069591999053955,,
9,2987,,,1.5088449716567993,,
9,2989,,,1.9163012504577637,,
9,2991,,,1.4166998863220215,,
9,2993,,,1.4232873916625977,,
9,2995,,,1.3639740943908691,,
9,2997,,,1.4884554147720337,,
9,2999,,,1.2445827722549438,,
9,3001,,,1.4992315769195557,,
9,3003,,,1.8358205556869507,,
9,3005,,,1.456405758857727,,
9,3007,,,1.3237264156341553,,
9,3009,,,1.2712074518203735,,
9,3011,,,1.3013125658035278,,
9,3013,,,1.343612551689148,,
9,3015,,,1.4948680400848389,,
9,3017,,,1.4196358919143677,,
9,3019,,,1.6135516166687012,,
9,3021,,,1.401784896850586,,
9,3023,,,1.3426131010055542,,
9,3025,,,1.573498010635376,,
9,3027,,,1.5265508890151978,,
9,3029,,,1.4864729642868042,,
9,3031,,,1.4087302684783936,,
9,3033,,,1.3965697288513184,,
9,3035,,,1.6429595947265625,,
9,3037,,,1.3693585395812988,,
9,3039,,,1.1837753057479858,,
9,3041,,,1.5675151348114014,,
9,3043,,,1.455950140953064,,
9,3045,,,1.3576008081436157,,
9,3047,,,1.3593945503234863,,
9,3049,,,1.2635303735733032,,
9,3051,,,1.435743808746338,,
9,3053,,,1.4885754585266113,,
9,3055,,,1.2884695529937744,,
9,3057,,,1.6398016214370728,,
9,3059,,,1.359285831451416,,
9,3061,,,1.2955578565597534,,
9,3063,,,1.4829325675964355,,
9,3065,,,1.4640616178512573,,
9,3067,,,1.3447571992874146,,
9,3069,,,1.5407905578613281,,
9,3071,,,1.3432250022888184,,
9,3073,,,1.22482430934906,,
9,3075,,,1.5816941261291504,,
9,3077,,,1.7312555313110352,,
9,3079,,,1.2876852750778198,,
9,3081,,,1.4060065746307373,,
9,3083,,,1.3713188171386719,,
9,3085,,,1.2204864025115967,,
9,3087,,,1.392504334449768,,
9,3089,,,1.5747205018997192,,
9,3091,,,1.8061268329620361,,
9,3093,,,1.155058741569519,,
9,3095,,,1.3280493021011353,,
9,3097,,,1.3860957622528076,,
9,3099,,,1.5266700983047485,,
9,3101,,,1.726053237915039,,
9,3103,,,1.635935664176941,,
9,3105,,,1.4058834314346313,,
9,3107,,,1.6194510459899902,,
9,3109,,,1.4969919919967651,,
9,3111,,,1.4812968969345093,,
9,3113,,,1.49128258228302,,
9,3115,,,1.43773353099823,,
9,3117,,,1.5044546127319336,,
9,3119,,,1.2900735139846802,,
9,3121,,,1.281701683998108,,
9,3123,,,1.5331897735595703,,
9,3125,,,1.9468274116516113,,
9,3127,,,1.3977200984954834,,
9,3129,,,1.2156271934509277,,
9,3129,,,,0.4759500026702881,16.415576934814453
10,3131,,,1.3118342161178589,,
10,3133,,,1.3425945043563843,,
10,3135,,,1.4227914810180664,,
10,3137,,,1.5083895921707153,,
10,3139,,,1.8856329917907715,,
10,3141,,,1.4625533819198608,,
10,3143,,,1.52938973903656,,
10,3145,,,1.3923087120056152,,
10,3147,,,1.4149373769760132,,
10,3149,,,1.423910140991211,,
10,3151,,,1.3702129125595093,,
10,3153,,,1.38125741481781,,
10,3155,,,1.6056790351867676,,
10,3157,,,1.7743480205535889,,
10,3159,,,1.2888851165771484,,
10,3161,,,1.3538779020309448,,
10,3163,,,1.4545186758041382,,
10,3165,,,1.291398525238037,,
10,3167,,,1.6161844730377197,,
10,3169,,,1.5550950765609741,,
10,3171,,,1.341482400894165,,
10,3173,,,1.3210641145706177,,
10,3175,,,1.2453973293304443,,
10,3177,,,1.2342450618743896,,
10,3179,,,1.4803987741470337,,
10,3181,,,1.1376532316207886,,
10,3183,,,1.5457974672317505,,
10,3185,,,1.219350814819336,,
10,3187,,,1.4477342367172241,,
10,3189,,,1.2890040874481201,,
10,3191,,,1.2469031810760498,,
10,3193,,,1.5079412460327148,,
10,3195,,,1.4138786792755127,,
10,3197,,,1.8367670774459839,,
10,3199,,,1.163917899131775,,
10,3201,,,1.7404978275299072,,
10,3203,,,1.676938533782959,,
10,3205,,,1.4233314990997314,,
10,3207,,,1.1245417594909668,,
10,3209,,,1.5755890607833862,,
10,3211,,,1.4723275899887085,,
10,3213,,,1.4084649085998535,,
10,3215,,,1.5886354446411133,,
10,3217,,,1.3976428508758545,,
10,3219,,,1.2401267290115356,,
10,3221,,,1.2954150438308716,,
10,3223,,,1.6770026683807373,,
10,3225,,,1.430237054824829,,
10,3227,,,1.286599040031433,,
10,3229,,,1.598008155822754,,
10,3231,,,1.390812635421753,,
10,3233,,,1.527370810508728,,
10,3235,,,1.4080208539962769,,
10,3237,,,1.5789874792099,,
10,3239,,,1.4520183801651,,
10,3241,,,1.3485491275787354,,
10,3243,,,1.4591277837753296,,
10,3245,,,1.3629915714263916,,
10,3247,,,1.3718734979629517,,
10,3249,,,1.4267630577087402,,
10,3251,,,1.3081053495407104,,
10,3253,,,1.2247003316879272,,
10,3255,,,1.4762425422668457,,
10,3257,,,1.4531899690628052,,
10,3259,,,1.562217354774475,,
10,3261,,,1.4510915279388428,,
10,3263,,,1.1185402870178223,,
10,3265,,,1.5281636714935303,,
10,3267,,,1.406000018119812,,
10,3269,,,1.3911441564559937,,
10,3271,,,1.6053283214569092,,
10,3273,,,1.1654716730117798,,
10,3275,,,1.463082194328308,,
10,3277,,,1.3019686937332153,,
10,3279,,,1.3494091033935547,,
10,3281,,,1.2171512842178345,,
10,3283,,,1.3805941343307495,,
10,3285,,,1.3674635887145996,,
10,3287,,,1.6970232725143433,,
10,3289,,,1.5691922903060913,,
10,3291,,,1.4318245649337769,,
10,3293,,,1.584488868713379,,
10,3295,,,1.3403401374816895,,
10,3297,,,1.588788628578186,,
10,3299,,,1.3300639390945435,,
10,3301,,,1.1392697095870972,,
10,3303,,,1.3586244583129883,,
10,3305,,,1.366532802581787,,
10,3307,,,1.4351439476013184,,
10,3309,,,1.5162626504898071,,
10,3311,,,1.3745414018630981,,
10,3313,,,1.2995105981826782,,
10,3315,,,1.1654305458068848,,
10,3317,,,1.397323727607727,,
10,3319,,,1.2182823419570923,,
10,3321,,,1.5513932704925537,,
10,3323,,,1.2925889492034912,,
10,3325,,,1.446776032447815,,
10,3327,,,1.3885241746902466,,
10,3329,,,1.3269062042236328,,
10,3331,,,1.4306339025497437,,
10,3333,,,1.481183648109436,,
10,3335,,,1.4077390432357788,,
10,3337,,,1.499159336090088,,
10,3339,,,1.528717279434204,,
10,3341,,,1.3262521028518677,,
10,3343,,,1.4770461320877075,,
10,3345,,,1.400100588798523,,
10,3347,,,1.4818605184555054,,
10,3349,,,1.3794530630111694,,
10,3351,,,1.386027216911316,,
10,3353,,,1.447221279144287,,
10,3355,,,1.4021281003952026,,
10,3357,,,1.3462491035461426,,
10,3359,,,1.3633030652999878,,
10,3361,,,1.415027379989624,,
10,3363,,,1.4421583414077759,,
10,3365,,,2.031104564666748,,
10,3367,,,1.2062584161758423,,
10,3369,,,1.4701517820358276,,
10,3371,,,1.613203763961792,,
10,3373,,,1.5221813917160034,,
10,3375,,,1.5420305728912354,,
10,3377,,,1.397300362586975,,
10,3379,,,1.4827117919921875,,
10,3381,,,1.6115599870681763,,
10,3383,,,1.444684624671936,,
10,3385,,,1.5392762422561646,,
10,3387,,,1.2759758234024048,,
10,3389,,,1.4679373502731323,,
10,3391,,,1.4629709720611572,,
10,3393,,,1.568170189857483,,
10,3395,,,1.3473471403121948,,
10,3397,,,1.304313063621521,,
10,3399,,,1.4622113704681396,,
10,3401,,,1.4708296060562134,,
10,3403,,,1.5077345371246338,,
10,3405,,,1.5594151020050049,,
10,3407,,,1.4456580877304077,,
10,3409,,,1.863909125328064,,
10,3411,,,1.3222920894622803,,
10,3413,,,1.1965515613555908,,
10,3415,,,1.8513838052749634,,
10,3417,,,1.6082454919815063,,
10,3419,,,1.5753182172775269,,
10,3421,,,1.4581034183502197,,
10,3423,,,1.365957498550415,,
10,3425,,,1.3907525539398193,,
10,3427,,,1.243306279182434,,
10,3429,,,1.3342106342315674,,
10,3431,,,1.216720461845398,,
10,3433,,,1.4660744667053223,,
10,3435,,,1.5448414087295532,,
10,3437,,,1.25969660282135,,
10,3439,,,1.407173991203308,,
10,3441,,,1.4510138034820557,,
10,3442,,,,0.218299999833107,59.55827331542969
11,3443,,,1.2928264141082764,,
11,3445,,,1.4251189231872559,,
11,3447,,,1.2969675064086914,,
11,3449,,,1.3689507246017456,,
11,3451,,,1.3032366037368774,,
11,3453,,,1.9134743213653564,,
11,3455,,,1.4505178928375244,,
11,3457,,,1.5351934432983398,,
11,3459,,,1.3856136798858643,,
11,3461,,,1.6379317045211792,,
11,3463,,,1.389484167098999,,
11,3465,,,1.2628449201583862,,
11,3467,,,1.609984278678894,,
11,3469,,,1.6527535915374756,,
11,3471,,,1.4392505884170532,,
11,3473,,,1.0907862186431885,,
11,3475,,,1.4600268602371216,,
11,3477,,,1.273469090461731,,
11,3479,,,1.4661657810211182,,
11,3481,,,1.269065499305725,,
11,3483,,,1.4047185182571411,,
11,3485,,,1.274839162826538,,
11,3487,,,1.0838545560836792,,
11,3489,,,1.3590060472488403,,
11,3491,,,1.1273131370544434,,
11,3493,,,1.6366925239562988,,
11,3495,,,1.4141854047775269,,
11,3497,,,1.303850531578064,,
11,3499,,,1.1789368391036987,,
11,3501,,,1.3807456493377686,,
11,3503,,,1.4418755769729614,,
11,3505,,,1.254981517791748,,
11,3507,,,1.4779356718063354,,
11,3509,,,1.5314030647277832,,
11,3511,,,1.3649795055389404,,
11,3513,,,1.4866580963134766,,
11,3515,,,1.4475427865982056,,
11,3517,,,1.3560432195663452,,
11,3519,,,1.5663180351257324,,
11,3521,,,1.4177740812301636,,
11,3523,,,1.601292371749878,,
11,3525,,,1.3786182403564453,,
11,3527,,,1.8305996656417847,,
11,3529,,,1.4172283411026,,
11,3531,,,1.4023665189743042,,
11,3533,,,1.2830023765563965,,
11,3535,,,1.4997478723526,,
11,3537,,,1.354207992553711,,
11,3539,,,1.532135248184204,,
11,3541,,,1.5545127391815186,,
11,3543,,,1.1136691570281982,,
11,3545,,,1.405504584312439,,
11,3547,,,1.4684988260269165,,
11,3549,,,1.3109984397888184,,
11,3551,,,1.495061993598938,,
11,3553,,,1.380220890045166,,
11,3555,,,1.6055666208267212,,
11,3557,,,1.6097807884216309,,
11,3559,,,1.5896610021591187,,
11,3561,,,1.4221127033233643,,
11,3563,,,1.3851550817489624,,
11,3565,,,1.2407599687576294,,
11,3567,,,1.2914166450500488,,
11,3569,,,1.6319752931594849,,
11,3571,,,1.395801305770874,,
11,3573,,,1.1835873126983643,,
11,3575,,,2.222625732421875,,
11,3577,,,1.2921361923217773,,
11,3579,,,1.4330774545669556,,
11,3581,,,1.4974548816680908,,
11,3583,,,1.2332615852355957,,
11,3585,,,1.273049235343933,,
11,3587,,,1.2570912837982178,,
11,3589,,,1.2678924798965454,,
11,3591,,,1.421575903892517,,
11,3593,,,1.311758279800415,,
11,3595,,,1.3797833919525146,,
11,3597,,,1.3449848890304565,,
11,3599,,,1.5960770845413208,,
11,3601,,,1.3267372846603394,,
11,3603,,,1.5113780498504639,,
11,3605,,,1.1795684099197388,,
11,3607,,,1.6008341312408447,,
11,3609,,,1.4875081777572632,,
11,3611,,,1.4304062128067017,,
11,3613,,,1.5352418422698975,,
11,3615,,,1.940967321395874,,
11,3617,,,1.3456041812896729,,
11,3619,,,1.4495126008987427,,
11,3621,,,1.314058542251587,,
11,3623,,,1.4705898761749268,,
11,3625,,,1.2265913486480713,,
11,3627,,,1.4654111862182617,,
11,3629,,,1.768680214881897,,
11,3631,,,1.474860668182373,,
11,3633,,,1.2937290668487549,,
11,3635,,,1.2904798984527588,,
11,3637,,,1.2626934051513672,,
11,3639,,,1.3410987854003906,,
11,3641,,,1.4691274166107178,,
11,3643,,,1.35846745967865,,
11,3645,,,1.6223877668380737,,
11,3647,,,1.3788073062896729,,
11,3649,,,1.2841254472732544,,
11,3651,,,1.588955044746399,,
11,3653,,,1.4727115631103516,,
11,3655,,,1.4945768117904663,,
11,3657,,,1.379164457321167,,
11,3659,,,1.4163233041763306,,
11,3661,,,1.598156452178955,,
11,3663,,,1.399638056755066,,
11,3665,,,1.1835622787475586,,
11,3667,,,1.476283311843872,,
11,3669,,,1.4849326610565186,,
11,3671,,,1.335106611251831,,
11,3673,,,1.341998815536499,,
11,3675,,,1.2634072303771973,,
11,3677,,,1.4017643928527832,,
11,3679,,,1.4656144380569458,,
11,3681,,,1.2824064493179321,,
11,3683,,,1.6170908212661743,,
11,3685,,,1.3278135061264038,,
11,3687,,,1.3361740112304688,,
11,3689,,,1.4814646244049072,,
11,3691,,,1.4873982667922974,,
11,3693,,,1.3290867805480957,,
11,3695,,,1.4701558351516724,,
11,3697,,,1.2808198928833008,,
11,3699,,,1.1511059999465942,,
11,3701,,,1.535788893699646,,
11,3703,,,1.586852788925171,,
11,3705,,,1.2899037599563599,,
11,3707,,,1.3668296337127686,,
11,3709,,,1.3626540899276733,,
11,3711,,,1.217938780784607,,
11,3713,,,1.3622558116912842,,
11,3715,,,1.5347486734390259,,
11,3717,,,1.7167935371398926,,
11,3719,,,1.1639761924743652,,
11,3721,,,1.3594512939453125,,
11,3723,,,1.438092827796936,,
11,3725,,,1.513776421546936,,
11,3727,,,1.556410789489746,,
11,3729,,,1.7026287317276,,
11,3731,,,1.3927984237670898,,
11,3733,,,1.6597764492034912,,
11,3735,,,1.438913345336914,,
11,3737,,,1.3957226276397705,,
11,3739,,,1.4491537809371948,,
11,3741,,,1.3314865827560425,,
11,3743,,,1.3751423358917236,,
11,3745,,,1.2791959047317505,,
11,3747,,,1.2779853343963623,,
11,3749,,,1.4902576208114624,,
11,3751,,,1.8567755222320557,,
11,3753,,,1.3299859762191772,,
11,3755,,,1.5044955015182495,,
11,3755,,,,0.21735000610351562,20.636394500732422
12,3757,,,1.3617517948150635,,
12,3759,,,1.3297852277755737,,
12,3761,,,1.4281100034713745,,
12,3763,,,1.559075117111206,,
12,3765,,,1.7711684703826904,,
12,3767,,,1.44102942943573,,
12,3769,,,1.5328545570373535,,
12,3771,,,1.319153904914856,,
12,3773,,,1.2796107530593872,,
12,3775,,,1.3320963382720947,,
12,3777,,,1.4103965759277344,,
12,3779,,,1.3900799751281738,,
12,3781,,,1.5298566818237305,,
12,3783,,,1.8001917600631714,,
12,3785,,,1.3432403802871704,,
12,3787,,,1.3709803819656372,,
12,3789,,,1.4238667488098145,,
12,3791,,,1.3021842241287231,,
12,3793,,,1.4847588539123535,,
12,3795,,,1.565877914428711,,
12,3797,,,1.1818170547485352,,
12,3799,,,1.2775771617889404,,
12,3801,,,1.222489356994629,,
12,3803,,,1.1986125707626343,,
12,3805,,,1.3851306438446045,,
12,3807,,,1.1597152948379517,,
12,3809,,,1.4666414260864258,,
12,3811,,,1.2916821241378784,,
12,3813,,,1.3855900764465332,,
12,3815,,,1.247096061706543,,
12,3817,,,1.1461513042449951,,
12,3819,,,1.4805504083633423,,
12,3821,,,1.4095505475997925,,
12,3823,,,1.7694787979125977,,
12,3825,,,1.1405924558639526,,
12,3827,,,1.6887742280960083,,
12,3829,,,1.617249608039856,,
12,3831,,,1.3979840278625488,,
12,3833,,,1.1615937948226929,,
12,3835,,,1.6003254652023315,,
12,3837,,,1.5156372785568237,,
12,3839,,,1.40236496925354,,
12,3841,,,1.6363883018493652,,
12,3843,,,1.3710952997207642,,
12,3845,,,1.2426122426986694,,
12,3847,,,1.2305667400360107,,
12,3849,,,1.7202627658843994,,
12,3851,,,1.414198637008667,,
12,3853,,,1.2332639694213867,,
12,3855,,,1.3976045846939087,,
12,3857,,,1.4409605264663696,,
12,3859,,,1.490056037902832,,
12,3861,,,1.4021834135055542,,
12,3863,,,1.568980097770691,,
12,3865,,,1.4501614570617676,,
12,3867,,,1.293739676475525,,
12,3869,,,1.3329873085021973,,
12,3871,,,1.3773722648620605,,
12,3873,,,1.3708070516586304,,
12,3875,,,1.3910683393478394,,
12,3877,,,1.133962869644165,,
12,3879,,,1.1544255018234253,,
12,3881,,,1.460691213607788,,
12,3883,,,1.4005615711212158,,
12,3885,,,1.5082180500030518,,
12,3887,,,1.4246231317520142,,
12,3889,,,1.0493321418762207,,
12,3891,,,1.4876254796981812,,
12,3893,,,1.414062738418579,,
12,3895,,,1.3174000978469849,,
12,3897,,,1.5829023122787476,,
12,3899,,,1.175489902496338,,
12,3901,,,1.4153237342834473,,
12,3903,,,1.3049346208572388,,
12,3905,,,1.464512825012207,,
12,3907,,,1.211477279663086,,
12,3909,,,1.3820682764053345,,
12,3911,,,1.2991160154342651,,
12,3913,,,1.6430515050888062,,
12,3915,,,1.5786932706832886,,
12,3917,,,1.3733675479888916,,
12,3919,,,1.595662236213684,,
12,3921,,,1.3164241313934326,,
12,3923,,,1.5712285041809082,,
12,3925,,,1.3062260150909424,,
12,3927,,,1.1133253574371338,,
12,3929,,,1.3189610242843628,,
12,3931,,,1.3349900245666504,,
12,3933,,,1.439740538597107,,
12,3935,,,1.482743740081787,,
12,3937,,,1.3511855602264404,,
12,3939,,,1.3642820119857788,,
12,3941,,,1.069530725479126,,
12,3943,,,1.3827972412109375,,
12,3945,,,1.1774286031723022,,
12,3947,,,1.4411165714263916,,
12,3949,,,1.257664680480957,,
12,3951,,,1.3899623155593872,,
12,3953,,,1.3503860235214233,,
12,3955,,,1.2951570749282837,,
12,3957,,,1.425726294517517,,
12,3959,,,1.449151635169983,,
12,3961,,,1.3944200277328491,,
12,3963,,,1.5067412853240967,,
12,3965,,,1.4761277437210083,,
12,3967,,,1.3364319801330566,,
12,3969,,,1.4907056093215942,,
12,3971,,,1.38238525390625,,
12,3973,,,1.4765245914459229,,
12,3975,,,1.2945085763931274,,
12,3977,,,1.347609043121338,,
12,3979,,,1.4109364748001099,,
12,3981,,,1.3858531713485718,,
12,3983,,,1.2361340522766113,,
12,3985,,,1.2334582805633545,,
12,3987,,,1.3526932001113892,,
12,3989,,,1.3875523805618286,,
12,3991,,,1.9496654272079468,,
12,3993,,,1.1533938646316528,,
12,3995,,,1.4836066961288452,,
12,3997,,,1.5757948160171509,,
12,3999,,,1.4483424425125122,,
12,4001,,,1.5036929845809937,,
12,4003,,,1.3571889400482178,,
12,4005,,,1.5359371900558472,,
12,4007,,,1.5427576303482056,,
12,4009,,,1.4310239553451538,,
12,4011,,,1.4498021602630615,,
12,4013,,,1.2425566911697388,,
12,4015,,,1.4632145166397095,,
12,4017,,,1.4013240337371826,,
12,4019,,,1.5701206922531128,,
12,4021,,,1.357361912727356,,
12,4023,,,1.2861063480377197,,
12,4025,,,1.5369595289230347,,
12,4027,,,1.4640731811523438,,
12,4029,,,1.5124473571777344,,
12,4031,,,1.4845811128616333,,
12,4033,,,1.3654030561447144,,
12,4035,,,1.8999993801116943,,
12,4037,,,1.2836436033248901,,
12,4039,,,1.1912957429885864,,
12,4041,,,1.7430751323699951,,
12,4043,,,1.5817012786865234,,
12,4045,,,1.5696344375610352,,
12,4047,,,1.3626024723052979,,
12,4049,,,1.3626396656036377,,
12,4051,,,1.1983506679534912,,
12,4053,,,1.2132829427719116,,
12,4055,,,1.2833539247512817,,
12,4057,,,1.193045735359192,,
12,4059,,,1.405827283859253,,
12,4061,,,1.497585654258728,,
12,4063,,,1.1985007524490356,,
12,4065,,,1.4314438104629517,,
12,4067,,,1.430880069732666,,
12,4068,,,,0.46549999713897705,96.18810272216797
13,4069,,,1.3239237070083618,,
13,4071,,,1.3985131978988647,,
13,4073,,,1.2279715538024902,,
13,4075,,,1.3482985496520996,,
13,4077,,,1.305387258529663,,
13,4079,,,1.7932645082473755,,
13,4081,,,1.3924847841262817,,
13,4083,,,1.513837456703186,,
13,4085,,,1.3735588788986206,,
13,4087,,,1.5511999130249023,,
13,4089,,,1.3649235963821411,,
13,4091,,,1.2748868465423584,,
13,4093,,,1.5174816846847534,,
13,4095,,,1.5695565938949585,,
13,4097,,,1.4216443300247192,,
13,4099,,,1.130428671836853,,
13,4101,,,1.4676618576049805,,
13,4103,,,1.2518038749694824,,
13,4105,,,1.4282658100128174,,
13,4107,,,1.2028021812438965,,
13,4109,,,1.3594369888305664,,
13,4111,,,1.258083701133728,,
13,4113,,,0.9966314435005188,,
13,4115,,,1.3945512771606445,,
13,4117,,,1.1765499114990234,,
13,4119,,,1.675823450088501,,
13,4121,,,1.35649573802948,,
13,4123,,,1.2727365493774414,,
13,4125,,,1.204017996788025,,
13,4127,,,1.4322500228881836,,
13,4129,,,1.4482715129852295,,
13,4131,,,1.1841850280761719,,
13,4133,,,1.3849323987960815,,
13,4135,,,1.5203258991241455,,
13,4137,,,1.374410629272461,,
13,4139,,,1.4464077949523926,,
13,4141,,,1.4363933801651,,
13,4143,,,1.2337026596069336,,
13,4145,,,1.48929762840271,,
13,4147,,,1.3788344860076904,,
13,4149,,,1.6552661657333374,,
13,4151,,,1.3226310014724731,,
13,4153,,,1.7775532007217407,,
13,4155,,,1.4275023937225342,,
13,4157,,,1.4000701904296875,,
13,4159,,,1.250156044960022,,
13,4161,,,1.4092291593551636,,
13,4163,,,1.3097525835037231,,
13,4165,,,1.5324279069900513,,
13,4167,,,1.634122610092163,,
13,4169,,,1.118980050086975,,
13,4171,,,1.3384990692138672,,
13,4173,,,1.4317783117294312,,
13,4175,,,1.2787741422653198,,
13,4177,,,1.5117886066436768,,
13,4179,,,1.3620920181274414,,
13,4181,,,1.6122514009475708,,
13,4183,,,1.5837846994400024,,
13,4185,,,1.5763169527053833,,
13,4187,,,1.3693307638168335,,
13,4189,,,1.4158117771148682,,
13,4191,,,1.2382272481918335,,
13,4193,,,1.2653480768203735,,
13,4195,,,1.6682500839233398,,
13,4197,,,1.3692246675491333,,
13,4199,,,1.228236198425293,,
13,4201,,,2.119921922683716,,
13,4203,,,1.270354151725769,,
13,4205,,,1.4046627283096313,,
13,4207,,,1.5473732948303223,,
13,4209,,,1.213463544845581,,
13,4211,,,1.2132527828216553,,
13,4213,,,1.2951573133468628,,
13,4215,,,1.1719967126846313,,
13,4217,,,1.380478858947754,,
13,4219,,,1.2971198558807373,,
13,4221,,,1.358792781829834,,
13,4223,,,1.3535668849945068,,
13,4225,,,1.6041970252990723,,
13,4227,,,1.3638790845870972,,
13,4229,,,1.4346966743469238,,
13,4231,,,1.2398967742919922,,
13,4233,,,1.5596705675125122,,
13,4235,,,1.4468791484832764,,
13,4237,,,1.5143518447875977,,
13,4239,,,1.4813663959503174,,
13,4241,,,1.9711006879806519,,
13,4243,,,1.3364425897598267,,
13,4245,,,1.404335618019104,,
13,4247,,,1.277071237564087,,
13,4249,,,1.494315266609192,,
13,4251,,,1.1339682340621948,,
13,4253,,,1.5208353996276855,,
13,4255,,,1.7948846817016602,,
13,4257,,,1.444169521331787,,
13,4259,,,1.1962851285934448,,
13,4261,,,1.2572563886642456,,
13,4263,,,1.2203102111816406,,
13,4265,,,1.3138748407363892,,
13,4267,,,1.454063892364502,,
13,4269,,,1.3599892854690552,,
13,4271,,,1.5257991552352905,,
13,4273,,,1.400579810142517,,
13,4275,,,1.2360754013061523,,
13,4277,,,1.534729242324829,,
13,4279,,,1.4919368028640747,,
13,4281,,,1.4360756874084473,,
13,4283,,,1.4081352949142456,,
13,4285,,,1.3558026552200317,,
13,4287,,,1.5908547639846802,,
13,4289,,,1.3214160203933716,,
13,4291,,,1.1704729795455933,,
13,4293,,,1.4665299654006958,,
13,4295,,,1.473696231842041,,
13,4297,,,1.3251259326934814,,
13,4299,,,1.2929211854934692,,
13,4301,,,1.2660884857177734,,
13,4303,,,1.4004746675491333,,
13,4305,,,1.4509556293487549,,
13,4307,,,1.2776896953582764,,
13,4309,,,1.6078343391418457,,
13,4311,,,1.322138786315918,,
13,4313,,,1.315983533859253,,
13,4315,,,1.4550602436065674,,
13,4317,,,1.4171584844589233,,
13,4319,,,1.2893728017807007,,
13,4321,,,1.512766718864441,,
13,4323,,,1.2670873403549194,,
13,4325,,,1.1357609033584595,,
13,4327,,,1.5385645627975464,,
13,4329,,,1.6319669485092163,,
13,4331,,,1.2888453006744385,,
13,4333,,,1.34808349609375,,
13,4335,,,1.3574230670928955,,
13,4337,,,1.1783530712127686,,
13,4339,,,1.348961353302002,,
13,4341,,,1.5242351293563843,,
13,4343,,,1.7294058799743652,,
13,4345,,,1.170994758605957,,
13,4347,,,1.296417236328125,,
13,4349,,,1.4131696224212646,,
13,4351,,,1.527014970779419,,
13,4353,,,1.5481067895889282,,
13,4355,,,1.682388186454773,,
13,4357,,,1.3762277364730835,,
13,4359,,,1.6376380920410156,,
13,4361,,,1.4681508541107178,,
13,4363,,,1.4061118364334106,,
13,4365,,,1.4379994869232178,,
13,4367,,,1.3404556512832642,,
13,4369,,,1.4093097448349,,
13,4371,,,1.2153286933898926,,
13,4373,,,1.2463524341583252,,
13,4375,,,1.488437533378601,,
13,4377,,,1.8189337253570557,,
13,4379,,,1.3369982242584229,,
13,4381,,,1.4747458696365356,,
13,4381,,,,0.46549999713897705,46.61470413208008
14,4383,,,1.405476450920105,,
14,4385,,,1.3194230794906616,,
14,4387,,,1.4124456644058228,,
14,4389,,,1.4816452264785767,,
14,4391,,,1.871617317199707,,
14,4393,,,1.4408632516860962,,
14,4395,,,1.4934980869293213,,
14,4397,,,1.3499209880828857,,
14,4399,,,1.2544647455215454,,
14,4401,,,1.321871042251587,,
14,4403,,,1.4041974544525146,,
14,4405,,,1.3603684902191162,,
14,4407,,,1.5928406715393066,,
14,4409,,,1.676909327507019,,
14,4411,,,1.2906694412231445,,
14,4413,,,1.2847844362258911,,
14,4415,,,1.3688600063323975,,
14,4417,,,1.2247395515441895,,
14,4419,,,1.5625313520431519,,
14,4421,,,1.5070581436157227,,
14,4423,,,1.1686503887176514,,
14,4425,,,1.231857180595398,,
14,4427,,,1.2069847583770752,,
14,4429,,,1.2286111116409302,,
14,4431,,,1.2943178415298462,,
14,4433,,,1.1754463911056519,,
14,4435,,,1.4253145456314087,,
14,4437,,,1.269109845161438,,
14,4439,,,1.3948715925216675,,
14,4441,,,1.206264615058899,,
14,4443,,,1.2334004640579224,,
14,4445,,,1.4201292991638184,,
14,4447,,,1.3976149559020996,,
14,4449,,,1.7772325277328491,,
14,4451,,,1.1060206890106201,,
14,4453,,,1.7352535724639893,,
14,4455,,,1.599617838859558,,
14,4457,,,1.3457964658737183,,
14,4459,,,1.0767534971237183,,
14,4461,,,1.5703847408294678,,
14,4463,,,1.4796028137207031,,
14,4465,,,1.3942556381225586,,
14,4467,,,1.5401816368103027,,
14,4469,,,1.3395601511001587,,
14,4471,,,1.1979680061340332,,
14,4473,,,1.2358582019805908,,
14,4475,,,1.6700800657272339,,
14,4477,,,1.420265793800354,,
14,4479,,,1.2126479148864746,,
14,4481,,,1.4050266742706299,,
14,4483,,,1.386786937713623,,
14,4485,,,1.469158411026001,,
14,4487,,,1.3744066953659058,,
14,4489,,,1.54737389087677,,
14,4491,,,1.3975297212600708,,
14,4493,,,1.2766363620758057,,
14,4495,,,1.366167664527893,,
14,4497,,,1.3821896314620972,,
14,4499,,,1.3673166036605835,,
14,4501,,,1.3388314247131348,,
14,4503,,,1.1112518310546875,,
14,4505,,,1.120768427848816,,
14,4507,,,1.4802069664001465,,
14,4509,,,1.436429500579834,,
14,4511,,,1.4534516334533691,,
14,4513,,,1.3912791013717651,,
14,4515,,,1.0239537954330444,,
14,4517,,,1.4791136980056763,,
14,4519,,,1.423474669456482,,
14,4521,,,1.3357335329055786,,
14,4523,,,1.5834745168685913,,
14,4525,,,1.102537989616394,,
14,4527,,,1.4652807712554932,,
14,4529,,,1.196350336074829,,
14,4531,,,1.35238516330719,,
14,4533,,,1.198377251625061,,
14,4535,,,1.311532974243164,,
14,4537,,,1.3322712182998657,,
14,4539,,,1.605301856994629,,
14,4541,,,1.587689995765686,,
14,4543,,,1.4449714422225952,,
14,4545,,,1.601444959640503,,
14,4547,,,1.2814457416534424,,
14,4549,,,1.523597002029419,,
14,4551,,,1.3539235591888428,,
14,4553,,,1.0453035831451416,,
14,4555,,,1.3508937358856201,,
14,4557,,,1.30224609375,,
14,4559,,,1.3817585706710815,,
14,4561,,,1.465053677558899,,
14,4563,,,1.3851022720336914,,
14,4565,,,1.2995492219924927,,
14,4567,,,1.0901007652282715,,
14,4569,,,1.403193473815918,,
14,4571,,,1.1478487253189087,,
14,4573,,,1.4372906684875488,,
14,4575,,,1.2599073648452759,,
14,4577,,,1.3111714124679565,,
14,4579,,,1.3392977714538574,,
14,4581,,,1.3128830194473267,,
14,4583,,,1.39857816696167,,
14,4585,,,1.467563271522522,,
14,4587,,,1.3555262088775635,,
14,4589,,,1.4505829811096191,,
14,4591,,,1.4495668411254883,,
14,4593,,,1.2878434658050537,,
14,4595,,,1.5318316221237183,,
14,4597,,,1.3511189222335815,,
14,4599,,,1.4567029476165771,,
14,4601,,,1.275153636932373,,
14,4603,,,1.3783247470855713,,
14,4605,,,1.4004942178726196,,
14,4607,,,1.378592610359192,,
14,4609,,,1.2320985794067383,,
14,4611,,,1.3243612051010132,,
14,4613,,,1.3712505102157593,,
14,4615,,,1.4171111583709717,,
14,4617,,,1.9815688133239746,,
14,4619,,,1.1851181983947754,,
14,4621,,,1.4632099866867065,,
14,4623,,,1.5849415063858032,,
14,4625,,,1.478027582168579,,
14,4627,,,1.5061613321304321,,
14,4629,,,1.333120346069336,,
14,4631,,,1.4701013565063477,,
14,4633,,,1.4721709489822388,,
14,4635,,,1.3600435256958008,,
14,4637,,,1.387346863746643,,
14,4639,,,1.2040772438049316,,
14,4641,,,1.4115418195724487,,
14,4643,,,1.4328100681304932,,
14,4645,,,1.5480396747589111,,
14,4647,,,1.3037049770355225,,
14,4649,,,1.3421639204025269,,
14,4651,,,1.4866704940795898,,
14,4653,,,1.3815138339996338,,
14,4655,,,1.4800864458084106,,
14,4657,,,1.5262832641601562,,
14,4659,,,1.4088644981384277,,
14,4661,,,1.8846837282180786,,
14,4663,,,1.2362293004989624,,
14,4665,,,1.2009990215301514,,
14,4667,,,1.755296230316162,,
14,4669,,,1.5827916860580444,,
14,4671,,,1.5913159847259521,,
14,4673,,,1.3959394693374634,,
14,4675,,,1.2724069356918335,,
14,4677,,,1.2479861974716187,,
14,4679,,,1.204176902770996,,
14,4681,,,1.323292851448059,,
14,4683,,,1.1810215711593628,,
14,4685,,,1.4293867349624634,,
14,4687,,,1.4590939283370972,,
14,4689,,,1.1521167755126953,,
14,4691,,,1.3741674423217773,,
14,4693,,,1.4490770101547241,,
14,4694,,,,0.46549999713897705,119.24226379394531
15,4695,,,1.2450952529907227,,
15,4697,,,1.3342971801757812,,
15,4699,,,1.2303894758224487,,
15,4701,,,1.3784942626953125,,
15,4703,,,1.2746044397354126,,
15,4705,,,1.8173435926437378,,
15,4707,,,1.4075837135314941,,
15,4709,,,1.476348876953125,,
15,4711,,,1.4476025104522705,,
15,4713,,,1.5082234144210815,,
15,4715,,,1.362753987312317,,
15,4717,,,1.2702127695083618,,
15,4719,,,1.532952070236206,,
15,4721,,,1.6328102350234985,,
15,4723,,,1.385788917541504,,
15,4725,,,1.0420643091201782,,
15,4727,,,1.3865711688995361,,
15,4729,,,1.209480881690979,,
15,4731,,,1.4105596542358398,,
15,4733,,,1.2956823110580444,,
15,4735,,,1.400464653968811,,
15,4737,,,1.2407023906707764,,
15,4739,,,1.0346602201461792,,
15,4741,,,1.3670244216918945,,
15,4743,,,1.126528263092041,,
15,4745,,,1.574129581451416,,
15,4747,,,1.323624610900879,,
15,4749,,,1.2331572771072388,,
15,4751,,,1.1826492547988892,,
15,4753,,,1.3441954851150513,,
15,4755,,,1.3978419303894043,,
15,4757,,,1.1945008039474487,,
15,4759,,,1.3305871486663818,,
15,4761,,,1.5113524198532104,,
15,4763,,,1.4117400646209717,,
15,4765,,,1.4008545875549316,,
15,4767,,,1.4612433910369873,,
15,4769,,,1.225698471069336,,
15,4771,,,1.5565074682235718,,
15,4773,,,1.3945082426071167,,
15,4775,,,1.5373557806015015,,
15,4777,,,1.379839539527893,,
15,4779,,,1.7695202827453613,,
15,4781,,,1.4214763641357422,,
15,4783,,,1.3570556640625,,
15,4785,,,1.2512685060501099,,
15,4787,,,1.387845754623413,,
15,4789,,,1.2565709352493286,,
15,4791,,,1.510719656944275,,
15,4793,,,1.6133167743682861,,
15,4795,,,1.1326075792312622,,
15,4797,,,1.313825249671936,,
15,4799,,,1.3715388774871826,,
15,4801,,,1.2639243602752686,,
15,4803,,,1.4945385456085205,,
15,4805,,,1.36667001247406,,
15,4807,,,1.4724900722503662,,
15,4809,,,1.560241937637329,,
15,4811,,,1.5683363676071167,,
15,4813,,,1.4126195907592773,,
15,4815,,,1.4112409353256226,,
15,4817,,,1.1863468885421753,,
15,4819,,,1.2452536821365356,,
15,4821,,,1.6333696842193604,,
15,4823,,,1.3514142036437988,,
15,4825,,,1.2009692192077637,,
15,4827,,,2.112126111984253,,
15,4829,,,1.2469408512115479,,
15,4831,,,1.3151119947433472,,
15,4833,,,1.4406495094299316,,
15,4835,,,1.108389973640442,,
15,4837,,,1.210724949836731,,
15,4839,,,1.3063640594482422,,
15,4841,,,1.2815791368484497,,
15,4843,,,1.3256925344467163,,
15,4845,,,1.303540587425232,,
15,4847,,,1.3542869091033936,,
15,4849,,,1.2832090854644775,,
15,4851,,,1.5499483346939087,,
15,4853,,,1.2527711391448975,,
15,4855,,,1.5142258405685425,,
15,4857,,,1.1704479455947876,,
15,4859,,,1.6178723573684692,,
15,4861,,,1.4075043201446533,,
15,4863,,,1.345427393913269,,
15,4865,,,1.5057406425476074,,
15,4867,,,1.8930238485336304,,
15,4869,,,1.3290259838104248,,
15,4871,,,1.3955634832382202,,
15,4873,,,1.297707438468933,,
15,4875,,,1.397682785987854,,
15,4877,,,1.202775001525879,,
15,4879,,,1.5033224821090698,,
15,4881,,,1.7565252780914307,,
15,4883,,,1.4192917346954346,,
15,4885,,,1.226684808731079,,
15,4887,,,1.230260968208313,,
15,4889,,,1.2297784090042114,,
15,4891,,,1.3004238605499268,,
15,4893,,,1.424330472946167,,
15,4895,,,1.3451226949691772,,
15,4897,,,1.5035337209701538,,
15,4899,,,1.3159548044204712,,
15,4901,,,1.554663896560669,,
15,4903,,,1.6129029989242554,,
15,4905,,,1.4315236806869507,,
15,4907,,,1.4340702295303345,,
15,4909,,,1.3559448719024658,,
15,4911,,,1.3757041692733765,,
15,4913,,,1.5572774410247803,,
15,4915,,,1.3611843585968018,,
15,4917,,,1.1404430866241455,,
15,4919,,,1.539089322090149,,
15,4921,,,1.4473087787628174,,
15,4923,,,1.3095414638519287,,
15,4925,,,1.2961034774780273,,
15,4927,,,1.3951643705368042,,
15,4929,,,1.4112565517425537,,
15,4931,,,1.3761811256408691,,
15,4933,,,1.2885150909423828,,
15,4935,,,1.615852952003479,,
15,4937,,,1.3193049430847168,,
15,4939,,,1.2537020444869995,,
15,4941,,,1.4243370294570923,,
15,4943,,,1.448439121246338,,
15,4945,,,1.3034809827804565,,
15,4947,,,1.4689885377883911,,
15,4949,,,1.3409004211425781,,
15,4951,,,1.1393157243728638,,
15,4953,,,1.413625955581665,,
15,4955,,,1.630509853363037,,
15,4957,,,1.223307728767395,,
15,4959,,,1.330193042755127,,
15,4961,,,1.376200795173645,,
15,4963,,,1.161663293838501,,
15,4965,,,1.3488543033599854,,
15,4967,,,1.5444318056106567,,
15,4969,,,1.6999870538711548,,
15,4971,,,1.1093692779541016,,
15,4973,,,1.2808669805526733,,
15,4975,,,1.353428840637207,,
15,4977,,,1.4702333211898804,,
15,4979,,,1.5082616806030273,,
15,4981,,,1.6568447351455688,,
15,4983,,,1.3688688278198242,,
15,4985,,,1.6342417001724243,,
15,4987,,,1.4429912567138672,,
15,4989,,,1.3901256322860718,,
15,4991,,,1.4633864164352417,,
15,4993,,,1.3473024368286133,,
15,4995,,,1.4670567512512207,,
15,4997,,,1.257333755493164,,
15,4999,,,1.2440130710601807,,
15,5001,,,1.4897217750549316,,
15,5003,,,1.8513885736465454,,
15,5005,,,1.3298848867416382,,
15,5007,,,1.3319828510284424,,
15,5007,,,,0.1907999962568283,80.96251678466797
16,5009,,,1.326212763786316,,
16,5011,,,1.292328953742981,,
16,5013,,,1.346042513847351,,
16,5015,,,1.515012502670288,,
16,5017,,,1.9949893951416016,,
16,5019,,,1.4038468599319458,,
16,5021,,,1.4992992877960205,,
16,5023,,,1.316541314125061,,
16,5025,,,1.240379810333252,,
16,5027,,,1.3405776023864746,,
16,5029,,,1.444231629371643,,
16,5031,,,1.3532055616378784,,
16,5033,,,1.6359416246414185,,
16,5035,,,1.836104154586792,,
16,5037,,,1.372901439666748,,
16,5039,,,1.2928638458251953,,
16,5041,,,1.3416130542755127,,
16,5043,,,1.2374095916748047,,
16,5045,,,1.5283664464950562,,
16,5047,,,1.5430622100830078,,
16,5049,,,1.1496646404266357,,
16,5051,,,1.2369905710220337,,
16,5053,,,1.2169312238693237,,
16,5055,,,1.160549283027649,,
16,5057,,,1.2972970008850098,,
16,5059,,,1.1170116662979126,,
16,5061,,,1.4002361297607422,,
16,5063,,,1.2242767810821533,,
16,5065,,,1.4198139905929565,,
16,5067,,,1.2814234495162964,,
16,5069,,,1.224802017211914,,
16,5071,,,1.4733151197433472,,
16,5073,,,1.3805358409881592,,
16,5075,,,1.7472362518310547,,
16,5077,,,1.1135870218276978,,
16,5079,,,1.7195744514465332,,
16,5081,,,1.5862051248550415,,
16,5083,,,1.3639419078826904,,
16,5085,,,1.0636411905288696,,
16,5087,,,1.5225554704666138,,
16,5089,,,1.5325369834899902,,
16,5091,,,1.4299169778823853,,
16,5093,,,1.5515066385269165,,
16,5095,,,1.3308289051055908,,
16,5097,,,1.1962218284606934,,
16,5099,,,1.2105276584625244,,
16,5101,,,1.7425886392593384,,
16,5103,,,1.3902968168258667,,
16,5105,,,1.2182180881500244,,
16,5107,,,1.4188954830169678,,
16,5109,,,1.339267611503601,,
16,5111,,,1.4309415817260742,,
16,5113,,,1.3221529722213745,,
16,5115,,,1.6029300689697266,,
16,5117,,,1.3892368078231812,,
16,5119,,,1.2250971794128418,,
16,5121,,,1.2753456830978394,,
16,5123,,,1.3161407709121704,,
16,5125,,,1.2736386060714722,,
16,5127,,,1.3184672594070435,,
16,5129,,,1.2084758281707764,,
16,5131,,,1.1019588708877563,,
16,5133,,,1.468983769416809,,
16,5135,,,1.4052643775939941,,
16,5137,,,1.4970135688781738,,
16,5139,,,1.357802152633667,,
16,5141,,,1.0066558122634888,,
16,5143,,,1.5670676231384277,,
16,5145,,,1.397696852684021,,
16,5147,,,1.3124573230743408,,
16,5149,,,1.622164011001587,,
16,5151,,,1.1086457967758179,,
16,5153,,,1.3518459796905518,,
16,5155,,,1.2536214590072632,,
16,5157,,,1.2979035377502441,,
16,5159,,,1.1637190580368042,,
16,5161,,,1.381654143333435,,
16,5163,,,1.283868670463562,,
16,5165,,,1.5308609008789062,,
16,5167,,,1.5127222537994385,,
16,5169,,,1.3706719875335693,,
16,5171,,,1.546394944190979,,
16,5173,,,1.3078227043151855,,
16,5175,,,1.5852748155593872,,
16,5177,,,1.3164013624191284,,
16,5179,,,1.0215414762496948,,
16,5181,,,1.3255034685134888,,
16,5183,,,1.2678757905960083,,
16,5185,,,1.3788000345230103,,
16,5187,,,1.5091259479522705,,
16,5189,,,1.3066577911376953,,
16,5191,,,1.2812329530715942,,
16,5193,,,1.0561707019805908,,
16,5195,,,1.3946818113327026,,
16,5197,,,1.1552448272705078,,
16,5199,,,1.4490960836410522,,
16,5201,,,1.2516605854034424,,
16,5203,,,1.382362961769104,,
16,5205,,,1.2842891216278076,,
16,5207,,,1.316258192062378,,
16,5209,,,1.3594340085983276,,
16,5211,,,1.438924789428711,,
16,5213,,,1.4091954231262207,,
16,5215,,,1.4529438018798828,,
16,5217,,,1.5081232786178589,,
16,5219,,,1.2698010206222534,,
16,5221,,,1.5016186237335205,,
16,5223,,,1.4006586074829102,,
16,5225,,,1.4733532667160034,,
16,5227,,,1.2546570301055908,,
16,5229,,,1.2896018028259277,,
16,5231,,,1.4200376272201538,,
16,5233,,,1.3425793647766113,,
16,5235,,,1.2438650131225586,,
16,5237,,,1.2391847372055054,,
16,5239,,,1.3481024503707886,,
16,5241,,,1.3884174823760986,,
16,5243,,,1.9332777261734009,,
16,5245,,,1.179955005645752,,
16,5247,,,1.4087415933609009,,
16,5249,,,1.5115326642990112,,
16,5251,,,1.4207957983016968,,
16,5253,,,1.4322013854980469,,
16,5255,,,1.3517030477523804,,
16,5257,,,1.4483129978179932,,
16,5259,,,1.4473838806152344,,
16,5261,,,1.4039409160614014,,
16,5263,,,1.4138836860656738,,
16,5265,,,1.1927549839019775,,
16,5267,,,1.385654330253601,,
16,5269,,,1.4439318180084229,,
16,5271,,,1.5501803159713745,,
16,5273,,,1.2692351341247559,,
16,5275,,,1.2528897523880005,,
16,5277,,,1.4778190851211548,,
16,5279,,,1.3839566707611084,,
16,5281,,,1.401069164276123,,
16,5283,,,1.509545922279358,,
16,5285,,,1.363887071609497,,
16,5287,,,1.9348795413970947,,
16,5289,,,1.2956161499023438,,
16,5291,,,1.185794472694397,,
16,5293,,,1.7449438571929932,,
16,5295,,,1.5665991306304932,,
16,5297,,,1.4738094806671143,,
16,5299,,,1.343386173248291,,
16,5301,,,1.2655137777328491,,
16,5303,,,1.2638713121414185,,
16,5305,,,1.2099673748016357,,
16,5307,,,1.2651007175445557,,
16,5309,,,1.155461311340332,,
16,5311,,,1.3684641122817993,,
16,5313,,,1.4372988939285278,,
16,5315,,,1.1590282917022705,,
16,5317,,,1.3604917526245117,,
16,5319,,,1.429591417312622,,
16,5320,,,,0.025750000029802322,76.693115234375
17,5321,,,1.2274819612503052,,
17,5323,,,1.388628602027893,,
17,5325,,,1.1989058256149292,,
17,5327,,,1.3474736213684082,,
17,5329,,,1.3104666471481323,,
17,5331,,,1.7915648221969604,,
17,5333,,,1.4013633728027344,,
17,5335,,,1.4805874824523926,,
17,5337,,,1.3631350994110107,,
17,5339,,,1.5059459209442139,,
17,5341,,,1.3279896974563599,,
17,5343,,,1.2105927467346191,,
17,5345,,,1.4786521196365356,,
17,5347,,,1.4948674440383911,,
17,5349,,,1.3602060079574585,,
17,5351,,,1.0692553520202637,,
17,5353,,,1.4004981517791748,,
17,5355,,,1.2264193296432495,,
17,5357,,,1.4159948825836182,,
17,5359,,,1.1572920083999634,,
17,5361,,,1.3086379766464233,,
17,5363,,,1.2161064147949219,,
17,5365,,,0.9542554020881653,,
17,5367,,,1.3291367292404175,,
17,5369,,,1.0676530599594116,,
17,5371,,,1.5727945566177368,,
17,5373,,,1.2839926481246948,,
17,5375,,,1.1668251752853394,,
17,5377,,,1.163373589515686,,
17,5379,,,1.373245358467102,,
17,5381,,,1.4135158061981201,,
17,5383,,,1.1907674074172974,,
17,5385,,,1.353658676147461,,
17,5387,,,1.4773495197296143,,
17,5389,,,1.364354133605957,,
17,5391,,,1.392101764678955,,
17,5393,,,1.3965493440628052,,
17,5395,,,1.2691189050674438,,
17,5397,,,1.5066167116165161,,
17,5399,,,1.4159656763076782,,
17,5401,,,1.542858362197876,,
17,5403,,,1.3694448471069336,,
17,5405,,,1.746631383895874,,
17,5407,,,1.3341968059539795,,
17,5409,,,1.3763134479522705,,
17,5411,,,1.2134721279144287,,
17,5413,,,1.3807337284088135,,
17,5415,,,1.2610396146774292,,
17,5417,,,1.5107566118240356,,
17,5419,,,1.4863817691802979,,
17,5421,,,1.0713768005371094,,
17,5423,,,1.2696260213851929,,
17,5425,,,1.343754529953003,,
17,5427,,,1.2315720319747925,,
17,5429,,,1.4858089685440063,,
17,5431,,,1.3579745292663574,,
17,5433,,,1.5842598676681519,,
17,5435,,,1.5702497959136963,,
17,5437,,,1.5322281122207642,,
17,5439,,,1.4069786071777344,,
17,5441,,,1.4083689451217651,,
17,5443,,,1.1641027927398682,,
17,5445,,,1.2662874460220337,,
17,5447,,,1.613766074180603,,
17,5449,,,1.3550745248794556,,
17,5451,,,1.102251648902893,,
17,5453,,,2.332761764526367,,
17,5455,,,1.215669870376587,,
17,5457,,,1.4132250547409058,,
17,5459,,,1.3559406995773315,,
17,5461,,,1.1805697679519653,,
17,5463,,,1.1618653535842896,,
17,5465,,,1.2536154985427856,,
17,5467,,,1.2364652156829834,,
17,5469,,,1.277273416519165,,
17,5471,,,1.2602852582931519,,
17,5473,,,1.3625037670135498,,
17,5475,,,1.38909912109375,,
17,5477,,,1.6412229537963867,,
17,5479,,,1.2546097040176392,,
17,5481,,,1.3980578184127808,,
17,5483,,,1.1309763193130493,,
17,5485,,,1.5827405452728271,,
17,5487,,,1.4161595106124878,,
17,5489,,,1.4428377151489258,,
17,5491,,,1.4862338304519653,,
17,5493,,,1.9653022289276123,,
17,5495,,,1.319879174232483,,
17,5497,,,1.3715627193450928,,
17,5499,,,1.261335849761963,,
17,5501,,,1.4162286520004272,,
17,5503,,,1.2106596231460571,,
17,5505,,,1.4436084032058716,,
17,5507,,,1.7198985815048218,,
17,5509,,,1.4507598876953125,,
17,5511,,,1.1758508682250977,,
17,5513,,,1.1923741102218628,,
17,5515,,,1.2033509016036987,,
17,5517,,,1.315881609916687,,
17,5519,,,1.4094969034194946,,
17,5521,,,1.342600703239441,,
17,5523,,,1.5159204006195068,,
17,5525,,,1.3420488834381104,,
17,5527,,,1.209099531173706,,
17,5529,,,1.6049970388412476,,
17,5531,,,1.4685518741607666,,
17,5533,,,1.437065839767456,,
17,5535,,,1.3535419702529907,,
17,5537,,,1.3234968185424805,,
17,5539,,,1.548221468925476,,
17,5541,,,1.276580810546875,,
17,5543,,,1.0826430320739746,,
17,5545,,,1.4280972480773926,,
17,5547,,,1.4277312755584717,,
17,5549,,,1.3278558254241943,,
17,5551,,,1.2519819736480713,,
17,5553,,,1.3018742799758911,,
17,5555,,,1.3585048913955688,,
17,5557,,,1.3822717666625977,,
17,5559,,,1.2465202808380127,,
17,5561,,,1.599450945854187,,
17,5563,,,1.304457664489746,,
17,5565,,,1.2312331199645996,,
17,5567,,,1.4592264890670776,,
17,5569,,,1.4791755676269531,,
17,5571,,,1.2407900094985962,,
17,5573,,,1.491132140159607,,
17,5575,,,1.258519172668457,,
17,5577,,,1.0748592615127563,,
17,5579,,,1.4382654428482056,,
17,5581,,,1.5991523265838623,,
17,5583,,,1.2096220254898071,,
17,5585,,,1.3825829029083252,,
17,5587,,,1.2786437273025513,,
17,5589,,,1.1358639001846313,,
17,5591,,,1.357363224029541,,
17,5593,,,1.5258466005325317,,
17,5595,,,1.8294100761413574,,
17,5597,,,1.1538316011428833,,
17,5599,,,1.2842334508895874,,
17,5601,,,1.4175912141799927,,
17,5603,,,1.486141562461853,,
17,5605,,,1.4278442859649658,,
17,5607,,,1.6008599996566772,,
17,5609,,,1.3546291589736938,,
17,5611,,,1.50822913646698,,
17,5613,,,1.4107626676559448,,
17,5615,,,1.3458157777786255,,
17,5617,,,1.4310896396636963,,
17,5619,,,1.300750732421875,,
17,5621,,,1.4400087594985962,,
17,5623,,,1.2211602926254272,,
17,5625,,,1.203983187675476,,
17,5627,,,1.4787737131118774,,
17,5629,,,1.8794224262237549,,
17,5631,,,1.3617326021194458,,
17,5633,,,1.229825496673584,,
17,5633,,,,0.025750000029802322,57.06072998046875
18,5635,,,1.2541069984436035,,
18,5637,,,1.2592198848724365,,
18,5639,,,1.3628032207489014,,
18,5641,,,1.4910591840744019,,
18,5643,,,1.8023968935012817,,
18,5645,,,1.4722241163253784,,
18,5647,,,1.4980577230453491,,
18,5649,,,1.277665615081787,,
18,5651,,,1.2344598770141602,,
18,5653,,,1.3331291675567627,,
18,5655,,,1.3953680992126465,,
18,5657,,,1.3466569185256958,,
18,5659,,,1.595645546913147,,
18,5661,,,1.7604848146438599,,
18,5663,,,1.1423841714859009,,
18,5665,,,1.2615691423416138,,
18,5667,,,1.3936651945114136,,
18,5669,,,1.2292228937149048,,
18,5671,,,1.429719090461731,,
18,5673,,,1.4440113306045532,,
18,5675,,,1.0932273864746094,,
18,5677,,,1.2110323905944824,,
18,5679,,,1.1152446269989014,,
18,5681,,,1.1423344612121582,,
18,5683,,,1.311315655708313,,
18,5685,,,1.0832644701004028,,
18,5687,,,1.453921914100647,,
18,5689,,,1.2020576000213623,,
18,5691,,,1.335683822631836,,
18,5693,,,1.229880452156067,,
18,5695,,,1.2229217290878296,,
18,5697,,,1.4689984321594238,,
18,5699,,,1.3476229906082153,,
18,5701,,,1.7977851629257202,,
18,5703,,,1.148598313331604,,
18,5705,,,1.736535668373108,,
18,5707,,,1.5775752067565918,,
18,5709,,,1.2933005094528198,,
18,5711,,,1.0709551572799683,,
18,5713,,,1.533351182937622,,
18,5715,,,1.42525315284729,,
18,5717,,,1.4367595911026,,
18,5719,,,1.5247012376785278,,
18,5721,,,1.3137754201889038,,
18,5723,,,1.1367820501327515,,
18,5725,,,1.1969695091247559,,
18,5727,,,1.7146185636520386,,
18,5729,,,1.3548996448516846,,
18,5731,,,1.1610877513885498,,
18,5733,,,1.3438301086425781,,
18,5735,,,1.3768763542175293,,
18,5737,,,1.4822344779968262,,
18,5739,,,1.3527755737304688,,
18,5741,,,1.5776320695877075,,
18,5743,,,1.3409309387207031,,
18,5745,,,1.2637864351272583,,
18,5747,,,1.3419959545135498,,
18,5749,,,1.3309521675109863,,
18,5751,,,1.315524935722351,,
18,5753,,,1.3255504369735718,,
18,5755,,,1.175168752670288,,
18,5757,,,1.0805895328521729,,
18,5759,,,1.493997573852539,,
18,5761,,,1.386971116065979,,
18,5763,,,1.4150241613388062,,
18,5765,,,1.3698885440826416,,
18,5767,,,0.9747557640075684,,
18,5769,,,1.5866332054138184,,
18,5771,,,1.3935515880584717,,
18,5773,,,1.2988853454589844,,
18,5775,,,1.570786714553833,,
18,5777,,,1.0758692026138306,,
18,5779,,,1.4030191898345947,,
18,5781,,,1.1930474042892456,,
18,5783,,,1.3112603425979614,,
18,5785,,,1.145485758781433,,
18,5787,,,1.2755470275878906,,
18,5789,,,1.275433897972107,,
18,5791,,,1.5673741102218628,,
18,5793,,,1.4990434646606445,,
18,5795,,,1.4266250133514404,,
18,5797,,,1.5472148656845093,,
18,5799,,,1.306219220161438,,
18,5801,,,1.4976298809051514,,
18,5803,,,1.2692203521728516,,
18,5805,,,1.076145052909851,,
18,5807,,,1.2751777172088623,,
18,5809,,,1.3312548398971558,,
18,5811,,,1.4256601333618164,,
18,5813,,,1.4458646774291992,,
18,5815,,,1.2688428163528442,,
18,5817,,,1.3281145095825195,,
18,5819,,,1.0644547939300537,,
18,5821,,,1.3152626752853394,,
18,5823,,,1.1590725183486938,,
18,5825,,,1.372479796409607,,
18,5827,,,1.2552237510681152,,
18,5829,,,1.3429780006408691,,
18,5831,,,1.2940489053726196,,
18,5833,,,1.3298231363296509,,
18,5835,,,1.3823727369308472,,
18,5837,,,1.4853057861328125,,
18,5839,,,1.278727412223816,,
18,5841,,,1.474294900894165,,
18,5843,,,1.494715690612793,,
18,5845,,,1.2446590662002563,,
18,5847,,,1.5570348501205444,,
18,5849,,,1.324018955230713,,
18,5851,,,1.4577242136001587,,
18,5853,,,1.1892163753509521,,
18,5855,,,1.2302088737487793,,
18,5857,,,1.3732281923294067,,
18,5859,,,1.337925672531128,,
18,5861,,,1.264190435409546,,
18,5863,,,1.2874137163162231,,
18,5865,,,1.306727409362793,,
18,5867,,,1.4042236804962158,,
18,5869,,,1.9457017183303833,,
18,5871,,,1.1062291860580444,,
18,5873,,,1.4347509145736694,,
18,5875,,,1.5594366788864136,,
18,5877,,,1.4317506551742554,,
18,5879,,,1.4238899946212769,,
18,5881,,,1.3662229776382446,,
18,5883,,,1.418285608291626,,
18,5885,,,1.5309710502624512,,
18,5887,,,1.373342752456665,,
18,5889,,,1.4369856119155884,,
18,5891,,,1.1953864097595215,,
18,5893,,,1.4119105339050293,,
18,5895,,,1.378480315208435,,
18,5897,,,1.5804632902145386,,
18,5899,,,1.3319809436798096,,
18,5901,,,1.243591070175171,,
18,5903,,,1.5516899824142456,,
18,5905,,,1.3298354148864746,,
18,5907,,,1.4367854595184326,,
18,5909,,,1.5061113834381104,,
18,5911,,,1.3258830308914185,,
18,5913,,,1.8761212825775146,,
18,5915,,,1.2702991962432861,,
18,5917,,,1.1426889896392822,,
18,5919,,,1.7329448461532593,,
18,5921,,,1.5914881229400635,,
18,5923,,,1.5745700597763062,,
18,5925,,,1.312121033668518,,
18,5927,,,1.2674237489700317,,
18,5929,,,1.3139657974243164,,
18,5931,,,1.2085098028182983,,
18,5933,,,1.301658272743225,,
18,5935,,,1.1952323913574219,,
18,5937,,,1.3871175050735474,,
18,5939,,,1.483951449394226,,
18,5941,,,1.215617060661316,,
18,5943,,,1.404836893081665,,
18,5945,,,1.417354941368103,,
18,5946,,,,0.025750000029802322,107.38373565673828
19,5947,,,1.266744613647461,,
19,5949,,,1.338078260421753,,
19,5951,,,1.235367774963379,,
19,5953,,,1.356734275817871,,
19,5955,,,1.2742788791656494,,
19,5957,,,1.670296311378479,,
19,5959,,,1.324995756149292,,
19,5961,,,1.5092076063156128,,
19,5963,,,1.3664392232894897,,
19,5965,,,1.456000566482544,,
19,5967,,,1.362107515335083,,
19,5969,,,1.2514917850494385,,
19,5971,,,1.4825204610824585,,
19,5973,,,1.6149511337280273,,
19,5975,,,1.395188331604004,,
19,5977,,,1.1839760541915894,,
19,5979,,,1.4138702154159546,,
19,5981,,,1.2260804176330566,,
19,5983,,,1.3856728076934814,,
19,5985,,,1.162187099456787,,
19,5987,,,1.312971591949463,,
19,5989,,,1.221855878829956,,
19,5991,,,1.031721830368042,,
19,5993,,,1.3498958349227905,,
19,5995,,,1.0749421119689941,,
19,5997,,,1.5353749990463257,,
19,5999,,,1.2645525932312012,,
19,6001,,,1.2321678400039673,,
19,6003,,,1.1634538173675537,,
19,6005,,,1.345197319984436,,
19,6007,,,1.4063950777053833,,
19,6009,,,1.207406759262085,,
19,6011,,,1.3465001583099365,,
19,6013,,,1.5412218570709229,,
19,6015,,,1.3584020137786865,,
19,6017,,,1.372839093208313,,
19,6019,,,1.3400039672851562,,
19,6021,,,1.2009499073028564,,
19,6023,,,1.4590075016021729,,
19,6025,,,1.3833180665969849,,
19,6027,,,1.4765840768814087,,
19,6029,,,1.338484525680542,,
19,6031,,,1.7265770435333252,,
19,6033,,,1.3627400398254395,,
19,6035,,,1.306939721107483,,
19,6037,,,1.2123459577560425,,
19,6039,,,1.3693162202835083,,
19,6041,,,1.209534764289856,,
19,6043,,,1.5279051065444946,,
19,6045,,,1.4172180891036987,,
19,6047,,,1.1644285917282104,,
19,6049,,,1.2852593660354614,,
19,6051,,,1.363396406173706,,
19,6053,,,1.2187095880508423,,
19,6055,,,1.394128680229187,,
19,6057,,,1.353954553604126,,
19,6059,,,1.4472872018814087,,
19,6061,,,1.5073537826538086,,
19,6063,,,1.5232428312301636,,
19,6065,,,1.3971590995788574,,
19,6067,,,1.4561256170272827,,
19,6069,,,1.141771674156189,,
19,6071,,,1.1785697937011719,,
19,6073,,,1.5470815896987915,,
19,6075,,,1.3302608728408813,,
19,6077,,,1.0641653537750244,,
19,6079,,,2.2823972702026367,,
19,6081,,,1.1752498149871826,,
19,6083,,,1.420361876487732,,
19,6085,,,1.3009538650512695,,
19,6087,,,1.1358556747436523,,
19,6089,,,1.1775147914886475,,
19,6091,,,1.2704863548278809,,
19,6093,,,1.1078728437423706,,
19,6095,,,1.3560034036636353,,
19,6097,,,1.2480709552764893,,
19,6099,,,1.3239295482635498,,
19,6101,,,1.3906235694885254,,
19,6103,,,1.6019649505615234,,
19,6105,,,1.2377300262451172,,
19,6107,,,1.5061639547348022,,
19,6109,,,1.2056899070739746,,
19,6111,,,1.602939486503601,,
19,6113,,,1.3952293395996094,,
19,6115,,,1.4098842144012451,,
19,6117,,,1.5105414390563965,,
19,6119,,,1.8480356931686401,,
19,6121,,,1.286818265914917,,
19,6123,,,1.3809293508529663,,
19,6125,,,1.3261351585388184,,
19,6127,,,1.375300407409668,,
19,6129,,,1.152816653251648,,
19,6131,,,1.4570059776306152,,
19,6133,,,1.7655251026153564,,
19,6135,,,1.4401005506515503,,
19,6137,,,1.179038643836975,,
19,6139,,,1.2607614994049072,,
19,6141,,,1.219192385673523,,
19,6143,,,1.2738896608352661,,
19,6145,,,1.450097918510437,,
19,6147,,,1.3713220357894897,,
19,6149,,,1.469539761543274,,
19,6151,,,1.340286135673523,,
19,6153,,,1.240468144416809,,
19,6155,,,1.6203951835632324,,
19,6157,,,1.402931571006775,,
19,6159,,,1.50352942943573,,
19,6161,,,1.3435345888137817,,
19,6163,,,1.3666417598724365,,
19,6165,,,1.5611865520477295,,
19,6167,,,1.2620409727096558,,
19,6169,,,1.1268837451934814,,
19,6171,,,1.4578031301498413,,
19,6173,,,1.4520844221115112,,
19,6175,,,1.2825032472610474,,
19,6177,,,1.2596467733383179,,
19,6179,,,1.2809927463531494,,
19,6181,,,1.3511228561401367,,
19,6183,,,1.3894538879394531,,
19,6185,,,1.2581156492233276,,
19,6187,,,1.6037814617156982,,
19,6189,,,1.2606379985809326,,
19,6191,,,1.2587250471115112,,
19,6193,,,1.4351404905319214,,
19,6195,,,1.397891879081726,,
19,6197,,,1.2376594543457031,,
19,6199,,,1.4738409519195557,,
19,6201,,,1.2208858728408813,,
19,6203,,,1.0615884065628052,,
19,6205,,,1.441365361213684,,
19,6207,,,1.5506547689437866,,
19,6209,,,1.1699283123016357,,
19,6211,,,1.3422045707702637,,
19,6213,,,1.2673978805541992,,
19,6215,,,1.1245158910751343,,
19,6217,,,1.439639925956726,,
19,6219,,,1.4744458198547363,,
19,6221,,,1.6417123079299927,,
19,6223,,,1.076750636100769,,
19,6225,,,1.289402961730957,,
19,6227,,,1.3084750175476074,,
19,6229,,,1.4313560724258423,,
19,6231,,,1.3719937801361084,,
19,6233,,,1.6702625751495361,,
19,6235,,,1.3409100770950317,,
19,6237,,,1.6047099828720093,,
19,6239,,,1.4209014177322388,,
19,6241,,,1.2794151306152344,,
19,6243,,,1.4007951021194458,,
19,6245,,,1.3298821449279785,,
19,6247,,,1.4870177507400513,,
19,6249,,,1.1855612993240356,,
19,6251,,,1.233913779258728,,
19,6253,,,1.4887595176696777,,
19,6255,,,1.9452458620071411,,
19,6257,,,1.2683004140853882,,
19,6259,,,1.1873507499694824,,
19,6259,,,,0.4403499960899353,38.927398681640625
20,6261,,,1.3436311483383179,,
20,6263,,,1.2455801963806152,,
20,6265,,,1.3824443817138672,,
20,6267,,,1.5161186456680298,,
20,6269,,,1.9407861232757568,,
20,6271,,,1.4378814697265625,,
20,6273,,,1.4930109977722168,,
20,6275,,,1.2966926097869873,,
20,6277,,,1.2054744958877563,,
20,6279,,,1.2916020154953003,,
20,6281,,,1.3480110168457031,,
20,6283,,,1.3523787260055542,,
20,6285,,,1.551724910736084,,
20,6287,,,1.780519962310791,,
20,6289,,,1.2973918914794922,,
20,6291,,,1.2348421812057495,,
20,6293,,,1.3818503618240356,,
20,6295,,,1.2061721086502075,,
20,6297,,,1.4747387170791626,,
20,6299,,,1.4438921213150024,,
20,6301,,,1.076678991317749,,
20,6303,,,1.2375054359436035,,
20,6305,,,1.130174160003662,,
20,6307,,,1.156691074371338,,
20,6309,,,1.2943720817565918,,
20,6311,,,1.061661958694458,,
20,6313,,,1.4120924472808838,,
20,6315,,,1.1605130434036255,,
20,6317,,,1.3712279796600342,,
20,6319,,,1.216576099395752,,
20,6321,,,1.1433422565460205,,
20,6323,,,1.430224061012268,,
20,6325,,,1.3358210325241089,,
20,6327,,,1.776114583015442,,
20,6329,,,1.1066622734069824,,
20,6331,,,1.7173957824707031,,
20,6333,,,1.5396692752838135,,
20,6335,,,1.2906320095062256,,
20,6337,,,1.087794542312622,,
20,6339,,,1.5744160413742065,,
20,6341,,,1.4146755933761597,,
20,6343,,,1.4047638177871704,,
20,6345,,,1.5101410150527954,,
20,6347,,,1.3126096725463867,,
20,6349,,,1.0888432264328003,,
20,6351,,,1.1477160453796387,,
20,6353,,,1.6390771865844727,,
20,6355,,,1.3361799716949463,,
20,6357,,,1.155165195465088,,
20,6359,,,1.56736159324646,,
20,6361,,,1.3154529333114624,,
20,6363,,,1.4138158559799194,,
20,6365,,,1.3422380685806274,,
20,6367,,,1.5969054698944092,,
20,6369,,,1.421176791191101,,
20,6371,,,1.2580045461654663,,
20,6373,,,1.3270363807678223,,
20,6375,,,1.356452226638794,,
20,6377,,,1.2726383209228516,,
20,6379,,,1.322534441947937,,
20,6381,,,1.224583625793457,,
20,6383,,,1.1021277904510498,,
20,6385,,,1.5324976444244385,,
20,6387,,,1.3548667430877686,,
20,6389,,,1.467566728591919,,
20,6391,,,1.3474847078323364,,
20,6393,,,1.0118401050567627,,
20,6395,,,1.4825690984725952,,
20,6397,,,1.376265287399292,,
20,6399,,,1.2848842144012451,,
20,6401,,,1.5867786407470703,,
20,6403,,,1.0776755809783936,,
20,6405,,,1.5214521884918213,,
20,6407,,,1.2186124324798584,,
20,6409,,,1.2497023344039917,,
20,6411,,,1.142615556716919,,
20,6413,,,1.2540099620819092,,
20,6415,,,1.2750729322433472,,
20,6417,,,1.5386842489242554,,
20,6419,,,1.4454668760299683,,
20,6421,,,1.4527766704559326,,
20,6423,,,1.5799332857131958,,
20,6425,,,1.249696969985962,,
20,6427,,,1.5268638134002686,,
20,6429,,,1.3024065494537354,,
20,6431,,,0.999214768409729,,
20,6433,,,1.2595386505126953,,
20,6435,,,1.2700141668319702,,
20,6437,,,1.3722172975540161,,
20,6439,,,1.4167368412017822,,
20,6441,,,1.2748085260391235,,
20,6443,,,1.2572675943374634,,
20,6445,,,1.0470291376113892,,
20,6447,,,1.3823235034942627,,
20,6449,,,1.1105849742889404,,
20,6451,,,1.6410061120986938,,
20,6453,,,1.2265329360961914,,
20,6455,,,1.3344519138336182,,
20,6457,,,1.2646839618682861,,
20,6459,,,1.2743834257125854,,
20,6461,,,1.379233717918396,,
20,6463,,,1.4359557628631592,,
20,6465,,,1.390309453010559,,
20,6467,,,1.3676584959030151,,
20,6469,,,1.5111651420593262,,
20,6471,,,1.2459884881973267,,
20,6473,,,1.5336389541625977,,
20,6475,,,1.3328180313110352,,
20,6477,,,1.453507900238037,,
20,6479,,,1.2048425674438477,,
20,6481,,,1.253656268119812,,
20,6483,,,1.3564562797546387,,
20,6485,,,1.3350576162338257,,
20,6487,,,1.2074105739593506,,
20,6489,,,1.2568788528442383,,
20,6491,,,1.4339680671691895,,
20,6493,,,1.3299384117126465,,
20,6495,,,1.9966461658477783,,
20,6497,,,1.1119331121444702,,
20,6499,,,1.3797943592071533,,
20,6501,,,1.5574647188186646,,
20,6503,,,1.44856595993042,,
20,6505,,,1.3976285457611084,,
20,6507,,,1.342900037765503,,
20,6509,,,1.4679971933364868,,
20,6511,,,1.4317723512649536,,
20,6513,,,1.3586033582687378,,
20,6515,,,1.4221926927566528,,
20,6517,,,1.183114767074585,,
20,6519,,,1.4106062650680542,,
20,6521,,,1.4062018394470215,,
20,6523,,,1.5623815059661865,,
20,6525,,,1.2597243785858154,,
20,6527,,,1.2113953828811646,,
20,6529,,,1.4442692995071411,,
20,6531,,,1.3199114799499512,,
20,6533,,,1.520663857460022,,
20,6535,,,1.4334847927093506,,
20,6537,,,1.3394848108291626,,
20,6539,,,1.753987431526184,,
20,6541,,,1.233750581741333,,
20,6543,,,1.128002405166626,,
20,6545,,,1.7812716960906982,,
20,6547,,,1.612409234046936,,
20,6549,,,1.4877318143844604,,
20,6551,,,1.3104538917541504,,
20,6553,,,1.3398778438568115,,
20,6555,,,1.2696374654769897,,
20,6557,,,1.1933475732803345,,
20,6559,,,1.2767691612243652,,
20,6561,,,1.135587453842163,,
20,6563,,,1.3664882183074951,,
20,6565,,,1.4013628959655762,,
20,6567,,,1.1519981622695923,,
20,6569,,,1.369732141494751,,
20,6571,,,1.3887122869491577,,
20,6572,,,,0.025750000029802322,51.86444091796875
21,6573,,,1.2492319345474243,,
21,6575,,,1.3322560787200928,,
21,6577,,,1.2102205753326416,,
21,6579,,,1.3276647329330444,,
21,6581,,,1.2870264053344727,,
21,6583,,,1.8515697717666626,,
21,6585,,,1.393774151802063,,
21,6587,,,1.4617764949798584,,
21,6589,,,1.3841023445129395,,
21,6591,,,1.5514096021652222,,
21,6593,,,1.3496861457824707,,
21,6595,,,1.221384048461914,,
21,6597,,,1.50753653049469,,
21,6599,,,1.698440670967102,,
21,6601,,,1.3841029405593872,,
21,6603,,,1.090512752532959,,
21,6605,,,1.4243959188461304,,
21,6607,,,1.1681407690048218,,
21,6609,,,1.3873813152313232,,
21,6611,,,1.1696500778198242,,
21,6613,,,1.3366503715515137,,
21,6615,,,1.1905547380447388,,
21,6617,,,0.9763888120651245,,
21,6619,,,1.3735215663909912,,
21,6621,,,1.032373309135437,,
21,6623,,,1.5159142017364502,,
21,6625,,,1.2570900917053223,,
21,6627,,,1.1959730386734009,,
21,6629,,,1.1791446208953857,,
21,6631,,,1.3608226776123047,,
21,6633,,,1.4074981212615967,,
21,6635,,,1.094679355621338,,
21,6637,,,1.353476643562317,,
21,6639,,,1.5471779108047485,,
21,6641,,,1.3725512027740479,,
21,6643,,,1.418617606163025,,
21,6645,,,1.4090681076049805,,
21,6647,,,1.126466155052185,,
21,6649,,,1.4353562593460083,,
21,6651,,,1.3316619396209717,,
21,6653,,,1.4349501132965088,,
21,6655,,,1.3335927724838257,,
21,6657,,,1.6290758848190308,,
21,6659,,,1.323238730430603,,
21,6661,,,1.3664785623550415,,
21,6663,,,1.1877022981643677,,
21,6665,,,1.3818997144699097,,
21,6667,,,1.266417145729065,,
21,6669,,,1.4479396343231201,,
21,6671,,,1.5538604259490967,,
21,6673,,,1.0401376485824585,,
21,6675,,,1.2876678705215454,,
21,6677,,,1.3559651374816895,,
21,6679,,,1.2081698179244995,,
21,6681,,,1.4218388795852661,,
21,6683,,,1.3201148509979248,,
21,6685,,,1.4641362428665161,,
21,6687,,,1.5643850564956665,,
21,6689,,,1.5539501905441284,,
21,6691,,,1.3897349834442139,,
21,6693,,,1.4347180128097534,,
21,6695,,,1.107338786125183,,
21,6697,,,1.2592086791992188,,
21,6699,,,1.5910134315490723,,
21,6701,,,1.2996547222137451,,
21,6703,,,1.1616896390914917,,
21,6705,,,2.2841789722442627,,
21,6707,,,1.16769278049469,,
21,6709,,,1.4464277029037476,,
21,6711,,,1.329003095626831,,
21,6713,,,1.1926828622817993,,
21,6715,,,1.1623623371124268,,
21,6717,,,1.291740894317627,,
21,6719,,,1.1423063278198242,,
21,6721,,,1.302178978919983,,
21,6723,,,1.2620995044708252,,
21,6725,,,1.34292733669281,,
21,6727,,,1.344179630279541,,
21,6729,,,1.4315121173858643,,
21,6731,,,1.2972134351730347,,
21,6733,,,1.4736064672470093,,
21,6735,,,1.0787973403930664,,
21,6737,,,1.5329463481903076,,
21,6739,,,1.3550541400909424,,
21,6741,,,1.3917933702468872,,
21,6743,,,1.495888113975525,,
21,6745,,,1.9175058603286743,,
21,6747,,,1.31954824924469,,
21,6749,,,1.3309814929962158,,
21,6751,,,1.3085803985595703,,
21,6753,,,1.42299485206604,,
21,6755,,,1.1791821718215942,,
21,6757,,,1.4409548044204712,,
21,6759,,,1.8567073345184326,,
21,6761,,,1.4507970809936523,,
21,6763,,,1.3184973001480103,,
21,6765,,,1.261243224143982,,
21,6767,,,1.2067151069641113,,
21,6769,,,1.295133113861084,,
21,6771,,,1.3997825384140015,,
21,6773,,,1.341336727142334,,
21,6775,,,1.5211296081542969,,
21,6777,,,1.2948040962219238,,
21,6779,,,1.2949334383010864,,
21,6781,,,1.676950216293335,,
21,6783,,,1.458486795425415,,
21,6785,,,1.3571393489837646,,
21,6787,,,1.3609577417373657,,
21,6789,,,1.2998243570327759,,
21,6791,,,1.5621052980422974,,
21,6793,,,1.2373714447021484,,
21,6795,,,1.0992194414138794,,
21,6797,,,1.526770830154419,,
21,6799,,,1.368270754814148,,
21,6801,,,1.2521729469299316,,
21,6803,,,1.2424362897872925,,
21,6805,,,1.3044570684432983,,
21,6807,,,1.334826111793518,,
21,6809,,,1.376194715499878,,
21,6811,,,1.2071856260299683,,
21,6813,,,1.5834226608276367,,
21,6815,,,1.262919545173645,,
21,6817,,,1.3338950872421265,,
21,6819,,,1.4178632497787476,,
21,6821,,,1.4302759170532227,,
21,6823,,,1.2165014743804932,,
21,6825,,,1.4013149738311768,,
21,6827,,,1.271898865699768,,
21,6829,,,1.0906426906585693,,
21,6831,,,1.4474971294403076,,
21,6833,,,1.704901933670044,,
21,6835,,,1.2866616249084473,,
21,6837,,,1.3220829963684082,,
21,6839,,,1.2713418006896973,,
21,6841,,,1.1323133707046509,,
21,6843,,,1.5482202768325806,,
21,6845,,,1.469938039779663,,
21,6847,,,1.7408711910247803,,
21,6849,,,1.1113353967666626,,
21,6851,,,1.2857519388198853,,
21,6853,,,1.3629934787750244,,
21,6855,,,1.4429601430892944,,
21,6857,,,1.4198230504989624,,
21,6859,,,1.5829401016235352,,
21,6861,,,1.2998842000961304,,
21,6863,,,1.6271871328353882,,
21,6865,,,1.4178060293197632,,
21,6867,,,1.2596633434295654,,
21,6869,,,1.403298020362854,,
21,6871,,,1.3306310176849365,,
21,6873,,,1.444117784500122,,
21,6875,,,1.2090412378311157,,
21,6877,,,1.198689579963684,,
21,6879,,,1.483339786529541,,
21,6881,,,1.7885777950286865,,
21,6883,,,1.2728421688079834,,
21,6885,,,1.308209776878357,,
21,6885,,,,0.011950000189244747,129.11904907226562
22,6887,,,1.266236662864685,,
22,6889,,,1.2642308473587036,,
22,6891,,,1.3341197967529297,,
22,6893,,,1.4661659002304077,,
22,6895,,,1.8289024829864502,,
22,6897,,,1.4224003553390503,,
22,6899,,,1.4551359415054321,,
22,6901,,,1.3258984088897705,,
22,6903,,,1.1922448873519897,,
22,6905,,,1.2845995426177979,,
22,6907,,,1.3413182497024536,,
22,6909,,,1.3465701341629028,,
22,6911,,,1.6513186693191528,,
22,6913,,,1.804723858833313,,
22,6915,,,1.2718696594238281,,
22,6917,,,1.242067813873291,,
22,6919,,,1.4257996082305908,,
22,6921,,,1.221260666847229,,
22,6923,,,1.4682836532592773,,
22,6925,,,1.4195102453231812,,
22,6927,,,1.0658670663833618,,
22,6929,,,1.247243881225586,,
22,6931,,,1.0902787446975708,,
22,6933,,,1.1098146438598633,,
22,6935,,,1.2226338386535645,,
22,6937,,,1.1114572286605835,,
22,6939,,,1.3864178657531738,,
22,6941,,,1.1687366962432861,,
22,6943,,,1.3523437976837158,,
22,6945,,,1.2328248023986816,,
22,6947,,,1.184905767440796,,
22,6949,,,1.3676457405090332,,
22,6951,,,1.3628627061843872,,
22,6953,,,1.6033363342285156,,
22,6955,,,1.0833395719528198,,
22,6957,,,1.6375255584716797,,
22,6959,,,1.523071050643921,,
22,6961,,,1.2798672914505005,,
22,6963,,,1.059601902961731,,
22,6965,,,1.5593878030776978,,
22,6967,,,1.427923321723938,,
22,6969,,,1.4551904201507568,,
22,6971,,,1.5880643129348755,,
22,6973,,,1.3246066570281982,,
22,6975,,,1.1250544786453247,,
22,6977,,,1.1540073156356812,,
22,6979,,,1.4953410625457764,,
22,6981,,,1.3731484413146973,,
22,6983,,,1.1495935916900635,,
22,6985,,,1.5244554281234741,,
22,6987,,,1.3336981534957886,,
22,6989,,,1.4056123495101929,,
22,6991,,,1.3441673517227173,,
22,6993,,,1.457490086555481,,
22,6995,,,1.4057565927505493,,
22,6997,,,1.2511298656463623,,
22,6999,,,1.2195566892623901,,
22,7001,,,1.3184036016464233,,
22,7003,,,1.304178237915039,,
22,7005,,,1.300081729888916,,
22,7007,,,1.2013356685638428,,
22,7009,,,1.1120123863220215,,
22,7011,,,1.4107190370559692,,
22,7013,,,1.3187705278396606,,
22,7015,,,1.4746562242507935,,
22,7017,,,1.3393263816833496,,
22,7019,,,0.9450726509094238,,
22,7021,,,1.4504750967025757,,
22,7023,,,1.3770992755889893,,
22,7025,,,1.2768932580947876,,
22,7027,,,1.5832273960113525,,
22,7029,,,1.0272209644317627,,
22,7031,,,1.5024584531784058,,
22,7033,,,1.2060619592666626,,
22,7035,,,1.3094209432601929,,
22,7037,,,1.1251705884933472,,
22,7039,,,1.2676782608032227,,
22,7041,,,1.2108840942382812,,
22,7043,,,1.5319297313690186,,
22,7045,,,1.4982588291168213,,
22,7047,,,1.3254636526107788,,
22,7049,,,1.5759682655334473,,
22,7051,,,1.2508488893508911,,
22,7053,,,1.4963340759277344,,
22,7055,,,1.2942091226577759,,
22,7057,,,1.0078595876693726,,
22,7059,,,1.2313634157180786,,
22,7061,,,1.2583963871002197,,
22,7063,,,1.3507866859436035,,
22,7065,,,1.3930078744888306,,
22,7067,,,1.270837664604187,,
22,7069,,,1.261391282081604,,
22,7071,,,1.0908654928207397,,
22,7073,,,1.2832001447677612,,
22,7075,,,1.1271253824234009,,
22,7077,,,1.3603014945983887,,
22,7079,,,1.1942185163497925,,
22,7081,,,1.3365881443023682,,
22,7083,,,1.2404911518096924,,
22,7085,,,1.2900091409683228,,
22,7087,,,1.374851942062378,,
22,7089,,,1.3575971126556396,,
22,7091,,,1.3515057563781738,,
22,7093,,,1.345036506652832,,
22,7095,,,1.4545246362686157,,
22,7097,,,1.227502703666687,,
22,7099,,,1.469251036643982,,
22,7101,,,1.341915488243103,,
22,7103,,,1.3935658931732178,,
22,7105,,,1.1890286207199097,,
22,7107,,,1.190244197845459,,
22,7109,,,1.3263388872146606,,
22,7111,,,1.2810887098312378,,
22,7113,,,1.1446559429168701,,
22,7115,,,1.2815916538238525,,
22,7117,,,1.481458306312561,,
22,7119,,,1.2803916931152344,,
22,7121,,,1.993314504623413,,
22,7123,,,1.1065162420272827,,
22,7125,,,1.3921558856964111,,
22,7127,,,1.6113910675048828,,
22,7129,,,1.3597322702407837,,
22,7131,,,1.34797203540802,,
22,7133,,,1.3099379539489746,,
22,7135,,,1.4391100406646729,,
22,7137,,,1.4412161111831665,,
22,7139,,,1.3546897172927856,,
22,7141,,,1.4193159341812134,,
22,7143,,,1.1936252117156982,,
22,7145,,,1.3606417179107666,,
22,7147,,,1.3641282320022583,,
22,7149,,,1.6193970441818237,,
22,7151,,,1.2484031915664673,,
22,7153,,,1.2822186946868896,,
22,7155,,,1.4644496440887451,,
22,7157,,,1.3217320442199707,,
22,7159,,,1.3993902206420898,,
22,7161,,,1.4627524614334106,,
22,7163,,,1.3893157243728638,,
22,7165,,,1.9068106412887573,,
22,7167,,,1.2290295362472534,,
22,7169,,,1.1089494228363037,,
22,7171,,,1.7076364755630493,,
22,7173,,,1.4086532592773438,,
22,7175,,,1.501333475112915,,
22,7177,,,1.2857743501663208,,
22,7179,,,1.2403066158294678,,
22,7181,,,1.303795337677002,,
22,7183,,,1.1659178733825684,,
22,7185,,,1.2569941282272339,,
22,7187,,,1.1358532905578613,,
22,7189,,,1.3571165800094604,,
22,7191,,,1.4014861583709717,,
22,7193,,,1.183385968208313,,
22,7195,,,1.3297520875930786,,
22,7197,,,1.3964382410049438,,
22,7198,,,,0.1907999962568283,141.8793487548828
23,7199,,,1.2276904582977295,,
23,7201,,,1.3054343461990356,,
23,7203,,,1.2032666206359863,,
23,7205,,,1.3251804113388062,,
23,7207,,,1.2805172204971313,,
23,7209,,,1.733851432800293,,
23,7211,,,1.3365755081176758,,
23,7213,,,1.4836879968643188,,
23,7215,,,1.4122377634048462,,
23,7217,,,1.4164738655090332,,
23,7219,,,1.3370829820632935,,
23,7221,,,1.2238913774490356,,
23,7223,,,1.5216513872146606,,
23,7225,,,1.6408493518829346,,
23,7227,,,1.333627462387085,,
23,7229,,,1.1174981594085693,,
23,7231,,,1.4232971668243408,,
23,7233,,,1.1936262845993042,,
23,7235,,,1.3784810304641724,,
23,7237,,,1.1471352577209473,,
23,7239,,,1.2639611959457397,,
23,7241,,,1.2110381126403809,,
23,7243,,,0.9246107935905457,,
23,7245,,,1.320656657218933,,
23,7247,,,1.1200158596038818,,
23,7249,,,1.5122010707855225,,
23,7251,,,1.3028700351715088,,
23,7253,,,1.1905546188354492,,
23,7255,,,1.1646740436553955,,
23,7257,,,1.375187635421753,,
23,7259,,,1.4278719425201416,,
23,7261,,,1.13392174243927,,
23,7263,,,1.3229739665985107,,
23,7265,,,1.50425386428833,,
23,7267,,,1.3615056276321411,,
23,7269,,,1.3594684600830078,,
23,7271,,,1.3874261379241943,,
23,7273,,,1.2322546243667603,,
23,7275,,,1.484701156616211,,
23,7277,,,1.3439266681671143,,
23,7279,,,1.4585036039352417,,
23,7281,,,1.2926051616668701,,
23,7283,,,1.8261055946350098,,
23,7285,,,1.3648264408111572,,
23,7287,,,1.3179606199264526,,
23,7289,,,1.20322847366333,,
23,7291,,,1.3766989707946777,,
23,7293,,,1.2441072463989258,,
23,7295,,,1.434862494468689,,
23,7297,,,1.6542619466781616,,
23,7299,,,1.0247331857681274,,
23,7301,,,1.2429064512252808,,
23,7303,,,1.3951600790023804,,
23,7305,,,1.225213646888733,,
23,7307,,,1.4541261196136475,,
23,7309,,,1.318257451057434,,
23,7311,,,1.3995797634124756,,
23,7313,,,1.526518702507019,,
23,7315,,,1.5231529474258423,,
23,7317,,,1.4016096591949463,,
23,7319,,,1.4682735204696655,,
23,7321,,,1.1319708824157715,,
23,7323,,,1.2099499702453613,,
23,7325,,,1.5733915567398071,,
23,7327,,,1.2778867483139038,,
23,7329,,,1.1935383081436157,,
23,7331,,,2.2037417888641357,,
23,7333,,,1.1714670658111572,,
23,7335,,,1.4011896848678589,,
23,7337,,,1.2564398050308228,,
23,7339,,,1.1043957471847534,,
23,7341,,,1.1545535326004028,,
23,7343,,,1.2556138038635254,,
23,7345,,,1.1565414667129517,,
23,7347,,,1.3360551595687866,,
23,7349,,,1.2549552917480469,,
23,7351,,,1.3263052701950073,,
23,7353,,,1.3536056280136108,,
23,7355,,,1.4438438415527344,,
23,7357,,,1.2828125953674316,,
23,7359,,,1.4428484439849854,,
23,7361,,,1.1440502405166626,,
23,7363,,,1.5789672136306763,,
23,7365,,,1.3392404317855835,,
23,7367,,,1.3593744039535522,,
23,7369,,,1.4484668970108032,,
23,7371,,,1.8378961086273193,,
23,7373,,,1.2617847919464111,,
23,7375,,,1.3620784282684326,,
23,7377,,,1.202176809310913,,
23,7379,,,1.3999669551849365,,
23,7381,,,1.222603440284729,,
23,7383,,,1.401599645614624,,
23,7385,,,1.7407102584838867,,
23,7387,,,1.3784805536270142,,
23,7389,,,1.2355574369430542,,
23,7391,,,1.2385519742965698,,
23,7393,,,1.1757503747940063,,
23,7395,,,1.2924305200576782,,
23,7397,,,1.3362573385238647,,
23,7399,,,1.3574614524841309,,
23,7401,,,1.4933805465698242,,
23,7403,,,1.2901214361190796,,
23,7405,,,1.396925687789917,,
23,7407,,,1.6766843795776367,,
23,7409,,,1.4569592475891113,,
23,7411,,,1.4615631103515625,,
23,7413,,,1.3378185033798218,,
23,7415,,,1.3207956552505493,,
23,7417,,,1.559659481048584,,
23,7419,,,1.203227162361145,,
23,7421,,,1.061295509338379,,
23,7423,,,1.5503177642822266,,
23,7425,,,1.4008548259735107,,
23,7427,,,1.273391604423523,,
23,7429,,,1.2514748573303223,,
23,7431,,,1.382050633430481,,
23,7433,,,1.3113117218017578,,
23,7435,,,1.331668734550476,,
23,7437,,,1.2059992551803589,,
23,7439,,,1.57086980342865,,
23,7441,,,1.2477267980575562,,
23,7443,,,1.2723493576049805,,
23,7445,,,1.3835227489471436,,
23,7447,,,1.400645136833191,,
23,7449,,,1.2116302251815796,,
23,7451,,,1.4279674291610718,,
23,7453,,,1.1627447605133057,,
23,7455,,,1.015917181968689,,
23,7457,,,1.4101898670196533,,
23,7459,,,1.5541067123413086,,
23,7461,,,1.1544712781906128,,
23,7463,,,1.3103153705596924,,
23,7465,,,1.294806957244873,,
23,7467,,,1.097151756286621,,
23,7469,,,1.2833672761917114,,
23,7471,,,1.454894781112671,,
23,7473,,,1.6779762506484985,,
23,7475,,,1.0902128219604492,,
23,7477,,,1.2369365692138672,,
23,7479,,,1.2994542121887207,,
23,7481,,,1.4346880912780762,,
23,7483,,,1.4157640933990479,,
23,7485,,,1.5920007228851318,,
23,7487,,,1.3086369037628174,,
23,7489,,,1.5918468236923218,,
23,7491,,,1.3930127620697021,,
23,7493,,,1.265620231628418,,
23,7495,,,1.3274973630905151,,
23,7497,,,1.2909247875213623,,
23,7499,,,1.3162192106246948,,
23,7501,,,1.1799582242965698,,
23,7503,,,1.205060601234436,,
23,7505,,,1.4531707763671875,,
23,7507,,,1.8047749996185303,,
23,7509,,,1.2452664375305176,,
23,7511,,,1.2536065578460693,,
23,7511,,,,0.1907999962568283,59.5440559387207
24,7513,,,1.2445021867752075,,
24,7515,,,1.2527379989624023,,
24,7517,,,1.309020757675171,,
24,7519,,,1.4309240579605103,,
24,7521,,,1.8042359352111816,,
24,7523,,,1.3798619508743286,,
24,7525,,,1.4548723697662354,,
24,7527,,,1.2880016565322876,,
24,7529,,,1.1450811624526978,,
24,7531,,,1.2836745977401733,,
24,7533,,,1.422290325164795,,
24,7535,,,1.3072189092636108,,
24,7537,,,1.6060364246368408,,
24,7539,,,1.6760855913162231,,
24,7541,,,1.2784254550933838,,
24,7543,,,1.2820463180541992,,
24,7545,,,1.3516844511032104,,
24,7547,,,1.1955556869506836,,
24,7549,,,1.4910039901733398,,
24,7551,,,1.4262027740478516,,
24,7553,,,1.023628830909729,,
24,7555,,,1.1912559270858765,,
24,7557,,,1.0934330224990845,,
24,7559,,,1.0762860774993896,,
24,7561,,,1.2047264575958252,,
24,7563,,,1.0807777643203735,,
24,7565,,,1.4489085674285889,,
24,7567,,,1.1937756538391113,,
24,7569,,,1.299404263496399,,
24,7571,,,1.266304612159729,,
24,7573,,,1.1461145877838135,,
24,7575,,,1.4766225814819336,,
24,7577,,,1.3220499753952026,,
24,7579,,,1.660984754562378,,
24,7581,,,1.0608100891113281,,
24,7583,,,1.6750043630599976,,
24,7585,,,1.4796664714813232,,
24,7587,,,1.2963443994522095,,
24,7589,,,1.0178698301315308,,
24,7591,,,1.5634126663208008,,
24,7593,,,1.3901317119598389,,
24,7595,,,1.4507125616073608,,
24,7597,,,1.5181809663772583,,
24,7599,,,1.3163999319076538,,
24,7601,,,1.1142979860305786,,
24,7603,,,1.1328047513961792,,
24,7605,,,1.7847501039505005,,
24,7607,,,1.3165374994277954,,
24,7609,,,1.167826771736145,,
24,7611,,,1.4524585008621216,,
24,7613,,,1.2630575895309448,,
24,7615,,,1.4495108127593994,,
24,7617,,,1.4254893064498901,,
24,7619,,,1.5546408891677856,,
24,7621,,,1.4354777336120605,,
24,7623,,,1.2591792345046997,,
24,7625,,,1.3090615272521973,,
24,7627,,,1.3169505596160889,,
24,7629,,,1.2985748052597046,,
24,7631,,,1.277505874633789,,
24,7633,,,1.1910905838012695,,
24,7635,,,1.0079985857009888,,
24,7637,,,1.447466492652893,,
24,7639,,,1.2927560806274414,,
24,7641,,,1.5436779260635376,,
24,7643,,,1.3589805364608765,,
24,7645,,,1.055332064628601,,
24,7647,,,1.4031916856765747,,
24,7649,,,1.412438988685608,,
24,7651,,,1.2557404041290283,,
24,7653,,,1.6086061000823975,,
24,7655,,,1.0656747817993164,,
24,7657,,,1.4364674091339111,,
24,7659,,,1.2148191928863525,,
24,7661,,,1.2613385915756226,,
24,7663,,,1.1504396200180054,,
24,7665,,,1.2765295505523682,,
24,7667,,,1.2211620807647705,,
24,7669,,,1.5588064193725586,,
24,7671,,,1.497239589691162,,
24,7673,,,1.3921160697937012,,
24,7675,,,1.4316259622573853,,
24,7677,,,1.2529213428497314,,
24,7679,,,1.4906556606292725,,
24,7681,,,1.2663865089416504,,
24,7683,,,0.9708372950553894,,
24,7685,,,1.251675009727478,,
24,7687,,,1.2839471101760864,,
24,7689,,,1.3815197944641113,,
24,7691,,,1.4157204627990723,,
24,7693,,,1.2017523050308228,,
24,7695,,,1.261829137802124,,
24,7697,,,1.115671157836914,,
24,7699,,,1.277812123298645,,
24,7701,,,1.0977709293365479,,
24,7703,,,1.5673303604125977,,
24,7705,,,1.1455186605453491,,
24,7707,,,1.3129067420959473,,
24,7709,,,1.3211911916732788,,
24,7711,,,1.2631853818893433,,
24,7713,,,1.4181665182113647,,
24,7715,,,1.43954336643219,,
24,7717,,,1.2907791137695312,,
24,7719,,,1.3375835418701172,,
24,7721,,,1.4895739555358887,,
24,7723,,,1.2276239395141602,,
24,7725,,,1.4845043420791626,,
24,7727,,,1.3305665254592896,,
24,7729,,,1.4411190748214722,,
24,7731,,,1.2422494888305664,,
24,7733,,,1.306000828742981,,
24,7735,,,1.3470871448516846,,
24,7737,,,1.3249468803405762,,
24,7739,,,1.178548812866211,,
24,7741,,,1.208579659461975,,
24,7743,,,1.362546682357788,,
24,7745,,,1.2851786613464355,,
24,7747,,,1.9544144868850708,,
24,7749,,,1.1238142251968384,,
24,7751,,,1.4063527584075928,,
24,7753,,,1.511030673980713,,
24,7755,,,1.343307375907898,,
24,7757,,,1.3714967966079712,,
24,7759,,,1.3561230897903442,,
24,7761,,,1.4051676988601685,,
24,7763,,,1.441115140914917,,
24,7765,,,1.382651448249817,,
24,7767,,,1.4176517724990845,,
24,7769,,,1.1311250925064087,,
24,7771,,,1.3813258409500122,,
24,7773,,,1.333212971687317,,
24,7775,,,1.5270957946777344,,
24,7777,,,1.2509429454803467,,
24,7779,,,1.15597665309906,,
24,7781,,,1.473219633102417,,
24,7783,,,1.3828526735305786,,
24,7785,,,1.3226503133773804,,
24,7787,,,1.4828920364379883,,
24,7789,,,1.3340485095977783,,
24,7791,,,1.9397623538970947,,
24,7793,,,1.2298098802566528,,
24,7795,,,1.1171960830688477,,
24,7797,,,1.7421234846115112,,
24,7799,,,1.517924189567566,,
24,7801,,,1.46138596534729,,
24,7803,,,1.2414159774780273,,
24,7805,,,1.2777663469314575,,
24,7807,,,1.1687498092651367,,
24,7809,,,1.1870211362838745,,
24,7811,,,1.234958291053772,,
24,7813,,,1.1485679149627686,,
24,7815,,,1.362380027770996,,
24,7817,,,1.4178876876831055,,
24,7819,,,1.1544649600982666,,
24,7821,,,1.3141231536865234,,
24,7823,,,1.3965554237365723,,
24,7824,,,,0.46549999713897705,138.0524444580078
25,7825,,,1.2105190753936768,,
25,7827,,,1.29971444606781,,
25,7829,,,1.1349279880523682,,
25,7831,,,1.3282809257507324,,
25,7833,,,1.2247716188430786,,
25,7835,,,1.6886519193649292,,
25,7837,,,1.3021955490112305,,
25,7839,,,1.4437683820724487,,
25,7841,,,1.3312536478042603,,
25,7843,,,1.5707799196243286,,
25,7845,,,1.3625959157943726,,
25,7847,,,1.1820474863052368,,
25,7849,,,1.4382234811782837,,
25,7851,,,1.6391712427139282,,
25,7853,,,1.3966541290283203,,
25,7855,,,1.0048357248306274,,
25,7857,,,1.278062105178833,,
25,7859,,,1.1483917236328125,,
25,7861,,,1.3807381391525269,,
25,7863,,,1.1094571352005005,,
25,7865,,,1.271631121635437,,
25,7867,,,1.1973693370819092,,
25,7869,,,0.9122002720832825,,
25,7871,,,1.3299915790557861,,
25,7873,,,1.0020581483840942,,
25,7875,,,1.4404569864273071,,
25,7877,,,1.351318359375,,
25,7879,,,1.1838805675506592,,
25,7881,,,1.108373999595642,,
25,7883,,,1.3242233991622925,,
25,7885,,,1.371724247932434,,
25,7887,,,1.1157824993133545,,
25,7889,,,1.3357704877853394,,
25,7891,,,1.4908760786056519,,
25,7893,,,1.3322714567184448,,
25,7895,,,1.344919204711914,,
25,7897,,,1.3436167240142822,,
25,7899,,,1.157095193862915,,
25,7901,,,1.435822606086731,,
25,7903,,,1.3889086246490479,,
25,7905,,,1.5277384519577026,,
25,7907,,,1.301538109779358,,
25,7909,,,1.6448744535446167,,
25,7911,,,1.3638743162155151,,
25,7913,,,1.3436743021011353,,
25,7915,,,1.1823210716247559,,
25,7917,,,1.3300954103469849,,
25,7919,,,1.2141313552856445,,
25,7921,,,1.4310052394866943,,
25,7923,,,1.6668585538864136,,
25,7925,,,1.0676344633102417,,
25,7927,,,1.2163194417953491,,
25,7929,,,1.35855233669281,,
25,7931,,,1.2318572998046875,,
25,7933,,,1.3948129415512085,,
25,7935,,,1.3836863040924072,,
25,7937,,,1.4679807424545288,,
25,7939,,,1.4903563261032104,,
25,7941,,,1.5010879039764404,,
25,7943,,,1.3663781881332397,,
25,7945,,,1.3052397966384888,,
25,7947,,,1.1083520650863647,,
25,7949,,,1.1728780269622803,,
25,7951,,,1.5583068132400513,,
25,7953,,,1.2669209241867065,,
25,7955,,,1.2344087362289429,,
25,7957,,,2.258249044418335,,
25,7959,,,1.1708168983459473,,
25,7961,,,1.4545308351516724,,
25,7963,,,1.4702796936035156,,
25,7965,,,1.1508456468582153,,
25,7967,,,1.146129846572876,,
25,7969,,,1.2539385557174683,,
25,7971,,,1.1658633947372437,,
25,7973,,,1.3305904865264893,,
25,7975,,,1.2625281810760498,,
25,7977,,,1.3114508390426636,,
25,7979,,,1.2384893894195557,,
25,7981,,,1.5175790786743164,,
25,7983,,,1.291367530822754,,
25,7985,,,1.3500815629959106,,
25,7987,,,1.1483447551727295,,
25,7989,,,1.630581021308899,,
25,7991,,,1.2883309125900269,,
25,7993,,,1.4133380651474,,
25,7995,,,1.4844077825546265,,
25,7997,,,1.7607393264770508,,
25,7999,,,1.2708793878555298,,
25,8001,,,1.3001718521118164,,
25,8003,,,1.2149196863174438,,
25,8005,,,1.3734811544418335,,
25,8007,,,1.1866127252578735,,
25,8009,,,1.5127815008163452,,
25,8011,,,1.6926921606063843,,
25,8013,,,1.4096063375473022,,
25,8015,,,1.2367982864379883,,
25,8017,,,1.239454984664917,,
25,8019,,,1.173150658607483,,
25,8021,,,1.242224931716919,,
25,8023,,,1.3386272192001343,,
25,8025,,,1.3318051099777222,,
25,8027,,,1.455223560333252,,
25,8029,,,1.2737098932266235,,
25,8031,,,1.2467199563980103,,
25,8033,,,1.4591736793518066,,
25,8035,,,1.3997979164123535,,
25,8037,,,1.40364670753479,,
25,8039,,,1.3554288148880005,,
25,8041,,,1.2999985218048096,,
25,8043,,,1.5357807874679565,,
25,8045,,,1.2179851531982422,,
25,8047,,,1.0278193950653076,,
25,8049,,,1.5229154825210571,,
25,8051,,,1.361838698387146,,
25,8053,,,1.2367922067642212,,
25,8055,,,1.207118272781372,,
25,8057,,,1.242819905281067,,
25,8059,,,1.302658200263977,,
25,8061,,,1.3282899856567383,,
25,8063,,,1.1891059875488281,,
25,8065,,,1.6204382181167603,,
25,8067,,,1.2541650533676147,,
25,8069,,,1.2895774841308594,,
25,8071,,,1.392985224723816,,
25,8073,,,1.4124394655227661,,
25,8075,,,1.2117701768875122,,
25,8077,,,1.447618842124939,,
25,8079,,,1.1804580688476562,,
25,8081,,,1.0023339986801147,,
25,8083,,,1.3852169513702393,,
25,8085,,,1.6377543210983276,,
25,8087,,,1.2077364921569824,,
25,8089,,,1.2946823835372925,,
25,8091,,,1.191833257675171,,
25,8093,,,1.1234829425811768,,
25,8095,,,1.2061938047409058,,
25,8097,,,1.4577046632766724,,
25,8099,,,1.6413646936416626,,
25,8101,,,1.1156071424484253,,
25,8103,,,1.2257375717163086,,
25,8105,,,1.407074213027954,,
25,8107,,,1.422611117362976,,
25,8109,,,1.3325132131576538,,
25,8111,,,1.6080728769302368,,
25,8113,,,1.3015216588974,,
25,8115,,,1.5712968111038208,,
25,8117,,,1.3926504850387573,,
25,8119,,,1.2904168367385864,,
25,8121,,,1.4350244998931885,,
25,8123,,,1.2892210483551025,,
25,8125,,,1.3993332386016846,,
25,8127,,,1.142447829246521,,
25,8129,,,1.187318205833435,,
25,8131,,,1.4365264177322388,,
25,8133,,,1.685377836227417,,
25,8135,,,1.32534658908844,,
25,8137,,,1.2177612781524658,,
25,8137,,,,0.07154999673366547,110.18714904785156
26,8139,,,1.2622591257095337,,
26,8141,,,1.2212084531784058,,
26,8143,,,1.365930199623108,,
26,8145,,,1.433361530303955,,
26,8147,,,1.7784132957458496,,
26,8149,,,1.4056978225708008,,
26,8151,,,1.4912240505218506,,
26,8153,,,1.3197051286697388,,
26,8155,,,1.1746189594268799,,
26,8157,,,1.2678009271621704,,
26,8159,,,1.4239729642868042,,
26,8161,,,1.2642171382904053,,
26,8163,,,1.5793423652648926,,
26,8165,,,1.7281372547149658,,
26,8167,,,1.1489320993423462,,
26,8169,,,1.2908273935317993,,
26,8171,,,1.317081332206726,,
26,8173,,,1.1823793649673462,,
26,8175,,,1.4352346658706665,,
26,8177,,,1.5247797966003418,,
26,8179,,,1.0576798915863037,,
26,8181,,,1.2117578983306885,,
26,8183,,,1.067325472831726,,
26,8185,,,1.1281105279922485,,
26,8187,,,1.2801933288574219,,
26,8189,,,1.0355334281921387,,
26,8191,,,1.3671718835830688,,
26,8193,,,1.1653097867965698,,
26,8195,,,1.2906203269958496,,
26,8197,,,1.224491000175476,,
26,8199,,,1.117496132850647,,
26,8201,,,1.4072620868682861,,
26,8203,,,1.3168946504592896,,
26,8205,,,1.6348849534988403,,
26,8207,,,1.0753602981567383,,
26,8209,,,1.7026009559631348,,
26,8211,,,1.4849483966827393,,
26,8213,,,1.2532955408096313,,
26,8215,,,1.115047812461853,,
26,8217,,,1.578504204750061,,
26,8219,,,1.4266692399978638,,
26,8221,,,1.4376039505004883,,
26,8223,,,1.4714791774749756,,
26,8225,,,1.301504135131836,,
26,8227,,,1.112627625465393,,
26,8229,,,1.1163870096206665,,
26,8231,,,1.7337552309036255,,
26,8233,,,1.3307238817214966,,
26,8235,,,1.1234451532363892,,
26,8237,,,1.3537999391555786,,
26,8239,,,1.307914137840271,,
26,8241,,,1.4233860969543457,,
26,8243,,,1.286521553993225,,
26,8245,,,1.4719184637069702,,
26,8247,,,1.4128528833389282,,
26,8249,,,1.2577693462371826,,
26,8251,,,1.297654628753662,,
26,8253,,,1.317239761352539,,
26,8255,,,1.275697946548462,,
26,8257,,,1.21641206741333,,
26,8259,,,1.1632198095321655,,
26,8261,,,1.2388627529144287,,
26,8263,,,1.4892441034317017,,
26,8265,,,1.2423105239868164,,
26,8267,,,1.4110188484191895,,
26,8269,,,1.394619107246399,,
26,8271,,,0.9435948729515076,,
26,8273,,,1.5282196998596191,,
26,8275,,,1.362951636314392,,
26,8277,,,1.2766549587249756,,
26,8279,,,1.5685077905654907,,
26,8281,,,1.0241036415100098,,
26,8283,,,1.424301028251648,,
26,8285,,,1.2066001892089844,,
26,8287,,,1.288548231124878,,
26,8289,,,1.130022406578064,,
26,8291,,,1.3514753580093384,,
26,8293,,,1.2457475662231445,,
26,8295,,,1.4688392877578735,,
26,8297,,,1.4500253200531006,,
26,8299,,,1.3395177125930786,,
26,8301,,,1.4598969221115112,,
26,8303,,,1.2313436269760132,,
26,8305,,,1.4658111333847046,,
26,8307,,,1.299896478652954,,
26,8309,,,0.9759074449539185,,
26,8311,,,1.2558889389038086,,
26,8313,,,1.2539533376693726,,
26,8315,,,1.3445711135864258,,
26,8317,,,1.4505831003189087,,
26,8319,,,1.2956757545471191,,
26,8321,,,1.251583218574524,,
26,8323,,,1.0889921188354492,,
26,8325,,,1.2895268201828003,,
26,8327,,,1.1021451950073242,,
26,8329,,,1.5239108800888062,,
26,8331,,,1.2142300605773926,,
26,8333,,,1.3685970306396484,,
26,8335,,,1.2331676483154297,,
26,8337,,,1.2288748025894165,,
26,8339,,,1.3663311004638672,,
26,8341,,,1.4111460447311401,,
26,8343,,,1.3262537717819214,,
26,8345,,,1.3356894254684448,,
26,8347,,,1.492287516593933,,
26,8349,,,1.2441257238388062,,
26,8351,,,1.4150866270065308,,
26,8353,,,1.3290579319000244,,
26,8355,,,1.4075781106948853,,
26,8357,,,1.237937092781067,,
26,8359,,,1.2017054557800293,,
26,8361,,,1.3697354793548584,,
26,8363,,,1.282890796661377,,
26,8365,,,1.1716160774230957,,
26,8367,,,1.1607859134674072,,
26,8369,,,1.2899974584579468,,
26,8371,,,1.3655849695205688,,
26,8373,,,1.9639452695846558,,
26,8375,,,1.1120291948318481,,
26,8377,,,1.3981730937957764,,
26,8379,,,1.5257319211959839,,
26,8381,,,1.34650456905365,,
26,8383,,,1.359604835510254,,
26,8385,,,1.2992933988571167,,
26,8387,,,1.4258583784103394,,
26,8389,,,1.4203420877456665,,
26,8391,,,1.3441698551177979,,
26,8393,,,1.4188376665115356,,
26,8395,,,1.1410760879516602,,
26,8397,,,1.384351372718811,,
26,8399,,,1.3464807271957397,,
26,8401,,,1.5080232620239258,,
26,8403,,,1.2224993705749512,,
26,8405,,,1.1976560354232788,,
26,8407,,,1.5989912748336792,,
26,8409,,,1.3632241487503052,,
26,8411,,,1.3069334030151367,,
26,8413,,,1.4388633966445923,,
26,8415,,,1.3187586069107056,,
26,8417,,,1.6913328170776367,,
26,8419,,,1.1985554695129395,,
26,8421,,,1.1185669898986816,,
26,8423,,,1.6990349292755127,,
26,8425,,,1.452579140663147,,
26,8427,,,1.4879182577133179,,
26,8429,,,1.173771858215332,,
26,8431,,,1.2276190519332886,,
26,8433,,,1.1598113775253296,,
26,8435,,,1.239356279373169,,
26,8437,,,1.2304608821868896,,
26,8439,,,1.114340901374817,,
26,8441,,,1.3842147588729858,,
26,8443,,,1.3854159116744995,,
26,8445,,,1.1642156839370728,,
26,8447,,,1.2991738319396973,,
26,8449,,,1.4106495380401611,,
26,8450,,,,0.04554999992251396,96.35509490966797
27,8451,,,1.2394487857818604,,
27,8453,,,1.274228572845459,,
27,8455,,,1.1402413845062256,,
27,8457,,,1.3369107246398926,,
27,8459,,,1.2445274591445923,,
27,8461,,,1.6660891771316528,,
27,8463,,,1.3456956148147583,,
27,8465,,,1.4668611288070679,,
27,8467,,,1.342545986175537,,
27,8469,,,1.5603491067886353,,
27,8471,,,1.2805311679840088,,
27,8473,,,1.1917537450790405,,
27,8475,,,1.4306282997131348,,
27,8477,,,1.6148755550384521,,
27,8479,,,1.3545808792114258,,
27,8481,,,1.0133458375930786,,
27,8483,,,1.3431872129440308,,
27,8485,,,1.203739047050476,,
27,8487,,,1.370004653930664,,
27,8489,,,1.0751221179962158,,
27,8491,,,1.2919524908065796,,
27,8493,,,1.2092722654342651,,
27,8495,,,0.9122310280799866,,
27,8497,,,1.3703207969665527,,
27,8499,,,1.0231114625930786,,
27,8501,,,1.469874382019043,,
27,8503,,,1.2998937368392944,,
27,8505,,,1.1759305000305176,,
27,8507,,,1.122767448425293,,
27,8509,,,1.3239600658416748,,
27,8511,,,1.3565728664398193,,
27,8513,,,1.1272170543670654,,
27,8515,,,1.3016045093536377,,
27,8517,,,1.51948881149292,,
27,8519,,,1.2904915809631348,,
27,8521,,,1.3827491998672485,,
27,8523,,,1.3617396354675293,,
27,8525,,,1.1800700426101685,,
27,8527,,,1.4192981719970703,,
27,8529,,,1.3065727949142456,,
27,8531,,,1.4110029935836792,,
27,8533,,,1.3181902170181274,,
27,8535,,,1.7584567070007324,,
27,8537,,,1.3261038064956665,,
27,8539,,,1.2675267457962036,,
27,8541,,,1.2006843090057373,,
27,8543,,,1.3302143812179565,,
27,8545,,,1.2162485122680664,,
27,8547,,,1.4048771858215332,,
27,8549,,,1.613481044769287,,
27,8551,,,1.0975117683410645,,
27,8553,,,1.2434684038162231,,
27,8555,,,1.3963286876678467,,
27,8557,,,1.2188774347305298,,
27,8559,,,1.4187668561935425,,
27,8561,,,1.3834842443466187,,
27,8563,,,1.4129515886306763,,
27,8565,,,1.5374153852462769,,
27,8567,,,1.5074154138565063,,
27,8569,,,1.4165300130844116,,
27,8571,,,1.4473737478256226,,
27,8573,,,1.1520426273345947,,
27,8575,,,1.1811647415161133,,
27,8577,,,1.4094589948654175,,
27,8579,,,1.3268849849700928,,
27,8581,,,1.089909553527832,,
27,8583,,,2.1708099842071533,,
27,8585,,,1.1743313074111938,,
27,8587,,,1.447251796722412,,
27,8589,,,1.3563892841339111,,
27,8591,,,1.1321836709976196,,
27,8593,,,1.1749264001846313,,
27,8595,,,1.187925934791565,,
27,8597,,,1.16269850730896,,
27,8599,,,1.1936537027359009,,
27,8601,,,1.2347984313964844,,
27,8603,,,1.2952183485031128,,
27,8605,,,1.3032959699630737,,
27,8607,,,1.545703411102295,,
27,8609,,,1.2522567510604858,,
27,8611,,,1.4161784648895264,,
27,8613,,,1.1491680145263672,,
27,8615,,,1.5568777322769165,,
27,8617,,,1.3386963605880737,,
27,8619,,,1.4449450969696045,,
27,8621,,,1.4719241857528687,,
27,8623,,,1.7150626182556152,,
27,8625,,,1.2843397855758667,,
27,8627,,,1.3393809795379639,,
27,8629,,,1.23356294631958,,
27,8631,,,1.4042624235153198,,
27,8633,,,1.1426024436950684,,
27,8635,,,1.4139635562896729,,
27,8637,,,1.707605004310608,,
27,8639,,,1.3902180194854736,,
27,8641,,,1.2125364542007446,,
27,8643,,,1.2549872398376465,,
27,8645,,,1.1660020351409912,,
27,8647,,,1.246894121170044,,
27,8649,,,1.3630229234695435,,
27,8651,,,1.3139134645462036,,
27,8653,,,1.4458917379379272,,
27,8655,,,1.2602136135101318,,
27,8657,,,1.4087458848953247,,
27,8659,,,1.6557528972625732,,
27,8661,,,1.3473029136657715,,
27,8663,,,1.3646711111068726,,
27,8665,,,1.3617135286331177,,
27,8667,,,1.3034628629684448,,
27,8669,,,1.477317452430725,,
27,8671,,,1.2300515174865723,,
27,8673,,,1.0379480123519897,,
27,8675,,,1.5123661756515503,,
27,8677,,,1.4377996921539307,,
27,8679,,,1.2527110576629639,,
27,8681,,,1.210965871810913,,
27,8683,,,1.3297039270401,,
27,8685,,,1.2714369297027588,,
27,8687,,,1.3458818197250366,,
27,8689,,,1.171138048171997,,
27,8691,,,1.5844299793243408,,
27,8693,,,1.246903419494629,,
27,8695,,,1.2795205116271973,,
27,8697,,,1.3891372680664062,,
27,8699,,,1.3949663639068604,,
27,8701,,,1.2260185480117798,,
27,8703,,,1.3704681396484375,,
27,8705,,,1.1487224102020264,,
27,8707,,,1.0306966304779053,,
27,8709,,,1.4044800996780396,,
27,8711,,,1.681450605392456,,
27,8713,,,1.145499348640442,,
27,8715,,,1.2772656679153442,,
27,8717,,,1.2987266778945923,,
27,8719,,,1.1016310453414917,,
27,8721,,,1.342313528060913,,
27,8723,,,1.4501293897628784,,
27,8725,,,1.573731541633606,,
27,8727,,,1.0644153356552124,,
27,8729,,,1.2549728155136108,,
27,8731,,,1.2884458303451538,,
27,8733,,,1.4083129167556763,,
27,8735,,,1.3879588842391968,,
27,8737,,,1.5800937414169312,,
27,8739,,,1.2571685314178467,,
27,8741,,,1.5292747020721436,,
27,8743,,,1.3727303743362427,,
27,8745,,,1.2789771556854248,,
27,8747,,,1.374213695526123,,
27,8749,,,1.2952221632003784,,
27,8751,,,1.5147252082824707,,
27,8753,,,1.19002366065979,,
27,8755,,,1.1838520765304565,,
27,8757,,,1.4421526193618774,,
27,8759,,,1.7067002058029175,,
27,8761,,,1.228481650352478,,
27,8763,,,1.2299621105194092,,
27,8763,,,,0.46549999713897705,182.32322692871094
28,8765,,,1.2307071685791016,,
28,8767,,,1.2314586639404297,,
28,8769,,,1.3592734336853027,,
28,8771,,,1.4788429737091064,,
28,8773,,,1.88336181640625,,
28,8775,,,1.3261879682540894,,
28,8777,,,1.4939321279525757,,
28,8779,,,1.283205270767212,,
28,8781,,,1.1612433195114136,,
28,8783,,,1.3346784114837646,,
28,8785,,,1.379745364189148,,
28,8787,,,1.2786800861358643,,
28,8789,,,1.5793991088867188,,
28,8791,,,1.7335689067840576,,
28,8793,,,1.1039468050003052,,
28,8795,,,1.215169906616211,,
28,8797,,,1.3180147409439087,,
28,8799,,,1.1781526803970337,,
28,8801,,,1.4662177562713623,,
28,8803,,,1.456125020980835,,
28,8805,,,1.0756068229675293,,
28,8807,,,1.1924694776535034,,
28,8809,,,1.0678809881210327,,
28,8811,,,1.071514368057251,,
28,8813,,,1.1998785734176636,,
28,8815,,,1.0303473472595215,,
28,8817,,,1.3941044807434082,,
28,8819,,,1.1523687839508057,,
28,8821,,,1.3353004455566406,,
28,8823,,,1.2149527072906494,,
28,8825,,,1.1044505834579468,,
28,8827,,,1.4145786762237549,,
28,8829,,,1.3767473697662354,,
28,8831,,,1.6170706748962402,,
28,8833,,,1.090847134590149,,
28,8835,,,1.6425329446792603,,
28,8837,,,1.484484314918518,,
28,8839,,,1.2664788961410522,,
28,8841,,,0.9927711486816406,,
28,8843,,,1.525621771812439,,
28,8845,,,1.4023964405059814,,
28,8847,,,1.3947805166244507,,
28,8849,,,1.507051944732666,,
28,8851,,,1.2972533702850342,,
28,8853,,,1.0986562967300415,,
28,8855,,,1.1572520732879639,,
28,8857,,,1.5544925928115845,,
28,8859,,,1.286660075187683,,
28,8861,,,1.1418877840042114,,
28,8863,,,1.3077669143676758,,
28,8865,,,1.3553111553192139,,
28,8867,,,1.4006565809249878,,
28,8869,,,1.2763980627059937,,
28,8871,,,1.4955378770828247,,
28,8873,,,1.3791751861572266,,
28,8875,,,1.342599868774414,,
28,8877,,,1.2681128978729248,,
28,8879,,,1.4005218744277954,,
28,8881,,,1.2499864101409912,,
28,8883,,,1.2434980869293213,,
28,8885,,,1.010124683380127,,
28,8887,,,1.020001769065857,,
28,8889,,,1.4136804342269897,,
28,8891,,,1.3069883584976196,,
28,8893,,,1.5296249389648438,,
28,8895,,,1.3551641702651978,,
28,8897,,,0.9275402426719666,,
28,8899,,,1.4627617597579956,,
28,8901,,,1.406569480895996,,
28,8903,,,1.20529305934906,,
28,8905,,,1.568411111831665,,
28,8907,,,1.0417622327804565,,
28,8909,,,1.3739570379257202,,
28,8911,,,1.2044481039047241,,
28,8913,,,1.2534304857254028,,
28,8915,,,1.1329272985458374,,
28,8917,,,1.2027925252914429,,
28,8919,,,1.2384898662567139,,
28,8921,,,1.5633927583694458,,
28,8923,,,1.4954948425292969,,
28,8925,,,1.3140877485275269,,
28,8927,,,1.502905011177063,,
28,8929,,,1.2551486492156982,,
28,8931,,,1.5136288404464722,,
28,8933,,,1.1869760751724243,,
28,8935,,,0.9794920086860657,,
28,8937,,,1.258765459060669,,
28,8939,,,1.254755973815918,,
28,8941,,,1.314923644065857,,
28,8943,,,1.375509262084961,,
28,8945,,,1.1894842386245728,,
28,8947,,,1.2459455728530884,,
28,8949,,,0.9714343547821045,,
28,8951,,,1.2957627773284912,,
28,8953,,,1.0733970403671265,,
28,8955,,,1.5551825761795044,,
28,8957,,,1.1676318645477295,,
28,8959,,,1.3372160196304321,,
28,8961,,,1.2696259021759033,,
28,8963,,,1.3002557754516602,,
28,8965,,,1.3101098537445068,,
28,8967,,,1.3895900249481201,,
28,8969,,,1.3601049184799194,,
28,8971,,,1.3447743654251099,,
28,8973,,,1.4610705375671387,,
28,8975,,,1.2472223043441772,,
28,8977,,,1.5318914651870728,,
28,8979,,,1.320753812789917,,
28,8981,,,1.4496334791183472,,
28,8983,,,1.2259703874588013,,
28,8985,,,1.2099368572235107,,
28,8987,,,1.3618967533111572,,
28,8989,,,1.302396535873413,,
28,8991,,,1.1949862241744995,,
28,8993,,,1.2844575643539429,,
28,8995,,,1.4107497930526733,,
28,8997,,,1.340071439743042,,
28,8999,,,2.113729953765869,,
28,9001,,,1.0842851400375366,,
28,9003,,,1.3835583925247192,,
28,9005,,,1.505232810974121,,
28,9007,,,1.3545876741409302,,
28,9009,,,1.4122896194458008,,
28,9011,,,1.3260958194732666,,
28,9013,,,1.3799341917037964,,
28,9015,,,1.416748046875,,
28,9017,,,1.3689000606536865,,
28,9019,,,1.455217719078064,,
28,9021,,,1.1590940952301025,,
28,9023,,,1.3457250595092773,,
28,9025,,,1.3780232667922974,,
28,9027,,,1.5491139888763428,,
28,9029,,,1.212082028388977,,
28,9031,,,1.1558337211608887,,
28,9033,,,1.4778209924697876,,
28,9035,,,1.3638330698013306,,
28,9037,,,1.4329538345336914,,
28,9039,,,1.4782778024673462,,
28,9041,,,1.2813522815704346,,
28,9043,,,1.75661039352417,,
28,9045,,,1.2183783054351807,,
28,9047,,,1.1029592752456665,,
28,9049,,,1.6350499391555786,,
28,9051,,,1.4636982679367065,,
28,9053,,,1.5107676982879639,,
28,9055,,,1.2055479288101196,,
28,9057,,,1.230361819267273,,
28,9059,,,1.1587624549865723,,
28,9061,,,1.1283187866210938,,
28,9063,,,1.2372956275939941,,
28,9065,,,1.1095227003097534,,
28,9067,,,1.3412396907806396,,
28,9069,,,1.4302690029144287,,
28,9071,,,1.144615888595581,,
28,9073,,,1.281422734260559,,
28,9075,,,1.403635859489441,,
28,9076,,,,0.18254999816417694,71.44023132324219
29,9077,,,1.2216451168060303,,
29,9079,,,1.2588675022125244,,
29,9081,,,1.1577595472335815,,
29,9083,,,1.3270647525787354,,
29,9085,,,1.2454737424850464,,
29,9087,,,1.5366406440734863,,
29,9089,,,1.3232060670852661,,
29,9091,,,1.501210331916809,,
29,9093,,,1.3448247909545898,,
29,9095,,,1.4965845346450806,,
29,9097,,,1.3331009149551392,,
29,9099,,,1.2281155586242676,,
29,9101,,,1.4444286823272705,,
29,9103,,,1.6507176160812378,,
29,9105,,,1.3324594497680664,,
29,9107,,,1.1016819477081299,,
29,9109,,,1.2401940822601318,,
29,9111,,,1.1771525144577026,,
29,9113,,,1.314962387084961,,
29,9115,,,1.1615101099014282,,
29,9117,,,1.2753627300262451,,
29,9119,,,1.17619788646698,,
29,9121,,,0.9412453174591064,,
29,9123,,,1.354797601699829,,
29,9125,,,1.0329694747924805,,
29,9127,,,1.3948712348937988,,
29,9129,,,1.2389450073242188,,
29,9131,,,1.266178846359253,,
29,9133,,,1.0893075466156006,,
29,9135,,,1.283945918083191,,
29,9137,,,1.3975532054901123,,
29,9139,,,1.1385918855667114,,
29,9141,,,1.2364414930343628,,
29,9143,,,1.5656706094741821,,
29,9145,,,1.3397984504699707,,
29,9147,,,1.355007290840149,,
29,9149,,,1.3546842336654663,,
29,9151,,,1.2699875831604004,,
29,9153,,,1.3986289501190186,,
29,9155,,,1.3684792518615723,,
29,9157,,,1.4600881338119507,,
29,9159,,,1.2993532419204712,,
29,9161,,,1.6213374137878418,,
29,9163,,,1.2838425636291504,,
29,9165,,,1.3099839687347412,,
29,9167,,,1.1915638446807861,,
29,9169,,,1.3574649095535278,,
29,9171,,,1.2177259922027588,,
29,9173,,,1.4655665159225464,,
29,9175,,,1.4997719526290894,,
29,9177,,,1.0234946012496948,,
29,9179,,,1.2093544006347656,,
29,9181,,,1.2898633480072021,,
29,9183,,,1.1983473300933838,,
29,9185,,,1.4276841878890991,,
29,9187,,,1.3205955028533936,,
29,9189,,,1.4279513359069824,,
29,9191,,,1.4717814922332764,,
29,9193,,,1.4743409156799316,,
29,9195,,,1.3736493587493896,,
29,9197,,,1.5058602094650269,,
29,9199,,,1.0925229787826538,,
29,9201,,,1.217612624168396,,
29,9203,,,1.432235836982727,,
29,9205,,,1.3105475902557373,,
29,9207,,,1.083674669265747,,
29,9209,,,2.1522560119628906,,
29,9211,,,1.1675848960876465,,
29,9213,,,1.3988784551620483,,
29,9215,,,1.31337571144104,,
29,9217,,,1.1924653053283691,,
29,9219,,,1.1029304265975952,,
29,9221,,,1.2604740858078003,,
29,9223,,,1.1214884519577026,,
29,9225,,,1.2737401723861694,,
29,9227,,,1.2437357902526855,,
29,9229,,,1.3224818706512451,,
29,9231,,,1.2930729389190674,,
29,9233,,,1.4493193626403809,,
29,9235,,,1.2545835971832275,,
29,9237,,,1.3198184967041016,,
29,9239,,,1.0511105060577393,,
29,9241,,,1.5220224857330322,,
29,9243,,,1.2890998125076294,,
29,9245,,,1.3818938732147217,,
29,9247,,,1.445000410079956,,
29,9249,,,1.6112676858901978,,
29,9251,,,1.320465326309204,,
29,9253,,,1.328183650970459,,
29,9255,,,1.2312647104263306,,
29,9257,,,1.3992130756378174,,
29,9259,,,1.1992683410644531,,
29,9261,,,1.4341977834701538,,
29,9263,,,1.7382702827453613,,
29,9265,,,1.4141074419021606,,
29,9267,,,1.2031155824661255,,
29,9269,,,1.2451900243759155,,
29,9271,,,1.1676063537597656,,
29,9273,,,1.2383778095245361,,
29,9275,,,1.3651158809661865,,
29,9277,,,1.3093327283859253,,
29,9279,,,1.4232628345489502,,
29,9281,,,1.2791545391082764,,
29,9283,,,1.4055685997009277,,
29,9285,,,1.6054712533950806,,
29,9287,,,1.3203517198562622,,
29,9289,,,1.409027338027954,,
29,9291,,,1.3519712686538696,,
29,9293,,,1.2660952806472778,,
29,9295,,,1.542604923248291,,
29,9297,,,1.2439460754394531,,
29,9299,,,1.0099945068359375,,
29,9301,,,1.6692824363708496,,
29,9303,,,1.3440572023391724,,
29,9305,,,1.2336220741271973,,
29,9307,,,1.2009387016296387,,
29,9309,,,1.4330185651779175,,
29,9311,,,1.3073500394821167,,
29,9313,,,1.2988595962524414,,
29,9315,,,1.1514047384262085,,
29,9317,,,1.5993552207946777,,
29,9319,,,1.230893611907959,,
29,9321,,,1.2908941507339478,,
29,9323,,,1.4057166576385498,,
29,9325,,,1.3531266450881958,,
29,9327,,,1.2190755605697632,,
29,9329,,,1.4163559675216675,,
29,9331,,,1.1423715353012085,,
29,9333,,,1.063139796257019,,
29,9335,,,1.3903993368148804,,
29,9337,,,1.3890647888183594,,
29,9339,,,1.1673189401626587,,
29,9341,,,1.2632873058319092,,
29,9343,,,1.2257633209228516,,
29,9345,,,1.0690122842788696,,
29,9347,,,1.401843786239624,,
29,9349,,,1.4656977653503418,,
29,9351,,,1.5815507173538208,,
29,9353,,,0.9993552565574646,,
29,9355,,,1.2532880306243896,,
29,9357,,,1.3855375051498413,,
29,9359,,,1.4121249914169312,,
29,9361,,,1.310393214225769,,
29,9363,,,1.6636470556259155,,
29,9365,,,1.282173752784729,,
29,9367,,,1.5802295207977295,,
29,9369,,,1.3866440057754517,,
29,9371,,,1.2134337425231934,,
29,9373,,,1.4875508546829224,,
29,9375,,,1.291418433189392,,
29,9377,,,1.4451745748519897,,
29,9379,,,1.2090243101119995,,
29,9381,,,1.1880947351455688,,
29,9383,,,1.4573084115982056,,
29,9385,,,1.6843070983886719,,
29,9387,,,1.2346237897872925,,
29,9389,,,1.2326310873031616,,
29,9389,,,,0.011950000189244747,132.39015197753906
30,9391,,,1.2699445486068726,,
30,9393,,,1.2180159091949463,,
30,9395,,,1.2932950258255005,,
30,9397,,,1.398077368736267,,
30,9399,,,1.8512330055236816,,
30,9401,,,1.385407567024231,,
30,9403,,,1.4193040132522583,,
30,9405,,,1.3259891271591187,,
30,9407,,,1.1759788990020752,,
30,9409,,,1.2657158374786377,,
30,9411,,,1.3581578731536865,,
30,9413,,,1.2906835079193115,,
30,9415,,,1.6411728858947754,,
30,9417,,,1.6589504480361938,,
30,9419,,,1.2486984729766846,,
30,9421,,,1.247145652770996,,
30,9423,,,1.3443902730941772,,
30,9425,,,1.1860027313232422,,
30,9427,,,1.45232093334198,,
30,9429,,,1.4674429893493652,,
30,9431,,,1.03931725025177,,
30,9433,,,1.1801236867904663,,
30,9435,,,1.0859054327011108,,
30,9437,,,1.1239056587219238,,
30,9439,,,1.1678738594055176,,
30,9441,,,1.0391993522644043,,
30,9443,,,1.3801153898239136,,
30,9445,,,1.215782642364502,,
30,9447,,,1.2926287651062012,,
30,9449,,,1.215678095817566,,
30,9451,,,1.132713794708252,,
30,9453,,,1.3848693370819092,,
30,9455,,,1.3294994831085205,,
30,9457,,,1.5885180234909058,,
30,9459,,,1.0497056245803833,,
30,9461,,,1.6635855436325073,,
30,9463,,,1.4922034740447998,,
30,9465,,,1.2971605062484741,,
30,9467,,,1.0201644897460938,,
30,9469,,,1.5214191675186157,,
30,9471,,,1.409995436668396,,
30,9473,,,1.4134025573730469,,
30,9475,,,1.5070666074752808,,
30,9477,,,1.2924449443817139,,
30,9479,,,1.0824110507965088,,
30,9481,,,1.1486612558364868,,
30,9483,,,1.720311164855957,,
30,9485,,,1.3060672283172607,,
30,9487,,,1.0865293741226196,,
30,9489,,,1.5427796840667725,,
30,9491,,,1.3385541439056396,,
30,9493,,,1.4182698726654053,,
30,9495,,,1.2713786363601685,,
30,9497,,,1.5531585216522217,,
30,9499,,,1.3672404289245605,,
30,9501,,,1.2365729808807373,,
30,9503,,,1.238405704498291,,
30,9505,,,1.3972147703170776,,
30,9507,,,1.2534984350204468,,
30,9509,,,1.3136802911758423,,
30,9511,,,1.1354565620422363,,
30,9513,,,1.0630449056625366,,
30,9515,,,1.4343416690826416,,
30,9517,,,1.2641494274139404,,
30,9519,,,1.3061524629592896,,
30,9521,,,1.3116705417633057,,
30,9523,,,0.9418160915374756,,
30,9525,,,1.5242468118667603,,
30,9527,,,1.32896888256073,,
30,9529,,,1.2715150117874146,,
30,9531,,,1.5908969640731812,,
30,9533,,,1.0221973657608032,,
30,9535,,,1.4576115608215332,,
30,9537,,,1.1996864080429077,,
30,9539,,,1.3135101795196533,,
30,9541,,,1.0906811952590942,,
30,9543,,,1.2082810401916504,,
30,9545,,,1.174201488494873,,
30,9547,,,1.5330740213394165,,
30,9549,,,1.4283981323242188,,
30,9551,,,1.3134434223175049,,
30,9553,,,1.4572938680648804,,
30,9555,,,1.2670618295669556,,
30,9557,,,1.495884895324707,,
30,9559,,,1.229190707206726,,
30,9561,,,0.9373969435691833,,
30,9563,,,1.2307052612304688,,
30,9565,,,1.2607442140579224,,
30,9567,,,1.3012269735336304,,
30,9569,,,1.383399486541748,,
30,9571,,,1.2053176164627075,,
30,9573,,,1.2491012811660767,,
30,9575,,,1.004378080368042,,
30,9577,,,1.2891323566436768,,
30,9579,,,1.1110082864761353,,
30,9581,,,1.431667447090149,,
30,9583,,,1.1934720277786255,,
30,9585,,,1.3288321495056152,,
30,9587,,,1.2827597856521606,,
30,9589,,,1.2315306663513184,,
30,9591,,,1.3381946086883545,,
30,9593,,,1.3411633968353271,,
30,9595,,,1.396370768547058,,
30,9597,,,1.3424150943756104,,
30,9599,,,1.4765605926513672,,
30,9601,,,1.227452278137207,,
30,9603,,,1.5475882291793823,,
30,9605,,,1.3016420602798462,,
30,9607,,,1.3323012590408325,,
30,9609,,,1.2143796682357788,,
30,9611,,,1.2303789854049683,,
30,9613,,,1.3000684976577759,,
30,9615,,,1.2703943252563477,,
30,9617,,,1.18185293674469,,
30,9619,,,1.2001930475234985,,
30,9621,,,1.4066134691238403,,
30,9623,,,1.2849345207214355,,
30,9625,,,1.9269951581954956,,
30,9627,,,1.0906484127044678,,
30,9629,,,1.3466192483901978,,
30,9631,,,1.5113857984542847,,
30,9633,,,1.3715288639068604,,
30,9635,,,1.341058611869812,,
30,9637,,,1.3251286745071411,,
30,9639,,,1.3711694478988647,,
30,9641,,,1.3721297979354858,,
30,9643,,,1.3131247758865356,,
30,9645,,,1.3376227617263794,,
30,9647,,,1.1530568599700928,,
30,9649,,,1.3517889976501465,,
30,9651,,,1.3656604290008545,,
30,9653,,,1.5127276182174683,,
30,9655,,,1.2609387636184692,,
30,9657,,,1.1804289817810059,,
30,9659,,,1.4428009986877441,,
30,9661,,,1.3268210887908936,,
30,9663,,,1.4222697019577026,,
30,9665,,,1.4647393226623535,,
30,9667,,,1.3102108240127563,,
30,9669,,,1.7483896017074585,,
30,9671,,,1.2663428783416748,,
30,9673,,,1.0586413145065308,,
30,9675,,,1.6880533695220947,,
30,9677,,,1.4069159030914307,,
30,9679,,,1.4854787588119507,,
30,9681,,,1.2557281255722046,,
30,9683,,,1.247198224067688,,
30,9685,,,1.142187476158142,,
30,9687,,,1.1635631322860718,,
30,9689,,,1.1922640800476074,,
30,9691,,,1.151206612586975,,
30,9693,,,1.2856489419937134,,
30,9695,,,1.3997113704681396,,
30,9697,,,1.124930500984192,,
30,9699,,,1.2737560272216797,,
30,9701,,,1.3639196157455444,,
30,9702,,,,0.46549999713897705,118.51380157470703
31,9703,,,1.1725236177444458,,
31,9705,,,1.2682536840438843,,
31,9707,,,1.1479108333587646,,
31,9709,,,1.3162869215011597,,
31,9711,,,1.229954481124878,,
31,9713,,,1.7819727659225464,,
31,9715,,,1.2925723791122437,,
31,9717,,,1.4260387420654297,,
31,9719,,,1.3161464929580688,,
31,9721,,,1.540042519569397,,
31,9723,,,1.285345435142517,,
31,9725,,,1.1473822593688965,,
31,9727,,,1.4937700033187866,,
31,9729,,,1.534304141998291,,
31,9731,,,1.3042242527008057,,
31,9733,,,0.9905290007591248,,
31,9735,,,1.2943378686904907,,
31,9737,,,1.1572226285934448,,
31,9739,,,1.359790325164795,,
31,9741,,,1.136754035949707,,
31,9743,,,1.2498691082000732,,
31,9745,,,1.1602401733398438,,
31,9747,,,0.9556028246879578,,
31,9749,,,1.3297873735427856,,
31,9751,,,1.0195748805999756,,
31,9753,,,1.4560171365737915,,
31,9755,,,1.3046882152557373,,
31,9757,,,1.196493148803711,,
31,9759,,,1.1014646291732788,,
31,9761,,,1.284003734588623,,
31,9763,,,1.3866974115371704,,
31,9765,,,1.1209232807159424,,
31,9767,,,1.2364510297775269,,
31,9769,,,1.4592403173446655,,
31,9771,,,1.3011516332626343,,
31,9773,,,1.371453881263733,,
31,9775,,,1.2999268770217896,,
31,9777,,,1.1598469018936157,,
31,9779,,,1.3815503120422363,,
31,9781,,,1.3500041961669922,,
31,9783,,,1.37320876121521,,
31,9785,,,1.270737648010254,,
31,9787,,,1.6394264698028564,,
31,9789,,,1.3803339004516602,,
31,9791,,,1.265647053718567,,
31,9793,,,1.1686639785766602,,
31,9795,,,1.3414487838745117,,
31,9797,,,1.2989568710327148,,
31,9799,,,1.4242842197418213,,
31,9801,,,1.5824304819107056,,
31,9803,,,1.0953290462493896,,
31,9805,,,1.2433741092681885,,
31,9807,,,1.2610104084014893,,
31,9809,,,1.208822250366211,,
31,9811,,,1.4125500917434692,,
31,9813,,,1.388028860092163,,
31,9815,,,1.3900632858276367,,
31,9817,,,1.4934961795806885,,
31,9819,,,1.4497705698013306,,
31,9821,,,1.3442987203598022,,
31,9823,,,1.4155901670455933,,
31,9825,,,1.149137020111084,,
31,9827,,,1.1949886083602905,,
31,9829,,,1.5222045183181763,,
31,9831,,,1.2059235572814941,,
31,9833,,,1.0685560703277588,,
31,9835,,,2.227663993835449,,
31,9837,,,1.1664577722549438,,
31,9839,,,1.4250767230987549,,
31,9841,,,1.2980997562408447,,
31,9843,,,1.133737325668335,,
31,9845,,,1.1004276275634766,,
31,9847,,,1.202057123184204,,
31,9849,,,1.1107841730117798,,
31,9851,,,1.2931159734725952,,
31,9853,,,1.2274460792541504,,
31,9855,,,1.3056992292404175,,
31,9857,,,1.2529112100601196,,
31,9859,,,1.4593291282653809,,
31,9861,,,1.3035426139831543,,
31,9863,,,1.4438899755477905,,
31,9865,,,1.129023551940918,,
31,9867,,,1.5585675239562988,,
31,9869,,,1.258351445198059,,
31,9871,,,1.3059251308441162,,
31,9873,,,1.4282747507095337,,
31,9875,,,1.798441767692566,,
31,9877,,,1.288046956062317,,
31,9879,,,1.3459117412567139,,
31,9881,,,1.243865728378296,,
31,9883,,,1.383224368095398,,
31,9885,,,1.1661440134048462,,
31,9887,,,1.4180107116699219,,
31,9889,,,1.6851823329925537,,
31,9891,,,1.3914958238601685,,
31,9893,,,1.1149541139602661,,
31,9895,,,1.2763375043869019,,
31,9897,,,1.1413943767547607,,
31,9899,,,1.2215723991394043,,
31,9901,,,1.3061931133270264,,
31,9903,,,1.3182966709136963,,
31,9905,,,1.3769171237945557,,
31,9907,,,1.2215265035629272,,
31,9909,,,1.437666654586792,,
31,9911,,,1.8031604290008545,,
31,9913,,,1.3455184698104858,,
31,9915,,,1.4260278940200806,,
31,9917,,,1.3066822290420532,,
31,9919,,,1.3199005126953125,,
31,9921,,,1.4837740659713745,,
31,9923,,,1.2158266305923462,,
31,9925,,,0.9871430993080139,,
31,9927,,,1.598020315170288,,
31,9929,,,1.3229248523712158,,
31,9931,,,1.2672209739685059,,
31,9933,,,1.2261996269226074,,
31,9935,,,1.365765929222107,,
31,9937,,,1.2620501518249512,,
31,9939,,,1.2928637266159058,,
31,9941,,,1.1190972328186035,,
31,9943,,,1.52765691280365,,
31,9945,,,1.232080101966858,,
31,9947,,,1.269355297088623,,
31,9949,,,1.3651789426803589,,
31,9951,,,1.4193657636642456,,
31,9953,,,1.2197970151901245,,
31,9955,,,1.3741226196289062,,
31,9957,,,1.1954210996627808,,
31,9959,,,1.006249189376831,,
31,9961,,,1.4056895971298218,,
31,9963,,,1.4600543975830078,,
31,9965,,,1.129929780960083,,
31,9967,,,1.2606186866760254,,
31,9969,,,1.1813671588897705,,
31,9971,,,1.0830693244934082,,
31,9973,,,1.348265290260315,,
31,9975,,,1.469207525253296,,
31,9977,,,1.593165636062622,,
31,9979,,,1.0388363599777222,,
31,9981,,,1.2742266654968262,,
31,9983,,,1.2161476612091064,,
31,9985,,,1.4221222400665283,,
31,9987,,,1.3201611042022705,,
31,9989,,,1.652597427368164,,
31,9991,,,1.257080078125,,
31,9993,,,1.562437653541565,,
31,9995,,,1.3723087310791016,,
31,9997,,,1.2858673334121704,,
31,9999,,,1.3557665348052979,,
31,10001,,,1.2676438093185425,,
31,10003,,,1.4075099229812622,,
31,10005,,,1.1585010290145874,,
31,10007,,,1.1713449954986572,,
31,10009,,,1.4584345817565918,,
31,10011,,,1.7654244899749756,,
31,10013,,,1.2787818908691406,,
31,10015,,,1.2116461992263794,,
31,10015,,,,0.4663499891757965,115.59915924072266
32,10017,,,1.2233918905258179,,
32,10019,,,1.2290667295455933,,
32,10021,,,1.356214165687561,,
32,10023,,,1.4352378845214844,,
32,10025,,,1.731736183166504,,
32,10027,,,1.36798894405365,,
32,10029,,,1.4473568201065063,,
32,10031,,,1.312870740890503,,
32,10033,,,1.1226117610931396,,
32,10035,,,1.2231574058532715,,
32,10037,,,1.3175710439682007,,
32,10039,,,1.2777215242385864,,
32,10041,,,1.5780853033065796,,
32,10043,,,1.6694252490997314,,
32,10045,,,1.3309247493743896,,
32,10047,,,1.2711509466171265,,
32,10049,,,1.3251218795776367,,
32,10051,,,1.2051973342895508,,
32,10053,,,1.4393787384033203,,
32,10055,,,1.4922105073928833,,
32,10057,,,1.050942063331604,,
32,10059,,,1.1601811647415161,,
32,10061,,,1.0317857265472412,,
32,10063,,,1.173235297203064,,
32,10065,,,1.2069460153579712,,
32,10067,,,1.1053379774093628,,
32,10069,,,1.4269022941589355,,
32,10071,,,1.1385676860809326,,
32,10073,,,1.2929227352142334,,
32,10075,,,1.254066824913025,,
32,10077,,,1.1113072633743286,,
32,10079,,,1.340659499168396,,
32,10081,,,1.317817211151123,,
32,10083,,,1.526656985282898,,
32,10085,,,1.0511542558670044,,
32,10087,,,1.6479508876800537,,
32,10089,,,1.48440420627594,,
32,10091,,,1.2438209056854248,,
32,10093,,,0.9816482067108154,,
32,10095,,,1.5062025785446167,,
32,10097,,,1.369320273399353,,
32,10099,,,1.3723913431167603,,
32,10101,,,1.468672275543213,,
32,10103,,,1.2851797342300415,,
32,10105,,,1.058126449584961,,
32,10107,,,1.1166847944259644,,
32,10109,,,1.7545114755630493,,
32,10111,,,1.2934811115264893,,
32,10113,,,1.0832643508911133,,
32,10115,,,1.5155096054077148,,
32,10117,,,1.224495530128479,,
32,10119,,,1.3851722478866577,,
32,10121,,,1.2881883382797241,,
32,10123,,,1.4736117124557495,,
32,10125,,,1.3983047008514404,,
32,10127,,,1.18247652053833,,
32,10129,,,1.255138635635376,,
32,10131,,,1.459613561630249,,
32,10133,,,1.2589432001113892,,
32,10135,,,1.2324137687683105,,
32,10137,,,1.0772374868392944,,
32,10139,,,1.0070762634277344,,
32,10141,,,1.4258573055267334,,
32,10143,,,1.168419361114502,,
32,10145,,,1.3986475467681885,,
32,10147,,,1.403063178062439,,
32,10149,,,0.9039208292961121,,
32,10151,,,1.5154694318771362,,
32,10153,,,1.346528172492981,,
32,10155,,,1.1948635578155518,,
32,10157,,,1.5713602304458618,,
32,10159,,,0.9904087781906128,,
32,10161,,,1.3675087690353394,,
32,10163,,,1.2075937986373901,,
32,10165,,,1.2735865116119385,,
32,10167,,,1.0936754941940308,,
32,10169,,,1.2063742876052856,,
32,10171,,,1.189640998840332,,
32,10173,,,1.4870667457580566,,
32,10175,,,1.4199250936508179,,
32,10177,,,1.3176543712615967,,
32,10179,,,1.434535264968872,,
32,10181,,,1.2437611818313599,,
32,10183,,,1.4768946170806885,,
32,10185,,,1.4530730247497559,,
32,10187,,,0.9335814714431763,,
32,10189,,,1.2606345415115356,,
32,10191,,,1.2317523956298828,,
32,10193,,,1.3040696382522583,,
32,10195,,,1.3486652374267578,,
32,10197,,,1.2440954446792603,,
32,10199,,,1.2190160751342773,,
32,10201,,,1.0698109865188599,,
32,10203,,,1.271691083908081,,
32,10205,,,1.0722925662994385,,
32,10207,,,1.3193572759628296,,
32,10209,,,1.1493369340896606,,
32,10211,,,1.3182151317596436,,
32,10213,,,1.214745044708252,,
32,10215,,,1.280728816986084,,
32,10217,,,1.3164156675338745,,
32,10219,,,1.3963890075683594,,
32,10221,,,1.3112000226974487,,
32,10223,,,1.2743597030639648,,
32,10225,,,1.4685947895050049,,
32,10227,,,1.2309794425964355,,
32,10229,,,1.573816180229187,,
32,10231,,,1.3243892192840576,,
32,10233,,,1.39556086063385,,
32,10235,,,1.2021949291229248,,
32,10237,,,1.2818830013275146,,
32,10239,,,1.3142493963241577,,
32,10241,,,1.2630242109298706,,
32,10243,,,1.1973004341125488,,
32,10245,,,1.2470592260360718,,
32,10247,,,1.4497103691101074,,
32,10249,,,1.3172218799591064,,
32,10251,,,2.0417075157165527,,
32,10253,,,1.1056824922561646,,
32,10255,,,1.3578816652297974,,
32,10257,,,1.4261800050735474,,
32,10259,,,1.3439948558807373,,
32,10261,,,1.3564141988754272,,
32,10263,,,1.3273831605911255,,
32,10265,,,1.3418185710906982,,
32,10267,,,1.3923113346099854,,
32,10269,,,1.3194383382797241,,
32,10271,,,1.4290835857391357,,
32,10273,,,1.1206599473953247,,
32,10275,,,1.3383251428604126,,
32,10277,,,1.3476982116699219,,
32,10279,,,1.5550639629364014,,
32,10281,,,1.191025733947754,,
32,10283,,,1.2341413497924805,,
32,10285,,,1.4437013864517212,,
32,10287,,,1.3049476146697998,,
32,10289,,,1.2862122058868408,,
32,10291,,,1.4818583726882935,,
32,10293,,,1.3144181966781616,,
32,10295,,,1.5699900388717651,,
32,10297,,,1.1816076040267944,,
32,10299,,,1.1650515794754028,,
32,10301,,,1.7199957370758057,,
32,10303,,,1.5070159435272217,,
32,10305,,,1.4728676080703735,,
32,10307,,,1.2111471891403198,,
32,10309,,,1.2678818702697754,,
32,10311,,,1.1196894645690918,,
32,10313,,,1.1606347560882568,,
32,10315,,,1.244545578956604,,
32,10317,,,1.10440194606781,,
32,10319,,,1.3292911052703857,,
32,10321,,,1.3465137481689453,,
32,10323,,,1.1329814195632935,,
32,10325,,,1.2177506685256958,,
32,10327,,,1.3981938362121582,,
32,10328,,,,0.025750000029802322,103.02851104736328
33,10329,,,1.1371839046478271,,
33,10331,,,1.2819464206695557,,
33,10333,,,1.1605048179626465,,
33,10335,,,1.3119717836380005,,
33,10337,,,1.2133125066757202,,
33,10339,,,1.7288137674331665,,
33,10341,,,1.3196977376937866,,
33,10343,,,1.447351098060608,,
33,10345,,,1.2477482557296753,,
33,10347,,,1.4966967105865479,,
33,10349,,,1.296142816543579,,
33,10351,,,1.1308037042617798,,
33,10353,,,1.5016274452209473,,
33,10355,,,1.584113597869873,,
33,10357,,,1.3631768226623535,,
33,10359,,,0.973499596118927,,
33,10361,,,1.380568504333496,,
33,10363,,,1.1390485763549805,,
33,10365,,,1.3594456911087036,,
33,10367,,,1.080417513847351,,
33,10369,,,1.264689326286316,,
33,10371,,,1.167995572090149,,
33,10373,,,0.9337896108627319,,
33,10375,,,1.3642061948776245,,
33,10377,,,0.9967510104179382,,
33,10379,,,1.370451807975769,,
33,10381,,,1.2499635219573975,,
33,10383,,,1.2014055252075195,,
33,10385,,,1.1476455926895142,,
33,10387,,,1.2965707778930664,,
33,10389,,,1.3777884244918823,,
33,10391,,,1.097239375114441,,
33,10393,,,1.2192234992980957,,
33,10395,,,1.4777394533157349,,
33,10397,,,1.3998366594314575,,
33,10399,,,1.3411450386047363,,
33,10401,,,1.3212072849273682,,
33,10403,,,1.1829297542572021,,
33,10405,,,1.432525396347046,,
33,10407,,,1.3041062355041504,,
33,10409,,,1.4415472745895386,,
33,10411,,,1.2709801197052002,,
33,10413,,,1.7676467895507812,,
33,10415,,,1.3308422565460205,,
33,10417,,,1.2778178453445435,,
33,10419,,,1.1419734954833984,,
33,10421,,,1.3267477750778198,,
33,10423,,,1.2979718446731567,,
33,10425,,,1.3883270025253296,,
33,10427,,,1.5450776815414429,,
33,10429,,,1.020221471786499,,
33,10431,,,1.1779143810272217,,
33,10433,,,1.3702702522277832,,
33,10435,,,1.1834039688110352,,
33,10437,,,1.379212737083435,,
33,10439,,,1.2565088272094727,,
33,10441,,,1.3990951776504517,,
33,10443,,,1.5189110040664673,,
33,10445,,,1.4826582670211792,,
33,10447,,,1.3678202629089355,,
33,10449,,,1.5609266757965088,,
33,10451,,,1.1070691347122192,,
33,10453,,,1.1808338165283203,,
33,10455,,,1.3105183839797974,,
33,10457,,,1.3043797016143799,,
33,10459,,,1.0611768960952759,,
33,10461,,,2.4865329265594482,,
33,10463,,,1.148613691329956,,
33,10465,,,1.4282100200653076,,
33,10467,,,1.2972556352615356,,
33,10469,,,1.0993283987045288,,
33,10471,,,1.1024504899978638,,
33,10473,,,1.2301833629608154,,
33,10475,,,1.1911202669143677,,
33,10477,,,1.3087201118469238,,
33,10479,,,1.2324162721633911,,
33,10481,,,1.2787789106369019,,
33,10483,,,1.2464905977249146,,
33,10485,,,1.4384300708770752,,
33,10487,,,1.2858240604400635,,
33,10489,,,1.4474254846572876,,
33,10491,,,1.1758979558944702,,
33,10493,,,1.490100383758545,,
33,10495,,,1.3004199266433716,,
33,10497,,,1.3325506448745728,,
33,10499,,,1.447523832321167,,
33,10501,,,1.675060749053955,,
33,10503,,,1.3035328388214111,,
33,10505,,,1.3155622482299805,,
33,10507,,,1.204493522644043,,
33,10509,,,1.4074933528900146,,
33,10511,,,1.0919458866119385,,
33,10513,,,1.427592396736145,,
33,10515,,,1.721545696258545,,
33,10517,,,1.3858084678649902,,
33,10519,,,1.0589851140975952,,
33,10521,,,1.1818972826004028,,
33,10523,,,1.1077351570129395,,
33,10525,,,1.2617838382720947,,
33,10527,,,1.3440583944320679,,
33,10529,,,1.3176062107086182,,
33,10531,,,1.3644354343414307,,
33,10533,,,1.2185652256011963,,
33,10535,,,1.289279818534851,,
33,10537,,,1.6286256313323975,,
33,10539,,,1.3636542558670044,,
33,10541,,,1.4291759729385376,,
33,10543,,,1.285330891609192,,
33,10545,,,1.324513554573059,,
33,10547,,,1.4766501188278198,,
33,10549,,,1.21730375289917,,
33,10551,,,1.032562255859375,,
33,10553,,,1.614208459854126,,
33,10555,,,1.360094666481018,,
33,10557,,,1.2326974868774414,,
33,10559,,,1.2108087539672852,,
33,10561,,,1.4654622077941895,,
33,10563,,,1.2407790422439575,,
33,10565,,,1.3262288570404053,,
33,10567,,,1.1663484573364258,,
33,10569,,,1.58420729637146,,
33,10571,,,1.2427453994750977,,
33,10573,,,1.197079062461853,,
33,10575,,,1.3456312417984009,,
33,10577,,,1.3422214984893799,,
33,10579,,,1.232577919960022,,
33,10581,,,1.391616702079773,,
33,10583,,,1.1920371055603027,,
33,10585,,,1.021774411201477,,
33,10587,,,1.410028100013733,,
33,10589,,,1.4247279167175293,,
33,10591,,,1.080918788909912,,
33,10593,,,1.300566554069519,,
33,10595,,,1.196136713027954,,
33,10597,,,1.0820863246917725,,
33,10599,,,1.2947994470596313,,
33,10601,,,1.4293651580810547,,
33,10603,,,1.5699139833450317,,
33,10605,,,1.037888765335083,,
33,10607,,,1.2138330936431885,,
33,10609,,,1.2408689260482788,,
33,10611,,,1.4530627727508545,,
33,10613,,,1.3786088228225708,,
33,10615,,,1.605453610420227,,
33,10617,,,1.2726237773895264,,
33,10619,,,1.5877717733383179,,
33,10621,,,1.3669222593307495,,
33,10623,,,1.259075403213501,,
33,10625,,,1.3691635131835938,,
33,10627,,,1.3016867637634277,,
33,10629,,,1.4148298501968384,,
33,10631,,,1.1713287830352783,,
33,10633,,,1.1715258359909058,,
33,10635,,,1.4665614366531372,,
33,10637,,,1.72737717628479,,
33,10639,,,1.2398432493209839,,
33,10641,,,1.1005449295043945,,
33,10641,,,,0.46549999713897705,205.06405639648438
34,10643,,,1.205383062362671,,
34,10645,,,1.1994277238845825,,
34,10647,,,1.3284958600997925,,
34,10649,,,1.4268161058425903,,
34,10651,,,1.8878240585327148,,
34,10653,,,1.3710999488830566,,
34,10655,,,1.4452953338623047,,
34,10657,,,1.2604436874389648,,
34,10659,,,1.1910890340805054,,
34,10661,,,1.2330799102783203,,
34,10663,,,1.382725715637207,,
34,10665,,,1.279820203781128,,
34,10667,,,1.607775330543518,,
34,10669,,,1.5154935121536255,,
34,10671,,,1.1759475469589233,,
34,10673,,,1.2847281694412231,,
34,10675,,,1.3681461811065674,,
34,10677,,,1.2151463031768799,,
34,10679,,,1.3813096284866333,,
34,10681,,,1.5017610788345337,,
34,10683,,,1.039340615272522,,
34,10685,,,1.1502139568328857,,
34,10687,,,1.0002844333648682,,
34,10689,,,1.1532801389694214,,
34,10691,,,1.1794224977493286,,
34,10693,,,1.0666508674621582,,
34,10695,,,1.3587881326675415,,
34,10697,,,1.125767707824707,,
34,10699,,,1.2804347276687622,,
34,10701,,,1.2170060873031616,,
34,10703,,,1.0941314697265625,,
34,10705,,,1.408663034439087,,
34,10707,,,1.332270860671997,,
34,10709,,,1.529074788093567,,
34,10711,,,1.0452654361724854,,
34,10713,,,1.662010908126831,,
34,10715,,,1.4032901525497437,,
34,10717,,,1.2785552740097046,,
34,10719,,,1.0165753364562988,,
34,10721,,,1.5678179264068604,,
34,10723,,,1.371451497077942,,
34,10725,,,1.4158897399902344,,
34,10727,,,1.5241154432296753,,
34,10729,,,1.28658926486969,,
34,10731,,,1.083163857460022,,
34,10733,,,1.1144009828567505,,
34,10735,,,1.632892370223999,,
34,10737,,,1.2650892734527588,,
34,10739,,,1.0876156091690063,,
34,10741,,,1.3432680368423462,,
34,10743,,,1.2148319482803345,,
34,10745,,,1.3435170650482178,,
34,10747,,,1.3058370351791382,,
34,10749,,,1.4556227922439575,,
34,10751,,,1.4512134790420532,,
34,10753,,,1.2686848640441895,,
34,10755,,,1.2991156578063965,,
34,10757,,,1.452619194984436,,
34,10759,,,1.254374384880066,,
34,10761,,,1.214240550994873,,
34,10763,,,1.095951795578003,,
34,10765,,,1.057558298110962,,
34,10767,,,1.3690458536148071,,
34,10769,,,1.2204780578613281,,
34,10771,,,1.3594974279403687,,
34,10773,,,1.3088300228118896,,
34,10775,,,0.8834495544433594,,
34,10777,,,1.4365875720977783,,
34,10779,,,1.2908481359481812,,
34,10781,,,1.1678216457366943,,
34,10783,,,1.5317628383636475,,
34,10785,,,0.9853392839431763,,
34,10787,,,1.4081103801727295,,
34,10789,,,1.1606642007827759,,
34,10791,,,1.3139022588729858,,
34,10793,,,1.1014246940612793,,
34,10795,,,1.2153137922286987,,
34,10797,,,1.1987433433532715,,
34,10799,,,1.455268383026123,,
34,10801,,,1.4074760675430298,,
34,10803,,,1.379839539527893,,
34,10805,,,1.519593358039856,,
34,10807,,,1.2103956937789917,,
34,10809,,,1.4084521532058716,,
34,10811,,,1.2316604852676392,,
34,10813,,,0.9163323640823364,,
34,10815,,,1.2286626100540161,,
34,10817,,,1.272160291671753,,
34,10819,,,1.3206546306610107,,
34,10821,,,1.4220441579818726,,
34,10823,,,1.1985559463500977,,
34,10825,,,1.2540124654769897,,
34,10827,,,1.069505214691162,,
34,10829,,,1.336251139640808,,
34,10831,,,1.0587071180343628,,
34,10833,,,1.5723090171813965,,
34,10835,,,1.222206711769104,,
34,10837,,,1.369584083557129,,
34,10839,,,1.2458534240722656,,
34,10841,,,1.1993296146392822,,
34,10843,,,1.3350883722305298,,
34,10845,,,1.4116944074630737,,
34,10847,,,1.2914111614227295,,
34,10849,,,1.2953464984893799,,
34,10851,,,1.4207676649093628,,
34,10853,,,1.203450322151184,,
34,10855,,,1.5925102233886719,,
34,10857,,,1.2871261835098267,,
34,10859,,,1.3866801261901855,,
34,10861,,,1.1715234518051147,,
34,10863,,,1.2835019826889038,,
34,10865,,,1.3477243185043335,,
34,10867,,,1.268943190574646,,
34,10869,,,1.1383438110351562,,
34,10871,,,1.256158709526062,,
34,10873,,,1.3687297105789185,,
34,10875,,,1.344423532485962,,
34,10877,,,1.7940057516098022,,
34,10879,,,1.0738296508789062,,
34,10881,,,1.3718435764312744,,
34,10883,,,1.566280722618103,,
34,10885,,,1.3707122802734375,,
34,10887,,,1.3446578979492188,,
34,10889,,,1.2666378021240234,,
34,10891,,,1.355922818183899,,
34,10893,,,1.378799319267273,,
34,10895,,,1.331989049911499,,
34,10897,,,1.3547110557556152,,
34,10899,,,1.108533263206482,,
34,10901,,,1.3536232709884644,,
34,10903,,,1.3338568210601807,,
34,10905,,,1.4882324934005737,,
34,10907,,,1.2222310304641724,,
34,10909,,,1.1932357549667358,,
34,10911,,,1.4181017875671387,,
34,10913,,,1.350102424621582,,
34,10915,,,1.3922280073165894,,
34,10917,,,1.4390841722488403,,
34,10919,,,1.3097611665725708,,
34,10921,,,1.6732473373413086,,
34,10923,,,1.2060226202011108,,
34,10925,,,1.1565780639648438,,
34,10927,,,1.6894772052764893,,
34,10929,,,1.4793421030044556,,
34,10931,,,1.4745925664901733,,
34,10933,,,1.1796835660934448,,
34,10935,,,1.217595100402832,,
34,10937,,,1.1518462896347046,,
34,10939,,,1.1169120073318481,,
34,10941,,,1.2190184593200684,,
34,10943,,,1.1125667095184326,,
34,10945,,,1.285227656364441,,
34,10947,,,1.3467711210250854,,
34,10949,,,1.1030361652374268,,
34,10951,,,1.25715172290802,,
34,10953,,,1.4193382263183594,,
34,10954,,,,0.025750000029802322,110.629638671875
35,10955,,,1.1595784425735474,,
35,10957,,,1.2621424198150635,,
35,10959,,,1.1455376148223877,,
35,10961,,,1.3346869945526123,,
35,10963,,,1.2111964225769043,,
35,10965,,,1.676422357559204,,
35,10967,,,1.3027251958847046,,
35,10969,,,1.4915231466293335,,
35,10971,,,1.245715856552124,,
35,10973,,,1.4519314765930176,,
35,10975,,,1.310012936592102,,
35,10977,,,1.1657626628875732,,
35,10979,,,1.4309643507003784,,
35,10981,,,1.6632837057113647,,
35,10983,,,1.3487950563430786,,
35,10985,,,1.0092365741729736,,
35,10987,,,1.2144380807876587,,
35,10989,,,1.1752198934555054,,
35,10991,,,1.34857976436615,,
35,10993,,,1.0606589317321777,,
35,10995,,,1.238160490989685,,
35,10997,,,1.1761603355407715,,
35,10999,,,0.8882491588592529,,
35,11001,,,1.3331435918807983,,
35,11003,,,1.0244817733764648,,
35,11005,,,1.4009276628494263,,
35,11007,,,1.3097895383834839,,
35,11009,,,1.187327265739441,,
35,11011,,,1.136033058166504,,
35,11013,,,1.2867240905761719,,
35,11015,,,1.4080870151519775,,
35,11017,,,1.0832903385162354,,
35,11019,,,1.233903169631958,,
35,11021,,,1.5350804328918457,,
35,11023,,,1.3357279300689697,,
35,11025,,,1.3610066175460815,,
35,11027,,,1.3091295957565308,,
35,11029,,,1.1067413091659546,,
35,11031,,,1.390096664428711,,
35,11033,,,1.3562623262405396,,
35,11035,,,1.3697757720947266,,
35,11037,,,1.2863194942474365,,
35,11039,,,1.6372857093811035,,
35,11041,,,1.2950464487075806,,
35,11043,,,1.304438829421997,,
35,11045,,,1.1577064990997314,,
35,11047,,,1.281511664390564,,
35,11049,,,1.2267996072769165,,
35,11051,,,1.4124119281768799,,
35,11053,,,1.4381269216537476,,
35,11055,,,1.043804407119751,,
35,11057,,,1.1585986614227295,,
35,11059,,,1.3282349109649658,,
35,11061,,,1.1879619359970093,,
35,11063,,,1.3166821002960205,,
35,11065,,,1.333983302116394,,
35,11067,,,1.357975721359253,,
35,11069,,,1.4654972553253174,,
35,11071,,,1.3993861675262451,,
35,11073,,,1.388814926147461,,
35,11075,,,1.4004169702529907,,
35,11077,,,1.0943834781646729,,
35,11079,,,1.146791696548462,,
35,11081,,,1.4123073816299438,,
35,11083,,,1.2897957563400269,,
35,11085,,,1.217512607574463,,
35,11087,,,2.326298952102661,,
35,11089,,,1.1278400421142578,,
35,11091,,,1.4704185724258423,,
35,11093,,,1.196101188659668,,
35,11095,,,1.081911563873291,,
35,11097,,,1.106484293937683,,
35,11099,,,1.210436224937439,,
35,11101,,,1.1411380767822266,,
35,11103,,,1.2545324563980103,,
35,11105,,,1.2113893032073975,,
35,11107,,,1.277219533920288,,
35,11109,,,1.2518047094345093,,
35,11111,,,1.5100475549697876,,
35,11113,,,1.2977006435394287,,
35,11115,,,1.4099010229110718,,
35,11117,,,1.1327238082885742,,
35,11119,,,1.55828857421875,,
35,11121,,,1.2721022367477417,,
35,11123,,,1.3009750843048096,,
35,11125,,,1.398333191871643,,
35,11127,,,1.710456132888794,,
35,11129,,,1.3243829011917114,,
35,11131,,,1.3326361179351807,,
35,11133,,,1.1702232360839844,,
35,11135,,,1.4107495546340942,,
35,11137,,,1.2852946519851685,,
35,11139,,,1.4083143472671509,,
35,11141,,,1.6041297912597656,,
35,11143,,,1.3892320394515991,,
35,11145,,,1.2398344278335571,,
35,11147,,,1.1882128715515137,,
35,11149,,,1.179079532623291,,
35,11151,,,1.2693443298339844,,
35,11153,,,1.3723965883255005,,
35,11155,,,1.2944307327270508,,
35,11157,,,1.4155793190002441,,
35,11159,,,1.2315806150436401,,
35,11161,,,1.279921054840088,,
35,11163,,,1.6771880388259888,,
35,11165,,,1.3845432996749878,,
35,11167,,,1.4733364582061768,,
35,11169,,,1.3556606769561768,,
35,11171,,,1.3008770942687988,,
35,11173,,,1.5186636447906494,,
35,11175,,,1.2090237140655518,,
35,11177,,,1.0329053401947021,,
35,11179,,,1.4525703191757202,,
35,11181,,,1.3132625818252563,,
35,11183,,,1.2667368650436401,,
35,11185,,,1.2031041383743286,,
35,11187,,,1.3156092166900635,,
35,11189,,,1.2814313173294067,,
35,11191,,,1.3147153854370117,,
35,11193,,,1.1275367736816406,,
35,11195,,,1.5984504222869873,,
35,11197,,,1.2534055709838867,,
35,11199,,,1.194935917854309,,
35,11201,,,1.3739811182022095,,
35,11203,,,1.3798633813858032,,
35,11205,,,1.206876516342163,,
35,11207,,,1.3900601863861084,,
35,11209,,,1.1405203342437744,,
35,11211,,,0.9874430894851685,,
35,11213,,,1.3212836980819702,,
35,11215,,,1.4925103187561035,,
35,11217,,,1.0451604127883911,,
35,11219,,,1.2525233030319214,,
35,11221,,,1.1799595355987549,,
35,11223,,,1.0542014837265015,,
35,11225,,,1.4218852519989014,,
35,11227,,,1.407800316810608,,
35,11229,,,1.5621405839920044,,
35,11231,,,1.0297768115997314,,
35,11233,,,1.2068192958831787,,
35,11235,,,1.2256126403808594,,
35,11237,,,1.3576463460922241,,
35,11239,,,1.2806180715560913,,
35,11241,,,1.5570722818374634,,
35,11243,,,1.2215452194213867,,
35,11245,,,1.517296552658081,,
35,11247,,,1.384948492050171,,
35,11249,,,1.217774748802185,,
35,11251,,,1.4411333799362183,,
35,11253,,,1.2920607328414917,,
35,11255,,,1.4205214977264404,,
35,11257,,,1.1508768796920776,,
35,11259,,,1.1327918767929077,,
35,11261,,,1.4673066139221191,,
35,11263,,,1.7646243572235107,,
35,11265,,,1.2487447261810303,,
35,11267,,,1.2168251276016235,,
35,11267,,,,0.2179500013589859,183.91505432128906
36,11269,,,1.2082105875015259,,
36,11271,,,1.196065902709961,,
36,11273,,,1.3440099954605103,,
36,11275,,,1.408811092376709,,
36,11277,,,1.8986880779266357,,
36,11279,,,1.352882742881775,,
36,11281,,,1.4648334980010986,,
36,11283,,,1.305190920829773,,
36,11285,,,1.2119121551513672,,
36,11287,,,1.2524666786193848,,
36,11289,,,1.3943926095962524,,
36,11291,,,1.260472297668457,,
36,11293,,,1.571808934211731,,
36,11295,,,1.3143970966339111,,
36,11297,,,1.1358546018600464,,
36,11299,,,1.2067773342132568,,
36,11301,,,1.260338544845581,,
36,11303,,,1.1575403213500977,,
36,11305,,,1.434046983718872,,
36,11307,,,1.423654317855835,,
36,11309,,,1.0430396795272827,,
36,11311,,,1.1563093662261963,,
36,11313,,,1.034125804901123,,
36,11315,,,1.1119807958602905,,
36,11317,,,1.1240085363388062,,
36,11319,,,1.0534015893936157,,
36,11321,,,1.3373385667800903,,
36,11323,,,1.1444103717803955,,
36,11325,,,1.2648723125457764,,
36,11327,,,1.2261945009231567,,
36,11329,,,1.0877376794815063,,
36,11331,,,1.3525443077087402,,
36,11333,,,1.3434051275253296,,
36,11335,,,1.51544988155365,,
36,11337,,,1.0488288402557373,,
36,11339,,,1.662297010421753,,
36,11341,,,1.4580912590026855,,
36,11343,,,1.251602053642273,,
36,11345,,,0.9982603788375854,,
36,11347,,,1.493083119392395,,
36,11349,,,1.434769630432129,,
36,11351,,,1.358364224433899,,
36,11353,,,1.470436930656433,,
36,11355,,,1.2775845527648926,,
36,11357,,,1.1098390817642212,,
36,11359,,,1.1002832651138306,,
36,11361,,,1.8247392177581787,,
36,11363,,,1.2524374723434448,,
36,11365,,,1.0813158750534058,,
36,11367,,,1.4503116607666016,,
36,11369,,,1.2358253002166748,,
36,11371,,,1.3682351112365723,,
36,11373,,,1.312283992767334,,
36,11375,,,1.3864024877548218,,
36,11377,,,1.4151092767715454,,
36,11379,,,1.249953269958496,,
36,11381,,,1.2492735385894775,,
36,11383,,,1.4930639266967773,,
36,11385,,,1.264475703239441,,
36,11387,,,1.2851163148880005,,
36,11389,,,0.9571367502212524,,
36,11391,,,1.0566346645355225,,
36,11393,,,1.4257789850234985,,
36,11395,,,1.274878740310669,,
36,11397,,,1.4045003652572632,,
36,11399,,,1.3429616689682007,,
36,11401,,,0.8808621168136597,,
36,11403,,,1.4441945552825928,,
36,11405,,,1.2831330299377441,,
36,11407,,,1.1977901458740234,,
36,11409,,,1.5615155696868896,,
36,11411,,,0.9993448853492737,,
36,11413,,,1.410741925239563,,
36,11415,,,1.1855992078781128,,
36,11417,,,1.2398412227630615,,
36,11419,,,1.0624535083770752,,
36,11421,,,1.183897614479065,,
36,11423,,,1.2103792428970337,,
36,11425,,,1.4698601961135864,,
36,11427,,,1.413461685180664,,
36,11429,,,1.2887508869171143,,
36,11431,,,1.4203065633773804,,
36,11433,,,1.2308202981948853,,
36,11435,,,1.4514942169189453,,
36,11437,,,1.3589320182800293,,
36,11439,,,0.9301700592041016,,
36,11441,,,1.2173497676849365,,
36,11443,,,1.2328568696975708,,
36,11445,,,1.3519126176834106,,
36,11447,,,1.4055366516113281,,
36,11449,,,1.1586579084396362,,
36,11451,,,1.2121107578277588,,
36,11453,,,1.0260720252990723,,
36,11455,,,1.2951481342315674,,
36,11457,,,1.0742998123168945,,
36,11459,,,1.346493124961853,,
36,11461,,,1.1670440435409546,,
36,11463,,,1.385864496231079,,
36,11465,,,1.2493177652359009,,
36,11467,,,1.236559271812439,,
36,11469,,,1.3124409914016724,,
36,11471,,,1.3788105249404907,,
36,11473,,,1.4117107391357422,,
36,11475,,,1.3320958614349365,,
36,11477,,,1.4561036825180054,,
36,11479,,,1.1987961530685425,,
36,11481,,,1.5330617427825928,,
36,11483,,,1.3100441694259644,,
36,11485,,,1.374837875366211,,
36,11487,,,1.1926828622817993,,
36,11489,,,1.137619972229004,,
36,11491,,,1.2917966842651367,,
36,11493,,,1.259486436843872,,
36,11495,,,1.170181155204773,,
36,11497,,,1.197089433670044,,
36,11499,,,1.335742473602295,,
36,11501,,,1.2384601831436157,,
36,11503,,,1.9096237421035767,,
36,11505,,,1.0677030086517334,,
36,11507,,,1.3740941286087036,,
36,11509,,,1.5433660745620728,,
36,11511,,,1.4050806760787964,,
36,11513,,,1.3485709428787231,,
36,11515,,,1.262054204940796,,
36,11517,,,1.3518699407577515,,
36,11519,,,1.317817211151123,,
36,11521,,,1.3388606309890747,,
36,11523,,,1.4438642263412476,,
36,11525,,,1.089620590209961,,
36,11527,,,1.331703543663025,,
36,11529,,,1.312479019165039,,
36,11531,,,1.5198612213134766,,
36,11533,,,1.1444154977798462,,
36,11535,,,1.1947858333587646,,
36,11537,,,1.4113880395889282,,
36,11539,,,1.3239719867706299,,
36,11541,,,1.3688157796859741,,
36,11543,,,1.4774771928787231,,
36,11545,,,1.3033052682876587,,
36,11547,,,1.6624140739440918,,
36,11549,,,1.194268822669983,,
36,11551,,,1.0908746719360352,,
36,11553,,,1.6849850416183472,,
36,11555,,,1.5448603630065918,,
36,11557,,,1.4543696641921997,,
36,11559,,,1.1685879230499268,,
36,11561,,,1.1970560550689697,,
36,11563,,,1.217607021331787,,
36,11565,,,1.1579179763793945,,
36,11567,,,1.2535946369171143,,
36,11569,,,1.1091883182525635,,
36,11571,,,1.3032726049423218,,
36,11573,,,1.4028568267822266,,
36,11575,,,1.158890724182129,,
36,11577,,,1.259771466255188,,
36,11579,,,1.4590333700180054,,
36,11580,,,,0.46549999713897705,221.6331787109375
37,11581,,,1.1490848064422607,,
37,11583,,,1.2691158056259155,,
37,11585,,,1.1639238595962524,,
37,11587,,,1.283698558807373,,
37,11589,,,1.2580641508102417,,
37,11591,,,1.5342694520950317,,
37,11593,,,1.2859251499176025,,
37,11595,,,1.4805951118469238,,
37,11597,,,1.2467929124832153,,
37,11599,,,1.465501308441162,,
37,11601,,,1.3426369428634644,,
37,11603,,,1.170877456665039,,
37,11605,,,1.4610918760299683,,
37,11607,,,1.5797576904296875,,
37,11609,,,1.3566288948059082,,
37,11611,,,0.96966552734375,,
37,11613,,,1.2817057371139526,,
37,11615,,,1.171728253364563,,
37,11617,,,1.3424689769744873,,
37,11619,,,1.0994080305099487,,
37,11621,,,1.2387828826904297,,
37,11623,,,1.164429783821106,,
37,11625,,,0.9482071995735168,,
37,11627,,,1.3530925512313843,,
37,11629,,,0.9933554530143738,,
37,11631,,,1.4035365581512451,,
37,11633,,,1.1921967267990112,,
37,11635,,,1.1620615720748901,,
37,11637,,,1.1352524757385254,,
37,11639,,,1.2724603414535522,,
37,11641,,,1.3419960737228394,,
37,11643,,,1.1089601516723633,,
37,11645,,,1.2403759956359863,,
37,11647,,,1.4766982793807983,,
37,11649,,,1.3519461154937744,,
37,11651,,,1.386674165725708,,
37,11653,,,1.2896350622177124,,
37,11655,,,1.0972293615341187,,
37,11657,,,1.399375557899475,,
37,11659,,,1.3476691246032715,,
37,11661,,,1.4046918153762817,,
37,11663,,,1.284102201461792,,
37,11665,,,1.72476065158844,,
37,11667,,,1.2988502979278564,,
37,11669,,,1.32219660282135,,
37,11671,,,1.1834334135055542,,
37,11673,,,1.3284077644348145,,
37,11675,,,1.1648792028427124,,
37,11677,,,1.3652275800704956,,
37,11679,,,1.633204698562622,,
37,11681,,,1.0726836919784546,,
37,11683,,,1.2002010345458984,,
37,11685,,,1.3063851594924927,,
37,11687,,,1.1833391189575195,,
37,11689,,,1.3722397089004517,,
37,11691,,,1.3655933141708374,,
37,11693,,,1.2988561391830444,,
37,11695,,,1.517359733581543,,
37,11697,,,1.4740750789642334,,
37,11699,,,1.381695032119751,,
37,11701,,,1.4665446281433105,,
37,11703,,,1.1210911273956299,,
37,11705,,,1.1073150634765625,,
37,11707,,,1.403353214263916,,
37,11709,,,1.2543567419052124,,
37,11711,,,1.0877608060836792,,
37,11713,,,2.3338711261749268,,
37,11715,,,1.1362698078155518,,
37,11717,,,1.3565266132354736,,
37,11719,,,1.2854816913604736,,
37,11721,,,1.0860025882720947,,
37,11723,,,1.1754733324050903,,
37,11725,,,1.2135965824127197,,
37,11727,,,1.1945744752883911,,
37,11729,,,1.2810317277908325,,
37,11731,,,1.200956106185913,,
37,11733,,,1.303637981414795,,
37,11735,,,1.294543743133545,,
37,11737,,,1.4368382692337036,,
37,11739,,,1.2754981517791748,,
37,11741,,,1.4286726713180542,,
37,11743,,,1.090471863746643,,
37,11745,,,1.54642653465271,,
37,11747,,,1.3250869512557983,,
37,11749,,,1.323675513267517,,
37,11751,,,1.4421436786651611,,
37,11753,,,1.638277530670166,,
37,11755,,,1.2200895547866821,,
37,11757,,,1.2905360460281372,,
37,11759,,,1.1334187984466553,,
37,11761,,,1.3474293947219849,,
37,11763,,,1.1127820014953613,,
37,11765,,,1.4093025922775269,,
37,11767,,,1.6448603868484497,,
37,11769,,,1.349044680595398,,
37,11771,,,1.1695866584777832,,
37,11773,,,1.246472954750061,,
37,11775,,,1.1349129676818848,,
37,11777,,,1.2445054054260254,,
37,11779,,,1.336538553237915,,
37,11781,,,1.2671164274215698,,
37,11783,,,1.4050406217575073,,
37,11785,,,1.2155410051345825,,
37,11787,,,1.334257960319519,,
37,11789,,,1.6257541179656982,,
37,11791,,,1.3606493473052979,,
37,11793,,,1.3599016666412354,,
37,11795,,,1.3403700590133667,,
37,11797,,,1.2865663766860962,,
37,11799,,,1.4908783435821533,,
37,11801,,,1.1960158348083496,,
37,11803,,,0.9897680282592773,,
37,11805,,,1.6117908954620361,,
37,11807,,,1.3057844638824463,,
37,11809,,,1.2139649391174316,,
37,11811,,,1.1730877161026,,
37,11813,,,1.2650201320648193,,
37,11815,,,1.2514879703521729,,
37,11817,,,1.2876530885696411,,
37,11819,,,1.1070761680603027,,
37,11821,,,1.5813242197036743,,
37,11823,,,1.2384523153305054,,
37,11825,,,1.1806275844573975,,
37,11827,,,1.3641937971115112,,
37,11829,,,1.414587378501892,,
37,11831,,,1.2241439819335938,,
37,11833,,,1.3995672464370728,,
37,11835,,,1.1639071702957153,,
37,11837,,,0.9920318722724915,,
37,11839,,,1.3771750926971436,,
37,11841,,,1.5490819215774536,,
37,11843,,,1.0794744491577148,,
37,11845,,,1.2596389055252075,,
37,11847,,,1.2072796821594238,,
37,11849,,,1.1770488023757935,,
37,11851,,,1.3587182760238647,,
37,11853,,,1.443710207939148,,
37,11855,,,1.5191437005996704,,
37,11857,,,1.0721006393432617,,
37,11859,,,1.1945408582687378,,
37,11861,,,1.3773308992385864,,
37,11863,,,1.4122273921966553,,
37,11865,,,1.2861078977584839,,
37,11867,,,1.6209323406219482,,
37,11869,,,1.243043065071106,,
37,11871,,,1.5763745307922363,,
37,11873,,,1.3721635341644287,,
37,11875,,,1.229416847229004,,
37,11877,,,1.3858779668807983,,
37,11879,,,1.2728872299194336,,
37,11881,,,1.419998049736023,,
37,11883,,,1.141469955444336,,
37,11885,,,1.1505368947982788,,
37,11887,,,1.461166262626648,,
37,11889,,,1.6123008728027344,,
37,11891,,,1.2297406196594238,,
37,11893,,,1.4781310558319092,,
37,11893,,,,0.46549999713897705,210.57083129882812
38,11895,,,1.2274521589279175,,
38,11897,,,1.1898146867752075,,
38,11899,,,1.3344521522521973,,
38,11901,,,1.4022105932235718,,
38,11903,,,1.927786946296692,,
38,11905,,,1.3514955043792725,,
38,11907,,,1.4568519592285156,,
38,11909,,,1.2842204570770264,,
38,11911,,,1.1402641534805298,,
38,11913,,,1.2192169427871704,,
38,11915,,,1.3658803701400757,,
38,11917,,,1.2504007816314697,,
38,11919,,,1.5728940963745117,,
38,11921,,,1.4223051071166992,,
38,11923,,,1.3204569816589355,,
38,11925,,,1.2581642866134644,,
38,11927,,,1.3259897232055664,,
38,11929,,,1.1575697660446167,,
38,11931,,,1.3804155588150024,,
38,11933,,,1.4378200769424438,,
38,11935,,,1.0149186849594116,,
38,11937,,,1.1650068759918213,,
38,11939,,,1.012939691543579,,
38,11941,,,1.1205941438674927,,
38,11943,,,1.2069579362869263,,
38,11945,,,1.1051183938980103,,
38,11947,,,1.3164483308792114,,
38,11949,,,1.0759080648422241,,
38,11951,,,1.2629414796829224,,
38,11953,,,1.2459579706192017,,
38,11955,,,1.0928053855895996,,
38,11957,,,1.4125087261199951,,
38,11959,,,1.2838597297668457,,
38,11961,,,1.5157359838485718,,
38,11963,,,0.9797172546386719,,
38,11965,,,1.6165437698364258,,
38,11967,,,1.3967342376708984,,
38,11969,,,1.2365853786468506,,
38,11971,,,0.9854784607887268,,
38,11973,,,1.4615191221237183,,
38,11975,,,1.362752079963684,,
38,11977,,,1.3907135725021362,,
38,11979,,,1.4843415021896362,,
38,11981,,,1.3009899854660034,,
38,11983,,,1.0804537534713745,,
38,11985,,,1.1160606145858765,,
38,11987,,,1.7615240812301636,,
38,11989,,,1.2968850135803223,,
38,11991,,,1.0665290355682373,,
38,11993,,,1.5479419231414795,,
38,11995,,,1.2392340898513794,,
38,11997,,,1.3666906356811523,,
38,11999,,,1.3944730758666992,,
38,12001,,,1.5501673221588135,,
38,12003,,,1.3480403423309326,,
38,12005,,,1.2217713594436646,,
38,12007,,,1.1988072395324707,,
38,12009,,,1.460235834121704,,
38,12011,,,1.2539008855819702,,
38,12013,,,1.2205413579940796,,
38,12015,,,1.0293084383010864,,
38,12017,,,1.0994868278503418,,
38,12019,,,1.4433047771453857,,
38,12021,,,1.1808185577392578,,
38,12023,,,1.3513020277023315,,
38,12025,,,1.3236136436462402,,
38,12027,,,0.8903263211250305,,
38,12029,,,1.5372776985168457,,
38,12031,,,1.3199330568313599,,
38,12033,,,1.3462798595428467,,
38,12035,,,1.5328129529953003,,
38,12037,,,0.9689786434173584,,
38,12039,,,1.4217109680175781,,
38,12041,,,1.1520719528198242,,
38,12043,,,1.2389991283416748,,
38,12045,,,1.0943795442581177,,
38,12047,,,1.17135751247406,,
38,12049,,,1.132785677909851,,
38,12051,,,1.4297722578048706,,
38,12053,,,1.4054371118545532,,
38,12055,,,1.3130477666854858,,
38,12057,,,1.5025333166122437,,
38,12059,,,1.2447453737258911,,
38,12061,,,1.4706147909164429,,
38,12063,,,1.2206538915634155,,
38,12065,,,0.942799985408783,,
38,12067,,,1.231826901435852,,
38,12069,,,1.2178045511245728,,
38,12071,,,1.322737455368042,,
38,12073,,,1.3603930473327637,,
38,12075,,,1.134186029434204,,
38,12077,,,1.2313064336776733,,
38,12079,,,1.008608341217041,,
38,12081,,,1.2845096588134766,,
38,12083,,,1.0830719470977783,,
38,12085,,,1.4199135303497314,,
38,12087,,,1.1755300760269165,,
38,12089,,,1.352787733078003,,
38,12091,,,1.2109148502349854,,
38,12093,,,1.2592939138412476,,
38,12095,,,1.3925820589065552,,
38,12097,,,1.4164167642593384,,
38,12099,,,1.34933340549469,,
38,12101,,,1.2945454120635986,,
38,12103,,,1.460341215133667,,
38,12105,,,1.2144001722335815,,
38,12107,,,1.5435290336608887,,
38,12109,,,1.2900546789169312,,
38,12111,,,1.3835375308990479,,
38,12113,,,1.1040904521942139,,
38,12115,,,1.1898232698440552,,
38,12117,,,1.3079240322113037,,
38,12119,,,1.2927289009094238,,
38,12121,,,1.1465779542922974,,
38,12123,,,1.238921880722046,,
38,12125,,,1.376859188079834,,
38,12127,,,1.2799181938171387,,
38,12129,,,1.8967870473861694,,
38,12131,,,1.0930708646774292,,
38,12133,,,1.3563274145126343,,
38,12135,,,1.4545801877975464,,
38,12137,,,1.3537126779556274,,
38,12139,,,1.3575594425201416,,
38,12141,,,1.2824879884719849,,
38,12143,,,1.3705837726593018,,
38,12145,,,1.403143048286438,,
38,12147,,,1.350630283355713,,
38,12149,,,1.409134030342102,,
38,12151,,,1.1114823818206787,,
38,12153,,,1.338272213935852,,
38,12155,,,1.2990703582763672,,
38,12157,,,1.5048810243606567,,
38,12159,,,1.1390219926834106,,
38,12161,,,1.203682780265808,,
38,12163,,,1.4086464643478394,,
38,12165,,,1.3253573179244995,,
38,12167,,,1.4032469987869263,,
38,12169,,,1.44576096534729,,
38,12171,,,1.3042755126953125,,
38,12173,,,1.786784052848816,,
38,12175,,,1.1825597286224365,,
38,12177,,,1.244685411453247,,
38,12179,,,1.6846861839294434,,
38,12181,,,1.516505241394043,,
38,12183,,,1.4226508140563965,,
38,12185,,,1.2049673795700073,,
38,12187,,,1.1745234727859497,,
38,12189,,,1.1777037382125854,,
38,12191,,,1.0992894172668457,,
38,12193,,,1.2071397304534912,,
38,12195,,,1.1502512693405151,,
38,12197,,,1.2798749208450317,,
38,12199,,,1.3532904386520386,,
38,12201,,,1.133475661277771,,
38,12203,,,1.2742401361465454,,
38,12205,,,1.3609137535095215,,
38,12206,,,,0.31859999895095825,115.10721588134766
39,12207,,,1.1960886716842651,,
39,12209,,,1.2621031999588013,,
39,12211,,,1.1288731098175049,,
39,12213,,,1.313306450843811,,
39,12215,,,1.2330878973007202,,
39,12217,,,1.6255441904067993,,
39,12219,,,1.3011382818222046,,
39,12221,,,1.419004201889038,,
39,12223,,,1.2168477773666382,,
39,12225,,,1.4725836515426636,,
39,12227,,,1.3081668615341187,,
39,12229,,,1.155224323272705,,
39,12231,,,1.465299367904663,,
39,12233,,,1.6334419250488281,,
39,12235,,,1.3475244045257568,,
39,12237,,,1.0407897233963013,,
39,12239,,,1.262717366218567,,
39,12241,,,1.1832739114761353,,
39,12243,,,1.32989501953125,,
39,12245,,,1.0619921684265137,,
39,12247,,,1.2158209085464478,,
39,12249,,,1.1254632472991943,,
39,12251,,,0.9152585864067078,,
39,12253,,,1.3246203660964966,,
39,12255,,,0.9823429584503174,,
39,12257,,,1.46787428855896,,
39,12259,,,1.2294152975082397,,
39,12261,,,1.1661807298660278,,
39,12263,,,1.1226400136947632,,
39,12265,,,1.2927277088165283,,
39,12267,,,1.3092741966247559,,
39,12269,,,1.097604513168335,,
39,12271,,,1.224374771118164,,
39,12273,,,1.4254618883132935,,
39,12275,,,1.2203636169433594,,
39,12277,,,1.3537622690200806,,
39,12279,,,1.2544763088226318,,
39,12281,,,1.1076821088790894,,
39,12283,,,1.374148964881897,,
39,12285,,,1.320760726928711,,
39,12287,,,1.3218443393707275,,
39,12289,,,1.2747005224227905,,
39,12291,,,1.6049222946166992,,
39,12293,,,1.318701982498169,,
39,12295,,,1.2913177013397217,,
39,12297,,,1.1602213382720947,,
39,12299,,,1.3066152334213257,,
39,12301,,,1.155802607536316,,
39,12303,,,1.3783462047576904,,
39,12305,,,1.4940067529678345,,
39,12307,,,1.0455700159072876,,
39,12309,,,1.1960924863815308,,
39,12311,,,1.274053692817688,,
39,12313,,,1.196020483970642,,
39,12315,,,1.3477684259414673,,
39,12317,,,1.2456598281860352,,
39,12319,,,1.4005573987960815,,
39,12321,,,1.5074868202209473,,
39,12323,,,1.4104421138763428,,
39,12325,,,1.3650026321411133,,
39,12327,,,1.3697218894958496,,
39,12329,,,1.0757662057876587,,
39,12331,,,1.1612052917480469,,
39,12333,,,1.3956427574157715,,
39,12335,,,1.2498278617858887,,
39,12337,,,1.0918644666671753,,
39,12339,,,2.4313857555389404,,
39,12341,,,1.1256407499313354,,
39,12343,,,1.5290995836257935,,
39,12345,,,1.179036021232605,,
39,12347,,,1.1049525737762451,,
39,12349,,,1.1119005680084229,,
39,12351,,,1.203418254852295,,
39,12353,,,1.1371259689331055,,
39,12355,,,1.2901283502578735,,
39,12357,,,1.20725417137146,,
39,12359,,,1.2635540962219238,,
39,12361,,,1.2844089269638062,,
39,12363,,,1.455773115158081,,
39,12365,,,1.2226502895355225,,
39,12367,,,1.389050841331482,,
39,12369,,,1.0056421756744385,,
39,12371,,,1.6010537147521973,,
39,12373,,,1.3048691749572754,,
39,12375,,,1.312538504600525,,
39,12377,,,1.436519742012024,,
39,12379,,,1.702829360961914,,
39,12381,,,1.208869457244873,,
39,12383,,,1.3166227340698242,,
39,12385,,,1.1836316585540771,,
39,12387,,,1.3566570281982422,,
39,12389,,,1.1458550691604614,,
39,12391,,,1.3693768978118896,,
39,12393,,,1.6348973512649536,,
39,12395,,,1.4019956588745117,,
39,12397,,,1.1136151552200317,,
39,12399,,,1.2161610126495361,,
39,12401,,,1.126906394958496,,
39,12403,,,1.2219480276107788,,
39,12405,,,1.3259531259536743,,
39,12407,,,1.27493155002594,,
39,12409,,,1.4342362880706787,,
39,12411,,,1.2059178352355957,,
39,12413,,,1.241359829902649,,
39,12415,,,1.7443161010742188,,
39,12417,,,1.4503247737884521,,
39,12419,,,1.3816934823989868,,
39,12421,,,1.3495514392852783,,
39,12423,,,1.2569975852966309,,
39,12425,,,1.4576419591903687,,
39,12427,,,1.168169617652893,,
39,12429,,,1.0244909524917603,,
39,12431,,,1.6194342374801636,,
39,12433,,,1.3067668676376343,,
39,12435,,,1.2140754461288452,,
39,12437,,,1.169175148010254,,
39,12439,,,1.460929274559021,,
39,12441,,,1.2535746097564697,,
39,12443,,,1.2613035440444946,,
39,12445,,,1.0970886945724487,,
39,12447,,,1.5912318229675293,,
39,12449,,,1.2445876598358154,,
39,12451,,,1.1974828243255615,,
39,12453,,,1.342901349067688,,
39,12455,,,1.4076834917068481,,
39,12457,,,1.2153656482696533,,
39,12459,,,1.4390907287597656,,
39,12461,,,1.1340795755386353,,
39,12463,,,0.9943627715110779,,
39,12465,,,1.3708913326263428,,
39,12467,,,1.587754487991333,,
39,12469,,,1.0402181148529053,,
39,12471,,,1.2488735914230347,,
39,12473,,,1.1726223230361938,,
39,12475,,,1.0796430110931396,,
39,12477,,,1.3651202917099,,
39,12479,,,1.3899487257003784,,
39,12481,,,1.5944550037384033,,
39,12483,,,1.1011946201324463,,
39,12485,,,1.2500700950622559,,
39,12487,,,1.277941346168518,,
39,12489,,,1.3779882192611694,,
39,12491,,,1.2976007461547852,,
39,12493,,,1.5893479585647583,,
39,12495,,,1.2170013189315796,,
39,12497,,,1.4876028299331665,,
39,12499,,,1.328086495399475,,
39,12501,,,1.1878151893615723,,
39,12503,,,1.4389456510543823,,
39,12505,,,1.2407869100570679,,
39,12507,,,1.3951247930526733,,
39,12509,,,1.144677758216858,,
39,12511,,,1.1509082317352295,,
39,12513,,,1.4611783027648926,,
39,12515,,,1.5706318616867065,,
39,12517,,,1.2054282426834106,,
39,12519,,,1.1900770664215088,,
39,12519,,,,0.004999999888241291,56.07806396484375
40,12521,,,1.2279292345046997,,
40,12523,,,1.179538369178772,,
40,12525,,,1.2862067222595215,,
40,12527,,,1.3824008703231812,,
40,12529,,,1.8235207796096802,,
40,12531,,,1.315798044204712,,
40,12533,,,1.4730159044265747,,
40,12535,,,1.2732535600662231,,
40,12537,,,1.1757831573486328,,
40,12539,,,1.2634614706039429,,
40,12541,,,1.2559733390808105,,
40,12543,,,1.2672665119171143,,
40,12545,,,1.6042721271514893,,
40,12547,,,1.317762851715088,,
40,12549,,,1.0681438446044922,,
40,12551,,,1.220705509185791,,
40,12553,,,1.2672147750854492,,
40,12555,,,1.1699657440185547,,
40,12557,,,1.3955482244491577,,
40,12559,,,1.4095319509506226,,
40,12561,,,1.0364586114883423,,
40,12563,,,1.165852665901184,,
40,12565,,,1.0568301677703857,,
40,12567,,,1.1468454599380493,,
40,12569,,,1.1461001634597778,,
40,12571,,,1.0672788619995117,,
40,12573,,,1.3642417192459106,,
40,12575,,,1.1505047082901,,
40,12577,,,1.251111626625061,,
40,12579,,,1.1652370691299438,,
40,12581,,,1.0894527435302734,,
40,12583,,,1.3217260837554932,,
40,12585,,,1.3070255517959595,,
40,12587,,,1.5192337036132812,,
40,12589,,,0.9966739416122437,,
40,12591,,,1.653724193572998,,
40,12593,,,1.4544368982315063,,
40,12595,,,1.2357466220855713,,
40,12597,,,0.9817073941230774,,
40,12599,,,1.524420976638794,,
40,12601,,,1.3724896907806396,,
40,12603,,,1.4150168895721436,,
40,12605,,,1.450825572013855,,
40,12607,,,1.2794430255889893,,
40,12609,,,1.0989028215408325,,
40,12611,,,1.0846773386001587,,
40,12613,,,1.8647164106369019,,
40,12615,,,1.3033989667892456,,
40,12617,,,1.1128958463668823,,
40,12619,,,1.3849222660064697,,
40,12621,,,1.2808938026428223,,
40,12623,,,1.3661234378814697,,
40,12625,,,1.2617661952972412,,
40,12627,,,1.5190293788909912,,
40,12629,,,1.340340256690979,,
40,12631,,,1.268904447555542,,
40,12633,,,1.2128667831420898,,
40,12635,,,1.3702751398086548,,
40,12637,,,1.2633577585220337,,
40,12639,,,1.2167832851409912,,
40,12641,,,1.0573010444641113,,
40,12643,,,1.052019715309143,,
40,12645,,,1.437733769416809,,
40,12647,,,1.1755149364471436,,
40,12649,,,1.3863006830215454,,
40,12651,,,1.3171234130859375,,
40,12653,,,0.8833604454994202,,
40,12655,,,1.715315580368042,,
40,12657,,,1.3459454774856567,,
40,12659,,,1.1954272985458374,,
40,12661,,,1.4917839765548706,,
40,12663,,,1.0012619495391846,,
40,12665,,,1.3648182153701782,,
40,12667,,,1.184354305267334,,
40,12669,,,1.281131625175476,,
40,12671,,,1.099169373512268,,
40,12673,,,1.196159839630127,,
40,12675,,,1.1935865879058838,,
40,12677,,,1.4317313432693481,,
40,12679,,,1.3965882062911987,,
40,12681,,,1.334017038345337,,
40,12683,,,1.481900930404663,,
40,12685,,,1.245500087738037,,
40,12687,,,1.5110862255096436,,
40,12689,,,1.2616794109344482,,
40,12691,,,0.9396925568580627,,
40,12693,,,1.2323435544967651,,
40,12695,,,1.2117564678192139,,
40,12697,,,1.323404312133789,,
40,12699,,,1.370790719985962,,
40,12701,,,1.125406265258789,,
40,12703,,,1.2039705514907837,,
40,12705,,,1.0473915338516235,,
40,12707,,,1.2482211589813232,,
40,12709,,,1.0623184442520142,,
40,12711,,,1.6428930759429932,,
40,12713,,,1.162890911102295,,
40,12715,,,1.3708690404891968,,
40,12717,,,1.2406359910964966,,
40,12719,,,1.2076390981674194,,
40,12721,,,1.3153611421585083,,
40,12723,,,1.3924331665039062,,
40,12725,,,1.3402222394943237,,
40,12727,,,1.2924015522003174,,
40,12729,,,1.4531069993972778,,
40,12731,,,1.2088801860809326,,
40,12733,,,1.4709908962249756,,
40,12735,,,1.2951239347457886,,
40,12737,,,1.3565927743911743,,
40,12739,,,1.2160663604736328,,
40,12741,,,1.1698724031448364,,
40,12743,,,1.2885138988494873,,
40,12745,,,1.2789689302444458,,
40,12747,,,1.1410198211669922,,
40,12749,,,1.2322490215301514,,
40,12751,,,1.406796932220459,,
40,12753,,,1.2579941749572754,,
40,12755,,,1.860105276107788,,
40,12757,,,1.0444233417510986,,
40,12759,,,1.3393527269363403,,
40,12761,,,1.4896975755691528,,
40,12763,,,1.3388378620147705,,
40,12765,,,1.3118857145309448,,
40,12767,,,1.325238585472107,,
40,12769,,,1.3527518510818481,,
40,12771,,,1.344081997871399,,
40,12773,,,1.3451621532440186,,
40,12775,,,1.3808969259262085,,
40,12777,,,1.086446762084961,,
40,12779,,,1.2725293636322021,,
40,12781,,,1.3200016021728516,,
40,12783,,,1.5036048889160156,,
40,12785,,,1.1520007848739624,,
40,12787,,,1.1532222032546997,,
40,12789,,,1.378884196281433,,
40,12791,,,1.3097047805786133,,
40,12793,,,1.3454316854476929,,
40,12795,,,1.3863706588745117,,
40,12797,,,1.2987117767333984,,
40,12799,,,1.720091700553894,,
40,12801,,,1.175950527191162,,
40,12803,,,1.1245667934417725,,
40,12805,,,1.653688907623291,,
40,12807,,,1.5795106887817383,,
40,12809,,,1.4245737791061401,,
40,12811,,,1.2271790504455566,,
40,12813,,,1.1981452703475952,,
40,12815,,,1.08782160282135,,
40,12817,,,1.186661720275879,,
40,12819,,,1.1796830892562866,,
40,12821,,,1.1272627115249634,,
40,12823,,,1.2857898473739624,,
40,12825,,,1.3243014812469482,,
40,12827,,,1.0956465005874634,,
40,12829,,,1.287543773651123,,
40,12831,,,1.3796849250793457,,
40,12832,,,,0.46549999713897705,34.07585906982422
41,12833,,,1.2126678228378296,,
41,12835,,,1.2220193147659302,,
41,12837,,,1.133250117301941,,
41,12839,,,1.2628060579299927,,
41,12841,,,1.1793774366378784,,
41,12843,,,1.5925523042678833,,
41,12845,,,1.2690989971160889,,
41,12847,,,1.4599963426589966,,
41,12849,,,1.253427505493164,,
41,12851,,,1.4796849489212036,,
41,12853,,,1.3042359352111816,,
41,12855,,,1.1463428735733032,,
41,12857,,,1.502694845199585,,
41,12859,,,1.569872260093689,,
41,12861,,,1.3246644735336304,,
41,12863,,,0.9526141285896301,,
41,12865,,,1.284293532371521,,
41,12867,,,1.1138588190078735,,
41,12869,,,1.3547438383102417,,
41,12871,,,1.0858113765716553,,
41,12873,,,1.2134740352630615,,
41,12875,,,1.1534243822097778,,
41,12877,,,0.8934931755065918,,
41,12879,,,1.3109291791915894,,
41,12881,,,0.9588420987129211,,
41,12883,,,1.4477938413619995,,
41,12885,,,1.2191956043243408,,
41,12887,,,1.182648777961731,,
41,12889,,,1.0497461557388306,,
41,12891,,,1.2683957815170288,,
41,12893,,,1.3665597438812256,,
41,12895,,,1.06308913230896,,
41,12897,,,1.216282844543457,,
41,12899,,,1.4427669048309326,,
41,12901,,,1.3072736263275146,,
41,12903,,,1.325976848602295,,
41,12905,,,1.2683038711547852,,
41,12907,,,1.1463627815246582,,
41,12909,,,1.3717408180236816,,
41,12911,,,1.3610050678253174,,
41,12913,,,1.3933558464050293,,
41,12915,,,1.2721611261367798,,
41,12917,,,1.5820140838623047,,
41,12919,,,1.3297076225280762,,
41,12921,,,1.2927662134170532,,
41,12923,,,1.1586040258407593,,
41,12925,,,1.3485400676727295,,
41,12927,,,1.2725398540496826,,
41,12929,,,1.4085628986358643,,
41,12931,,,1.5015949010849,,
41,12933,,,1.054721713066101,,
41,12935,,,1.1637784242630005,,
41,12937,,,1.2935694456100464,,
41,12939,,,1.1736363172531128,,
41,12941,,,1.3366575241088867,,
41,12943,,,1.218056559562683,,
41,12945,,,1.332639217376709,,
41,12947,,,1.454982876777649,,
41,12949,,,1.420352816581726,,
41,12951,,,1.3475135564804077,,
41,12953,,,1.4601401090621948,,
41,12955,,,1.110036849975586,,
41,12957,,,1.146572232246399,,
41,12959,,,1.2802139520645142,,
41,12961,,,1.2490900754928589,,
41,12963,,,1.0810056924819946,,
41,12965,,,2.076688766479492,,
41,12967,,,1.1892775297164917,,
41,12969,,,1.3079426288604736,,
41,12971,,,1.2237919569015503,,
41,12973,,,1.0859565734863281,,
41,12975,,,1.1096075773239136,,
41,12977,,,1.1734755039215088,,
41,12979,,,1.2340654134750366,,
41,12981,,,1.2278341054916382,,
41,12983,,,1.2382140159606934,,
41,12985,,,1.283013105392456,,
41,12987,,,1.265570878982544,,
41,12989,,,1.434662103652954,,
41,12991,,,1.2672847509384155,,
41,12993,,,1.353769063949585,,
41,12995,,,1.095839262008667,,
41,12997,,,1.4881038665771484,,
41,12999,,,1.2829376459121704,,
41,13001,,,1.271061658859253,,
41,13003,,,1.4009219408035278,,
41,13005,,,1.5420483350753784,,
41,13007,,,1.2447810173034668,,
41,13009,,,1.3114360570907593,,
41,13011,,,1.1908198595046997,,
41,13013,,,1.3393213748931885,,
41,13015,,,1.114180564880371,,
41,13017,,,1.3740817308425903,,
41,13019,,,1.5577588081359863,,
41,13021,,,1.3708494901657104,,
41,13023,,,1.182797908782959,,
41,13025,,,1.2300832271575928,,
41,13027,,,1.1254960298538208,,
41,13029,,,1.2128101587295532,,
41,13031,,,1.3022260665893555,,
41,13033,,,1.2847676277160645,,
41,13035,,,1.3878308534622192,,
41,13037,,,1.2536693811416626,,
41,13039,,,1.4112967252731323,,
41,13041,,,1.737120270729065,,
41,13043,,,1.3711620569229126,,
41,13045,,,1.4686280488967896,,
41,13047,,,1.2714987993240356,,
41,13049,,,1.284303069114685,,
41,13051,,,1.4591714143753052,,
41,13053,,,1.171341061592102,,
41,13055,,,0.9929019212722778,,
41,13057,,,1.6089009046554565,,
41,13059,,,1.3425689935684204,,
41,13061,,,1.2316566705703735,,
41,13063,,,1.1499778032302856,,
41,13065,,,1.3538148403167725,,
41,13067,,,1.2569713592529297,,
41,13069,,,1.28121817111969,,
41,13071,,,1.089721441268921,,
41,13073,,,1.457749605178833,,
41,13075,,,1.2072136402130127,,
41,13077,,,1.189598798751831,,
41,13079,,,1.3792041540145874,,
41,13081,,,1.3814632892608643,,
41,13083,,,1.2087771892547607,,
41,13085,,,1.3882650136947632,,
41,13087,,,1.1947643756866455,,
41,13089,,,0.982113242149353,,
41,13091,,,1.4021493196487427,,
41,13093,,,1.4184484481811523,,
41,13095,,,1.0892860889434814,,
41,13097,,,1.2623111009597778,,
41,13099,,,1.1206470727920532,,
41,13101,,,1.0575944185256958,,
41,13103,,,1.3332958221435547,,
41,13105,,,1.451534390449524,,
41,13107,,,1.480501413345337,,
41,13109,,,0.9793280959129333,,
41,13111,,,1.220770001411438,,
41,13113,,,1.2805989980697632,,
41,13115,,,1.4055876731872559,,
41,13117,,,1.3211328983306885,,
41,13119,,,1.5776089429855347,,
41,13121,,,1.2475197315216064,,
41,13123,,,1.532081127166748,,
41,13125,,,1.3203977346420288,,
41,13127,,,1.2757834196090698,,
41,13129,,,1.3282699584960938,,
41,13131,,,1.2410292625427246,,
41,13133,,,1.3046982288360596,,
41,13135,,,1.1177771091461182,,
41,13137,,,1.1360676288604736,,
41,13139,,,1.4133341312408447,,
41,13141,,,1.578025460243225,,
41,13143,,,1.2446420192718506,,
41,13145,,,1.0719012022018433,,
41,13145,,,,0.1907999962568283,236.0478515625
42,13147,,,1.157173991203308,,
42,13149,,,1.1748448610305786,,
42,13151,,,1.289058804512024,,
42,13153,,,1.3715015649795532,,
42,13155,,,1.8613379001617432,,
42,13157,,,1.3605958223342896,,
42,13159,,,1.4746208190917969,,
42,13161,,,1.288463830947876,,
42,13163,,,1.1391938924789429,,
42,13165,,,1.2636590003967285,,
42,13167,,,1.2598810195922852,,
42,13169,,,1.2653933763504028,,
42,13171,,,1.5164457559585571,,
42,13173,,,1.3219844102859497,,
42,13175,,,1.0501682758331299,,
42,13177,,,1.230790615081787,,
42,13179,,,1.2162730693817139,,
42,13181,,,1.1477118730545044,,
42,13183,,,1.3954744338989258,,
42,13185,,,1.4918309450149536,,
42,13187,,,1.0095587968826294,,
42,13189,,,1.1669384241104126,,
42,13191,,,1.0079458951950073,,
42,13193,,,1.0970956087112427,,
42,13195,,,1.1289184093475342,,
42,13197,,,1.0474915504455566,,
42,13199,,,1.3342289924621582,,
42,13201,,,1.1031914949417114,,
42,13203,,,1.2831014394760132,,
42,13205,,,1.3069466352462769,,
42,13207,,,1.0821112394332886,,
42,13209,,,1.3011173009872437,,
42,13211,,,1.2854974269866943,,
42,13213,,,1.449264645576477,,
42,13215,,,1.0280728340148926,,
42,13217,,,1.66514253616333,,
42,13219,,,1.4200094938278198,,
42,13221,,,1.2293204069137573,,
42,13223,,,0.9641340374946594,,
42,13225,,,1.4267431497573853,,
42,13227,,,1.373947262763977,,
42,13229,,,1.4345227479934692,,
42,13231,,,1.4547991752624512,,
42,13233,,,1.2784572839736938,,
42,13235,,,1.0820844173431396,,
42,13237,,,1.0945935249328613,,
42,13239,,,1.6904507875442505,,
42,13241,,,1.2689703702926636,,
42,13243,,,1.088754415512085,,
42,13245,,,1.4320330619812012,,
42,13247,,,1.3025729656219482,,
42,13249,,,1.309775948524475,,
42,13251,,,1.3200620412826538,,
42,13253,,,1.4582210779190063,,
42,13255,,,1.3791660070419312,,
42,13257,,,1.2028303146362305,,
42,13259,,,1.1431009769439697,,
42,13261,,,1.45207679271698,,
42,13263,,,1.2714887857437134,,
42,13265,,,1.197401523590088,,
42,13267,,,1.0255906581878662,,
42,13269,,,1.1045969724655151,,
42,13271,,,1.354734182357788,,
42,13273,,,1.1711393594741821,,
42,13275,,,1.3174387216567993,,
42,13277,,,1.3931875228881836,,
42,13279,,,0.8915174603462219,,
42,13281,,,1.5021418333053589,,
42,13283,,,1.31973397731781,,
42,13285,,,1.1662567853927612,,
42,13287,,,1.5745973587036133,,
42,13289,,,0.9742238521575928,,
42,13291,,,1.4244437217712402,,
42,13293,,,1.2162697315216064,,
42,13295,,,1.203168511390686,,
42,13297,,,1.0925630331039429,,
42,13299,,,1.2231628894805908,,
42,13301,,,1.1697875261306763,,
42,13303,,,1.4348442554473877,,
42,13305,,,1.425257921218872,,
42,13307,,,1.394762396812439,,
42,13309,,,1.4310003519058228,,
42,13311,,,1.234207272529602,,
42,13313,,,1.4755924940109253,,
42,13315,,,1.2915643453598022,,
42,13317,,,0.927808940410614,,
42,13319,,,1.2036017179489136,,
42,13321,,,1.216050386428833,,
42,13323,,,1.3262141942977905,,
42,13325,,,1.3755799531936646,,
42,13327,,,1.157963752746582,,
42,13329,,,1.2261314392089844,,
42,13331,,,0.9942201972007751,,
42,13333,,,1.2644848823547363,,
42,13335,,,1.0578752756118774,,
42,13337,,,1.297070026397705,,
42,13339,,,1.1611955165863037,,
42,13341,,,1.3729780912399292,,
42,13343,,,1.2151052951812744,,
42,13345,,,1.227827787399292,,
42,13347,,,1.344921588897705,,
42,13349,,,1.4399691820144653,,
42,13351,,,1.2784523963928223,,
42,13353,,,1.2488855123519897,,
42,13355,,,1.4617830514907837,,
42,13357,,,1.1805870532989502,,
42,13359,,,1.4848275184631348,,
42,13361,,,1.311441421508789,,
42,13363,,,1.4224597215652466,,
42,13365,,,1.172423243522644,,
42,13367,,,1.163356065750122,,
42,13369,,,1.2740482091903687,,
42,13371,,,1.2459696531295776,,
42,13373,,,1.22137451171875,,
42,13375,,,1.2923084497451782,,
42,13377,,,1.4733247756958008,,
42,13379,,,1.2431278228759766,,
42,13381,,,2.0380451679229736,,
42,13383,,,1.085892915725708,,
42,13385,,,1.397517204284668,,
42,13387,,,1.5328885316848755,,
42,13389,,,1.3162338733673096,,
42,13391,,,1.3111933469772339,,
42,13393,,,1.2830734252929688,,
42,13395,,,1.3566880226135254,,
42,13397,,,1.349778413772583,,
42,13399,,,1.3228201866149902,,
42,13401,,,1.3602309226989746,,
42,13403,,,1.1209700107574463,,
42,13405,,,1.316294550895691,,
42,13407,,,1.359968900680542,,
42,13409,,,1.5657954216003418,,
42,13411,,,1.1357994079589844,,
42,13413,,,1.14961576461792,,
42,13415,,,1.35128653049469,,
42,13417,,,1.2755169868469238,,
42,13419,,,1.2899333238601685,,
42,13421,,,1.4727636575698853,,
42,13423,,,1.309074878692627,,
42,13425,,,1.6935003995895386,,
42,13427,,,1.1699162721633911,,
42,13429,,,1.155163288116455,,
42,13431,,,1.6773548126220703,,
42,13433,,,1.5071250200271606,,
42,13435,,,1.4130982160568237,,
42,13437,,,1.1538721323013306,,
42,13439,,,1.176613211631775,,
42,13441,,,1.1120655536651611,,
42,13443,,,1.1221541166305542,,
42,13445,,,1.1337125301361084,,
42,13447,,,1.1120156049728394,,
42,13449,,,1.293337345123291,,
42,13451,,,1.346213936805725,,
42,13453,,,1.1094361543655396,,
42,13455,,,1.2384696006774902,,
42,13457,,,1.4003490209579468,,
42,13458,,,,0.46549999713897705,158.5858917236328
43,13459,,,1.1525940895080566,,
43,13461,,,1.239791989326477,,
43,13463,,,1.1323469877243042,,
43,13465,,,1.3205472230911255,,
43,13467,,,1.2203242778778076,,
43,13469,,,1.6346937417984009,,
43,13471,,,1.2898340225219727,,
43,13473,,,1.4099090099334717,,
43,13475,,,1.1714574098587036,,
43,13477,,,1.4781489372253418,,
43,13479,,,1.3338840007781982,,
43,13481,,,1.1428778171539307,,
43,13483,,,1.4632223844528198,,
43,13485,,,1.5884371995925903,,
43,13487,,,1.3146404027938843,,
43,13489,,,1.091346263885498,,
43,13491,,,1.2552895545959473,,
43,13493,,,1.1605294942855835,,
43,13495,,,1.3606079816818237,,
43,13497,,,1.067710518836975,,
43,13499,,,1.2202008962631226,,
43,13501,,,1.1834743022918701,,
43,13503,,,0.9059434533119202,,
43,13505,,,1.304935097694397,,
43,13507,,,1.0163822174072266,,
43,13509,,,1.4109196662902832,,
43,13511,,,1.2515093088150024,,
43,13513,,,1.1890710592269897,,
43,13515,,,1.0797115564346313,,
43,13517,,,1.3026301860809326,,
43,13519,,,1.3882285356521606,,
43,13521,,,1.105718970298767,,
43,13523,,,1.2046990394592285,,
43,13525,,,1.442240834236145,,
43,13527,,,1.2632724046707153,,
43,13529,,,1.3218297958374023,,
43,13531,,,1.2592648267745972,,
43,13533,,,1.0415922403335571,,
43,13535,,,1.3698631525039673,,
43,13537,,,1.2674973011016846,,
43,13539,,,1.4596617221832275,,
43,13541,,,1.2659196853637695,,
43,13543,,,1.5649287700653076,,
43,13545,,,1.2487937211990356,,
43,13547,,,1.2844876050949097,,
43,13549,,,1.1702967882156372,,
43,13551,,,1.3404316902160645,,
43,13553,,,1.3355529308319092,,
43,13555,,,1.4122297763824463,,
43,13557,,,1.4841725826263428,,
43,13559,,,0.9990020394325256,,
43,13561,,,1.1802417039871216,,
43,13563,,,1.1817501783370972,,
43,13565,,,1.199999213218689,,
43,13567,,,1.3382313251495361,,
43,13569,,,1.2457809448242188,,
43,13571,,,1.260086178779602,,
43,13573,,,1.412105679512024,,
43,13575,,,1.4191865921020508,,
43,13577,,,1.3546031713485718,,
43,13579,,,1.564926266670227,,
43,13581,,,1.10104238986969,,
43,13583,,,1.1637061834335327,,
43,13585,,,1.2599272727966309,,
43,13587,,,1.293776273727417,,
43,13589,,,1.12138831615448,,
43,13591,,,2.3753485679626465,,
43,13593,,,1.126706838607788,,
43,13595,,,1.3875172138214111,,
43,13597,,,1.0921334028244019,,
43,13599,,,1.07082200050354,,
43,13601,,,1.0667481422424316,,
43,13603,,,1.2032719850540161,,
43,13605,,,1.2148618698120117,,
43,13607,,,1.2382270097732544,,
43,13609,,,1.2101558446884155,,
43,13611,,,1.2758522033691406,,
43,13613,,,1.2804083824157715,,
43,13615,,,1.3442893028259277,,
43,13617,,,1.2582169771194458,,
43,13619,,,1.4711127281188965,,
43,13621,,,1.048897624015808,,
43,13623,,,1.4947023391723633,,
43,13625,,,1.247992753982544,,
43,13627,,,1.3082925081253052,,
43,13629,,,1.4165630340576172,,
43,13631,,,1.5958454608917236,,
43,13633,,,1.2263660430908203,,
43,13635,,,1.307166576385498,,
43,13637,,,1.1587551832199097,,
43,13639,,,1.3586195707321167,,
43,13641,,,1.1717324256896973,,
43,13643,,,1.3632113933563232,,
43,13645,,,1.6043000221252441,,
43,13647,,,1.387418270111084,,
43,13649,,,1.3163914680480957,,
43,13651,,,1.2023794651031494,,
43,13653,,,1.1154721975326538,,
43,13655,,,1.2634080648422241,,
43,13657,,,1.3487740755081177,,
43,13659,,,1.297514796257019,,
43,13661,,,1.4031927585601807,,
43,13663,,,1.190977692604065,,
43,13665,,,1.3611419200897217,,
43,13667,,,1.448702096939087,,
43,13669,,,1.2774358987808228,,
43,13671,,,1.415353536605835,,
43,13673,,,1.2947169542312622,,
43,13675,,,1.2690409421920776,,
43,13677,,,1.4228366613388062,,
43,13679,,,1.1721365451812744,,
43,13681,,,1.004217505455017,,
43,13683,,,1.7806693315505981,,
43,13685,,,1.2768499851226807,,
43,13687,,,1.222798228263855,,
43,13689,,,1.1902508735656738,,
43,13691,,,1.4362550973892212,,
43,13693,,,1.21853768825531,,
43,13695,,,1.2561284303665161,,
43,13697,,,1.1128078699111938,,
43,13699,,,1.4959944486618042,,
43,13701,,,1.209289789199829,,
43,13703,,,1.171701192855835,,
43,13705,,,1.3610780239105225,,
43,13707,,,1.4149270057678223,,
43,13709,,,1.1857110261917114,,
43,13711,,,1.3932231664657593,,
43,13713,,,1.1214497089385986,,
43,13715,,,0.9759922027587891,,
43,13717,,,1.3905298709869385,,
43,13719,,,1.3208153247833252,,
43,13721,,,1.105330228805542,,
43,13723,,,1.2403881549835205,,
43,13725,,,1.2083323001861572,,
43,13727,,,1.1113556623458862,,
43,13729,,,1.4706029891967773,,
43,13731,,,1.4379600286483765,,
43,13733,,,1.519200086593628,,
43,13735,,,1.073747158050537,,
43,13737,,,1.212600827217102,,
43,13739,,,1.2368829250335693,,
43,13741,,,1.373724102973938,,
43,13743,,,1.2810258865356445,,
43,13745,,,1.544810175895691,,
43,13747,,,1.2273802757263184,,
43,13749,,,1.4399104118347168,,
43,13751,,,1.3445013761520386,,
43,13753,,,1.2524858713150024,,
43,13755,,,1.3729547262191772,,
43,13757,,,1.2570478916168213,,
43,13759,,,1.417425274848938,,
43,13761,,,1.1486668586730957,,
43,13763,,,1.1495336294174194,,
43,13765,,,1.490891695022583,,
43,13767,,,1.5790947675704956,,
43,13769,,,1.205837368965149,,
43,13771,,,1.426455020904541,,
43,13771,,,,0.1907999962568283,336.9418640136719
44,13773,,,1.1381665468215942,,
44,13775,,,1.155159592628479,,
44,13777,,,1.2870306968688965,,
44,13779,,,1.3643991947174072,,
44,13781,,,1.7106417417526245,,
44,13783,,,1.3016058206558228,,
44,13785,,,1.4706981182098389,,
44,13787,,,1.2388501167297363,,
44,13789,,,1.1338462829589844,,
44,13791,,,1.2246289253234863,,
44,13793,,,1.300704836845398,,
44,13795,,,1.256943702697754,,
44,13797,,,1.5731303691864014,,
44,13799,,,1.3316736221313477,,
44,13801,,,1.1058539152145386,,
44,13803,,,1.2333984375,,
44,13805,,,1.305385947227478,,
44,13807,,,1.1531486511230469,,
44,13809,,,1.3846988677978516,,
44,13811,,,1.39462411403656,,
44,13813,,,0.9831042289733887,,
44,13815,,,1.1562433242797852,,
44,13817,,,0.9924193024635315,,
44,13819,,,1.1286885738372803,,
44,13821,,,1.1732754707336426,,
44,13823,,,1.0197672843933105,,
44,13825,,,1.3424619436264038,,
44,13827,,,1.0998564958572388,,
44,13829,,,1.2766817808151245,,
44,13831,,,1.2155951261520386,,
44,13833,,,1.0819954872131348,,
44,13835,,,1.360278844833374,,
44,13837,,,1.2976926565170288,,
44,13839,,,1.4992926120758057,,
44,13841,,,1.0357099771499634,,
44,13843,,,1.6505519151687622,,
44,13845,,,1.372496485710144,,
44,13847,,,1.2133381366729736,,
44,13849,,,0.9950892925262451,,
44,13851,,,1.5327699184417725,,
44,13853,,,1.3439509868621826,,
44,13855,,,1.3768948316574097,,
44,13857,,,1.4552373886108398,,
44,13859,,,1.3080533742904663,,
44,13861,,,1.0693769454956055,,
44,13863,,,1.0993242263793945,,
44,13865,,,1.6359829902648926,,
44,13867,,,1.2456886768341064,,
44,13869,,,1.0786224603652954,,
44,13871,,,1.4634991884231567,,
44,13873,,,1.2094014883041382,,
44,13875,,,1.3218494653701782,,
44,13877,,,1.2691441774368286,,
44,13879,,,1.4888204336166382,,
44,13881,,,1.3794066905975342,,
44,13883,,,1.2435877323150635,,
44,13885,,,1.1596709489822388,,
44,13887,,,1.4209989309310913,,
44,13889,,,1.238230586051941,,
44,13891,,,1.2327048778533936,,
44,13893,,,1.0133216381072998,,
44,13895,,,1.0554423332214355,,
44,13897,,,1.3548800945281982,,
44,13899,,,1.297025442123413,,
44,13901,,,1.3235703706741333,,
44,13903,,,1.3291963338851929,,
44,13905,,,0.8898597359657288,,
44,13907,,,1.503844141960144,,
44,13909,,,1.3455497026443481,,
44,13911,,,1.2449069023132324,,
44,13913,,,1.509030818939209,,
44,13915,,,0.9573744535446167,,
44,13917,,,1.3827717304229736,,
44,13919,,,1.1243622303009033,,
44,13921,,,1.240468144416809,,
44,13923,,,1.0862185955047607,,
44,13925,,,1.2565613985061646,,
44,13927,,,1.1777899265289307,,
44,13929,,,1.4331920146942139,,
44,13931,,,1.4412667751312256,,
44,13933,,,1.3111457824707031,,
44,13935,,,1.3952908515930176,,
44,13937,,,1.2126907110214233,,
44,13939,,,1.5158727169036865,,
44,13941,,,1.2598809003829956,,
44,13943,,,0.9646596312522888,,
44,13945,,,1.1664173603057861,,
44,13947,,,1.208614706993103,,
44,13949,,,1.3259810209274292,,
44,13951,,,1.3015010356903076,,
44,13953,,,1.094189167022705,,
44,13955,,,1.1869714260101318,,
44,13957,,,0.9925322532653809,,
44,13959,,,1.247305154800415,,
44,13961,,,1.0595608949661255,,
44,13963,,,1.2980320453643799,,
44,13965,,,1.120038390159607,,
44,13967,,,1.390434741973877,,
44,13969,,,1.1856917142868042,,
44,13971,,,1.2271134853363037,,
44,13973,,,1.3636771440505981,,
44,13975,,,1.3370546102523804,,
44,13977,,,1.2830537557601929,,
44,13979,,,1.252610683441162,,
44,13981,,,1.5047770738601685,,
44,13983,,,1.1990604400634766,,
44,13985,,,1.4193912744522095,,
44,13987,,,1.3155512809753418,,
44,13989,,,1.3913649320602417,,
44,13991,,,1.194464087486267,,
44,13993,,,1.134198546409607,,
44,13995,,,1.2949954271316528,,
44,13997,,,1.267414927482605,,
44,13999,,,1.1118074655532837,,
44,14001,,,1.1635334491729736,,
44,14003,,,1.3046550750732422,,
44,14005,,,1.2391331195831299,,
44,14007,,,1.8525028228759766,,
44,14009,,,1.0714060068130493,,
44,14011,,,1.3724842071533203,,
44,14013,,,1.488295316696167,,
44,14015,,,1.3362464904785156,,
44,14017,,,1.3163909912109375,,
44,14019,,,1.335080623626709,,
44,14021,,,1.3045144081115723,,
44,14023,,,1.3633602857589722,,
44,14025,,,1.2904446125030518,,
44,14027,,,1.3733172416687012,,
44,14029,,,1.1222559213638306,,
44,14031,,,1.2708005905151367,,
44,14033,,,1.2729791402816772,,
44,14035,,,1.51512610912323,,
44,14037,,,1.190915584564209,,
44,14039,,,1.1818873882293701,,
44,14041,,,1.4591469764709473,,
44,14043,,,1.2781890630722046,,
44,14045,,,1.3310682773590088,,
44,14047,,,1.4754501581192017,,
44,14049,,,1.28721284866333,,
44,14051,,,1.5926859378814697,,
44,14053,,,1.158239483833313,,
44,14055,,,1.1780495643615723,,
44,14057,,,1.6047106981277466,,
44,14059,,,1.5062769651412964,,
44,14061,,,1.4163974523544312,,
44,14063,,,1.1764341592788696,,
44,14065,,,1.1595536470413208,,
44,14067,,,1.1432950496673584,,
44,14069,,,1.156003713607788,,
44,14071,,,1.2228386402130127,,
44,14073,,,1.1086978912353516,,
44,14075,,,1.3018743991851807,,
44,14077,,,1.3516641855239868,,
44,14079,,,1.0567734241485596,,
44,14081,,,1.2371197938919067,,
44,14083,,,1.3431196212768555,,
44,14084,,,,0.21834999322891235,61.75468826293945
45,14085,,,1.1335186958312988,,
45,14087,,,1.1814137697219849,,
45,14089,,,1.1386996507644653,,
45,14091,,,1.3101434707641602,,
45,14093,,,1.219552993774414,,
45,14095,,,1.5966883897781372,,
45,14097,,,1.26690673828125,,
45,14099,,,1.4646016359329224,,
45,14101,,,1.2016674280166626,,
45,14103,,,1.4251364469528198,,
45,14105,,,1.301589012145996,,
45,14107,,,1.148145079612732,,
45,14109,,,1.4262572526931763,,
45,14111,,,1.6510722637176514,,
45,14113,,,1.3087472915649414,,
45,14115,,,1.0378977060317993,,
45,14117,,,1.2689446210861206,,
45,14119,,,1.1315975189208984,,
45,14121,,,1.3255780935287476,,
45,14123,,,1.0504103899002075,,
45,14125,,,1.165601134300232,,
45,14127,,,1.15067458152771,,
45,14129,,,0.8837423920631409,,
45,14131,,,1.343647837638855,,
45,14133,,,0.9584764838218689,,
45,14135,,,1.3437410593032837,,
45,14137,,,1.19282865524292,,
45,14139,,,1.1768244504928589,,
45,14141,,,1.1188087463378906,,
45,14143,,,1.2766318321228027,,
45,14145,,,1.326418399810791,,
45,14147,,,1.088260531425476,,
45,14149,,,1.1928659677505493,,
45,14151,,,1.4575135707855225,,
45,14153,,,1.3485175371170044,,
45,14155,,,1.3033875226974487,,
45,14157,,,1.2940632104873657,,
45,14159,,,1.062194585800171,,
45,14161,,,1.3754570484161377,,
45,14163,,,1.3243021965026855,,
45,14165,,,1.4191652536392212,,
45,14167,,,1.310276746749878,,
45,14169,,,1.6392383575439453,,
45,14171,,,1.295666217803955,,
45,14173,,,1.2729934453964233,,
45,14175,,,1.1709812879562378,,
45,14177,,,1.326008677482605,,
45,14179,,,1.2571163177490234,,
45,14181,,,1.385486125946045,,
45,14183,,,1.574336290359497,,
45,14185,,,1.0109329223632812,,
45,14187,,,1.173527479171753,,
45,14189,,,1.146172046661377,,
45,14191,,,1.1852866411209106,,
45,14193,,,1.3627169132232666,,
45,14195,,,1.2500865459442139,,
45,14197,,,1.2774736881256104,,
45,14199,,,1.4774760007858276,,
45,14201,,,1.4310311079025269,,
45,14203,,,1.3478305339813232,,
45,14205,,,1.5262945890426636,,
45,14207,,,1.0805866718292236,,
45,14209,,,1.1504313945770264,,
45,14211,,,1.2596935033798218,,
45,14213,,,1.295689582824707,,
45,14215,,,1.1294480562210083,,
45,14217,,,2.398038625717163,,
45,14219,,,1.1344739198684692,,
45,14221,,,1.3198097944259644,,
45,14223,,,1.167084813117981,,
45,14225,,,1.1253838539123535,,
45,14227,,,1.0906493663787842,,
45,14229,,,1.2062726020812988,,
45,14231,,,1.0885424613952637,,
45,14233,,,1.1947531700134277,,
45,14235,,,1.2142781019210815,,
45,14237,,,1.2802176475524902,,
45,14239,,,1.2724250555038452,,
45,14241,,,1.372939944267273,,
45,14243,,,1.2594722509384155,,
45,14245,,,1.4218207597732544,,
45,14247,,,1.0539311170578003,,
45,14249,,,1.5069652795791626,,
45,14251,,,1.3023369312286377,,
45,14253,,,1.3130370378494263,,
45,14255,,,1.393079161643982,,
45,14257,,,1.6378546953201294,,
45,14259,,,1.2049932479858398,,
45,14261,,,1.336853265762329,,
45,14263,,,1.1311557292938232,,
45,14265,,,1.361833930015564,,
45,14267,,,1.1518484354019165,,
45,14269,,,1.379934549331665,,
45,14271,,,1.585845708847046,,
45,14273,,,1.3539730310440063,,
45,14275,,,1.3429405689239502,,
45,14277,,,1.2447357177734375,,
45,14279,,,1.1034066677093506,,
45,14281,,,1.2165979146957397,,
45,14283,,,1.3116103410720825,,
45,14285,,,1.2606852054595947,,
45,14287,,,1.3791354894638062,,
45,14289,,,1.2094649076461792,,
45,14291,,,1.4185402393341064,,
45,14293,,,1.817896842956543,,
45,14295,,,1.33382248878479,,
45,14297,,,1.359287977218628,,
45,14299,,,1.3387389183044434,,
45,14301,,,1.2754817008972168,,
45,14303,,,1.4507089853286743,,
45,14305,,,1.1546306610107422,,
45,14307,,,0.9693482518196106,,
45,14309,,,1.700284719467163,,
45,14311,,,1.3040008544921875,,
45,14313,,,1.2140998840332031,,
45,14315,,,1.154314637184143,,
45,14317,,,1.3856626749038696,,
45,14319,,,1.20725679397583,,
45,14321,,,1.2885528802871704,,
45,14323,,,1.071205496788025,,
45,14325,,,1.5547966957092285,,
45,14327,,,1.2009577751159668,,
45,14329,,,1.161086916923523,,
45,14331,,,1.3578349351882935,,
45,14333,,,1.4024895429611206,,
45,14335,,,1.2014919519424438,,
45,14337,,,1.3572226762771606,,
45,14339,,,1.126950740814209,,
45,14341,,,0.9835597276687622,,
45,14343,,,1.3662376403808594,,
45,14345,,,1.4185689687728882,,
45,14347,,,1.1058777570724487,,
45,14349,,,1.2427350282669067,,
45,14351,,,1.1514681577682495,,
45,14353,,,1.132620096206665,,
45,14355,,,1.5122448205947876,,
45,14357,,,1.4302432537078857,,
45,14359,,,1.4956663846969604,,
45,14361,,,1.008205771446228,,
45,14363,,,1.224450945854187,,
45,14365,,,1.3300246000289917,,
45,14367,,,1.3704124689102173,,
45,14369,,,1.2518839836120605,,
45,14371,,,1.541660189628601,,
45,14373,,,1.2291269302368164,,
45,14375,,,1.4540313482284546,,
45,14377,,,1.3349308967590332,,
45,14379,,,1.153609275817871,,
45,14381,,,1.4108339548110962,,
45,14383,,,1.2785266637802124,,
45,14385,,,1.3283523321151733,,
45,14387,,,1.1485295295715332,,
45,14389,,,1.158832311630249,,
45,14391,,,1.4515082836151123,,
45,14393,,,1.6270804405212402,,
45,14395,,,1.2512773275375366,,
45,14397,,,1.1831421852111816,,
45,14397,,,,0.46549999713897705,158.13287353515625
46,14399,,,1.178886890411377,,
46,14401,,,1.1848112344741821,,
46,14403,,,1.3388943672180176,,
46,14405,,,1.3754088878631592,,
46,14407,,,1.7620294094085693,,
46,14409,,,1.265645980834961,,
46,14411,,,1.4501034021377563,,
46,14413,,,1.2465578317642212,,
46,14415,,,1.1448832750320435,,
46,14417,,,1.2892811298370361,,
46,14419,,,1.3728376626968384,,
46,14421,,,1.2498687505722046,,
46,14423,,,1.5484493970870972,,
46,14425,,,1.2973450422286987,,
46,14427,,,1.059180498123169,,
46,14429,,,1.2243058681488037,,
46,14431,,,1.2922009229660034,,
46,14433,,,1.1377900838851929,,
46,14435,,,1.3684829473495483,,
46,14437,,,1.4799799919128418,,
46,14439,,,1.008280634880066,,
46,14441,,,1.136946678161621,,
46,14443,,,0.9811562299728394,,
46,14445,,,1.1607803106307983,,
46,14447,,,1.0822997093200684,,
46,14449,,,1.065204381942749,,
46,14451,,,1.3190796375274658,,
46,14453,,,1.0675909519195557,,
46,14455,,,1.2514030933380127,,
46,14457,,,1.2087628841400146,,
46,14459,,,1.0944464206695557,,
46,14461,,,1.3103234767913818,,
46,14463,,,1.3025517463684082,,
46,14465,,,1.3925771713256836,,
46,14467,,,0.9844042658805847,,
46,14469,,,1.6327261924743652,,
46,14471,,,1.371055245399475,,
46,14473,,,1.2198652029037476,,
46,14475,,,0.951724112033844,,
46,14477,,,1.564046859741211,,
46,14479,,,1.44496488571167,,
46,14481,,,1.3570479154586792,,
46,14483,,,1.5086623430252075,,
46,14485,,,1.2641494274139404,,
46,14487,,,1.062747597694397,,
46,14489,,,1.0842416286468506,,
46,14491,,,1.7802480459213257,,
46,14493,,,1.2660081386566162,,
46,14495,,,1.020150065422058,,
46,14497,,,1.4469670057296753,,
46,14499,,,1.2177871465682983,,
46,14501,,,1.3407760858535767,,
46,14503,,,1.2114567756652832,,
46,14505,,,1.4415173530578613,,
46,14507,,,1.340628981590271,,
46,14509,,,1.2763088941574097,,
46,14511,,,1.2302356958389282,,
46,14513,,,1.312335729598999,,
46,14515,,,1.261522889137268,,
46,14517,,,1.1709338426589966,,
46,14519,,,1.0258023738861084,,
46,14521,,,0.9984084963798523,,
46,14523,,,1.4005471467971802,,
46,14525,,,1.2780681848526,,
46,14527,,,1.2711931467056274,,
46,14529,,,1.314805507659912,,
46,14531,,,0.8687249422073364,,
46,14533,,,1.4767831563949585,,
46,14535,,,1.3157967329025269,,
46,14537,,,1.1281379461288452,,
46,14539,,,1.5102603435516357,,
46,14541,,,0.9802827835083008,,
46,14543,,,1.4019508361816406,,
46,14545,,,1.1684579849243164,,
46,14547,,,1.2025409936904907,,
46,14549,,,1.092051386833191,,
46,14551,,,1.3162119388580322,,
46,14553,,,1.1588064432144165,,
46,14555,,,1.4023529291152954,,
46,14557,,,1.3629223108291626,,
46,14559,,,1.3726630210876465,,
46,14561,,,1.3331563472747803,,
46,14563,,,1.2240674495697021,,
46,14565,,,1.4518166780471802,,
46,14567,,,1.311007022857666,,
46,14569,,,0.8953599333763123,,
46,14571,,,1.1980198621749878,,
46,14573,,,1.184662938117981,,
46,14575,,,1.3311957120895386,,
46,14577,,,1.325620174407959,,
46,14579,,,1.1039355993270874,,
46,14581,,,1.1990309953689575,,
46,14583,,,1.056915283203125,,
46,14585,,,1.2600555419921875,,
46,14587,,,1.0773990154266357,,
46,14589,,,1.5269184112548828,,
46,14591,,,1.1815444231033325,,
46,14593,,,1.3322395086288452,,
46,14595,,,1.1754720211029053,,
46,14597,,,1.2454630136489868,,
46,14599,,,1.2972403764724731,,
46,14601,,,1.424520492553711,,
46,14603,,,1.3480886220932007,,
46,14605,,,1.273187518119812,,
46,14607,,,1.4945294857025146,,
46,14609,,,1.2008869647979736,,
46,14611,,,1.45718252658844,,
46,14613,,,1.292909860610962,,
46,14615,,,1.3884541988372803,,
46,14617,,,1.1638517379760742,,
46,14619,,,1.1840673685073853,,
46,14621,,,1.2923436164855957,,
46,14623,,,1.2655243873596191,,
46,14625,,,1.1260499954223633,,
46,14627,,,1.229414939880371,,
46,14629,,,1.4997047185897827,,
46,14631,,,1.1913714408874512,,
46,14633,,,2.0458567142486572,,
46,14635,,,1.0422744750976562,,
46,14637,,,1.3668981790542603,,
46,14639,,,1.3887535333633423,,
46,14641,,,1.2890695333480835,,
46,14643,,,1.3220826387405396,,
46,14645,,,1.2790287733078003,,
46,14647,,,1.3375600576400757,,
46,14649,,,1.3277820348739624,,
46,14651,,,1.2940131425857544,,
46,14653,,,1.3349038362503052,,
46,14655,,,1.0734699964523315,,
46,14657,,,1.2964162826538086,,
46,14659,,,1.2751623392105103,,
46,14661,,,1.50487220287323,,
46,14663,,,1.1275303363800049,,
46,14665,,,1.1713056564331055,,
46,14667,,,1.4876713752746582,,
46,14669,,,1.2544264793395996,,
46,14671,,,1.3528881072998047,,
46,14673,,,1.4566378593444824,,
46,14675,,,1.3213469982147217,,
46,14677,,,1.7812936305999756,,
46,14679,,,1.1713727712631226,,
46,14681,,,1.0960067510604858,,
46,14683,,,1.632994532585144,,
46,14685,,,1.3772045373916626,,
46,14687,,,1.4385367631912231,,
46,14689,,,1.162976622581482,,
46,14691,,,1.1259255409240723,,
46,14693,,,1.1589512825012207,,
46,14695,,,1.138269305229187,,
46,14697,,,1.1998240947723389,,
46,14699,,,1.089389681816101,,
46,14701,,,1.2931578159332275,,
46,14703,,,1.3535195589065552,,
46,14705,,,1.1368247270584106,,
46,14707,,,1.272972583770752,,
46,14709,,,1.4595376253128052,,
46,14710,,,,0.18254999816417694,202.63868713378906
47,14711,,,1.2419414520263672,,
47,14713,,,1.2365504503250122,,
47,14715,,,1.1610068082809448,,
47,14717,,,1.2685697078704834,,
47,14719,,,1.1736699342727661,,
47,14721,,,1.666673183441162,,
47,14723,,,1.2695330381393433,,
47,14725,,,1.432786464691162,,
47,14727,,,1.2064942121505737,,
47,14729,,,1.4584404230117798,,
47,14731,,,1.293373465538025,,
47,14733,,,1.1244704723358154,,
47,14735,,,1.4960830211639404,,
47,14737,,,1.5127460956573486,,
47,14739,,,1.2863789796829224,,
47,14741,,,0.9674534797668457,,
47,14743,,,1.2013609409332275,,
47,14745,,,1.1626875400543213,,
47,14747,,,1.3209974765777588,,
47,14749,,,1.083235263824463,,
47,14751,,,1.1651279926300049,,
47,14753,,,1.1370662450790405,,
47,14755,,,0.8786408305168152,,
47,14757,,,1.313284158706665,,
47,14759,,,0.9526305794715881,,
47,14761,,,1.4791803359985352,,
47,14763,,,1.217798113822937,,
47,14765,,,1.1618887186050415,,
47,14767,,,1.0394388437271118,,
47,14769,,,1.262801170349121,,
47,14771,,,1.387746810913086,,
47,14773,,,1.0740052461624146,,
47,14775,,,1.2005712985992432,,
47,14777,,,1.3765510320663452,,
47,14779,,,1.2892282009124756,,
47,14781,,,1.3096224069595337,,
47,14783,,,1.253718614578247,,
47,14785,,,1.0746760368347168,,
47,14787,,,1.3579672574996948,,
47,14789,,,1.336056113243103,,
47,14791,,,1.379987120628357,,
47,14793,,,1.2334352731704712,,
47,14795,,,1.5570017099380493,,
47,14797,,,1.2600656747817993,,
47,14799,,,1.2482399940490723,,
47,14801,,,1.1384758949279785,,
47,14803,,,1.3246326446533203,,
47,14805,,,1.320576786994934,,
47,14807,,,1.383116364479065,,
47,14809,,,1.4419230222702026,,
47,14811,,,1.0128179788589478,,
47,14813,,,1.15469229221344,,
47,14815,,,1.1847999095916748,,
47,14817,,,1.1902892589569092,,
47,14819,,,1.290224552154541,,
47,14821,,,1.2210760116577148,,
47,14823,,,1.3895982503890991,,
47,14825,,,1.4577054977416992,,
47,14827,,,1.42023766040802,,
47,14829,,,1.3451545238494873,,
47,14831,,,1.3382028341293335,,
47,14833,,,1.1176011562347412,,
47,14835,,,1.1536877155303955,,
47,14837,,,1.300620436668396,,
47,14839,,,1.2669732570648193,,
47,14841,,,1.0568350553512573,,
47,14843,,,2.3705389499664307,,
47,14845,,,1.102169156074524,,
47,14847,,,1.5636283159255981,,
47,14849,,,1.1079577207565308,,
47,14851,,,1.1307021379470825,,
47,14853,,,1.0788261890411377,,
47,14855,,,1.2276440858840942,,
47,14857,,,1.1225796937942505,,
47,14859,,,1.204770565032959,,
47,14861,,,1.2169004678726196,,
47,14863,,,1.2454482316970825,,
47,14865,,,1.30198335647583,,
47,14867,,,1.4094904661178589,,
47,14869,,,1.3243263959884644,,
47,14871,,,1.4832388162612915,,
47,14873,,,1.0040427446365356,,
47,14875,,,1.4892802238464355,,
47,14877,,,1.2368370294570923,,
47,14879,,,1.3209508657455444,,
47,14881,,,1.4102694988250732,,
47,14883,,,1.5161560773849487,,
47,14885,,,1.1950898170471191,,
47,14887,,,1.2870721817016602,,
47,14889,,,1.1914498805999756,,
47,14891,,,1.3079614639282227,,
47,14893,,,1.0366172790527344,,
47,14895,,,1.3269377946853638,,
47,14897,,,1.5408011674880981,,
47,14899,,,1.341476559638977,,
47,14901,,,1.2119613885879517,,
47,14903,,,1.2094147205352783,,
47,14905,,,1.1117432117462158,,
47,14907,,,1.2195405960083008,,
47,14909,,,1.3270505666732788,,
47,14911,,,1.258905291557312,,
47,14913,,,1.416277289390564,,
47,14915,,,1.2538408041000366,,
47,14917,,,1.3422157764434814,,
47,14919,,,1.741726040840149,,
47,14921,,,1.3330758810043335,,
47,14923,,,1.3197414875030518,,
47,14925,,,1.386191725730896,,
47,14927,,,1.2423129081726074,,
47,14929,,,1.447268009185791,,
47,14931,,,1.1693828105926514,,
47,14933,,,0.974236249923706,,
47,14935,,,1.6919881105422974,,
47,14937,,,1.2887831926345825,,
47,14939,,,1.2147469520568848,,
47,14941,,,1.1721323728561401,,
47,14943,,,1.4806820154190063,,
47,14945,,,1.217869520187378,,
47,14947,,,1.2537810802459717,,
47,14949,,,1.097919225692749,,
47,14951,,,1.5331578254699707,,
47,14953,,,1.2317336797714233,,
47,14955,,,1.2646433115005493,,
47,14957,,,1.3306491374969482,,
47,14959,,,1.3552229404449463,,
47,14961,,,1.2094130516052246,,
47,14963,,,1.276672124862671,,
47,14965,,,1.1075538396835327,,
47,14967,,,0.9593875408172607,,
47,14969,,,1.3908330202102661,,
47,14971,,,1.400853157043457,,
47,14973,,,0.9931074976921082,,
47,14975,,,1.2718082666397095,,
47,14977,,,1.0952394008636475,,
47,14979,,,1.0827244520187378,,
47,14981,,,1.1201671361923218,,
47,14983,,,1.4336880445480347,,
47,14985,,,1.4613065719604492,,
47,14987,,,0.9912729859352112,,
47,14989,,,1.182173728942871,,
47,14991,,,1.21955144405365,,
47,14993,,,1.348671555519104,,
47,14995,,,1.3245751857757568,,
47,14997,,,1.5867552757263184,,
47,14999,,,1.2283676862716675,,
47,15001,,,1.4219964742660522,,
47,15003,,,1.3407554626464844,,
47,15005,,,1.225737452507019,,
47,15007,,,1.3278981447219849,,
47,15009,,,1.2656675577163696,,
47,15011,,,1.4587595462799072,,
47,15013,,,1.1066416501998901,,
47,15015,,,1.122930884361267,,
47,15017,,,1.4481858015060425,,
47,15019,,,1.730263352394104,,
47,15021,,,1.2230902910232544,,
47,15023,,,1.234160304069519,,
47,15023,,,,0.025750000029802322,116.99293518066406
48,15025,,,1.1569054126739502,,
48,15027,,,1.1686534881591797,,
48,15029,,,1.2995350360870361,,
48,15031,,,1.3851661682128906,,
48,15033,,,1.817336082458496,,
48,15035,,,1.2653642892837524,,
48,15037,,,1.4764958620071411,,
48,15039,,,1.24385666847229,,
48,15041,,,1.119757890701294,,
48,15043,,,1.2362500429153442,,
48,15045,,,1.340082049369812,,
48,15047,,,1.254521131515503,,
48,15049,,,1.5982544422149658,,
48,15051,,,1.4234933853149414,,
48,15053,,,1.286166787147522,,
48,15055,,,1.2195864915847778,,
48,15057,,,1.2065845727920532,,
48,15059,,,1.145500659942627,,
48,15061,,,1.4121298789978027,,
48,15063,,,1.4272621870040894,,
48,15065,,,0.9916613101959229,,
48,15067,,,1.122121810913086,,
48,15069,,,1.0096502304077148,,
48,15071,,,1.0402542352676392,,
48,15073,,,1.1805708408355713,,
48,15075,,,1.0104702711105347,,
48,15077,,,1.3522346019744873,,
48,15079,,,1.1525384187698364,,
48,15081,,,1.2703332901000977,,
48,15083,,,1.1461570262908936,,
48,15085,,,1.1117397546768188,,
48,15087,,,1.3350921869277954,,
48,15089,,,1.3238892555236816,,
48,15091,,,1.4693833589553833,,
48,15093,,,0.9933944940567017,,
48,15095,,,1.6478594541549683,,
48,15097,,,1.4320130348205566,,
48,15099,,,1.2205827236175537,,
48,15101,,,0.9314295053482056,,
48,15103,,,1.5020135641098022,,
48,15105,,,1.3831799030303955,,
48,15107,,,1.456452488899231,,
48,15109,,,1.4774540662765503,,
48,15111,,,1.2868620157241821,,
48,15113,,,1.0678609609603882,,
48,15115,,,1.072630524635315,,
48,15117,,,1.5148026943206787,,
48,15119,,,1.2917568683624268,,
48,15121,,,1.04530930519104,,
48,15123,,,1.4124165773391724,,
48,15125,,,1.2306010723114014,,
48,15127,,,1.3049367666244507,,
48,15129,,,1.2436037063598633,,
48,15131,,,1.3491621017456055,,
48,15133,,,1.3539930582046509,,
48,15135,,,1.215773582458496,,
48,15137,,,1.2127240896224976,,
48,15139,,,1.4726641178131104,,
48,15141,,,1.2878788709640503,,
48,15143,,,1.190341591835022,,
48,15145,,,0.9995314478874207,,
48,15147,,,1.031175136566162,,
48,15149,,,1.4492437839508057,,
48,15151,,,1.1687893867492676,,
48,15153,,,1.2918683290481567,,
48,15155,,,1.315834641456604,,
48,15157,,,0.8648941516876221,,
48,15159,,,1.4814125299453735,,
48,15161,,,1.3166799545288086,,
48,15163,,,1.1126166582107544,,
48,15165,,,1.5656452178955078,,
48,15167,,,0.9609869718551636,,
48,15169,,,1.2778366804122925,,
48,15171,,,1.1527575254440308,,
48,15173,,,1.2042982578277588,,
48,15175,,,1.0945651531219482,,
48,15177,,,1.2504571676254272,,
48,15179,,,1.1998133659362793,,
48,15181,,,1.3937231302261353,,
48,15183,,,1.3889926671981812,,
48,15185,,,1.341774582862854,,
48,15187,,,1.4345844984054565,,
48,15189,,,1.1827622652053833,,
48,15191,,,1.4620438814163208,,
48,15193,,,1.224740982055664,,
48,15195,,,0.9156364798545837,,
48,15197,,,1.198866605758667,,
48,15199,,,1.2486004829406738,,
48,15201,,,1.3065822124481201,,
48,15203,,,1.3430390357971191,,
48,15205,,,1.081329107284546,,
48,15207,,,1.2138774394989014,,
48,15209,,,0.998134970664978,,
48,15211,,,1.3019380569458008,,
48,15213,,,1.0338157415390015,,
48,15215,,,1.464594841003418,,
48,15217,,,1.1760632991790771,,
48,15219,,,1.3069241046905518,,
48,15221,,,1.2574299573898315,,
48,15223,,,1.2580225467681885,,
48,15225,,,1.305361270904541,,
48,15227,,,1.4006224870681763,,
48,15229,,,1.2505638599395752,,
48,15231,,,1.243634581565857,,
48,15233,,,1.4503650665283203,,
48,15235,,,1.1958870887756348,,
48,15237,,,1.523158311843872,,
48,15239,,,1.2497456073760986,,
48,15241,,,1.3937774896621704,,
48,15243,,,1.1696879863739014,,
48,15245,,,1.1402336359024048,,
48,15247,,,1.2213985919952393,,
48,15249,,,1.2256137132644653,,
48,15251,,,1.148593783378601,,
48,15253,,,1.31708562374115,,
48,15255,,,1.450117826461792,,
48,15257,,,1.2279117107391357,,
48,15259,,,1.8063634634017944,,
48,15261,,,1.0333503484725952,,
48,15263,,,1.3470096588134766,,
48,15265,,,1.4171844720840454,,
48,15267,,,1.375441074371338,,
48,15269,,,1.3003993034362793,,
48,15271,,,1.2773364782333374,,
48,15273,,,1.3246426582336426,,
48,15275,,,1.3736824989318848,,
48,15277,,,1.240181565284729,,
48,15279,,,1.3747516870498657,,
48,15281,,,1.1142909526824951,,
48,15283,,,1.3018792867660522,,
48,15285,,,1.3226988315582275,,
48,15287,,,1.5223397016525269,,
48,15289,,,1.1298245191574097,,
48,15291,,,1.1730289459228516,,
48,15293,,,1.4001531600952148,,
48,15295,,,1.2811427116394043,,
48,15297,,,1.2986810207366943,,
48,15299,,,1.4437669515609741,,
48,15301,,,1.2796509265899658,,
48,15303,,,1.734755277633667,,
48,15305,,,1.1678822040557861,,
48,15307,,,1.122147560119629,,
48,15309,,,1.6810743808746338,,
48,15311,,,1.5320836305618286,,
48,15313,,,1.380806565284729,,
48,15315,,,1.112736463546753,,
48,15317,,,1.213965654373169,,
48,15319,,,1.1123828887939453,,
48,15321,,,1.1309216022491455,,
48,15323,,,1.1741368770599365,,
48,15325,,,1.1068992614746094,,
48,15327,,,1.2737476825714111,,
48,15329,,,1.339162826538086,,
48,15331,,,1.129022479057312,,
48,15333,,,1.2151780128479004,,
48,15335,,,1.4639257192611694,,
48,15336,,,,0.025750000029802322,273.7919921875
49,15337,,,1.165127158164978,,
49,15339,,,1.253736972808838,,
49,15341,,,1.1359326839447021,,
49,15343,,,1.2268927097320557,,
49,15345,,,1.1862250566482544,,
49,15347,,,1.5662072896957397,,
49,15349,,,1.279937505722046,,
49,15351,,,1.411549687385559,,
49,15353,,,1.2242239713668823,,
49,15355,,,1.498179316520691,,
49,15357,,,1.3381518125534058,,
49,15359,,,1.1587648391723633,,
49,15361,,,1.4498883485794067,,
49,15363,,,1.504102349281311,,
49,15365,,,1.323729157447815,,
49,15367,,,1.0043952465057373,,
49,15369,,,1.2553538084030151,,
49,15371,,,1.1459712982177734,,
49,15373,,,1.3482826948165894,,
49,15375,,,1.0586516857147217,,
49,15377,,,1.1828296184539795,,
49,15379,,,1.140249490737915,,
49,15381,,,0.9162493944168091,,
49,15383,,,1.3824598789215088,,
49,15385,,,0.9378016591072083,,
49,15387,,,1.3927510976791382,,
49,15389,,,1.2562655210494995,,
49,15391,,,1.1492494344711304,,
49,15393,,,1.071783185005188,,
49,15395,,,1.2238693237304688,,
49,15397,,,1.38069748878479,,
49,15399,,,1.0840084552764893,,
49,15401,,,1.1956373453140259,,
49,15403,,,1.4540085792541504,,
49,15405,,,1.306195616722107,,
49,15407,,,1.307610034942627,,
49,15409,,,1.267307162284851,,
49,15411,,,1.0657912492752075,,
49,15413,,,1.3621256351470947,,
49,15415,,,1.2262156009674072,,
49,15417,,,1.4394338130950928,,
49,15419,,,1.2806800603866577,,
49,15421,,,1.4504432678222656,,
49,15423,,,1.3288915157318115,,
49,15425,,,1.273463249206543,,
49,15427,,,1.1598786115646362,,
49,15429,,,1.3042064905166626,,
49,15431,,,1.2217037677764893,,
49,15433,,,1.397306203842163,,
49,15435,,,1.4460278749465942,,
49,15437,,,1.0517324209213257,,
49,15439,,,1.137353777885437,,
49,15441,,,1.1902719736099243,,
49,15443,,,1.2076565027236938,,
49,15445,,,1.2945700883865356,,
49,15447,,,1.2227768898010254,,
49,15449,,,1.2740283012390137,,
49,15451,,,1.4788360595703125,,
49,15453,,,1.4070303440093994,,
49,15455,,,1.3410730361938477,,
49,15457,,,1.5244804620742798,,
49,15459,,,1.0956913232803345,,
49,15461,,,1.1317768096923828,,
49,15463,,,1.2286525964736938,,
49,15465,,,1.2462642192840576,,
49,15467,,,1.0082134008407593,,
49,15469,,,2.303952932357788,,
49,15471,,,1.1205484867095947,,
49,15473,,,1.4397073984146118,,
49,15475,,,1.1406582593917847,,
49,15477,,,1.0463924407958984,,
49,15479,,,1.0715503692626953,,
49,15481,,,1.1666570901870728,,
49,15483,,,1.1102062463760376,,
49,15485,,,1.2145094871520996,,
49,15487,,,1.1977639198303223,,
49,15489,,,1.2456289529800415,,
49,15491,,,1.2949984073638916,,
49,15493,,,1.4536277055740356,,
49,15495,,,1.2619425058364868,,
49,15497,,,1.4017215967178345,,
49,15499,,,1.105026125907898,,
49,15501,,,1.528712272644043,,
49,15503,,,1.228169560432434,,
49,15505,,,1.3045909404754639,,
49,15507,,,1.435362458229065,,
49,15509,,,1.64797043800354,,
49,15511,,,1.225789189338684,,
49,15513,,,1.3052617311477661,,
49,15515,,,1.1439074277877808,,
49,15517,,,1.382965087890625,,
49,15519,,,1.149951457977295,,
49,15521,,,1.378257155418396,,
49,15523,,,1.4943071603775024,,
49,15525,,,1.349212884902954,,
49,15527,,,1.2967339754104614,,
49,15529,,,1.2449818849563599,,
49,15531,,,1.120992660522461,,
49,15533,,,1.2031227350234985,,
49,15535,,,1.3717223405838013,,
49,15537,,,1.2660205364227295,,
49,15539,,,1.3724241256713867,,
49,15541,,,1.2055293321609497,,
49,15543,,,1.2826958894729614,,
49,15545,,,1.8099068403244019,,
49,15547,,,1.3282787799835205,,
49,15549,,,1.3095593452453613,,
49,15551,,,1.2465356588363647,,
49,15553,,,1.2435582876205444,,
49,15555,,,1.4411296844482422,,
49,15557,,,1.162976622581482,,
49,15559,,,0.9812114834785461,,
49,15561,,,1.5656473636627197,,
49,15563,,,1.3305082321166992,,
49,15565,,,1.2222237586975098,,
49,15567,,,1.133785605430603,,
49,15569,,,1.4549494981765747,,
49,15571,,,1.2478808164596558,,
49,15573,,,1.2590464353561401,,
49,15575,,,1.0940862894058228,,
49,15577,,,1.5788509845733643,,
49,15579,,,1.1600415706634521,,
49,15581,,,1.153580665588379,,
49,15583,,,1.3476808071136475,,
49,15585,,,1.386333703994751,,
49,15587,,,1.1389579772949219,,
49,15589,,,1.349841833114624,,
49,15591,,,1.1593713760375977,,
49,15593,,,0.9587024450302124,,
49,15595,,,1.3864814043045044,,
49,15597,,,1.4496326446533203,,
49,15599,,,1.0960830450057983,,
49,15601,,,1.2669258117675781,,
49,15603,,,1.1263469457626343,,
49,15605,,,1.0380783081054688,,
49,15607,,,1.3674163818359375,,
49,15609,,,1.4206483364105225,,
49,15611,,,1.487862229347229,,
49,15613,,,1.0857093334197998,,
49,15615,,,1.183965802192688,,
49,15617,,,1.2522952556610107,,
49,15619,,,1.3985238075256348,,
49,15621,,,1.183449387550354,,
49,15623,,,1.5481163263320923,,
49,15625,,,1.2145235538482666,,
49,15627,,,1.428899884223938,,
49,15629,,,1.3242032527923584,,
49,15631,,,1.2219796180725098,,
49,15633,,,1.5168520212173462,,
49,15635,,,1.2775832414627075,,
49,15637,,,1.3134256601333618,,
49,15639,,,1.1408443450927734,,
49,15641,,,1.1867090463638306,,
49,15643,,,1.4462453126907349,,
49,15645,,,1.7602394819259644,,
49,15647,,,1.2631945610046387,,
49,15649,,,1.2325536012649536,,
49,15649,,,,0.011950000189244747,177.22576904296875
50,15651,,,1.2101715803146362,,
50,15653,,,1.1438021659851074,,
50,15655,,,1.2575987577438354,,
50,15657,,,1.3480098247528076,,
50,15659,,,1.8733289241790771,,
50,15661,,,1.283501148223877,,
50,15663,,,1.489797830581665,,
50,15665,,,1.2344343662261963,,
50,15667,,,1.136130690574646,,
50,15669,,,1.2935941219329834,,
50,15671,,,1.309736728668213,,
50,15673,,,1.2496018409729004,,
50,15675,,,1.5488020181655884,,
50,15677,,,1.384204387664795,,
50,15679,,,1.3185189962387085,,
50,15681,,,1.2308366298675537,,
50,15683,,,1.2764419317245483,,
50,15685,,,1.1139642000198364,,
50,15687,,,1.3895506858825684,,
50,15689,,,1.395013689994812,,
50,15691,,,0.994210958480835,,
50,15693,,,1.1384646892547607,,
50,15695,,,1.0541411638259888,,
50,15697,,,1.077383041381836,,
50,15699,,,1.128666639328003,,
50,15701,,,1.017134666442871,,
50,15703,,,1.34027898311615,,
50,15705,,,1.0542737245559692,,
50,15707,,,1.2595676183700562,,
50,15709,,,1.1400198936462402,,
50,15711,,,1.0634756088256836,,
50,15713,,,1.3285900354385376,,
50,15715,,,1.2985954284667969,,
50,15717,,,1.4384475946426392,,
50,15719,,,1.019148588180542,,
50,15721,,,1.6403368711471558,,
50,15723,,,1.4076528549194336,,
50,15725,,,1.1969941854476929,,
50,15727,,,0.9376444220542908,,
50,15729,,,1.4377421140670776,,
50,15731,,,1.379248857498169,,
50,15733,,,1.3662898540496826,,
50,15735,,,1.4860166311264038,,
50,15737,,,1.2554792165756226,,
50,15739,,,1.032178282737732,,
50,15741,,,1.0803159475326538,,
50,15743,,,1.8863015174865723,,
50,15745,,,1.2778962850570679,,
50,15747,,,1.0297930240631104,,
50,15749,,,1.3275811672210693,,
50,15751,,,1.1700578927993774,,
50,15753,,,1.2956328392028809,,
50,15755,,,1.1658399105072021,,
50,15757,,,1.3380004167556763,,
50,15759,,,1.3516967296600342,,
50,15761,,,1.2542829513549805,,
50,15763,,,1.1562118530273438,,
50,15765,,,1.4313174486160278,,
50,15767,,,1.2171646356582642,,
50,15769,,,1.1909313201904297,,
50,15771,,,0.9746881723403931,,
50,15773,,,0.998724639415741,,
50,15775,,,1.391107439994812,,
50,15777,,,1.280133843421936,,
50,15779,,,1.3990741968154907,,
50,15781,,,1.3274978399276733,,
50,15783,,,0.8639819622039795,,
50,15785,,,1.6117430925369263,,
50,15787,,,1.2746858596801758,,
50,15789,,,1.15386962890625,,
50,15791,,,1.521435022354126,,
50,15793,,,0.9351398944854736,,
50,15795,,,1.304805040359497,,
50,15797,,,1.1597448587417603,,
50,15799,,,1.2507188320159912,,
50,15801,,,1.0672032833099365,,
50,15803,,,1.1750792264938354,,
50,15805,,,1.1994322538375854,,
50,15807,,,1.4614781141281128,,
50,15809,,,1.3859190940856934,,
50,15811,,,1.2906323671340942,,
50,15813,,,1.4392423629760742,,
50,15815,,,1.1678049564361572,,
50,15817,,,1.4668664932250977,,
50,15819,,,1.285049319267273,,
50,15821,,,0.914887011051178,,
50,15823,,,1.1904823780059814,,
50,15825,,,1.1794015169143677,,
50,15827,,,1.3399326801300049,,
50,15829,,,1.3715773820877075,,
50,15831,,,1.0886214971542358,,
50,15833,,,1.1712602376937866,,
50,15835,,,0.9826500415802002,,
50,15837,,,1.2841938734054565,,
50,15839,,,1.0490533113479614,,
50,15841,,,1.3428361415863037,,
50,15843,,,1.1295108795166016,,
50,15845,,,1.4210387468338013,,
50,15847,,,1.20722234249115,,
50,15849,,,1.2398662567138672,,
50,15851,,,1.3065409660339355,,
50,15853,,,1.367058515548706,,
50,15855,,,1.3010973930358887,,
50,15857,,,1.275720477104187,,
50,15859,,,1.434463381767273,,
50,15861,,,1.2061055898666382,,
50,15863,,,1.4678744077682495,,
50,15865,,,1.2812150716781616,,
50,15867,,,1.3561041355133057,,
50,15869,,,1.1499183177947998,,
50,15871,,,1.1901463270187378,,
50,15873,,,1.246945858001709,,
50,15875,,,1.247696042060852,,
50,15877,,,1.1194497346878052,,
50,15879,,,1.2023988962173462,,
50,15881,,,1.590169072151184,,
50,15883,,,1.2569175958633423,,
50,15885,,,1.984850287437439,,
50,15887,,,1.0443981885910034,,
50,15889,,,1.3416346311569214,,
50,15891,,,1.3997832536697388,,
50,15893,,,1.4195551872253418,,
50,15895,,,1.2806355953216553,,
50,15897,,,1.2937833070755005,,
50,15899,,,1.3130539655685425,,
50,15901,,,1.323294758796692,,
50,15903,,,1.3552607297897339,,
50,15905,,,1.421695351600647,,
50,15907,,,1.1142950057983398,,
50,15909,,,1.2936224937438965,,
50,15911,,,1.2614411115646362,,
50,15913,,,1.5181702375411987,,
50,15915,,,1.1367011070251465,,
50,15917,,,1.1266604661941528,,
50,15919,,,1.3976401090621948,,
50,15921,,,1.2779747247695923,,
50,15923,,,1.3807209730148315,,
50,15925,,,1.3613576889038086,,
50,15927,,,1.2998571395874023,,
50,15929,,,1.6134765148162842,,
50,15931,,,1.19598388671875,,
50,15933,,,1.1942254304885864,,
50,15935,,,1.6181349754333496,,
50,15937,,,1.4287737607955933,,
50,15939,,,1.3914402723312378,,
50,15941,,,1.1012436151504517,,
50,15943,,,1.163835883140564,,
50,15945,,,1.0564216375350952,,
50,15947,,,1.1475757360458374,,
50,15949,,,1.2194284200668335,,
50,15951,,,1.0786114931106567,,
50,15953,,,1.3069158792495728,,
50,15955,,,1.3532990217208862,,
50,15957,,,1.0725916624069214,,
50,15959,,,1.2179895639419556,,
50,15961,,,1.3821393251419067,,
50,15962,,,,0.0012499999720603228,147.6624298095703
51,15963,,,1.1928480863571167,,
51,15965,,,1.1991233825683594,,
51,15967,,,1.1201343536376953,,
51,15969,,,1.2704514265060425,,
51,15971,,,1.1735191345214844,,
51,15973,,,1.476997971534729,,
51,15975,,,1.2729741334915161,,
51,15977,,,1.4772015810012817,,
51,15979,,,1.2485482692718506,,
51,15981,,,1.4404799938201904,,
51,15983,,,1.322141408920288,,
51,15985,,,1.1443510055541992,,
51,15987,,,1.3802512884140015,,
51,15989,,,1.5195050239562988,,
51,15991,,,1.301986813545227,,
51,15993,,,1.0505601167678833,,
51,15995,,,1.2162224054336548,,
51,15997,,,1.1379435062408447,,
51,15999,,,1.345049262046814,,
51,16001,,,1.0479475259780884,,
51,16003,,,1.2113679647445679,,
51,16005,,,1.1244560480117798,,
51,16007,,,0.8949774503707886,,
51,16009,,,1.3327069282531738,,
51,16011,,,0.9388606548309326,,
51,16013,,,1.362524390220642,,
51,16015,,,1.2736754417419434,,
51,16017,,,1.1609973907470703,,
51,16019,,,1.099820852279663,,
51,16021,,,1.2188935279846191,,
51,16023,,,1.350093126296997,,
51,16025,,,1.0933655500411987,,
51,16027,,,1.1803804636001587,,
51,16029,,,1.4419972896575928,,
51,16031,,,1.2627780437469482,,
51,16033,,,1.3167744874954224,,
51,16035,,,1.2337342500686646,,
51,16037,,,1.0997768640518188,,
51,16039,,,1.3531155586242676,,
51,16041,,,1.2746676206588745,,
51,16043,,,1.3231679201126099,,
51,16045,,,1.2340532541275024,,
51,16047,,,1.5727113485336304,,
51,16049,,,1.2629320621490479,,
51,16051,,,1.2742434740066528,,
51,16053,,,1.1461331844329834,,
51,16055,,,1.2555246353149414,,
51,16057,,,1.163933515548706,,
51,16059,,,1.4032480716705322,,
51,16061,,,1.3429107666015625,,
51,16063,,,1.0459457635879517,,
51,16065,,,1.1692105531692505,,
51,16067,,,1.1799829006195068,,
51,16069,,,1.202254295349121,,
51,16071,,,1.313942551612854,,
51,16073,,,1.3721193075180054,,
51,16075,,,1.2646448612213135,,
51,16077,,,1.4858338832855225,,
51,16079,,,1.4129456281661987,,
51,16081,,,1.3333079814910889,,
51,16083,,,1.4736486673355103,,
51,16085,,,1.0383411645889282,,
51,16087,,,1.1237720251083374,,
51,16089,,,1.167771339416504,,
51,16091,,,1.2398933172225952,,
51,16093,,,1.169276475906372,,
51,16095,,,2.225329875946045,,
51,16097,,,1.115965723991394,,
51,16099,,,1.5075210332870483,,
51,16101,,,1.025224208831787,,
51,16103,,,1.0420331954956055,,
51,16105,,,1.0723339319229126,,
51,16107,,,1.2074445486068726,,
51,16109,,,0.9927108287811279,,
51,16111,,,1.2242162227630615,,
51,16113,,,1.2253144979476929,,
51,16115,,,1.257675290107727,,
51,16117,,,1.2673454284667969,,
51,16119,,,1.374489188194275,,
51,16121,,,1.2690386772155762,,
51,16123,,,1.3468990325927734,,
51,16125,,,1.1034621000289917,,
51,16127,,,1.4089707136154175,,
51,16129,,,1.244253158569336,,
51,16131,,,1.167602777481079,,
51,16133,,,1.3695056438446045,,
51,16135,,,1.4783120155334473,,
51,16137,,,1.2468324899673462,,
51,16139,,,1.282883644104004,,
51,16141,,,1.1210449934005737,,
51,16143,,,1.3651511669158936,,
51,16145,,,1.1111936569213867,,
51,16147,,,1.3760042190551758,,
51,16149,,,1.5437058210372925,,
51,16151,,,1.3252700567245483,,
51,16153,,,1.3026233911514282,,
51,16155,,,1.1892274618148804,,
51,16157,,,1.1139789819717407,,
51,16159,,,1.1993998289108276,,
51,16161,,,1.321123719215393,,
51,16163,,,1.2624279260635376,,
51,16165,,,1.3827085494995117,,
51,16167,,,1.217944622039795,,
51,16169,,,1.2852116823196411,,
51,16171,,,1.6384694576263428,,
51,16173,,,1.3205997943878174,,
51,16175,,,1.4128999710083008,,
51,16177,,,1.315575122833252,,
51,16179,,,1.2639371156692505,,
51,16181,,,1.422356367111206,,
51,16183,,,1.158581256866455,,
51,16185,,,0.9740175604820251,,
51,16187,,,1.6003715991973877,,
51,16189,,,1.2697521448135376,,
51,16191,,,1.1900564432144165,,
51,16193,,,1.1322765350341797,,
51,16195,,,1.3933039903640747,,
51,16197,,,1.232519268989563,,
51,16199,,,1.2725528478622437,,
51,16201,,,1.066521167755127,,
51,16203,,,1.5657886266708374,,
51,16205,,,1.1828023195266724,,
51,16207,,,1.1067532300949097,,
51,16209,,,1.3270163536071777,,
51,16211,,,1.3752747774124146,,
51,16213,,,1.1897565126419067,,
51,16215,,,1.3015518188476562,,
51,16217,,,1.1337248086929321,,
51,16219,,,0.9826806783676147,,
51,16221,,,1.411924123764038,,
51,16223,,,1.335856318473816,,
51,16225,,,1.0462348461151123,,
51,16227,,,1.2087821960449219,,
51,16229,,,1.0586960315704346,,
51,16231,,,1.03592050075531,,
51,16233,,,1.4126081466674805,,
51,16235,,,1.4101536273956299,,
51,16237,,,1.3665344715118408,,
51,16239,,,0.9611825942993164,,
51,16241,,,1.1963962316513062,,
51,16243,,,1.2468328475952148,,
51,16245,,,1.3450504541397095,,
51,16247,,,1.3699313402175903,,
51,16249,,,1.573641300201416,,
51,16251,,,1.2121177911758423,,
51,16253,,,1.3954551219940186,,
51,16255,,,1.2815779447555542,,
51,16257,,,1.1987212896347046,,
51,16259,,,1.353644847869873,,
51,16261,,,1.2505770921707153,,
51,16263,,,1.486335039138794,,
51,16265,,,1.2317051887512207,,
51,16267,,,1.130223035812378,,
51,16269,,,1.4372637271881104,,
51,16271,,,1.7476463317871094,,
51,16273,,,1.1832350492477417,,
51,16275,,,1.094892978668213,,
51,16275,,,,0.46549999713897705,525.5497436523438
52,16277,,,1.1984803676605225,,
52,16279,,,1.18117356300354,,
52,16281,,,1.3171459436416626,,
52,16283,,,1.3785758018493652,,
52,16285,,,1.8979569673538208,,
52,16287,,,1.3077750205993652,,
52,16289,,,1.4428447484970093,,
52,16291,,,1.2550114393234253,,
52,16293,,,1.2276763916015625,,
52,16295,,,1.2814674377441406,,
52,16297,,,1.4006680250167847,,
52,16299,,,1.2227375507354736,,
52,16301,,,1.5469028949737549,,
52,16303,,,1.2808606624603271,,
52,16305,,,1.1874943971633911,,
52,16307,,,1.2283412218093872,,
52,16309,,,1.2698981761932373,,
52,16311,,,1.1640115976333618,,
52,16313,,,1.4162417650222778,,
52,16315,,,1.3486707210540771,,
52,16317,,,0.9707208871841431,,
52,16319,,,1.124030351638794,,
52,16321,,,1.0296368598937988,,
52,16323,,,1.117102026939392,,
52,16325,,,1.0988048315048218,,
52,16327,,,1.0197654962539673,,
52,16329,,,1.3190962076187134,,
52,16331,,,1.1098814010620117,,
52,16333,,,1.254913568496704,,
52,16335,,,1.1815193891525269,,
52,16337,,,1.0373225212097168,,
52,16339,,,1.3481647968292236,,
52,16341,,,1.292240858078003,,
52,16343,,,1.3645403385162354,,
52,16345,,,0.9614288806915283,,
52,16347,,,1.5973875522613525,,
52,16349,,,1.4074996709823608,,
52,16351,,,1.20309317111969,,
52,16353,,,0.9713436365127563,,
52,16355,,,1.5214353799819946,,
52,16357,,,1.4015300273895264,,
52,16359,,,1.3417092561721802,,
52,16361,,,1.4417670965194702,,
52,16363,,,1.2873834371566772,,
52,16365,,,1.052698016166687,,
52,16367,,,1.094007134437561,,
52,16369,,,1.6172635555267334,,
52,16371,,,1.2408790588378906,,
52,16373,,,1.02506422996521,,
52,16375,,,1.4468220472335815,,
52,16377,,,1.2535443305969238,,
52,16379,,,1.3079891204833984,,
52,16381,,,1.2754086256027222,,
52,16383,,,1.4328726530075073,,
52,16385,,,1.331866979598999,,
52,16387,,,1.3007416725158691,,
52,16389,,,1.1831388473510742,,
52,16391,,,1.4027456045150757,,
52,16393,,,1.2348908185958862,,
52,16395,,,1.1808879375457764,,
52,16397,,,0.94315105676651,,
52,16399,,,0.9843021035194397,,
52,16401,,,1.3900139331817627,,
52,16403,,,1.1185373067855835,,
52,16405,,,1.3390125036239624,,
52,16407,,,1.280173659324646,,
52,16409,,,0.9156599640846252,,
52,16411,,,1.4259580373764038,,
52,16413,,,1.3140445947647095,,
52,16415,,,1.1524215936660767,,
52,16417,,,1.519456386566162,,
52,16419,,,0.9579585194587708,,
52,16421,,,1.3651337623596191,,
52,16423,,,1.1629488468170166,,
52,16425,,,1.1841163635253906,,
52,16427,,,1.0531084537506104,,
52,16429,,,1.1502119302749634,,
52,16431,,,1.1289163827896118,,
52,16433,,,1.371279239654541,,
52,16435,,,1.38958740234375,,
52,16437,,,1.3142571449279785,,
52,16439,,,1.2828043699264526,,
52,16441,,,1.209309458732605,,
52,16443,,,1.3842991590499878,,
52,16445,,,1.2724881172180176,,
52,16447,,,0.9178012013435364,,
52,16449,,,1.2018208503723145,,
52,16451,,,1.189491629600525,,
52,16453,,,1.3372536897659302,,
52,16455,,,1.2949830293655396,,
52,16457,,,1.1324182748794556,,
52,16459,,,1.1873356103897095,,
52,16461,,,1.0142256021499634,,
52,16463,,,1.272324562072754,,
52,16465,,,1.0344862937927246,,
52,16467,,,1.493700385093689,,
52,16469,,,1.1261389255523682,,
52,16471,,,1.420379400253296,,
52,16473,,,1.1676390171051025,,
52,16475,,,1.2010947465896606,,
52,16477,,,1.31040620803833,,
52,16479,,,1.3790851831436157,,
52,16481,,,1.3338176012039185,,
52,16483,,,1.256926417350769,,
52,16485,,,1.4034894704818726,,
52,16487,,,1.1852878332138062,,
52,16489,,,1.513897180557251,,
52,16491,,,1.2418419122695923,,
52,16493,,,1.3483262062072754,,
52,16495,,,1.125605583190918,,
52,16497,,,1.146986722946167,,
52,16499,,,1.2645938396453857,,
52,16501,,,1.2545074224472046,,
52,16503,,,1.135204553604126,,
52,16505,,,1.3407368659973145,,
52,16507,,,1.4115540981292725,,
52,16509,,,1.276133418083191,,
52,16511,,,1.8507229089736938,,
52,16513,,,1.0610989332199097,,
52,16515,,,1.3690993785858154,,
52,16517,,,1.2598655223846436,,
52,16519,,,1.342616081237793,,
52,16521,,,1.2849408388137817,,
52,16523,,,1.2468773126602173,,
52,16525,,,1.331358551979065,,
52,16527,,,1.3549399375915527,,
52,16529,,,1.2812271118164062,,
52,16531,,,1.4367890357971191,,
52,16533,,,1.0934438705444336,,
52,16535,,,1.2722262144088745,,
52,16537,,,1.236616849899292,,
52,16539,,,1.5141128301620483,,
52,16541,,,1.1951614618301392,,
52,16543,,,1.1971791982650757,,
52,16545,,,1.3537508249282837,,
52,16547,,,1.3126437664031982,,
52,16549,,,1.1766819953918457,,
52,16551,,,1.4240437746047974,,
52,16553,,,1.2884947061538696,,
52,16555,,,1.531685471534729,,
52,16557,,,1.1581649780273438,,
52,16559,,,1.040550708770752,,
52,16561,,,1.5685482025146484,,
52,16563,,,1.4061158895492554,,
52,16565,,,1.4161566495895386,,
52,16567,,,1.1815431118011475,,
52,16569,,,1.1614941358566284,,
52,16571,,,1.1142808198928833,,
52,16573,,,1.135932207107544,,
52,16575,,,1.2072365283966064,,
52,16577,,,1.0717368125915527,,
52,16579,,,1.2742071151733398,,
52,16581,,,1.352577805519104,,
52,16583,,,1.077204942703247,,
52,16585,,,1.1988041400909424,,
52,16587,,,1.4200435876846313,,
52,16588,,,,0.025750000029802322,73.58563995361328
53,16589,,,1.1799428462982178,,
53,16591,,,1.2025694847106934,,
53,16593,,,1.1042776107788086,,
53,16595,,,1.2697657346725464,,
53,16597,,,1.1807197332382202,,
53,16599,,,1.6089109182357788,,
53,16601,,,1.2842251062393188,,
53,16603,,,1.4677727222442627,,
53,16605,,,1.150222897529602,,
53,16607,,,1.3961824178695679,,
53,16609,,,1.2632790803909302,,
53,16611,,,1.1416821479797363,,
53,16613,,,1.4192476272583008,,
53,16615,,,1.4724245071411133,,
53,16617,,,1.3530950546264648,,
53,16619,,,1.1405853033065796,,
53,16621,,,1.3029685020446777,,
53,16623,,,1.1492326259613037,,
53,16625,,,1.344971776008606,,
53,16627,,,1.0674611330032349,,
53,16629,,,1.2270448207855225,,
53,16631,,,1.1382956504821777,,
53,16633,,,0.8807163834571838,,
53,16635,,,1.3074527978897095,,
53,16637,,,0.9600470066070557,,
53,16639,,,1.3202276229858398,,
53,16641,,,1.2576743364334106,,
53,16643,,,1.1618307828903198,,
53,16645,,,1.0689467191696167,,
53,16647,,,1.2405779361724854,,
53,16649,,,1.3025743961334229,,
53,16651,,,1.111194133758545,,
53,16653,,,1.2012602090835571,,
53,16655,,,1.456529974937439,,
53,16657,,,1.3254491090774536,,
53,16659,,,1.3116625547409058,,
53,16661,,,1.2582491636276245,,
53,16663,,,1.0359214544296265,,
53,16665,,,1.3652373552322388,,
53,16667,,,1.275219440460205,,
53,16669,,,1.3887683153152466,,
53,16671,,,1.2435961961746216,,
53,16673,,,1.4625699520111084,,
53,16675,,,1.3009045124053955,,
53,16677,,,1.2828439474105835,,
53,16679,,,1.1435737609863281,,
53,16681,,,1.286329984664917,,
53,16683,,,1.2612823247909546,,
53,16685,,,1.3770923614501953,,
53,16687,,,1.3578816652297974,,
53,16689,,,1.0189815759658813,,
53,16691,,,1.1439909934997559,,
53,16693,,,1.113913655281067,,
53,16695,,,1.1536823511123657,,
53,16697,,,1.3072729110717773,,
53,16699,,,1.2307496070861816,,
53,16701,,,1.2444207668304443,,
53,16703,,,1.4979887008666992,,
53,16705,,,1.4532808065414429,,
53,16707,,,1.3370046615600586,,
53,16709,,,1.5474742650985718,,
53,16711,,,1.1220909357070923,,
53,16713,,,1.1344830989837646,,
53,16715,,,1.15676748752594,,
53,16717,,,1.2909142971038818,,
53,16719,,,0.9583806991577148,,
53,16721,,,2.160309314727783,,
53,16723,,,1.097788691520691,,
53,16725,,,1.2469990253448486,,
53,16727,,,0.9566494822502136,,
53,16729,,,1.0579406023025513,,
53,16731,,,1.090250849723816,,
53,16733,,,1.1885972023010254,,
53,16735,,,1.1288299560546875,,
53,16737,,,1.1816738843917847,,
53,16739,,,1.1704447269439697,,
53,16741,,,1.2693142890930176,,
53,16743,,,1.2865887880325317,,
53,16745,,,1.3638125658035278,,
53,16747,,,1.2964427471160889,,
53,16749,,,1.3421850204467773,,
53,16751,,,1.0841269493103027,,
53,16753,,,1.409608006477356,,
53,16755,,,1.193684458732605,,
53,16757,,,1.2353932857513428,,
53,16759,,,1.3915373086929321,,
53,16761,,,1.3381813764572144,,
53,16763,,,1.2147037982940674,,
53,16765,,,1.3006157875061035,,
53,16767,,,1.1406638622283936,,
53,16769,,,1.336333155632019,,
53,16771,,,1.0813254117965698,,
53,16773,,,1.4272195100784302,,
53,16775,,,1.469192385673523,,
53,16777,,,1.3732434511184692,,
53,16779,,,1.3232624530792236,,
53,16781,,,1.2321680784225464,,
53,16783,,,1.1071254014968872,,
53,16785,,,1.2161909341812134,,
53,16787,,,1.2882448434829712,,
53,16789,,,1.2347124814987183,,
53,16791,,,1.3688271045684814,,
53,16793,,,1.1858924627304077,,
53,16795,,,1.4351133108139038,,
53,16797,,,1.714413046836853,,
53,16799,,,1.298671841621399,,
53,16801,,,1.3656634092330933,,
53,16803,,,1.342939853668213,,
53,16805,,,1.3034995794296265,,
53,16807,,,1.458801507949829,,
53,16809,,,1.1521198749542236,,
53,16811,,,1.014196753501892,,
53,16813,,,1.6618711948394775,,
53,16815,,,1.2881138324737549,,
53,16817,,,1.2127991914749146,,
53,16819,,,1.13213050365448,,
53,16821,,,1.516554355621338,,
53,16823,,,1.2143727540969849,,
53,16825,,,1.2862290143966675,,
53,16827,,,1.1147220134735107,,
53,16829,,,1.5631797313690186,,
53,16831,,,1.1838911771774292,,
53,16833,,,1.1938159465789795,,
53,16835,,,1.3493486642837524,,
53,16837,,,1.325415849685669,,
53,16839,,,1.1981403827667236,,
53,16841,,,1.2912460565567017,,
53,16843,,,1.1369988918304443,,
53,16845,,,0.9648613333702087,,
53,16847,,,1.2571460008621216,,
53,16849,,,1.3641859292984009,,
53,16851,,,1.0376176834106445,,
53,16853,,,1.1956007480621338,,
53,16855,,,1.2132850885391235,,
53,16857,,,1.029175877571106,,
53,16859,,,1.3179645538330078,,
53,16861,,,1.3795090913772583,,
53,16863,,,1.3432427644729614,,
53,16865,,,1.050235390663147,,
53,16867,,,1.1725575923919678,,
53,16869,,,1.2338004112243652,,
53,16871,,,1.3632546663284302,,
53,16873,,,1.2975795269012451,,
53,16875,,,1.5384167432785034,,
53,16877,,,1.202235221862793,,
53,16879,,,1.4395567178726196,,
53,16881,,,1.3355199098587036,,
53,16883,,,1.2211846113204956,,
53,16885,,,1.3855266571044922,,
53,16887,,,1.2575715780258179,,
53,16889,,,1.409218192100525,,
53,16891,,,1.141819715499878,,
53,16893,,,1.146746039390564,,
53,16895,,,1.4407477378845215,,
53,16897,,,1.6532970666885376,,
53,16899,,,1.2140384912490845,,
53,16901,,,1.1024824380874634,,
53,16901,,,,0.46549999713897705,201.5988006591797
54,16903,,,1.2124066352844238,,
54,16905,,,1.1421962976455688,,
54,16907,,,1.3418691158294678,,
54,16909,,,1.3218696117401123,,
54,16911,,,1.7716068029403687,,
54,16913,,,1.3185027837753296,,
54,16915,,,1.481239676475525,,
54,16917,,,1.2291795015335083,,
54,16919,,,1.1513092517852783,,
54,16921,,,1.2332255840301514,,
54,16923,,,1.3663662672042847,,
54,16925,,,1.2649176120758057,,
54,16927,,,1.6110223531723022,,
54,16929,,,1.17972731590271,,
54,16931,,,1.5030593872070312,,
54,16933,,,1.2451086044311523,,
54,16935,,,1.3054574728012085,,
54,16937,,,1.1746457815170288,,
54,16939,,,1.351156234741211,,
54,16941,,,1.3975450992584229,,
54,16943,,,1.0301388502120972,,
54,16945,,,1.1473796367645264,,
54,16947,,,1.0182806253433228,,
54,16949,,,1.153032660484314,,
54,16951,,,1.141161561012268,,
54,16953,,,1.0016515254974365,,
54,16955,,,1.3334591388702393,,
54,16957,,,1.0855857133865356,,
54,16959,,,1.2602980136871338,,
54,16961,,,1.1637208461761475,,
54,16963,,,1.0828691720962524,,
54,16965,,,1.347135066986084,,
54,16967,,,1.3327035903930664,,
54,16969,,,1.3454540967941284,,
54,16971,,,0.9950248599052429,,
54,16973,,,1.6188724040985107,,
54,16975,,,1.3543307781219482,,
54,16977,,,1.1939448118209839,,
54,16979,,,0.9726484417915344,,
54,16981,,,1.584592580795288,,
54,16983,,,1.4080637693405151,,
54,16985,,,1.3251606225967407,,
54,16987,,,1.423124074935913,,
54,16989,,,1.2581572532653809,,
54,16991,,,1.0446696281433105,,
54,16993,,,1.1080560684204102,,
54,16995,,,1.5369468927383423,,
54,16997,,,1.2510427236557007,,
54,16999,,,1.0601844787597656,,
54,17001,,,1.500989556312561,,
54,17003,,,1.204984188079834,,
54,17005,,,1.3740918636322021,,
54,17007,,,1.238668441772461,,
54,17009,,,1.3592242002487183,,
54,17011,,,1.3332550525665283,,
54,17013,,,1.271069049835205,,
54,17015,,,1.1586929559707642,,
54,17017,,,1.397137999534607,,
54,17019,,,1.2308188676834106,,
54,17021,,,1.2106283903121948,,
54,17023,,,0.9670718908309937,,
54,17025,,,1.0500881671905518,,
54,17027,,,1.3442723751068115,,
54,17029,,,1.1755870580673218,,
54,17031,,,1.2230409383773804,,
54,17033,,,1.2887496948242188,,
54,17035,,,0.8517364859580994,,
54,17037,,,1.3963148593902588,,
54,17039,,,1.279915452003479,,
54,17041,,,1.138816475868225,,
54,17043,,,1.476742148399353,,
54,17045,,,0.9678133130073547,,
54,17047,,,1.2048699855804443,,
54,17049,,,1.1664996147155762,,
54,17051,,,1.1592531204223633,,
54,17053,,,1.091703176498413,,
54,17055,,,1.2119723558425903,,
54,17057,,,1.1288681030273438,,
54,17059,,,1.4206886291503906,,
54,17061,,,1.3784159421920776,,
54,17063,,,1.3985707759857178,,
54,17065,,,1.4306693077087402,,
54,17067,,,1.1927849054336548,,
54,17069,,,1.4327021837234497,,
54,17071,,,1.3586417436599731,,
54,17073,,,0.9051547050476074,,
54,17075,,,1.1760703325271606,,
54,17077,,,1.2060590982437134,,
54,17079,,,1.295093297958374,,
54,17081,,,1.326859951019287,,
54,17083,,,1.0370123386383057,,
54,17085,,,1.2087284326553345,,
54,17087,,,1.0102863311767578,,
54,17089,,,1.2469727993011475,,
54,17091,,,1.0889947414398193,,
54,17093,,,1.386895775794983,,
54,17095,,,1.1231045722961426,,
54,17097,,,1.3248604536056519,,
54,17099,,,1.2984998226165771,,
54,17101,,,1.2383006811141968,,
54,17103,,,1.3053245544433594,,
54,17105,,,1.4015134572982788,,
54,17107,,,1.3308382034301758,,
54,17109,,,1.257580280303955,,
54,17111,,,1.4059607982635498,,
54,17113,,,1.1769592761993408,,
54,17115,,,1.4529716968536377,,
54,17117,,,1.2707064151763916,,
54,17119,,,1.341119408607483,,
54,17121,,,1.1060107946395874,,
54,17123,,,1.1608994007110596,,
54,17125,,,1.259792685508728,,
54,17127,,,1.2930562496185303,,
54,17129,,,1.1335387229919434,,
54,17131,,,1.3460773229599,,
54,17133,,,1.3939844369888306,,
54,17135,,,1.2232000827789307,,
54,17137,,,2.014425277709961,,
54,17139,,,1.0377172231674194,,
54,17141,,,1.3361542224884033,,
54,17143,,,1.254701018333435,,
54,17145,,,1.3754839897155762,,
54,17147,,,1.294277310371399,,
54,17149,,,1.305458426475525,,
54,17151,,,1.3121317625045776,,
54,17153,,,1.3636457920074463,,
54,17155,,,1.2887521982192993,,
54,17157,,,1.3986817598342896,,
54,17159,,,1.0644117593765259,,
54,17161,,,1.3144278526306152,,
54,17163,,,1.2918380498886108,,
54,17165,,,1.4032381772994995,,
54,17167,,,1.1322699785232544,,
54,17169,,,1.1347458362579346,,
54,17171,,,1.459039330482483,,
54,17173,,,1.2944334745407104,,
54,17175,,,1.2935445308685303,,
54,17177,,,1.393284797668457,,
54,17179,,,1.2893873453140259,,
54,17181,,,1.5179437398910522,,
54,17183,,,1.1757532358169556,,
54,17185,,,1.1888154745101929,,
54,17187,,,1.5656778812408447,,
54,17189,,,1.5492401123046875,,
54,17191,,,1.383952260017395,,
54,17193,,,1.1275476217269897,,
54,17195,,,1.1699497699737549,,
54,17197,,,1.0490391254425049,,
54,17199,,,1.1214038133621216,,
54,17201,,,1.1588435173034668,,
54,17203,,,1.1057971715927124,,
54,17205,,,1.2785544395446777,,
54,17207,,,1.3688409328460693,,
54,17209,,,1.1254948377609253,,
54,17211,,,1.239638090133667,,
54,17213,,,1.2947509288787842,,
54,17214,,,,0.011950000189244747,100.22154235839844
55,17215,,,1.109417200088501,,
55,17217,,,1.234782338142395,,
55,17219,,,1.096441388130188,,
55,17221,,,1.2751884460449219,,
55,17223,,,1.1901119947433472,,
55,17225,,,1.435697078704834,,
55,17227,,,1.234475016593933,,
55,17229,,,1.3664870262145996,,
55,17231,,,1.2054121494293213,,
55,17233,,,1.5055351257324219,,
55,17235,,,1.3318995237350464,,
55,17237,,,1.127808690071106,,
55,17239,,,1.4518200159072876,,
55,17241,,,1.4924898147583008,,
55,17243,,,1.2775362730026245,,
55,17245,,,0.9596314430236816,,
55,17247,,,1.198168158531189,,
55,17249,,,1.185646653175354,,
55,17251,,,1.313660740852356,,
55,17253,,,1.0231709480285645,,
55,17255,,,1.1922714710235596,,
55,17257,,,1.1267120838165283,,
55,17259,,,0.8669106364250183,,
55,17261,,,1.2973979711532593,,
55,17263,,,0.9543396830558777,,
55,17265,,,1.31891930103302,,
55,17267,,,1.240057110786438,,
55,17269,,,1.1508947610855103,,
55,17271,,,1.0425602197647095,,
55,17273,,,1.2315527200698853,,
55,17275,,,1.3378708362579346,,
55,17277,,,1.077072024345398,,
55,17279,,,1.1669414043426514,,
55,17281,,,1.3982150554656982,,
55,17283,,,1.2538888454437256,,
55,17285,,,1.3258132934570312,,
55,17287,,,1.2681066989898682,,
55,17289,,,1.0906404256820679,,
55,17291,,,1.3435672521591187,,
55,17293,,,1.272704005241394,,
55,17295,,,1.347036600112915,,
55,17297,,,1.2424718141555786,,
55,17299,,,1.4440151453018188,,
55,17301,,,1.301015019416809,,
55,17303,,,1.2199395895004272,,
55,17305,,,1.1467498540878296,,
55,17307,,,1.2974573373794556,,
55,17309,,,1.3099287748336792,,
55,17311,,,1.35408616065979,,
55,17313,,,1.4520134925842285,,
55,17315,,,1.022332787513733,,
55,17317,,,1.1391111612319946,,
55,17319,,,1.1574187278747559,,
55,17321,,,1.2176142930984497,,
55,17323,,,1.3657286167144775,,
55,17325,,,1.2176671028137207,,
55,17327,,,1.2547047138214111,,
55,17329,,,1.451908826828003,,
55,17331,,,1.4255375862121582,,
55,17333,,,1.354249358177185,,
55,17335,,,1.3850347995758057,,
55,17337,,,1.076672077178955,,
55,17339,,,1.1226825714111328,,
55,17341,,,1.1818331480026245,,
55,17343,,,1.2531287670135498,,
55,17345,,,1.1715002059936523,,
55,17347,,,2.353275775909424,,
55,17349,,,1.097928524017334,,
55,17351,,,1.4559978246688843,,
55,17353,,,1.0531808137893677,,
55,17355,,,1.0914690494537354,,
55,17357,,,1.0498532056808472,,
55,17359,,,1.1927012205123901,,
55,17361,,,1.087162971496582,,
55,17363,,,1.2213232517242432,,
55,17365,,,1.2163701057434082,,
55,17367,,,1.2130190134048462,,
55,17369,,,1.2830225229263306,,
55,17371,,,1.333986759185791,,
55,17373,,,1.3028168678283691,,
55,17375,,,1.396022915840149,,
55,17377,,,1.1480960845947266,,
55,17379,,,1.4774738550186157,,
55,17381,,,1.2156563997268677,,
55,17383,,,1.1925663948059082,,
55,17385,,,1.4301320314407349,,
55,17387,,,1.6043519973754883,,
55,17389,,,1.205100178718567,,
55,17391,,,1.2784768342971802,,
55,17393,,,1.112380027770996,,
55,17395,,,1.338356375694275,,
55,17397,,,1.203386664390564,,
55,17399,,,1.3321025371551514,,
55,17401,,,1.4782352447509766,,
55,17403,,,1.3396844863891602,,
55,17405,,,1.0616711378097534,,
55,17407,,,1.237892985343933,,
55,17409,,,1.1219795942306519,,
55,17411,,,1.2426408529281616,,
55,17413,,,1.3287020921707153,,
55,17415,,,1.2926883697509766,,
55,17417,,,1.3826769590377808,,
55,17419,,,1.1912858486175537,,
55,17421,,,1.2463643550872803,,
55,17423,,,1.5836572647094727,,
55,17425,,,1.2175607681274414,,
55,17427,,,1.3834547996520996,,
55,17429,,,1.2887605428695679,,
55,17431,,,1.2649198770523071,,
55,17433,,,1.387998104095459,,
55,17435,,,1.1407192945480347,,
55,17437,,,0.9388391375541687,,
55,17439,,,1.7177969217300415,,
55,17441,,,1.2848089933395386,,
55,17443,,,1.2010607719421387,,
55,17445,,,1.098980188369751,,
55,17447,,,1.4415923357009888,,
55,17449,,,1.209410309791565,,
55,17451,,,1.2535300254821777,,
55,17453,,,1.0655252933502197,,
55,17455,,,1.504237174987793,,
55,17457,,,1.184736967086792,,
55,17459,,,1.1587891578674316,,
55,17461,,,1.3566255569458008,,
55,17463,,,1.3277429342269897,,
55,17465,,,1.193715214729309,,
55,17467,,,1.3531380891799927,,
55,17469,,,1.1332374811172485,,
55,17471,,,0.9547103643417358,,
55,17473,,,1.3671557903289795,,
55,17475,,,1.2654002904891968,,
55,17477,,,1.010636568069458,,
55,17479,,,1.201050877571106,,
55,17481,,,1.0684380531311035,,
55,17483,,,1.0582571029663086,,
55,17485,,,1.4413833618164062,,
55,17487,,,1.4361896514892578,,
55,17489,,,1.3719489574432373,,
55,17491,,,1.0323874950408936,,
55,17493,,,1.183365821838379,,
55,17495,,,1.2323321104049683,,
55,17497,,,1.3791478872299194,,
55,17499,,,1.2483086585998535,,
55,17501,,,1.579357624053955,,
55,17503,,,1.1947845220565796,,
55,17505,,,1.4393398761749268,,
55,17507,,,1.3605966567993164,,
55,17509,,,1.2309468984603882,,
55,17511,,,1.3872965574264526,,
55,17513,,,1.2570387125015259,,
55,17515,,,1.1870808601379395,,
55,17517,,,1.1357598304748535,,
55,17519,,,1.1371265649795532,,
55,17521,,,1.4819515943527222,,
55,17523,,,1.6539766788482666,,
55,17525,,,1.2657523155212402,,
55,17527,,,1.1648155450820923,,
55,17527,,,,0.46549999713897705,226.8726806640625
56,17529,,,1.1429740190505981,,
56,17531,,,1.0984084606170654,,
56,17533,,,1.2797943353652954,,
56,17535,,,1.3611953258514404,,
56,17537,,,1.7968759536743164,,
56,17539,,,1.2921918630599976,,
56,17541,,,1.4293068647384644,,
56,17543,,,1.2904893159866333,,
56,17545,,,1.1732556819915771,,
56,17547,,,1.1989843845367432,,
56,17549,,,1.2164398431777954,,
56,17551,,,1.2513291835784912,,
56,17553,,,1.643577218055725,,
56,17555,,,1.2363559007644653,,
56,17557,,,1.3072229623794556,,
56,17559,,,1.2133463621139526,,
56,17561,,,1.225312352180481,,
56,17563,,,1.157442569732666,,
56,17565,,,1.4118242263793945,,
56,17567,,,1.3858673572540283,,
56,17569,,,0.9545949697494507,,
56,17571,,,1.1276028156280518,,
56,17573,,,0.9954085946083069,,
56,17575,,,1.0718252658843994,,
56,17577,,,1.1313295364379883,,
56,17579,,,1.0076560974121094,,
56,17581,,,1.332031011581421,,
56,17583,,,1.0514912605285645,,
56,17585,,,1.2606775760650635,,
56,17587,,,1.2083892822265625,,
56,17589,,,1.0830028057098389,,
56,17591,,,1.3333605527877808,,
56,17593,,,1.339876651763916,,
56,17595,,,1.3370589017868042,,
56,17597,,,1.0249810218811035,,
56,17599,,,1.5694940090179443,,
56,17601,,,1.412011742591858,,
56,17603,,,1.2133082151412964,,
56,17605,,,0.9231169819831848,,
56,17607,,,1.4980417490005493,,
56,17609,,,1.3160669803619385,,
56,17611,,,1.3624529838562012,,
56,17613,,,1.4381475448608398,,
56,17615,,,1.2291486263275146,,
56,17617,,,1.040109634399414,,
56,17619,,,1.093645691871643,,
56,17621,,,1.696898341178894,,
56,17623,,,1.2630524635314941,,
56,17625,,,1.0229463577270508,,
56,17627,,,1.2730313539505005,,
56,17629,,,1.1602214574813843,,
56,17631,,,1.3265520334243774,,
56,17633,,,1.2375211715698242,,
56,17635,,,1.3503286838531494,,
56,17637,,,1.342613935470581,,
56,17639,,,1.2253501415252686,,
56,17641,,,1.2328819036483765,,
56,17643,,,1.4520395994186401,,
56,17645,,,1.2555115222930908,,
56,17647,,,1.1666041612625122,,
56,17649,,,0.974820613861084,,
56,17651,,,0.9954897165298462,,
56,17653,,,1.4154850244522095,,
56,17655,,,1.160380244255066,,
56,17657,,,1.2555897235870361,,
56,17659,,,1.30478835105896,,
56,17661,,,0.8501955270767212,,
56,17663,,,1.3136965036392212,,
56,17665,,,1.302725076675415,,
56,17667,,,1.1111418008804321,,
56,17669,,,1.502555012702942,,
56,17671,,,0.9481483101844788,,
56,17673,,,1.381794810295105,,
56,17675,,,1.1576510667800903,,
56,17677,,,1.16537344455719,,
56,17679,,,1.0484976768493652,,
56,17681,,,1.186404824256897,,
56,17683,,,1.1175000667572021,,
56,17685,,,1.4133981466293335,,
56,17687,,,1.3723759651184082,,
56,17689,,,1.5199328660964966,,
56,17691,,,1.3450626134872437,,
56,17693,,,1.1933494806289673,,
56,17695,,,1.4284459352493286,,
56,17697,,,1.2697442770004272,,
56,17699,,,0.8730406761169434,,
56,17701,,,1.205793857574463,,
56,17703,,,1.2076282501220703,,
56,17705,,,1.2889142036437988,,
56,17707,,,1.3281166553497314,,
56,17709,,,1.0911273956298828,,
56,17711,,,1.1781193017959595,,
56,17713,,,1.004338264465332,,
56,17715,,,1.2513800859451294,,
56,17717,,,1.044633388519287,,
56,17719,,,1.5172839164733887,,
56,17721,,,1.0975167751312256,,
56,17723,,,1.3571052551269531,,
56,17725,,,1.185823678970337,,
56,17727,,,1.1808934211730957,,
56,17729,,,1.2611786127090454,,
56,17731,,,1.4110808372497559,,
56,17733,,,1.3258246183395386,,
56,17735,,,1.220070719718933,,
56,17737,,,1.377226710319519,,
56,17739,,,1.211482048034668,,
56,17741,,,1.3866537809371948,,
56,17743,,,1.2779496908187866,,
56,17745,,,1.3611232042312622,,
56,17747,,,1.1009212732315063,,
56,17749,,,1.1622624397277832,,
56,17751,,,1.2287157773971558,,
56,17753,,,1.2543519735336304,,
56,17755,,,1.098266363143921,,
56,17757,,,1.2379209995269775,,
56,17759,,,1.4507243633270264,,
56,17761,,,1.1787941455841064,,
56,17763,,,1.9833325147628784,,
56,17765,,,1.0200430154800415,,
56,17767,,,1.3794848918914795,,
56,17769,,,1.2703245878219604,,
56,17771,,,1.3299190998077393,,
56,17773,,,1.294431209564209,,
56,17775,,,1.2547798156738281,,
56,17777,,,1.3191099166870117,,
56,17779,,,1.3576266765594482,,
56,17781,,,1.243680477142334,,
56,17783,,,1.402353286743164,,
56,17785,,,1.076347827911377,,
56,17787,,,1.3053922653198242,,
56,17789,,,1.249921441078186,,
56,17791,,,1.442693829536438,,
56,17793,,,1.1410614252090454,,
56,17795,,,1.1354738473892212,,
56,17797,,,1.440489411354065,,
56,17799,,,1.2685037851333618,,
56,17801,,,1.382186770439148,,
56,17803,,,1.4479544162750244,,
56,17805,,,1.3056590557098389,,
56,17807,,,1.457227349281311,,
56,17809,,,1.1587424278259277,,
56,17811,,,1.0784715414047241,,
56,17813,,,1.6085284948349,,
56,17815,,,1.4455912113189697,,
56,17817,,,1.421238899230957,,
56,17819,,,1.1576141119003296,,
56,17821,,,1.1848704814910889,,
56,17823,,,1.1110448837280273,,
56,17825,,,1.1162365674972534,,
56,17827,,,1.1356592178344727,,
56,17829,,,1.073482871055603,,
56,17831,,,1.2578203678131104,,
56,17833,,,1.340433955192566,,
56,17835,,,1.0491224527359009,,
56,17837,,,1.1958222389221191,,
56,17839,,,1.4172037839889526,,
56,17840,,,,0.46549999713897705,470.9002380371094
57,17841,,,1.156262755393982,,
57,17843,,,1.1993602514266968,,
57,17845,,,1.0724272727966309,,
57,17847,,,1.2437463998794556,,
57,17849,,,1.1847203969955444,,
57,17851,,,1.5953874588012695,,
57,17853,,,1.2595630884170532,,
57,17855,,,1.4801137447357178,,
57,17857,,,1.2787022590637207,,
57,17859,,,1.4236150979995728,,
57,17861,,,1.3363127708435059,,
57,17863,,,1.1516629457473755,,
57,17865,,,1.41766357421875,,
57,17867,,,1.4866100549697876,,
57,17869,,,1.3000224828720093,,
57,17871,,,1.190054178237915,,
57,17873,,,1.2094930410385132,,
57,17875,,,1.123226284980774,,
57,17877,,,1.312721610069275,,
57,17879,,,1.0167512893676758,,
57,17881,,,1.1734778881072998,,
57,17883,,,1.1084717512130737,,
57,17885,,,0.9115476012229919,,
57,17887,,,1.3100712299346924,,
57,17889,,,0.8882256150245667,,
57,17891,,,1.4119518995285034,,
57,17893,,,1.2512558698654175,,
57,17895,,,1.132825255393982,,
57,17897,,,1.0448148250579834,,
57,17899,,,1.238179326057434,,
57,17901,,,1.3367172479629517,,
57,17903,,,1.051268458366394,,
57,17905,,,1.1623854637145996,,
57,17907,,,1.4674561023712158,,
57,17909,,,1.245513677597046,,
57,17911,,,1.338042974472046,,
57,17913,,,1.234634280204773,,
57,17915,,,1.1036380529403687,,
57,17917,,,1.3339202404022217,,
57,17919,,,1.2230639457702637,,
57,17921,,,1.4264142513275146,,
57,17923,,,1.2102192640304565,,
57,17925,,,1.2305800914764404,,
57,17927,,,1.2439976930618286,,
57,17929,,,1.2547024488449097,,
57,17931,,,1.1335619688034058,,
57,17933,,,1.251710057258606,,
57,17935,,,1.314096450805664,,
57,17937,,,1.353844404220581,,
57,17939,,,1.2138618230819702,,
57,17941,,,1.0129711627960205,,
57,17943,,,1.1484359502792358,,
57,17945,,,1.0935277938842773,,
57,17947,,,1.1704466342926025,,
57,17949,,,1.2874321937561035,,
57,17951,,,1.1906461715698242,,
57,17953,,,1.2718026638031006,,
57,17955,,,1.3911762237548828,,
57,17957,,,1.415321707725525,,
57,17959,,,1.346847414970398,,
57,17961,,,1.4904992580413818,,
57,17963,,,1.0584689378738403,,
57,17965,,,1.1330691576004028,,
57,17967,,,1.1718230247497559,,
57,17969,,,1.2158676385879517,,
57,17971,,,1.0374977588653564,,
57,17973,,,2.14670467376709,,
57,17975,,,1.0457981824874878,,
57,17977,,,1.5173189640045166,,
57,17979,,,1.059096097946167,,
57,17981,,,1.1086934804916382,,
57,17983,,,1.0785659551620483,,
57,17985,,,1.1839348077774048,,
57,17987,,,1.1040151119232178,,
57,17989,,,1.221480131149292,,
57,17991,,,1.2104644775390625,,
57,17993,,,1.3062463998794556,,
57,17995,,,1.2609084844589233,,
57,17997,,,1.3924953937530518,,
57,17999,,,1.2694551944732666,,
57,18001,,,1.4879347085952759,,
57,18003,,,1.045638918876648,,
57,18005,,,1.5072439908981323,,
57,18007,,,1.2408783435821533,,
57,18009,,,1.236128807067871,,
57,18011,,,1.3916915655136108,,
57,18013,,,1.478452444076538,,
57,18015,,,1.209841012954712,,
57,18017,,,1.2831954956054688,,
57,18019,,,1.1267602443695068,,
57,18021,,,1.3216509819030762,,
57,18023,,,1.1613740921020508,,
57,18025,,,1.342833161354065,,
57,18027,,,1.4357800483703613,,
57,18029,,,1.317831039428711,,
57,18031,,,1.4350600242614746,,
57,18033,,,1.2607017755508423,,
57,18035,,,1.1305664777755737,,
57,18037,,,1.1775023937225342,,
57,18039,,,1.300916075706482,,
57,18041,,,1.2353918552398682,,
57,18043,,,1.3653910160064697,,
57,18045,,,1.2088818550109863,,
57,18047,,,1.3055131435394287,,
57,18049,,,1.6399728059768677,,
57,18051,,,1.3003761768341064,,
57,18053,,,1.4027918577194214,,
57,18055,,,1.3306893110275269,,
57,18057,,,1.2221698760986328,,
57,18059,,,1.4229978322982788,,
57,18061,,,1.1600449085235596,,
57,18063,,,0.9633361101150513,,
57,18065,,,1.6461081504821777,,
57,18067,,,1.2525547742843628,,
57,18069,,,1.2063171863555908,,
57,18071,,,1.1067570447921753,,
57,18073,,,1.3312711715698242,,
57,18075,,,1.1973069906234741,,
57,18077,,,1.2798120975494385,,
57,18079,,,1.063651204109192,,
57,18081,,,1.5617207288742065,,
57,18083,,,1.1923433542251587,,
57,18085,,,1.150423526763916,,
57,18087,,,1.3597455024719238,,
57,18089,,,1.36034095287323,,
57,18091,,,1.2126480340957642,,
57,18093,,,1.2994526624679565,,
57,18095,,,1.1832114458084106,,
57,18097,,,0.9678087830543518,,
57,18099,,,1.3044066429138184,,
57,18101,,,1.3430888652801514,,
57,18103,,,1.017283320426941,,
57,18105,,,1.2118265628814697,,
57,18107,,,1.0956264734268188,,
57,18109,,,1.062515139579773,,
57,18111,,,1.5006043910980225,,
57,18113,,,1.3922978639602661,,
57,18115,,,1.3964617252349854,,
57,18117,,,0.9457380175590515,,
57,18119,,,1.1733014583587646,,
57,18121,,,1.2598437070846558,,
57,18123,,,1.3467352390289307,,
57,18125,,,1.2406623363494873,,
57,18127,,,1.5335487127304077,,
57,18129,,,1.2166130542755127,,
57,18131,,,1.4565316438674927,,
57,18133,,,1.3040039539337158,,
57,18135,,,1.204184889793396,,
57,18137,,,1.4248346090316772,,
57,18139,,,1.2469173669815063,,
57,18141,,,1.3215017318725586,,
57,18143,,,1.1200954914093018,,
57,18145,,,1.1604337692260742,,
57,18147,,,1.4143612384796143,,
57,18149,,,1.5462645292282104,,
57,18151,,,1.2317966222763062,,
57,18153,,,1.225063443183899,,
57,18153,,,,0.06274999678134918,271.1788330078125
58,18155,,,1.1919218301773071,,
58,18157,,,1.1295201778411865,,
58,18159,,,1.2512303590774536,,
58,18161,,,1.3505077362060547,,
58,18163,,,1.647996425628662,,
58,18165,,,1.2672300338745117,,
58,18167,,,1.4469561576843262,,
58,18169,,,1.2555413246154785,,
58,18171,,,1.06365966796875,,
58,18173,,,1.2755705118179321,,
58,18175,,,1.3126466274261475,,
58,18177,,,1.2534927129745483,,
58,18179,,,1.5714449882507324,,
58,18181,,,1.254252314567566,,
58,18183,,,1.2252848148345947,,
58,18185,,,1.2505735158920288,,
58,18187,,,1.3356707096099854,,
58,18189,,,1.1156718730926514,,
58,18191,,,1.4015872478485107,,
58,18193,,,1.361343264579773,,
58,18195,,,0.9930859208106995,,
58,18197,,,1.1194899082183838,,
58,18199,,,0.9970120787620544,,
58,18201,,,1.157254934310913,,
58,18203,,,1.1047614812850952,,
58,18205,,,1.0124057531356812,,
58,18207,,,1.2662700414657593,,
58,18209,,,1.0569041967391968,,
58,18211,,,1.275412678718567,,
58,18213,,,1.1918113231658936,,
58,18215,,,1.072493314743042,,
58,18217,,,1.2854771614074707,,
58,18219,,,1.3212857246398926,,
58,18221,,,1.3389112949371338,,
58,18223,,,0.9351858496665955,,
58,18225,,,1.588793396949768,,
58,18227,,,1.3889564275741577,,
58,18229,,,1.1548281908035278,,
58,18231,,,0.9404265880584717,,
58,18233,,,1.4810523986816406,,
58,18235,,,1.3193297386169434,,
58,18237,,,1.36348557472229,,
58,18239,,,1.4224823713302612,,
58,18241,,,1.2470226287841797,,
58,18243,,,1.0510255098342896,,
58,18245,,,1.0685471296310425,,
58,18247,,,1.7365648746490479,,
58,18249,,,1.2345337867736816,,
58,18251,,,1.016153335571289,,
58,18253,,,1.4034003019332886,,
58,18255,,,1.2708510160446167,,
58,18257,,,1.2781474590301514,,
58,18259,,,1.2044836282730103,,
58,18261,,,1.4254570007324219,,
58,18263,,,1.3452177047729492,,
58,18265,,,1.314799189567566,,
58,18267,,,1.1385834217071533,,
58,18269,,,1.399993658065796,,
58,18271,,,1.2949339151382446,,
58,18273,,,1.231947422027588,,
58,18275,,,0.9549331665039062,,
58,18277,,,1.0000650882720947,,
58,18279,,,1.3714619874954224,,
58,18281,,,1.148681640625,,
58,18283,,,1.2023112773895264,,
58,18285,,,1.3008661270141602,,
58,18287,,,0.8811941146850586,,
58,18289,,,1.5267703533172607,,
58,18291,,,1.2775765657424927,,
58,18293,,,1.1453900337219238,,
58,18295,,,1.4882736206054688,,
58,18297,,,0.9548574090003967,,
58,18299,,,1.280610203742981,,
58,18301,,,1.143487811088562,,
58,18303,,,1.1707406044006348,,
58,18305,,,1.0191048383712769,,
58,18307,,,1.2020386457443237,,
58,18309,,,1.1594516038894653,,
58,18311,,,1.3755080699920654,,
58,18313,,,1.364996075630188,,
58,18315,,,1.4094349145889282,,
58,18317,,,1.3452439308166504,,
58,18319,,,1.1054649353027344,,
58,18321,,,1.3729838132858276,,
58,18323,,,1.2438011169433594,,
58,18325,,,0.8864898085594177,,
58,18327,,,1.182515263557434,,
58,18329,,,1.230410099029541,,
58,18331,,,1.3467117547988892,,
58,18333,,,1.343759298324585,,
58,18335,,,1.0640151500701904,,
58,18337,,,1.1736596822738647,,
58,18339,,,1.0153546333312988,,
58,18341,,,1.2434090375900269,,
58,18343,,,1.0636972188949585,,
58,18345,,,1.5022715330123901,,
58,18347,,,1.1346715688705444,,
58,18349,,,1.306061029434204,,
58,18351,,,1.2441445589065552,,
58,18353,,,1.273298978805542,,
58,18355,,,1.3042457103729248,,
58,18357,,,1.3788528442382812,,
58,18359,,,1.1420750617980957,,
58,18361,,,1.272417664527893,,
58,18363,,,1.4390729665756226,,
58,18365,,,1.1669996976852417,,
58,18367,,,1.4443745613098145,,
58,18369,,,1.2834612131118774,,
58,18371,,,1.2808921337127686,,
58,18373,,,1.1396942138671875,,
58,18375,,,1.178293228149414,,
58,18377,,,1.2159637212753296,,
58,18379,,,1.2145780324935913,,
58,18381,,,1.15878427028656,,
58,18383,,,1.3243138790130615,,
58,18385,,,1.367057204246521,,
58,18387,,,1.222679853439331,,
58,18389,,,1.7190277576446533,,
58,18391,,,1.0505837202072144,,
58,18393,,,1.3566546440124512,,
58,18395,,,1.3502626419067383,,
58,18397,,,1.2893441915512085,,
58,18399,,,1.2425962686538696,,
58,18401,,,1.2960050106048584,,
58,18403,,,1.313199758529663,,
58,18405,,,1.332234501838684,,
58,18407,,,1.3119937181472778,,
58,18409,,,1.3951821327209473,,
58,18411,,,1.0814387798309326,,
58,18413,,,1.2912650108337402,,
58,18415,,,1.2680379152297974,,
58,18417,,,1.4856475591659546,,
58,18419,,,1.1351144313812256,,
58,18421,,,1.115893840789795,,
58,18423,,,1.2763471603393555,,
58,18425,,,1.3036991357803345,,
58,18427,,,1.2618142366409302,,
58,18429,,,1.3736225366592407,,
58,18431,,,1.2170425653457642,,
58,18433,,,1.5043865442276,,
58,18435,,,1.1727770566940308,,
58,18437,,,1.0816049575805664,,
58,18439,,,1.5866239070892334,,
58,18441,,,1.4065890312194824,,
58,18443,,,1.3456584215164185,,
58,18445,,,1.1410372257232666,,
58,18447,,,1.1507302522659302,,
58,18449,,,1.0435794591903687,,
58,18451,,,1.157211422920227,,
58,18453,,,1.1400344371795654,,
58,18455,,,1.044103741645813,,
58,18457,,,1.2886990308761597,,
58,18459,,,1.2908331155776978,,
58,18461,,,1.0749740600585938,,
58,18463,,,1.2155665159225464,,
58,18465,,,1.3308675289154053,,
58,18466,,,,0.012550000101327896,310.0008544921875
59,18467,,,1.146762728691101,,
59,18469,,,1.1771602630615234,,
59,18471,,,1.0903137922286987,,
59,18473,,,1.2428487539291382,,
59,18475,,,1.1696302890777588,,
59,18477,,,1.4945439100265503,,
59,18479,,,1.2675623893737793,,
59,18481,,,1.4690057039260864,,
59,18483,,,1.151213526725769,,
59,18485,,,1.3874223232269287,,
59,18487,,,1.2932474613189697,,
59,18489,,,1.1429247856140137,,
59,18491,,,1.4532400369644165,,
59,18493,,,1.4877088069915771,,
59,18495,,,1.3012892007827759,,
59,18497,,,1.1811550855636597,,
59,18499,,,1.1847507953643799,,
59,18501,,,1.0948683023452759,,
59,18503,,,1.3056244850158691,,
59,18505,,,1.0743250846862793,,
59,18507,,,1.1842139959335327,,
59,18509,,,1.1211962699890137,,
59,18511,,,0.8586294054985046,,
59,18513,,,1.3547955751419067,,
59,18515,,,0.9260774254798889,,
59,18517,,,1.3502988815307617,,
59,18519,,,1.1454436779022217,,
59,18521,,,1.1661427021026611,,
59,18523,,,1.0300180912017822,,
59,18525,,,1.2745975255966187,,
59,18527,,,1.3283476829528809,,
59,18529,,,1.086459755897522,,
59,18531,,,1.1930060386657715,,
59,18533,,,1.396294116973877,,
59,18535,,,1.2622827291488647,,
59,18537,,,1.333029866218567,,
59,18539,,,1.2805204391479492,,
59,18541,,,1.0682321786880493,,
59,18543,,,1.3697792291641235,,
59,18545,,,1.2223715782165527,,
59,18547,,,1.2963000535964966,,
59,18549,,,1.1900527477264404,,
59,18551,,,1.3727082014083862,,
59,18553,,,1.2818174362182617,,
59,18555,,,1.2271764278411865,,
59,18557,,,1.1728721857070923,,
59,18559,,,1.2570282220840454,,
59,18561,,,1.2265022993087769,,
59,18563,,,1.3731904029846191,,
59,18565,,,1.358799934387207,,
59,18567,,,1.0158594846725464,,
59,18569,,,1.1362324953079224,,
59,18571,,,1.1259287595748901,,
59,18573,,,1.1718019247055054,,
59,18575,,,1.319745421409607,,
59,18577,,,1.1305689811706543,,
59,18579,,,1.2520177364349365,,
59,18581,,,1.4499143362045288,,
59,18583,,,1.418649435043335,,
59,18585,,,1.317258358001709,,
59,18587,,,1.4899770021438599,,
59,18589,,,1.0295003652572632,,
59,18591,,,1.1397508382797241,,
59,18593,,,1.2044436931610107,,
59,18595,,,1.2342400550842285,,
59,18597,,,1.051987886428833,,
59,18599,,,2.101093292236328,,
59,18601,,,1.1354397535324097,,
59,18603,,,1.6432942152023315,,
59,18605,,,1.0123364925384521,,
59,18607,,,1.0285801887512207,,
59,18609,,,1.030921459197998,,
59,18611,,,1.1969050168991089,,
59,18613,,,1.0635586977005005,,
59,18615,,,1.2505426406860352,,
59,18617,,,1.1737045049667358,,
59,18619,,,1.2877527475357056,,
59,18621,,,1.2134358882904053,,
59,18623,,,1.3503557443618774,,
59,18625,,,1.3088088035583496,,
59,18627,,,1.4671193361282349,,
59,18629,,,1.0839956998825073,,
59,18631,,,1.4959276914596558,,
59,18633,,,1.2240715026855469,,
59,18635,,,1.209505558013916,,
59,18637,,,1.3891117572784424,,
59,18639,,,1.4063630104064941,,
59,18641,,,1.1628434658050537,,
59,18643,,,1.2912832498550415,,
59,18645,,,1.1615302562713623,,
59,18647,,,1.3106800317764282,,
59,18649,,,1.2483552694320679,,
59,18651,,,1.3273341655731201,,
59,18653,,,1.444268822669983,,
59,18655,,,1.2896926403045654,,
59,18657,,,1.2146817445755005,,
59,18659,,,1.2117695808410645,,
59,18661,,,1.0878020524978638,,
59,18663,,,1.2196153402328491,,
59,18665,,,1.3025333881378174,,
59,18667,,,1.2458093166351318,,
59,18669,,,1.345751166343689,,
59,18671,,,1.164660096168518,,
59,18673,,,1.1633203029632568,,
59,18675,,,1.4156062602996826,,
59,18677,,,1.2720824480056763,,
59,18679,,,1.3715791702270508,,
59,18681,,,1.369472622871399,,
59,18683,,,1.2205281257629395,,
59,18685,,,1.4167699813842773,,
59,18687,,,1.134269118309021,,
59,18689,,,0.9141106009483337,,
59,18691,,,1.5496349334716797,,
59,18693,,,1.3045718669891357,,
59,18695,,,1.1868557929992676,,
59,18697,,,1.0861526727676392,,
59,18699,,,1.5700643062591553,,
59,18701,,,1.1938456296920776,,
59,18703,,,1.2569806575775146,,
59,18705,,,1.0554914474487305,,
59,18707,,,1.5806382894515991,,
59,18709,,,1.1850420236587524,,
59,18711,,,1.1493836641311646,,
59,18713,,,1.3393727540969849,,
59,18715,,,1.3292196989059448,,
59,18717,,,1.183609962463379,,
59,18719,,,1.3410258293151855,,
59,18721,,,1.0813419818878174,,
59,18723,,,0.9722104072570801,,
59,18725,,,1.4142162799835205,,
59,18727,,,1.1842615604400635,,
59,18729,,,1.0069386959075928,,
59,18731,,,1.2113308906555176,,
59,18733,,,1.120137333869934,,
59,18735,,,1.0401911735534668,,
59,18737,,,1.5027567148208618,,
59,18739,,,1.4241012334823608,,
59,18741,,,1.4433623552322388,,
59,18743,,,1.0646260976791382,,
59,18745,,,1.2091139554977417,,
59,18747,,,1.2402209043502808,,
59,18749,,,1.3389300107955933,,
59,18751,,,1.2664909362792969,,
59,18753,,,1.526029348373413,,
59,18755,,,1.176282525062561,,
59,18757,,,1.3903145790100098,,
59,18759,,,1.3023557662963867,,
59,18761,,,1.196381688117981,,
59,18763,,,1.5112134218215942,,
59,18765,,,1.2468338012695312,,
59,18767,,,1.3986239433288574,,
59,18769,,,1.092193603515625,,
59,18771,,,1.114842176437378,,
59,18773,,,1.4475359916687012,,
59,18775,,,1.7243211269378662,,
59,18777,,,1.1730849742889404,,
59,18779,,,1.213212013244629,,
59,18779,,,,0.025750000029802322,110.5994644165039
60,18780,0.024000000208616257,112.22098541259766,,,
