epoch,step,train_loss,val_acc,val_loss
0,1,1.535627841949463,,
0,3,1.5260157585144043,,
0,5,1.4864425659179688,,
0,7,1.5342967510223389,,
0,9,1.5986664295196533,,
0,11,1.5038963556289673,,
0,13,1.5864238739013672,,
0,15,1.6259706020355225,,
0,17,1.576195478439331,,
0,19,1.562516212463379,,
0,21,1.5834064483642578,,
0,23,1.5502437353134155,,
0,25,1.5457488298416138,,
0,27,1.5491664409637451,,
0,29,1.5439646244049072,,
0,31,1.5011656284332275,,
0,33,1.5132536888122559,,
0,35,1.5057716369628906,,
0,37,1.540172815322876,,
0,39,1.5689587593078613,,
0,41,1.5827229022979736,,
0,43,1.5247297286987305,,
0,45,1.5750582218170166,,
0,47,1.4911588430404663,,
0,49,1.493391990661621,,
0,51,1.5821878910064697,,
0,53,1.4876658916473389,,
0,55,1.5102909803390503,,
0,57,1.6257860660552979,,
0,59,1.5497729778289795,,
0,61,1.5339078903198242,,
0,63,1.5610851049423218,,
0,65,1.4762144088745117,,
0,67,1.6343975067138672,,
0,69,1.5507245063781738,,
0,71,1.6338160037994385,,
0,73,1.5547821521759033,,
0,75,1.6299545764923096,,
0,77,1.5433038473129272,,
0,79,1.5497405529022217,,
0,81,1.5047190189361572,,
0,83,1.5482230186462402,,
0,85,1.5855332612991333,,
0,87,1.556645154953003,,
0,89,1.5403447151184082,,
0,91,1.5170009136199951,,
0,93,1.551806926727295,,
0,95,1.4655555486679077,,
0,97,1.537413477897644,,
0,99,1.5186011791229248,,
0,101,1.4906377792358398,,
0,103,1.5458694696426392,,
0,105,1.5085084438323975,,
0,107,1.5646098852157593,,
0,109,1.5564727783203125,,
0,111,1.5672664642333984,,
0,113,1.5125677585601807,,
0,115,1.5413862466812134,,
0,117,1.5879791975021362,,
0,119,1.507301926612854,,
0,121,1.4900264739990234,,
0,123,1.5763447284698486,,
0,125,1.5485177040100098,,
0,127,1.5610113143920898,,
0,129,1.5773274898529053,,
0,131,1.5555214881896973,,
0,133,1.5090279579162598,,
0,135,1.4541910886764526,,
0,137,1.5392144918441772,,
0,139,1.5403739213943481,,
0,141,1.5773842334747314,,
0,143,1.4992594718933105,,
0,145,1.5361641645431519,,
0,147,1.6084675788879395,,
0,149,1.5333420038223267,,
0,151,1.567190170288086,,
0,153,1.5566948652267456,,
0,155,1.5394669771194458,,
0,157,1.614881992340088,,
0,159,1.57966947555542,,
0,161,1.5271867513656616,,
0,163,1.5694503784179688,,
0,165,1.5457870960235596,,
0,167,1.5243232250213623,,
0,169,1.537530779838562,,
0,171,1.5694282054901123,,
0,173,1.4915592670440674,,
0,175,1.552566647529602,,
0,177,1.5398930311203003,,
0,179,1.5370851755142212,,
0,181,1.550276756286621,,
0,183,1.5257775783538818,,
0,185,1.5357966423034668,,
0,187,1.5227570533752441,,
0,189,1.5288513898849487,,
0,191,1.5523812770843506,,
0,193,1.5346473455429077,,
0,195,1.5195953845977783,,
0,197,1.485723614692688,,
0,199,1.5218088626861572,,
0,201,1.4758678674697876,,
0,203,1.5792289972305298,,
0,205,1.524288296699524,,
0,207,1.4718942642211914,,
0,209,1.5402178764343262,,
0,211,1.5169340372085571,,
0,213,1.4814128875732422,,
0,215,1.5237276554107666,,
0,217,1.4678566455841064,,
0,219,1.557666540145874,,
0,221,1.6241378784179688,,
0,223,1.503944993019104,,
0,225,1.5501322746276855,,
0,227,1.5323971509933472,,
0,229,1.539367914199829,,
0,231,1.5478665828704834,,
0,233,1.5158127546310425,,
0,235,1.5084137916564941,,
0,237,1.4875447750091553,,
0,239,1.4802138805389404,,
0,241,1.5485126972198486,,
0,243,1.525285243988037,,
0,245,1.5343164205551147,,
0,247,1.5206758975982666,,
0,249,1.5703163146972656,,
0,251,1.5919578075408936,,
0,253,1.5693750381469727,,
0,255,1.565676212310791,,
0,257,1.531288504600525,,
0,259,1.537327766418457,,
0,261,1.538661003112793,,
0,263,1.4591416120529175,,
0,265,1.5319666862487793,,
0,267,1.5663726329803467,,
0,269,1.5757441520690918,,
0,271,1.526375412940979,,
0,273,1.6315735578536987,,
0,275,1.533524513244629,,
0,277,1.5980019569396973,,
0,279,1.4542595148086548,,
0,281,1.4895610809326172,,
0,283,1.5696375370025635,,
0,285,1.5156701803207397,,
0,287,1.530745267868042,,
0,289,1.4887336492538452,,
0,291,1.5048136711120605,,
0,293,1.4781179428100586,,
0,295,1.5355114936828613,,
0,297,1.5549325942993164,,
0,299,1.5445091724395752,,
0,301,1.5643340349197388,,
0,303,1.5645567178726196,,
0,305,1.4985243082046509,,
0,307,1.5226889848709106,,
0,309,1.5264861583709717,,
0,311,1.5338553190231323,,
0,312,,0.46544307470321655,1.5314476490020752
1,313,1.522498607635498,,
1,315,1.484908103942871,,
1,317,1.544040560722351,,
1,319,1.5895659923553467,,
1,321,1.5002551078796387,,
1,323,1.4720797538757324,,
1,325,1.5837888717651367,,
1,327,1.5469706058502197,,
1,329,1.4844084978103638,,
1,331,1.459628701210022,,
1,333,1.6022939682006836,,
1,335,1.5266952514648438,,
1,337,1.501372218132019,,
1,339,1.533487319946289,,
1,341,1.477506399154663,,
1,343,1.5687580108642578,,
1,345,1.540802240371704,,
1,347,1.516704797744751,,
1,349,1.5464670658111572,,
1,351,1.6070905923843384,,
1,353,1.5581681728363037,,
1,355,1.525693416595459,,
1,357,1.4886212348937988,,
1,359,1.5750892162322998,,
1,361,1.550462007522583,,
1,363,1.5641437768936157,,
1,365,1.5432490110397339,,
1,367,1.5191376209259033,,
1,369,1.6193442344665527,,
1,371,1.540395975112915,,
1,373,1.5382754802703857,,
1,375,1.5417717695236206,,
1,377,1.5463159084320068,,
1,379,1.5095826387405396,,
1,381,1.4693078994750977,,
1,383,1.4516857862472534,,
1,385,1.553014874458313,,
1,387,1.5214214324951172,,
1,389,1.5275614261627197,,
1,391,1.482703685760498,,
1,393,1.569568157196045,,
1,395,1.5137581825256348,,
1,397,1.5989365577697754,,
1,399,1.560149908065796,,
1,401,1.5640761852264404,,
1,403,1.5816435813903809,,
1,405,1.5663279294967651,,
1,407,1.51025390625,,
1,409,1.5136792659759521,,
1,411,1.543053150177002,,
1,413,1.4664669036865234,,
1,415,1.5423717498779297,,
1,417,1.5923638343811035,,
1,419,1.514481544494629,,
1,421,1.4933823347091675,,
1,423,1.5586349964141846,,
1,425,1.4472649097442627,,
1,427,1.5029939413070679,,
1,429,1.5642751455307007,,
1,431,1.5259201526641846,,
1,433,1.523573398590088,,
1,435,1.567941665649414,,
1,437,1.5211827754974365,,
1,439,1.5696289539337158,,
1,441,1.5534735918045044,,
1,443,1.5220520496368408,,
1,445,1.4924217462539673,,
1,447,1.565186858177185,,
1,449,1.5030572414398193,,
1,451,1.5353978872299194,,
1,453,1.5732216835021973,,
1,455,1.5141022205352783,,
1,457,1.5008834600448608,,
1,459,1.4945588111877441,,
1,461,1.54449462890625,,
1,463,1.5397357940673828,,
1,465,1.5309498310089111,,
1,467,1.5092614889144897,,
1,469,1.5384323596954346,,
1,471,1.5012539625167847,,
1,473,1.496734857559204,,
1,475,1.5257374048233032,,
1,477,1.4498780965805054,,
1,479,1.5515539646148682,,
1,481,1.4871702194213867,,
1,483,1.4962819814682007,,
1,485,1.5042293071746826,,
1,487,1.5601263046264648,,
1,489,1.5604479312896729,,
1,491,1.5588117837905884,,
1,493,1.4947052001953125,,
1,495,1.4566891193389893,,
1,497,1.6196160316467285,,
1,499,1.5554828643798828,,
1,501,1.5591092109680176,,
1,503,1.4834657907485962,,
1,505,1.5484673976898193,,
1,507,1.5716453790664673,,
1,509,1.5002360343933105,,
1,511,1.5309470891952515,,
1,513,1.5358572006225586,,
1,515,1.4961929321289062,,
1,517,1.60689115524292,,
1,519,1.5037894248962402,,
1,521,1.5314700603485107,,
1,523,1.4943870306015015,,
1,525,1.5659780502319336,,
1,527,1.4842844009399414,,
1,529,1.4853191375732422,,
1,531,1.5886015892028809,,
1,533,1.5171844959259033,,
1,535,1.5606226921081543,,
1,537,1.5367138385772705,,
1,539,1.5589405298233032,,
1,541,1.5544369220733643,,
1,543,1.55595862865448,,
1,545,1.521622657775879,,
1,547,1.5279885530471802,,
1,549,1.549691081047058,,
1,551,1.5210766792297363,,
1,553,1.5547358989715576,,
1,555,1.5150947570800781,,
1,557,1.5423895120620728,,
1,559,1.5509196519851685,,
1,561,1.5206761360168457,,
1,563,1.5257434844970703,,
1,565,1.5992321968078613,,
1,567,1.573094367980957,,
1,569,1.5001494884490967,,
1,571,1.540560245513916,,
1,573,1.5117533206939697,,
1,575,1.5743603706359863,,
1,577,1.5555706024169922,,
1,579,1.5566370487213135,,
1,581,1.4904589653015137,,
1,583,1.5032540559768677,,
1,585,1.443617820739746,,
1,587,1.5217645168304443,,
1,589,1.5072517395019531,,
1,591,1.5356557369232178,,
1,593,1.542020559310913,,
1,595,1.6909816265106201,,
1,597,1.553383469581604,,
1,599,1.5694674253463745,,
1,601,1.5850350856781006,,
1,603,1.5555099248886108,,
1,605,1.4995429515838623,,
1,607,1.579012393951416,,
1,609,1.534746527671814,,
1,611,1.5335144996643066,,
1,613,1.572709321975708,,
1,615,1.496878981590271,,
1,617,1.5158888101577759,,
1,619,1.4888033866882324,,
1,621,1.5323197841644287,,
1,623,1.4779082536697388,,
1,625,1.5485730171203613,,
1,625,,0.46544307470321655,1.5282905101776123
2,627,1.4697321653366089,,
2,629,1.554011344909668,,
2,631,1.4959814548492432,,
2,633,1.468639612197876,,
2,635,1.5661046504974365,,
2,637,1.5158132314682007,,
2,639,1.5640619993209839,,
2,641,1.503967046737671,,
2,643,1.5788791179656982,,
2,645,1.5480666160583496,,
2,647,1.572809100151062,,
2,649,1.4812712669372559,,
2,651,1.595679759979248,,
2,653,1.576895833015442,,
2,655,1.6096068620681763,,
2,657,1.54801344871521,,
2,659,1.4703577756881714,,
2,661,1.5009567737579346,,
2,663,1.5710053443908691,,
2,665,1.45452880859375,,
2,667,1.5194876194000244,,
2,669,1.4884237051010132,,
2,671,1.4796515703201294,,
2,673,1.6190783977508545,,
2,675,1.5647258758544922,,
2,677,1.4873260259628296,,
2,679,1.526266098022461,,
2,681,1.6309967041015625,,
2,683,1.608453392982483,,
2,685,1.5005285739898682,,
2,687,1.5438339710235596,,
2,689,1.5490741729736328,,
2,691,1.563857078552246,,
2,693,1.5213675498962402,,
2,695,1.5037026405334473,,
2,697,1.4465465545654297,,
2,699,1.5629675388336182,,
2,701,1.4919205904006958,,
2,703,1.4535503387451172,,
2,705,1.5318639278411865,,
2,707,1.570823311805725,,
2,709,1.4850690364837646,,
2,711,1.5374586582183838,,
2,713,1.4983946084976196,,
2,715,1.5054700374603271,,
2,717,1.5844178199768066,,
2,719,1.529072642326355,,
2,721,1.5069565773010254,,
2,723,1.5323817729949951,,
2,725,1.4517128467559814,,
2,727,1.5147039890289307,,
2,729,1.534812092781067,,
2,731,1.5395408868789673,,
2,733,1.515104055404663,,
2,735,1.6670494079589844,,
2,737,1.4307475090026855,,
2,739,1.6007179021835327,,
2,741,1.5499460697174072,,
2,743,1.5538206100463867,,
2,745,1.6027092933654785,,
2,747,1.4840855598449707,,
2,749,1.5218442678451538,,
2,751,1.4992409944534302,,
2,753,1.504472255706787,,
2,755,1.5049347877502441,,
2,757,1.562119960784912,,
2,759,1.5437583923339844,,
2,761,1.5778193473815918,,
2,763,1.5378223657608032,,
2,765,1.5263118743896484,,
2,767,1.5661753416061401,,
2,769,1.4485023021697998,,
2,771,1.4639079570770264,,
2,773,1.487626552581787,,
2,775,1.5825395584106445,,
2,777,1.530267596244812,,
2,779,1.5820587873458862,,
2,781,1.5440837144851685,,
2,783,1.6226308345794678,,
2,785,1.5432363748550415,,
2,787,1.561476230621338,,
2,789,1.535567283630371,,
2,791,1.5926086902618408,,
2,793,1.5408650636672974,,
2,795,1.5259425640106201,,
2,797,1.5884950160980225,,
2,799,1.5756666660308838,,
2,801,1.5020167827606201,,
2,803,1.5520708560943604,,
2,805,1.4967448711395264,,
2,807,1.6237637996673584,,
2,809,1.4909684658050537,,
2,811,1.538790225982666,,
2,813,1.5857441425323486,,
2,815,1.5057276487350464,,
2,817,1.4838440418243408,,
2,819,1.4583852291107178,,
2,821,1.53413724899292,,
2,823,1.5038337707519531,,
2,825,1.5270836353302002,,
2,827,1.5570241212844849,,
2,829,1.5213723182678223,,
2,831,1.5250811576843262,,
2,833,1.5476913452148438,,
2,835,1.5417850017547607,,
2,837,1.5609798431396484,,
2,839,1.508805274963379,,
2,841,1.599528193473816,,
2,843,1.5709704160690308,,
2,845,1.4809812307357788,,
2,847,1.5531647205352783,,
2,849,1.529842734336853,,
2,851,1.5776774883270264,,
2,853,1.4221174716949463,,
2,855,1.489732265472412,,
2,857,1.539900779724121,,
2,859,1.557126522064209,,
2,861,1.5220375061035156,,
2,863,1.5120465755462646,,
2,865,1.53403639793396,,
2,867,1.5442243814468384,,
2,869,1.489955186843872,,
2,871,1.562466025352478,,
2,873,1.4727554321289062,,
2,875,1.5753533840179443,,
2,877,1.520234227180481,,
2,879,1.5145952701568604,,
2,881,1.4779456853866577,,
2,883,1.4701690673828125,,
2,885,1.4969022274017334,,
2,887,1.5327987670898438,,
2,889,1.5390644073486328,,
2,891,1.5271234512329102,,
2,893,1.5704729557037354,,
2,895,1.522265911102295,,
2,897,1.4823122024536133,,
2,899,1.59608793258667,,
2,901,1.5075582265853882,,
2,903,1.4915505647659302,,
2,905,1.4976956844329834,,
2,907,1.5611841678619385,,
2,909,1.5592677593231201,,
2,911,1.4667620658874512,,
2,913,1.5921357870101929,,
2,915,1.5034418106079102,,
2,917,1.5497934818267822,,
2,919,1.5052604675292969,,
2,921,1.447113275527954,,
2,923,1.6033434867858887,,
2,925,1.4403215646743774,,
2,927,1.499587059020996,,
2,929,1.569000244140625,,
2,931,1.5042072534561157,,
2,933,1.5195355415344238,,
2,935,1.5208370685577393,,
2,937,1.541571855545044,,
2,938,,0.46544307470321655,1.5267173051834106
3,939,1.5405391454696655,,
3,941,1.5018441677093506,,
3,943,1.577994704246521,,
3,945,1.5353537797927856,,
3,947,1.5086426734924316,,
3,949,1.4961018562316895,,
3,951,1.5174590349197388,,
3,953,1.5192031860351562,,
3,955,1.6097743511199951,,
3,957,1.5408604145050049,,
3,959,1.530412197113037,,
3,961,1.53975510597229,,
3,963,1.490425944328308,,
3,965,1.5798139572143555,,
3,967,1.5300774574279785,,
3,969,1.5045620203018188,,
3,971,1.5849871635437012,,
3,973,1.6175174713134766,,
3,975,1.445715308189392,,
3,977,1.5510704517364502,,
3,979,1.556410312652588,,
3,981,1.5367060899734497,,
3,983,1.5047986507415771,,
3,985,1.4835491180419922,,
3,987,1.4576199054718018,,
3,989,1.5533552169799805,,
3,991,1.5375186204910278,,
3,993,1.5160462856292725,,
3,995,1.481469750404358,,
3,997,1.5674595832824707,,
3,999,1.5074107646942139,,
3,1001,1.4676551818847656,,
3,1003,1.4950755834579468,,
3,1005,1.4665822982788086,,
3,1007,1.5290707349777222,,
3,1009,1.4965310096740723,,
3,1011,1.5414940118789673,,
3,1013,1.5885734558105469,,
3,1015,1.4978389739990234,,
3,1017,1.529557228088379,,
3,1019,1.5711729526519775,,
3,1021,1.5647587776184082,,
3,1023,1.5387662649154663,,
3,1025,1.5151447057724,,
3,1027,1.531453251838684,,
3,1029,1.5160772800445557,,
3,1031,1.5926580429077148,,
3,1033,1.5490210056304932,,
3,1035,1.4456944465637207,,
3,1037,1.5058016777038574,,
3,1039,1.551313042640686,,
3,1041,1.5165728330612183,,
3,1043,1.5837010145187378,,
3,1045,1.65976881980896,,
3,1047,1.5224308967590332,,
3,1049,1.5492708683013916,,
3,1051,1.5456109046936035,,
3,1053,1.5092928409576416,,
3,1055,1.5294179916381836,,
3,1057,1.5861574411392212,,
3,1059,1.464073896408081,,
3,1061,1.4652525186538696,,
3,1063,1.5056476593017578,,
3,1065,1.5056825876235962,,
3,1067,1.566785454750061,,
3,1069,1.6089156866073608,,
3,1071,1.539551019668579,,
3,1073,1.5566389560699463,,
3,1075,1.5027422904968262,,
3,1077,1.5549674034118652,,
3,1079,1.514654517173767,,
3,1081,1.5464704036712646,,
3,1083,1.4911274909973145,,
3,1085,1.5090646743774414,,
3,1087,1.5855494737625122,,
3,1089,1.5541069507598877,,
3,1091,1.4984248876571655,,
3,1093,1.5759975910186768,,
3,1095,1.4928605556488037,,
3,1097,1.4773181676864624,,
3,1099,1.491003155708313,,
3,1101,1.5210623741149902,,
3,1103,1.5460693836212158,,
3,1105,1.5741674900054932,,
3,1107,1.4932998418807983,,
3,1109,1.5556280612945557,,
3,1111,1.5206044912338257,,
3,1113,1.5526456832885742,,
3,1115,1.4738664627075195,,
3,1117,1.462247371673584,,
3,1119,1.5348321199417114,,
3,1121,1.4990479946136475,,
3,1123,1.4747285842895508,,
3,1125,1.57129967212677,,
3,1127,1.5130462646484375,,
3,1129,1.5933074951171875,,
3,1131,1.5450971126556396,,
3,1133,1.5670270919799805,,
3,1135,1.4829120635986328,,
3,1137,1.446192741394043,,
3,1139,1.5789330005645752,,
3,1141,1.527493953704834,,
3,1143,1.5795700550079346,,
3,1145,1.5910794734954834,,
3,1147,1.4578635692596436,,
3,1149,1.4501709938049316,,
3,1151,1.510581374168396,,
3,1153,1.4626215696334839,,
3,1155,1.5550907850265503,,
3,1157,1.5615234375,,
3,1159,1.5041722059249878,,
3,1161,1.5373060703277588,,
3,1163,1.4854365587234497,,
3,1165,1.5199711322784424,,
3,1167,1.5512412786483765,,
3,1169,1.5468114614486694,,
3,1171,1.5109412670135498,,
3,1173,1.5282598733901978,,
3,1175,1.5628397464752197,,
3,1177,1.4899052381515503,,
3,1179,1.4995259046554565,,
3,1181,1.5411980152130127,,
3,1183,1.4352201223373413,,
3,1185,1.6195406913757324,,
3,1187,1.5251891613006592,,
3,1189,1.5713450908660889,,
3,1191,1.634791374206543,,
3,1193,1.5473517179489136,,
3,1195,1.5819439888000488,,
3,1197,1.5259979963302612,,
3,1199,1.5144686698913574,,
3,1201,1.5383198261260986,,
3,1203,1.5021412372589111,,
3,1205,1.6235506534576416,,
3,1207,1.5142428874969482,,
3,1209,1.5617011785507202,,
3,1211,1.50478196144104,,
3,1213,1.5849413871765137,,
3,1215,1.5938646793365479,,
3,1217,1.5646882057189941,,
3,1219,1.5449976921081543,,
3,1221,1.5519124269485474,,
3,1223,1.5451478958129883,,
3,1225,1.5308119058609009,,
3,1227,1.5491865873336792,,
3,1229,1.474382996559143,,
3,1231,1.524617314338684,,
3,1233,1.5080547332763672,,
3,1235,1.5448733568191528,,
3,1237,1.4662837982177734,,
3,1239,1.560390591621399,,
3,1241,1.5926971435546875,,
3,1243,1.5674021244049072,,
3,1245,1.5874230861663818,,
3,1247,1.6030943393707275,,
3,1249,1.5738554000854492,,
3,1251,1.576680302619934,,
3,1251,,0.46544307470321655,1.5258753299713135
4,1253,1.5222413539886475,,
4,1255,1.5653196573257446,,
4,1257,1.581640362739563,,
4,1259,1.4598002433776855,,
4,1261,1.4629783630371094,,
4,1263,1.5477628707885742,,
4,1265,1.5209689140319824,,
4,1267,1.5183701515197754,,
4,1269,1.5377267599105835,,
4,1271,1.5548757314682007,,
4,1273,1.5044007301330566,,
4,1275,1.5727159976959229,,
4,1277,1.4836647510528564,,
4,1279,1.528599500656128,,
4,1281,1.5738972425460815,,
4,1283,1.5012280941009521,,
4,1285,1.5298564434051514,,
4,1287,1.5034486055374146,,
4,1289,1.5047361850738525,,
4,1291,1.4755884408950806,,
4,1293,1.5875813961029053,,
4,1295,1.5798633098602295,,
4,1297,1.553689956665039,,
4,1299,1.5133886337280273,,
4,1301,1.5927202701568604,,
4,1303,1.4994621276855469,,
4,1305,1.5013999938964844,,
4,1307,1.571420669555664,,
4,1309,1.5383425951004028,,
4,1311,1.568939447402954,,
4,1313,1.5395159721374512,,
4,1315,1.5598965883255005,,
4,1317,1.5617313385009766,,
4,1319,1.5197789669036865,,
4,1321,1.5489897727966309,,
4,1323,1.529531717300415,,
4,1325,1.5848746299743652,,
4,1327,1.504249095916748,,
4,1329,1.5812333822250366,,
4,1331,1.487321138381958,,
4,1333,1.4933838844299316,,
4,1335,1.495751142501831,,
4,1337,1.5162482261657715,,
4,1339,1.4897799491882324,,
4,1341,1.6049208641052246,,
4,1343,1.5345995426177979,,
4,1345,1.4772071838378906,,
4,1347,1.5936996936798096,,
4,1349,1.552210807800293,,
4,1351,1.6160452365875244,,
4,1353,1.4977920055389404,,
4,1355,1.465562105178833,,
4,1357,1.5002762079238892,,
4,1359,1.5331515073776245,,
4,1361,1.6008760929107666,,
4,1363,1.4808588027954102,,
4,1365,1.5848135948181152,,
4,1367,1.4990743398666382,,
4,1369,1.5970650911331177,,
4,1371,1.5539323091506958,,
4,1373,1.4908688068389893,,
4,1375,1.6033376455307007,,
4,1377,1.5077793598175049,,
4,1379,1.5452498197555542,,
4,1381,1.480241298675537,,
4,1383,1.5410175323486328,,
4,1385,1.575360655784607,,
4,1387,1.472432017326355,,
4,1389,1.5209908485412598,,
4,1391,1.426835536956787,,
4,1393,1.5192959308624268,,
4,1395,1.5455141067504883,,
4,1397,1.4721415042877197,,
4,1399,1.4187949895858765,,
4,1401,1.4968206882476807,,
4,1403,1.587640404701233,,
4,1405,1.513138771057129,,
4,1407,1.5465259552001953,,
4,1409,1.5361812114715576,,
4,1411,1.5447310209274292,,
4,1413,1.5552077293395996,,
4,1415,1.4903854131698608,,
4,1417,1.5715079307556152,,
4,1419,1.5684651136398315,,
4,1421,1.5659571886062622,,
4,1423,1.517965316772461,,
4,1425,1.5439331531524658,,
4,1427,1.3769659996032715,,
4,1429,1.5587518215179443,,
4,1431,1.496551275253296,,
4,1433,1.4844633340835571,,
4,1435,1.501675009727478,,
4,1437,1.4976094961166382,,
4,1439,1.536088228225708,,
4,1441,1.4802805185317993,,
4,1443,1.511426568031311,,
4,1445,1.523470401763916,,
4,1447,1.5583827495574951,,
4,1449,1.5149904489517212,,
4,1451,1.4662305116653442,,
4,1453,1.4916844367980957,,
4,1455,1.5778255462646484,,
4,1457,1.4700682163238525,,
4,1459,1.4732952117919922,,
4,1461,1.4852731227874756,,
4,1463,1.4875800609588623,,
4,1465,1.477980375289917,,
4,1467,1.5830426216125488,,
4,1469,1.5208925008773804,,
4,1471,1.5980181694030762,,
4,1473,1.4541760683059692,,
4,1475,1.5134532451629639,,
4,1477,1.5360627174377441,,
4,1479,1.4960994720458984,,
4,1481,1.540701150894165,,
4,1483,1.5483660697937012,,
4,1485,1.477616310119629,,
4,1487,1.51273775100708,,
4,1489,1.502957820892334,,
4,1491,1.5927088260650635,,
4,1493,1.578664779663086,,
4,1495,1.5820229053497314,,
4,1497,1.492140531539917,,
4,1499,1.551849365234375,,
4,1501,1.5385208129882812,,
4,1503,1.5220906734466553,,
4,1505,1.4192602634429932,,
4,1507,1.5275394916534424,,
4,1509,1.5812036991119385,,
4,1511,1.6178290843963623,,
4,1513,1.5408804416656494,,
4,1515,1.5318529605865479,,
4,1517,1.520737886428833,,
4,1519,1.4647362232208252,,
4,1521,1.537340760231018,,
4,1523,1.4706451892852783,,
4,1525,1.4899559020996094,,
4,1527,1.5598535537719727,,
4,1529,1.503240942955017,,
4,1531,1.578493356704712,,
4,1533,1.5154473781585693,,
4,1535,1.5333759784698486,,
4,1537,1.5866085290908813,,
4,1539,1.5174504518508911,,
4,1541,1.534299373626709,,
4,1543,1.500504493713379,,
4,1545,1.558937907218933,,
4,1547,1.6149852275848389,,
4,1549,1.5154582262039185,,
4,1551,1.501539945602417,,
4,1553,1.4572545289993286,,
4,1555,1.5117028951644897,,
4,1557,1.4696102142333984,,
4,1559,1.5519927740097046,,
4,1561,1.5708272457122803,,
4,1563,1.5550236701965332,,
4,1564,,0.46544307470321655,1.525299072265625
5,1565,1.5599253177642822,,
5,1567,1.5813676118850708,,
5,1569,1.5090545415878296,,
5,1571,1.5241810083389282,,
5,1573,1.5555362701416016,,
5,1575,1.5598965883255005,,
5,1577,1.552337408065796,,
5,1579,1.5211741924285889,,
5,1581,1.4888379573822021,,
5,1583,1.5657907724380493,,
5,1585,1.5422866344451904,,
5,1587,1.5755562782287598,,
5,1589,1.5138168334960938,,
5,1591,1.5409902334213257,,
5,1593,1.4756979942321777,,
5,1595,1.5790787935256958,,
5,1597,1.4926460981369019,,
5,1599,1.5423221588134766,,
5,1601,1.5031414031982422,,
5,1603,1.5053038597106934,,
5,1605,1.4818062782287598,,
5,1607,1.578233003616333,,
5,1609,1.5761878490447998,,
5,1611,1.5441484451293945,,
5,1613,1.5470713376998901,,
5,1615,1.6171340942382812,,
5,1617,1.5227246284484863,,
5,1619,1.4960155487060547,,
5,1621,1.5711746215820312,,
5,1623,1.5119515657424927,,
5,1625,1.5630565881729126,,
5,1627,1.563180923461914,,
5,1629,1.5017668008804321,,
5,1631,1.5247788429260254,,
5,1633,1.532492995262146,,
5,1635,1.5494242906570435,,
5,1637,1.5455105304718018,,
5,1639,1.5649702548980713,,
5,1641,1.5811947584152222,,
5,1643,1.5289162397384644,,
5,1645,1.510179042816162,,
5,1647,1.5643903017044067,,
5,1649,1.4846913814544678,,
5,1651,1.4564286470413208,,
5,1653,1.5587773323059082,,
5,1655,1.556199550628662,,
5,1657,1.5621230602264404,,
5,1659,1.5086417198181152,,
5,1661,1.5898363590240479,,
5,1663,1.4986004829406738,,
5,1665,1.5593514442443848,,
5,1667,1.4784818887710571,,
5,1669,1.5248404741287231,,
5,1671,1.5906084775924683,,
5,1673,1.4264907836914062,,
5,1675,1.5728363990783691,,
5,1677,1.5746593475341797,,
5,1679,1.5745488405227661,,
5,1681,1.502915859222412,,
5,1683,1.4951971769332886,,
5,1685,1.4600293636322021,,
5,1687,1.5307109355926514,,
5,1689,1.5543570518493652,,
5,1691,1.5775868892669678,,
5,1693,1.513124704360962,,
5,1695,1.4558666944503784,,
5,1697,1.5118980407714844,,
5,1699,1.5448511838912964,,
5,1701,1.6119331121444702,,
5,1703,1.531767725944519,,
5,1705,1.4904682636260986,,
5,1707,1.5634145736694336,,
5,1709,1.461260437965393,,
5,1711,1.528348684310913,,
5,1713,1.4583218097686768,,
5,1715,1.5436091423034668,,
5,1717,1.5374791622161865,,
5,1719,1.5017895698547363,,
5,1721,1.557763934135437,,
5,1723,1.50974702835083,,
5,1725,1.5272271633148193,,
5,1727,1.4880365133285522,,
5,1729,1.5415112972259521,,
5,1731,1.4553678035736084,,
5,1733,1.4458060264587402,,
5,1735,1.5259323120117188,,
5,1737,1.6057056188583374,,
5,1739,1.551947832107544,,
5,1741,1.5286372900009155,,
5,1743,1.5384994745254517,,
5,1745,1.4604394435882568,,
5,1747,1.5213299989700317,,
5,1749,1.539391040802002,,
5,1751,1.5248079299926758,,
5,1753,1.5413018465042114,,
5,1755,1.629913568496704,,
5,1757,1.5362176895141602,,
5,1759,1.5181515216827393,,
5,1761,1.5443758964538574,,
5,1763,1.5015122890472412,,
5,1765,1.4820386171340942,,
5,1767,1.5169188976287842,,
5,1769,1.4574474096298218,,
5,1771,1.5243802070617676,,
5,1773,1.5069959163665771,,
5,1775,1.491127848625183,,
5,1777,1.5092928409576416,,
5,1779,1.508946180343628,,
5,1781,1.5286333560943604,,
5,1783,1.5337567329406738,,
5,1785,1.5344319343566895,,
5,1787,1.4942141771316528,,
5,1789,1.5235023498535156,,
5,1791,1.4569720029830933,,
5,1793,1.5380330085754395,,
5,1795,1.515048623085022,,
5,1797,1.5028663873672485,,
5,1799,1.4938220977783203,,
5,1801,1.514557957649231,,
5,1803,1.46290922164917,,
5,1805,1.504948377609253,,
5,1807,1.4953619241714478,,
5,1809,1.4964056015014648,,
5,1811,1.5425173044204712,,
5,1813,1.5048449039459229,,
5,1815,1.5087149143218994,,
5,1817,1.55552339553833,,
5,1819,1.559922218322754,,
5,1821,1.5053942203521729,,
5,1823,1.5195538997650146,,
5,1825,1.4688923358917236,,
5,1827,1.5270105600357056,,
5,1829,1.4913967847824097,,
5,1831,1.510763168334961,,
5,1833,1.469299077987671,,
5,1835,1.4776583909988403,,
5,1837,1.5113744735717773,,
5,1839,1.557116985321045,,
5,1841,1.5637736320495605,,
5,1843,1.5281473398208618,,
5,1845,1.5665311813354492,,
5,1847,1.4370064735412598,,
5,1849,1.6023499965667725,,
5,1851,1.5177512168884277,,
5,1853,1.519423484802246,,
5,1855,1.4868565797805786,,
5,1857,1.5152535438537598,,
5,1859,1.5302479267120361,,
5,1861,1.5491218566894531,,
5,1863,1.4651446342468262,,
5,1865,1.5690770149230957,,
5,1867,1.5123251676559448,,
5,1869,1.5438988208770752,,
5,1871,1.6209356784820557,,
5,1873,1.512338638305664,,
5,1875,1.446035385131836,,
5,1877,1.5251049995422363,,
5,1877,,0.46544307470321655,1.5249444246292114
6,1879,1.4730968475341797,,
6,1881,1.5692238807678223,,
6,1883,1.5278596878051758,,
6,1885,1.5735409259796143,,
6,1887,1.5275278091430664,,
6,1889,1.5286619663238525,,
6,1891,1.561691164970398,,
6,1893,1.5263056755065918,,
6,1895,1.5445666313171387,,
6,1897,1.4774810075759888,,
6,1899,1.5531688928604126,,
6,1901,1.4864246845245361,,
6,1903,1.4888005256652832,,
6,1905,1.539635181427002,,
6,1907,1.5172808170318604,,
6,1909,1.4760545492172241,,
6,1911,1.513144612312317,,
6,1913,1.4796106815338135,,
6,1915,1.4893038272857666,,
6,1917,1.5477784872055054,,
6,1919,1.5454171895980835,,
6,1921,1.4654704332351685,,
6,1923,1.4951245784759521,,
6,1925,1.5356128215789795,,
6,1927,1.5186375379562378,,
6,1929,1.593977451324463,,
6,1931,1.4830384254455566,,
6,1933,1.5421499013900757,,
6,1935,1.485443115234375,,
6,1937,1.6319663524627686,,
6,1939,1.5185620784759521,,
6,1941,1.5456968545913696,,
6,1943,1.5138728618621826,,
6,1945,1.5732250213623047,,
6,1947,1.4927341938018799,,
6,1949,1.5625170469284058,,
6,1951,1.485805869102478,,
6,1953,1.5299584865570068,,
6,1955,1.5496309995651245,,
6,1957,1.511068344116211,,
6,1959,1.541251301765442,,
6,1961,1.4985932111740112,,
6,1963,1.5393660068511963,,
6,1965,1.5271520614624023,,
6,1967,1.540163278579712,,
6,1969,1.5365608930587769,,
6,1971,1.4929776191711426,,
6,1973,1.5217869281768799,,
6,1975,1.4845435619354248,,
6,1977,1.4951680898666382,,
6,1979,1.5800285339355469,,
6,1981,1.4724030494689941,,
6,1983,1.5521800518035889,,
6,1985,1.6159965991973877,,
6,1987,1.5643565654754639,,
6,1989,1.5425119400024414,,
6,1991,1.4876413345336914,,
6,1993,1.5678091049194336,,
6,1995,1.602201223373413,,
6,1997,1.507277250289917,,
6,1999,1.5183143615722656,,
6,2001,1.5371644496917725,,
6,2003,1.4967594146728516,,
6,2005,1.415891408920288,,
6,2007,1.4859633445739746,,
6,2009,1.5116398334503174,,
6,2011,1.5532324314117432,,
6,2013,1.5655875205993652,,
6,2015,1.563328504562378,,
6,2017,1.5372768640518188,,
6,2019,1.5861207246780396,,
6,2021,1.5673487186431885,,
6,2023,1.510881781578064,,
6,2025,1.4767018556594849,,
6,2027,1.5785152912139893,,
6,2029,1.5038342475891113,,
6,2031,1.5008593797683716,,
6,2033,1.4958007335662842,,
6,2035,1.5677226781845093,,
6,2037,1.4712660312652588,,
6,2039,1.5026507377624512,,
6,2041,1.474740982055664,,
6,2043,1.548438549041748,,
6,2045,1.5011045932769775,,
6,2047,1.5598522424697876,,
6,2049,1.4877837896347046,,
6,2051,1.5153145790100098,,
6,2053,1.5498886108398438,,
6,2055,1.4951508045196533,,
6,2057,1.5125752687454224,,
6,2059,1.5999226570129395,,
6,2061,1.5010671615600586,,
6,2063,1.468644380569458,,
6,2065,1.527032732963562,,
6,2067,1.4700844287872314,,
6,2069,1.5217056274414062,,
6,2071,1.5475199222564697,,
6,2073,1.4381871223449707,,
6,2075,1.4534626007080078,,
6,2077,1.5585111379623413,,
6,2079,1.5707993507385254,,
6,2081,1.5475444793701172,,
6,2083,1.4419095516204834,,
6,2085,1.5419354438781738,,
6,2087,1.486636757850647,,
6,2089,1.5922040939331055,,
6,2091,1.4962992668151855,,
6,2093,1.553020715713501,,
6,2095,1.6055089235305786,,
6,2097,1.5236189365386963,,
6,2099,1.5449151992797852,,
6,2101,1.5416491031646729,,
6,2103,1.5724234580993652,,
6,2105,1.5120389461517334,,
6,2107,1.4938265085220337,,
6,2109,1.572972297668457,,
6,2111,1.5340839624404907,,
6,2113,1.528916835784912,,
6,2115,1.5211515426635742,,
6,2117,1.5568448305130005,,
6,2119,1.4886815547943115,,
6,2121,1.525264024734497,,
6,2123,1.4875364303588867,,
6,2125,1.5222814083099365,,
6,2127,1.550581932067871,,
6,2129,1.5075769424438477,,
6,2131,1.5155556201934814,,
6,2133,1.5620946884155273,,
6,2135,1.5154080390930176,,
6,2137,1.6439027786254883,,
6,2139,1.5307694673538208,,
6,2141,1.5475064516067505,,
6,2143,1.4709447622299194,,
6,2145,1.5125852823257446,,
6,2147,1.4531688690185547,,
6,2149,1.4893715381622314,,
6,2151,1.5202655792236328,,
6,2153,1.5656211376190186,,
6,2155,1.5273666381835938,,
6,2157,1.4937553405761719,,
6,2159,1.5122179985046387,,
6,2161,1.5373458862304688,,
6,2163,1.4894310235977173,,
6,2165,1.4511668682098389,,
6,2167,1.4905043840408325,,
6,2169,1.563199520111084,,
6,2171,1.4977478981018066,,
6,2173,1.502819538116455,,
6,2175,1.494488000869751,,
6,2177,1.5378350019454956,,
6,2179,1.541358470916748,,
6,2181,1.5433852672576904,,
6,2183,1.5942060947418213,,
6,2185,1.5389549732208252,,
6,2187,1.5209050178527832,,
6,2189,1.542309284210205,,
6,2190,,0.46544307470321655,1.5247230529785156
7,2191,1.4942538738250732,,
7,2193,1.5546571016311646,,
7,2195,1.515724778175354,,
7,2197,1.5427097082138062,,
7,2199,1.5963666439056396,,
7,2201,1.463207483291626,,
7,2203,1.5238999128341675,,
7,2205,1.568326473236084,,
7,2207,1.5155117511749268,,
7,2209,1.4893040657043457,,
7,2211,1.620700478553772,,
7,2213,1.5963716506958008,,
7,2215,1.640992522239685,,
7,2217,1.4862067699432373,,
7,2219,1.4928059577941895,,
7,2221,1.601410150527954,,
7,2223,1.5905723571777344,,
7,2225,1.5607906579971313,,
7,2227,1.5641205310821533,,
7,2229,1.5491371154785156,,
7,2231,1.5544618368148804,,
7,2233,1.5696054697036743,,
7,2235,1.513178825378418,,
7,2237,1.4927221536636353,,
7,2239,1.512755036354065,,
7,2241,1.5348190069198608,,
7,2243,1.6039642095565796,,
7,2245,1.5020403861999512,,
7,2247,1.3804479837417603,,
7,2249,1.5144052505493164,,
7,2251,1.5317108631134033,,
7,2253,1.519463300704956,,
7,2255,1.5237863063812256,,
7,2257,1.5386407375335693,,
7,2259,1.585254192352295,,
7,2261,1.6093764305114746,,
7,2263,1.4607621431350708,,
7,2265,1.505786657333374,,
7,2267,1.6437643766403198,,
7,2269,1.4956238269805908,,
7,2271,1.483180284500122,,
7,2273,1.5726776123046875,,
7,2275,1.5643476247787476,,
7,2277,1.5465779304504395,,
7,2279,1.5455563068389893,,
7,2281,1.476342797279358,,
7,2283,1.5690460205078125,,
7,2285,1.555107593536377,,
7,2287,1.528781533241272,,
7,2289,1.5848665237426758,,
7,2291,1.5456395149230957,,
7,2293,1.5161241292953491,,
7,2295,1.5230293273925781,,
7,2297,1.5259084701538086,,
7,2299,1.5137076377868652,,
7,2301,1.5102005004882812,,
7,2303,1.4873344898223877,,
7,2305,1.5271904468536377,,
7,2307,1.6016029119491577,,
7,2309,1.4356608390808105,,
7,2311,1.4996609687805176,,
7,2313,1.5078420639038086,,
7,2315,1.484533667564392,,
7,2317,1.519207239151001,,
7,2319,1.4452197551727295,,
7,2321,1.5319753885269165,,
7,2323,1.4380075931549072,,
7,2325,1.5562148094177246,,
7,2327,1.5597100257873535,,
7,2329,1.4207725524902344,,
7,2331,1.56467866897583,,
7,2333,1.564605474472046,,
7,2335,1.536325216293335,,
7,2337,1.4540464878082275,,
7,2339,1.5469169616699219,,
7,2341,1.4606571197509766,,
7,2343,1.482666254043579,,
7,2345,1.5265491008758545,,
7,2347,1.510324239730835,,
7,2349,1.4751079082489014,,
7,2351,1.5359493494033813,,
7,2353,1.5091601610183716,,
7,2355,1.5080081224441528,,
7,2357,1.5456632375717163,,
7,2359,1.566396951675415,,
7,2361,1.5477596521377563,,
7,2363,1.5259850025177002,,
7,2365,1.5365238189697266,,
7,2367,1.4661895036697388,,
7,2369,1.5673408508300781,,
7,2371,1.443358302116394,,
7,2373,1.5557453632354736,,
7,2375,1.5956252813339233,,
7,2377,1.5932927131652832,,
7,2379,1.5070013999938965,,
7,2381,1.5175487995147705,,
7,2383,1.5694812536239624,,
7,2385,1.4846973419189453,,
7,2387,1.5228655338287354,,
7,2389,1.5717308521270752,,
7,2391,1.476466417312622,,
7,2393,1.5754477977752686,,
7,2395,1.5349085330963135,,
7,2397,1.5294915437698364,,
7,2399,1.5236531496047974,,
7,2401,1.5156515836715698,,
7,2403,1.4602361917495728,,
7,2405,1.5094398260116577,,
7,2407,1.5148141384124756,,
7,2409,1.6108438968658447,,
7,2411,1.5146081447601318,,
7,2413,1.542550802230835,,
7,2415,1.4654353857040405,,
7,2417,1.6085293292999268,,
7,2419,1.5245109796524048,,
7,2421,1.4234873056411743,,
7,2423,1.527396559715271,,
7,2425,1.5208675861358643,,
7,2427,1.5635263919830322,,
7,2429,1.4845523834228516,,
7,2431,1.5038782358169556,,
7,2433,1.5239956378936768,,
7,2435,1.4521294832229614,,
7,2437,1.6024996042251587,,
7,2439,1.5378954410552979,,
7,2441,1.463071346282959,,
7,2443,1.5942795276641846,,
7,2445,1.5423349142074585,,
7,2447,1.5642281770706177,,
7,2449,1.5550071001052856,,
7,2451,1.4614616632461548,,
7,2453,1.480682373046875,,
7,2455,1.4806171655654907,,
7,2457,1.4932374954223633,,
7,2459,1.5134068727493286,,
7,2461,1.5352309942245483,,
7,2463,1.5279150009155273,,
7,2465,1.5301823616027832,,
7,2467,1.5035037994384766,,
7,2469,1.547800064086914,,
7,2471,1.5974798202514648,,
7,2473,1.580978512763977,,
7,2475,1.4975972175598145,,
7,2477,1.5445162057876587,,
7,2479,1.5548174381256104,,
7,2481,1.5661495923995972,,
7,2483,1.5072877407073975,,
7,2485,1.4884674549102783,,
7,2487,1.498405933380127,,
7,2489,1.561798095703125,,
7,2491,1.571593165397644,,
7,2493,1.524172306060791,,
7,2495,1.5632778406143188,,
7,2497,1.4745005369186401,,
7,2499,1.6095904111862183,,
7,2501,1.506645679473877,,
7,2503,1.5906236171722412,,
7,2503,,0.46544307470321655,1.5245106220245361
8,2505,1.555274486541748,,
8,2507,1.5110628604888916,,
8,2509,1.5547142028808594,,
8,2511,1.4316999912261963,,
8,2513,1.4517652988433838,,
8,2515,1.4758379459381104,,
8,2517,1.5645498037338257,,
8,2519,1.560397982597351,,
8,2521,1.4543803930282593,,
8,2523,1.4794931411743164,,
8,2525,1.5064592361450195,,
8,2527,1.5448353290557861,,
8,2529,1.5180622339248657,,
8,2531,1.5803706645965576,,
8,2533,1.4657944440841675,,
8,2535,1.608492374420166,,
8,2537,1.5663105249404907,,
8,2539,1.536893367767334,,
8,2541,1.4931970834732056,,
8,2543,1.5604249238967896,,
8,2545,1.5687260627746582,,
8,2547,1.624393343925476,,
8,2549,1.495301365852356,,
8,2551,1.5995535850524902,,
8,2553,1.529878854751587,,
8,2555,1.5336170196533203,,
8,2557,1.5433385372161865,,
8,2559,1.5414830446243286,,
8,2561,1.4508392810821533,,
8,2563,1.4832344055175781,,
8,2565,1.4624285697937012,,
8,2567,1.5614571571350098,,
8,2569,1.4875671863555908,,
8,2571,1.5382373332977295,,
8,2573,1.5511045455932617,,
8,2575,1.5948576927185059,,
8,2577,1.4209444522857666,,
8,2579,1.5131433010101318,,
8,2581,1.5583621263504028,,
8,2583,1.5816847085952759,,
8,2585,1.4963394403457642,,
8,2587,1.5179945230484009,,
8,2589,1.61442232131958,,
8,2591,1.5602152347564697,,
8,2593,1.542922019958496,,
8,2595,1.5385923385620117,,
8,2597,1.5248661041259766,,
8,2599,1.5733002424240112,,
8,2601,1.5955488681793213,,
8,2603,1.5245866775512695,,
8,2605,1.4717237949371338,,
8,2607,1.4908709526062012,,
8,2609,1.5292813777923584,,
8,2611,1.547141671180725,,
8,2613,1.5175269842147827,,
8,2615,1.4708399772644043,,
8,2617,1.5564143657684326,,
8,2619,1.4654196500778198,,
8,2621,1.5918012857437134,,
8,2623,1.5056126117706299,,
8,2625,1.560434103012085,,
8,2627,1.530950665473938,,
8,2629,1.5252540111541748,,
8,2631,1.5418683290481567,,
8,2633,1.540393590927124,,
8,2635,1.5021815299987793,,
8,2637,1.5031330585479736,,
8,2639,1.5626606941223145,,
8,2641,1.5994890928268433,,
8,2643,1.4796621799468994,,
8,2645,1.5436806678771973,,
8,2647,1.509695291519165,,
8,2649,1.5616915225982666,,
8,2651,1.5020089149475098,,
8,2653,1.5183066129684448,,
8,2655,1.5007246732711792,,
8,2657,1.5405282974243164,,
8,2659,1.5195245742797852,,
8,2661,1.5902831554412842,,
8,2663,1.4832873344421387,,
8,2665,1.5148380994796753,,
8,2667,1.5379314422607422,,
8,2669,1.53018319606781,,
8,2671,1.4740996360778809,,
8,2673,1.5329301357269287,,
8,2675,1.498917818069458,,
8,2677,1.546687364578247,,
8,2679,1.5368432998657227,,
8,2681,1.5237975120544434,,
8,2683,1.5372728109359741,,
8,2685,1.5267421007156372,,
8,2687,1.487422227859497,,
8,2689,1.5861515998840332,,
8,2691,1.569197177886963,,
8,2693,1.4435267448425293,,
8,2695,1.56507408618927,,
8,2697,1.4765512943267822,,
8,2699,1.577187180519104,,
8,2701,1.5562708377838135,,
8,2703,1.4932994842529297,,
8,2705,1.5140929222106934,,
8,2707,1.505684733390808,,
8,2709,1.5761767625808716,,
8,2711,1.5251517295837402,,
8,2713,1.5684216022491455,,
8,2715,1.5122201442718506,,
8,2717,1.5388083457946777,,
8,2719,1.589440107345581,,
8,2721,1.5980463027954102,,
8,2723,1.4705243110656738,,
8,2725,1.598374605178833,,
8,2727,1.567270278930664,,
8,2729,1.573067307472229,,
8,2731,1.5128519535064697,,
8,2733,1.5607874393463135,,
8,2735,1.519914984703064,,
8,2737,1.4595533609390259,,
8,2739,1.5058164596557617,,
8,2741,1.5483063459396362,,
8,2743,1.448070764541626,,
8,2745,1.6253924369812012,,
8,2747,1.5722851753234863,,
8,2749,1.538137435913086,,
8,2751,1.5207161903381348,,
8,2753,1.5441350936889648,,
8,2755,1.515950083732605,,
8,2757,1.4828567504882812,,
8,2759,1.514800786972046,,
8,2761,1.5128438472747803,,
8,2763,1.48140287399292,,
8,2765,1.4330239295959473,,
8,2767,1.554731845855713,,
8,2769,1.521551251411438,,
8,2771,1.5415563583374023,,
8,2773,1.551239252090454,,
8,2775,1.4898017644882202,,
8,2777,1.6233329772949219,,
8,2779,1.462735891342163,,
8,2781,1.5480694770812988,,
8,2783,1.5499670505523682,,
8,2785,1.5340595245361328,,
8,2787,1.5439717769622803,,
8,2789,1.5109020471572876,,
8,2791,1.528965711593628,,
8,2793,1.5613964796066284,,
8,2795,1.4894356727600098,,
8,2797,1.5774476528167725,,
8,2799,1.4569995403289795,,
8,2801,1.4964795112609863,,
8,2803,1.508528709411621,,
8,2805,1.5591509342193604,,
8,2807,1.5201656818389893,,
8,2809,1.546162486076355,,
8,2811,1.5119966268539429,,
8,2813,1.560942530632019,,
8,2815,1.5760421752929688,,
8,2816,,0.46544307470321655,1.5243481397628784
9,2817,1.6340248584747314,,
9,2819,1.590219497680664,,
9,2821,1.4557572603225708,,
9,2823,1.5525364875793457,,
9,2825,1.54488205909729,,
9,2827,1.5047967433929443,,
9,2829,1.4939353466033936,,
9,2831,1.5211979150772095,,
9,2833,1.6342005729675293,,
9,2835,1.5830414295196533,,
9,2837,1.6043972969055176,,
9,2839,1.615006446838379,,
9,2841,1.519941806793213,,
9,2843,1.583009123802185,,
9,2845,1.47713303565979,,
9,2847,1.5058194398880005,,
9,2849,1.539210557937622,,
9,2851,1.5795724391937256,,
9,2853,1.4901542663574219,,
9,2855,1.5480355024337769,,
9,2857,1.4386465549468994,,
9,2859,1.5909385681152344,,
9,2861,1.5480875968933105,,
9,2863,1.5279860496520996,,
9,2865,1.455986738204956,,
9,2867,1.5420424938201904,,
9,2869,1.549198865890503,,
9,2871,1.488899827003479,,
9,2873,1.5701669454574585,,
9,2875,1.6467721462249756,,
9,2877,1.6260228157043457,,
9,2879,1.537019968032837,,
9,2881,1.5525856018066406,,
9,2883,1.4662948846817017,,
9,2885,1.553171157836914,,
9,2887,1.5936789512634277,,
9,2889,1.541379451751709,,
9,2891,1.4932633638381958,,
9,2893,1.541331171989441,,
9,2895,1.582537055015564,,
9,2897,1.5704376697540283,,
9,2899,1.5191385746002197,,
9,2901,1.4811545610427856,,
9,2903,1.5557478666305542,,
9,2905,1.4501186609268188,,
9,2907,1.535752773284912,,
9,2909,1.5536324977874756,,
9,2911,1.5429940223693848,,
9,2913,1.530854344367981,,
9,2915,1.4748339653015137,,
9,2917,1.5554757118225098,,
9,2919,1.5359320640563965,,
9,2921,1.5560871362686157,,
9,2923,1.5343592166900635,,
9,2925,1.5498408079147339,,
9,2927,1.5324807167053223,,
9,2929,1.5987305641174316,,
9,2931,1.4759156703948975,,
9,2933,1.5750682353973389,,
9,2935,1.4964046478271484,,
9,2937,1.5212008953094482,,
9,2939,1.5414526462554932,,
9,2941,1.5266406536102295,,
9,2943,1.5537683963775635,,
9,2945,1.5291450023651123,,
9,2947,1.536169409751892,,
9,2949,1.4787650108337402,,
9,2951,1.6370165348052979,,
9,2953,1.5186560153961182,,
9,2955,1.4821707010269165,,
9,2957,1.4674222469329834,,
9,2959,1.4873884916305542,,
9,2961,1.4816946983337402,,
9,2963,1.5063748359680176,,
9,2965,1.5175318717956543,,
9,2967,1.5318427085876465,,
9,2969,1.5322582721710205,,
9,2971,1.438089370727539,,
9,2973,1.4920450448989868,,
9,2975,1.5069984197616577,,
9,2977,1.5457038879394531,,
9,2979,1.5623552799224854,,
9,2981,1.5169360637664795,,
9,2983,1.5103707313537598,,
9,2985,1.5390580892562866,,
9,2987,1.5096774101257324,,
9,2989,1.5200450420379639,,
9,2991,1.4931623935699463,,
9,2993,1.5567820072174072,,
9,2995,1.5597072839736938,,
9,2997,1.4975719451904297,,
9,2999,1.6302789449691772,,
9,3001,1.5704599618911743,,
9,3003,1.5535533428192139,,
9,3005,1.5079610347747803,,
9,3007,1.5118192434310913,,
9,3009,1.5359504222869873,,
9,3011,1.5057374238967896,,
9,3013,1.567552089691162,,
9,3015,1.5192043781280518,,
9,3017,1.5806199312210083,,
9,3019,1.5692812204360962,,
9,3021,1.4791065454483032,,
9,3023,1.5746325254440308,,
9,3025,1.5582047700881958,,
9,3027,1.4995309114456177,,
9,3029,1.5093367099761963,,
9,3031,1.5556079149246216,,
9,3033,1.5831568241119385,,
9,3035,1.5285369157791138,,
9,3037,1.4454233646392822,,
9,3039,1.5453680753707886,,
9,3041,1.530765175819397,,
9,3043,1.5025391578674316,,
9,3045,1.5351685285568237,,
9,3047,1.4743034839630127,,
9,3049,1.6069731712341309,,
9,3051,1.5438458919525146,,
9,3053,1.4746623039245605,,
9,3055,1.5593314170837402,,
9,3057,1.4629428386688232,,
9,3059,1.536415696144104,,
9,3061,1.476454496383667,,
9,3063,1.4835773706436157,,
9,3065,1.5627954006195068,,
9,3067,1.4446483850479126,,
9,3069,1.4563465118408203,,
9,3071,1.491346836090088,,
9,3073,1.4905319213867188,,
9,3075,1.5265324115753174,,
9,3077,1.5096391439437866,,
9,3079,1.558323621749878,,
9,3081,1.4612536430358887,,
9,3083,1.4903380870819092,,
9,3085,1.5693491697311401,,
9,3087,1.6303552389144897,,
9,3089,1.4844698905944824,,
9,3091,1.5359399318695068,,
9,3093,1.4733071327209473,,
9,3095,1.5753840208053589,,
9,3097,1.6054067611694336,,
9,3099,1.5357894897460938,,
9,3101,1.473926067352295,,
9,3103,1.5362130403518677,,
9,3105,1.4205305576324463,,
9,3107,1.4982357025146484,,
9,3109,1.4851934909820557,,
9,3111,1.5392420291900635,,
9,3113,1.5402803421020508,,
9,3115,1.571739912033081,,
9,3117,1.5155471563339233,,
9,3119,1.5634775161743164,,
9,3121,1.5792057514190674,,
9,3123,1.4822958707809448,,
9,3125,1.426613450050354,,
9,3127,1.561274766921997,,
9,3129,1.4998393058776855,,
9,3129,,0.46544307470321655,1.5242522954940796
10,3131,1.5049291849136353,,
10,3133,1.5393868684768677,,
10,3135,1.5946476459503174,,
10,3137,1.440407395362854,,
10,3139,1.5634205341339111,,
10,3141,1.448980689048767,,
10,3143,1.584547519683838,,
10,3145,1.4905109405517578,,
10,3147,1.4988154172897339,,
10,3149,1.5544071197509766,,
10,3151,1.5574889183044434,,
10,3153,1.4871071577072144,,
10,3155,1.5372238159179688,,
10,3157,1.4978950023651123,,
10,3159,1.5434222221374512,,
10,3161,1.5283031463623047,,
10,3163,1.4844913482666016,,
10,3165,1.5052452087402344,,
10,3167,1.4836955070495605,,
10,3169,1.597635269165039,,
10,3171,1.5308701992034912,,
10,3173,1.4943625926971436,,
10,3175,1.5780202150344849,,
10,3177,1.5174516439437866,,
10,3179,1.5939514636993408,,
10,3181,1.470046043395996,,
10,3183,1.5209052562713623,,
10,3185,1.5415563583374023,,
10,3187,1.5473116636276245,,
10,3189,1.5137592554092407,,
10,3191,1.57225501537323,,
10,3193,1.5289878845214844,,
10,3195,1.6173124313354492,,
10,3197,1.456146478652954,,
10,3199,1.545731782913208,,
10,3201,1.4825894832611084,,
10,3203,1.4979467391967773,,
10,3205,1.525431752204895,,
10,3207,1.540758490562439,,
10,3209,1.481900930404663,,
10,3211,1.6371736526489258,,
10,3213,1.5554959774017334,,
10,3215,1.5968172550201416,,
10,3217,1.5599898099899292,,
10,3219,1.5698909759521484,,
10,3221,1.5157358646392822,,
10,3223,1.525351643562317,,
10,3225,1.514678716659546,,
10,3227,1.454979658126831,,
10,3229,1.5301363468170166,,
10,3231,1.4974632263183594,,
10,3233,1.5726065635681152,,
10,3235,1.6521605253219604,,
10,3237,1.5638234615325928,,
10,3239,1.5842604637145996,,
10,3241,1.4872530698776245,,
10,3243,1.437854528427124,,
10,3245,1.551459550857544,,
10,3247,1.4920611381530762,,
10,3249,1.504422903060913,,
10,3251,1.6124588251113892,,
10,3253,1.4894211292266846,,
10,3255,1.4343986511230469,,
10,3257,1.4893672466278076,,
10,3259,1.5451873540878296,,
10,3261,1.4881526231765747,,
10,3263,1.5349104404449463,,
10,3265,1.5072678327560425,,
10,3267,1.5596305131912231,,
10,3269,1.5179396867752075,,
10,3271,1.528940200805664,,
10,3273,1.5716187953948975,,
10,3275,1.5666382312774658,,
10,3277,1.4748201370239258,,
10,3279,1.5418896675109863,,
10,3281,1.558464765548706,,
10,3283,1.5281906127929688,,
10,3285,1.4928902387619019,,
10,3287,1.5731208324432373,,
10,3289,1.537714958190918,,
10,3291,1.548309087753296,,
10,3293,1.4792592525482178,,
10,3295,1.54868483543396,,
10,3297,1.5221644639968872,,
10,3299,1.5096720457077026,,
10,3301,1.5222229957580566,,
10,3303,1.461806297302246,,
10,3305,1.6108051538467407,,
10,3307,1.5566297769546509,,
10,3309,1.4387941360473633,,
10,3311,1.5052379369735718,,
10,3313,1.5411499738693237,,
10,3315,1.5263445377349854,,
10,3317,1.4892210960388184,,
10,3319,1.480398178100586,,
10,3321,1.5678811073303223,,
10,3323,1.5718204975128174,,
10,3325,1.499803066253662,,
10,3327,1.5031142234802246,,
10,3329,1.5228434801101685,,
10,3331,1.536741018295288,,
10,3333,1.5190749168395996,,
10,3335,1.5770072937011719,,
10,3337,1.5734180212020874,,
10,3339,1.5573652982711792,,
10,3341,1.5556716918945312,,
10,3343,1.5559022426605225,,
10,3345,1.5277130603790283,,
10,3347,1.5269460678100586,,
10,3349,1.5928764343261719,,
10,3351,1.4643646478652954,,
10,3353,1.5302603244781494,,
10,3355,1.5203831195831299,,
10,3357,1.528496503829956,,
10,3359,1.588858723640442,,
10,3361,1.5029511451721191,,
10,3363,1.4954900741577148,,
10,3365,1.5604931116104126,,
10,3367,1.5394949913024902,,
10,3369,1.5393297672271729,,
10,3371,1.545253038406372,,
10,3373,1.5186922550201416,,
10,3375,1.5210471153259277,,
10,3377,1.5547561645507812,,
10,3379,1.5410540103912354,,
10,3381,1.5787403583526611,,
10,3383,1.5036277770996094,,
10,3385,1.5026346445083618,,
10,3387,1.5108845233917236,,
10,3389,1.5689876079559326,,
10,3391,1.5231282711029053,,
10,3393,1.5080769062042236,,
10,3395,1.4660427570343018,,
10,3397,1.422193169593811,,
10,3399,1.5582592487335205,,
10,3401,1.5827805995941162,,
10,3403,1.6085176467895508,,
10,3405,1.5301198959350586,,
10,3407,1.5259675979614258,,
10,3409,1.526652455329895,,
10,3411,1.535376787185669,,
10,3413,1.4778978824615479,,
10,3415,1.5694050788879395,,
10,3417,1.5297603607177734,,
10,3419,1.6090561151504517,,
10,3421,1.4720126390457153,,
10,3423,1.5030581951141357,,
10,3425,1.481114149093628,,
10,3427,1.6188175678253174,,
10,3429,1.5408332347869873,,
10,3431,1.555941104888916,,
10,3433,1.5250916481018066,,
10,3435,1.5081617832183838,,
10,3437,1.4169597625732422,,
10,3439,1.501244306564331,,
10,3441,1.5568597316741943,,
10,3442,,0.46544307470321655,1.5241504907608032
11,3443,1.5035427808761597,,
11,3445,1.5350383520126343,,
11,3447,1.5086205005645752,,
11,3449,1.5490150451660156,,
11,3451,1.5836069583892822,,
11,3453,1.4683477878570557,,
11,3455,1.5703208446502686,,
11,3457,1.4929699897766113,,
11,3459,1.5474518537521362,,
11,3461,1.5924935340881348,,
11,3463,1.4724905490875244,,
11,3465,1.544816493988037,,
11,3467,1.5517560243606567,,
11,3469,1.5458319187164307,,
11,3471,1.5327061414718628,,
11,3473,1.4867844581604004,,
11,3475,1.5007182359695435,,
11,3477,1.5081572532653809,,
11,3479,1.569454312324524,,
11,3481,1.5540862083435059,,
11,3483,1.553786277770996,,
11,3485,1.502976894378662,,
11,3487,1.5502393245697021,,
11,3489,1.516618251800537,,
11,3491,1.4690359830856323,,
11,3493,1.573488712310791,,
11,3495,1.5294750928878784,,
11,3497,1.4857687950134277,,
11,3499,1.5063198804855347,,
11,3501,1.5061161518096924,,
11,3503,1.4842824935913086,,
11,3505,1.5049021244049072,,
11,3507,1.6086159944534302,,
11,3509,1.5254480838775635,,
11,3511,1.461782693862915,,
11,3513,1.530537486076355,,
11,3515,1.4535987377166748,,
11,3517,1.56304931640625,,
11,3519,1.5062862634658813,,
11,3521,1.5122644901275635,,
11,3523,1.4557628631591797,,
11,3525,1.6029653549194336,,
11,3527,1.4338157176971436,,
11,3529,1.5033979415893555,,
11,3531,1.4456895589828491,,
11,3533,1.5042104721069336,,
11,3535,1.529767394065857,,
11,3537,1.5340774059295654,,
11,3539,1.503997802734375,,
11,3541,1.4747473001480103,,
11,3543,1.5582084655761719,,
11,3545,1.5568768978118896,,
11,3547,1.4873048067092896,,
11,3549,1.5104472637176514,,
11,3551,1.4826308488845825,,
11,3553,1.493394374847412,,
11,3555,1.505895733833313,,
11,3557,1.5253890752792358,,
11,3559,1.4861059188842773,,
11,3561,1.4758574962615967,,
11,3563,1.4988446235656738,,
11,3565,1.5568125247955322,,
11,3567,1.5656208992004395,,
11,3569,1.4653955698013306,,
11,3571,1.5216064453125,,
11,3573,1.484273076057434,,
11,3575,1.5005180835723877,,
11,3577,1.5993512868881226,,
11,3579,1.568742275238037,,
11,3581,1.5462241172790527,,
11,3583,1.4854058027267456,,
11,3585,1.5178000926971436,,
11,3587,1.5932482481002808,,
11,3589,1.5390357971191406,,
11,3591,1.5001494884490967,,
11,3593,1.483946442604065,,
11,3595,1.6087188720703125,,
11,3597,1.5387662649154663,,
11,3599,1.5181431770324707,,
11,3601,1.490394115447998,,
11,3603,1.6151052713394165,,
11,3605,1.4953709840774536,,
11,3607,1.5039074420928955,,
11,3609,1.5344152450561523,,
11,3611,1.4681665897369385,,
11,3613,1.5140204429626465,,
11,3615,1.5666399002075195,,
11,3617,1.4552597999572754,,
11,3619,1.530639410018921,,
11,3621,1.5624364614486694,,
11,3623,1.5594825744628906,,
11,3625,1.4671326875686646,,
11,3627,1.5276823043823242,,
11,3629,1.6014924049377441,,
11,3631,1.5219310522079468,,
11,3633,1.5185595750808716,,
11,3635,1.5995088815689087,,
11,3637,1.588328242301941,,
11,3639,1.4933973550796509,,
11,3641,1.618553876876831,,
11,3643,1.521946668624878,,
11,3645,1.453386664390564,,
11,3647,1.5663490295410156,,
11,3649,1.5553038120269775,,
11,3651,1.5548642873764038,,
11,3653,1.534180760383606,,
11,3655,1.628535270690918,,
11,3657,1.52531898021698,,
11,3659,1.5312492847442627,,
11,3661,1.624504804611206,,
11,3663,1.5257837772369385,,
11,3665,1.5044275522232056,,
11,3667,1.5027592182159424,,
11,3669,1.4824775457382202,,
11,3671,1.5305715799331665,,
11,3673,1.5255768299102783,,
11,3675,1.4154942035675049,,
11,3677,1.5413572788238525,,
11,3679,1.593029499053955,,
11,3681,1.551215648651123,,
11,3683,1.525298833847046,,
11,3685,1.4609546661376953,,
11,3687,1.4370064735412598,,
11,3689,1.5813567638397217,,
11,3691,1.516683578491211,,
11,3693,1.5842838287353516,,
11,3695,1.4607019424438477,,
11,3697,1.5339444875717163,,
11,3699,1.5310823917388916,,
11,3701,1.580806016921997,,
11,3703,1.5456715822219849,,
11,3705,1.5706483125686646,,
11,3707,1.4983139038085938,,
11,3709,1.5499114990234375,,
11,3711,1.6124255657196045,,
11,3713,1.5282093286514282,,
11,3715,1.5223045349121094,,
11,3717,1.5311095714569092,,
11,3719,1.5022120475769043,,
11,3721,1.6002616882324219,,
11,3723,1.5025731325149536,,
11,3725,1.4887359142303467,,
11,3727,1.4846892356872559,,
11,3729,1.5052056312561035,,
11,3731,1.5084047317504883,,
11,3733,1.5696569681167603,,
11,3735,1.551991581916809,,
11,3737,1.4728699922561646,,
11,3739,1.5888123512268066,,
11,3741,1.462744116783142,,
11,3743,1.4978516101837158,,
11,3745,1.552294135093689,,
11,3747,1.494889259338379,,
11,3749,1.436997413635254,,
11,3751,1.5366063117980957,,
11,3753,1.5668880939483643,,
11,3755,1.584337830543518,,
11,3755,,0.46544307470321655,1.5240615606307983
12,3757,1.5058586597442627,,
12,3759,1.5165854692459106,,
12,3761,1.5965772867202759,,
12,3763,1.5649464130401611,,
12,3765,1.5554659366607666,,
12,3767,1.4851024150848389,,
12,3769,1.524603009223938,,
12,3771,1.523650884628296,,
12,3773,1.5023760795593262,,
12,3775,1.4814585447311401,,
12,3777,1.5480639934539795,,
12,3779,1.5482193231582642,,
12,3781,1.5620315074920654,,
12,3783,1.5527138710021973,,
12,3785,1.5707526206970215,,
12,3787,1.512730360031128,,
12,3789,1.5651938915252686,,
12,3791,1.5273339748382568,,
12,3793,1.5647315979003906,,
12,3795,1.505171537399292,,
12,3797,1.4615076780319214,,
12,3799,1.5311952829360962,,
12,3801,1.5354020595550537,,
12,3803,1.563692569732666,,
12,3805,1.5334885120391846,,
12,3807,1.5521663427352905,,
12,3809,1.5702998638153076,,
12,3811,1.52168869972229,,
12,3813,1.5237352848052979,,
12,3815,1.5283989906311035,,
12,3817,1.5975556373596191,,
12,3819,1.4939453601837158,,
12,3821,1.5563249588012695,,
12,3823,1.5805903673171997,,
12,3825,1.5044453144073486,,
12,3827,1.5405939817428589,,
12,3829,1.6560391187667847,,
12,3831,1.5080952644348145,,
12,3833,1.5062494277954102,,
12,3835,1.626598834991455,,
12,3837,1.610361099243164,,
12,3839,1.4643408060073853,,
12,3841,1.5968446731567383,,
12,3843,1.5080372095108032,,
12,3845,1.4640278816223145,,
12,3847,1.5667049884796143,,
12,3849,1.5126392841339111,,
12,3851,1.5748591423034668,,
12,3853,1.510487675666809,,
12,3855,1.5797290802001953,,
12,3857,1.5168499946594238,,
12,3859,1.5451226234436035,,
12,3861,1.5787789821624756,,
12,3863,1.5664334297180176,,
12,3865,1.5119609832763672,,
12,3867,1.4471583366394043,,
12,3869,1.544816255569458,,
12,3871,1.6003005504608154,,
12,3873,1.5223805904388428,,
12,3875,1.5316632986068726,,
12,3877,1.5298845767974854,,
12,3879,1.4612715244293213,,
12,3881,1.4989107847213745,,
12,3883,1.5151551961898804,,
12,3885,1.4882750511169434,,
12,3887,1.4958577156066895,,
12,3889,1.5662845373153687,,
12,3891,1.520641565322876,,
12,3893,1.497760534286499,,
12,3895,1.478694200515747,,
12,3897,1.451084852218628,,
12,3899,1.5383219718933105,,
12,3901,1.4892923831939697,,
12,3903,1.5156793594360352,,
12,3905,1.5036003589630127,,
12,3907,1.5737333297729492,,
12,3909,1.4928052425384521,,
12,3911,1.5485234260559082,,
12,3913,1.5455474853515625,,
12,3915,1.4860141277313232,,
12,3917,1.5028843879699707,,
12,3919,1.5245941877365112,,
12,3921,1.560255765914917,,
12,3923,1.562501311302185,,
12,3925,1.5575602054595947,,
12,3927,1.468855381011963,,
12,3929,1.5458102226257324,,
12,3931,1.4900879859924316,,
12,3933,1.4773157835006714,,
12,3935,1.5160603523254395,,
12,3937,1.5516035556793213,,
12,3939,1.5228462219238281,,
12,3941,1.5343961715698242,,
12,3943,1.490928292274475,,
12,3945,1.4808846712112427,,
12,3947,1.519061803817749,,
12,3949,1.5842061042785645,,
12,3951,1.5341999530792236,,
12,3953,1.5340137481689453,,
12,3955,1.5255156755447388,,
12,3957,1.5399820804595947,,
12,3959,1.5066442489624023,,
12,3961,1.575815200805664,,
12,3963,1.6039812564849854,,
12,3965,1.4805105924606323,,
12,3967,1.5230367183685303,,
12,3969,1.5093436241149902,,
12,3971,1.5653696060180664,,
12,3973,1.570805311203003,,
12,3975,1.5675058364868164,,
12,3977,1.5007641315460205,,
12,3979,1.5559325218200684,,
12,3981,1.5223222970962524,,
12,3983,1.5959446430206299,,
12,3985,1.559014081954956,,
12,3987,1.483367681503296,,
12,3989,1.533991813659668,,
12,3991,1.5550994873046875,,
12,3993,1.5392968654632568,,
12,3995,1.4548125267028809,,
12,3997,1.5027234554290771,,
12,3999,1.5557811260223389,,
12,4001,1.57993483543396,,
12,4003,1.5748224258422852,,
12,4005,1.47085702419281,,
12,4007,1.4909851551055908,,
12,4009,1.4470981359481812,,
12,4011,1.5444709062576294,,
12,4013,1.5608570575714111,,
12,4015,1.5297476053237915,,
12,4017,1.5340917110443115,,
12,4019,1.5636297464370728,,
12,4021,1.4748976230621338,,
12,4023,1.475179672241211,,
12,4025,1.5054826736450195,,
12,4027,1.5702109336853027,,
12,4029,1.4950891733169556,,
12,4031,1.505692720413208,,
12,4033,1.478344440460205,,
12,4035,1.5675995349884033,,
12,4037,1.5341181755065918,,
12,4039,1.4919242858886719,,
12,4041,1.5171717405319214,,
12,4043,1.4980714321136475,,
12,4045,1.499881625175476,,
12,4047,1.4440582990646362,,
12,4049,1.4978539943695068,,
12,4051,1.5343563556671143,,
12,4053,1.4854178428649902,,
12,4055,1.5278747081756592,,
12,4057,1.5732743740081787,,
12,4059,1.4880895614624023,,
12,4061,1.53049635887146,,
12,4063,1.473296046257019,,
12,4065,1.4834619760513306,,
12,4067,1.4873619079589844,,
12,4068,,0.46544307470321655,1.5240294933319092
13,4069,1.5808202028274536,,
13,4071,1.4599621295928955,,
13,4073,1.5050565004348755,,
13,4075,1.4893903732299805,,
13,4077,1.5826256275177002,,
13,4079,1.505750060081482,,
13,4081,1.5005252361297607,,
13,4083,1.4978420734405518,,
13,4085,1.507975459098816,,
13,4087,1.4705965518951416,,
13,4089,1.5976874828338623,,
13,4091,1.4560153484344482,,
13,4093,1.459855318069458,,
13,4095,1.5025248527526855,,
13,4097,1.5075328350067139,,
13,4099,1.5668840408325195,,
13,4101,1.494464635848999,,
13,4103,1.4978654384613037,,
13,4105,1.541541337966919,,
13,4107,1.6117348670959473,,
13,4109,1.612852931022644,,
13,4111,1.512758731842041,,
13,4113,1.4765408039093018,,
13,4115,1.487804889678955,,
13,4117,1.5327973365783691,,
13,4119,1.4562056064605713,,
13,4121,1.4618468284606934,,
13,4123,1.518739938735962,,
13,4125,1.491164207458496,,
13,4127,1.6002856492996216,,
13,4129,1.5150543451309204,,
13,4131,1.5800197124481201,,
13,4133,1.5217746496200562,,
13,4135,1.437950849533081,,
13,4137,1.5047779083251953,,
13,4139,1.48600435256958,,
13,4141,1.5380566120147705,,
13,4143,1.5005221366882324,,
13,4145,1.5267398357391357,,
13,4147,1.5230741500854492,,
13,4149,1.4556844234466553,,
13,4151,1.5679068565368652,,
13,4153,1.5273256301879883,,
13,4155,1.5289188623428345,,
13,4157,1.5761494636535645,,
13,4159,1.5582702159881592,,
13,4161,1.4846925735473633,,
13,4163,1.4621920585632324,,
13,4165,1.4743207693099976,,
13,4167,1.475380301475525,,
13,4169,1.4946887493133545,,
13,4171,1.4893238544464111,,
13,4173,1.501031517982483,,
13,4175,1.603548288345337,,
13,4177,1.5432193279266357,,
13,4179,1.436372995376587,,
13,4181,1.5194225311279297,,
13,4183,1.4836839437484741,,
13,4185,1.4782118797302246,,
13,4187,1.5458130836486816,,
13,4189,1.5547852516174316,,
13,4191,1.5248067378997803,,
13,4193,1.4761598110198975,,
13,4195,1.5244817733764648,,
13,4197,1.5901559591293335,,
13,4199,1.523468017578125,,
13,4201,1.4802405834197998,,
13,4203,1.5476765632629395,,
13,4205,1.5553938150405884,,
13,4207,1.6062127351760864,,
13,4209,1.5151180028915405,,
13,4211,1.5926378965377808,,
13,4213,1.5697202682495117,,
13,4215,1.5044424533843994,,
13,4217,1.5864447355270386,,
13,4219,1.5313146114349365,,
13,4221,1.5151944160461426,,
13,4223,1.4717319011688232,,
13,4225,1.5050837993621826,,
13,4227,1.5452191829681396,,
13,4229,1.5801856517791748,,
13,4231,1.5681885480880737,,
13,4233,1.535630226135254,,
13,4235,1.5130341053009033,,
13,4237,1.4480488300323486,,
13,4239,1.5277520418167114,,
13,4241,1.5257115364074707,,
13,4243,1.4853771924972534,,
13,4245,1.6176543235778809,,
13,4247,1.571014642715454,,
13,4249,1.5070538520812988,,
13,4251,1.6098459959030151,,
13,4253,1.5358476638793945,,
13,4255,1.5758790969848633,,
13,4257,1.4801844358444214,,
13,4259,1.5367097854614258,,
13,4261,1.5489975214004517,,
13,4263,1.5379207134246826,,
13,4265,1.5203015804290771,,
13,4267,1.4796690940856934,,
13,4269,1.5589561462402344,,
13,4271,1.5641554594039917,,
13,4273,1.4805759191513062,,
13,4275,1.5852248668670654,,
13,4277,1.5083746910095215,,
13,4279,1.4835528135299683,,
13,4281,1.5199826955795288,,
13,4283,1.570632815361023,,
13,4285,1.551792860031128,,
13,4287,1.5075657367706299,,
13,4289,1.5899779796600342,,
13,4291,1.5302345752716064,,
13,4293,1.4943950176239014,,
13,4295,1.5890843868255615,,
13,4297,1.5533140897750854,,
13,4299,1.500588059425354,,
13,4301,1.5192558765411377,,
13,4303,1.5016050338745117,,
13,4305,1.5491831302642822,,
13,4307,1.483633279800415,,
13,4309,1.5730886459350586,,
13,4311,1.5346240997314453,,
13,4313,1.5534871816635132,,
13,4315,1.5596797466278076,,
13,4317,1.4953116178512573,,
13,4319,1.5066311359405518,,
13,4321,1.5537934303283691,,
13,4323,1.557518720626831,,
13,4325,1.5081150531768799,,
13,4327,1.50795316696167,,
13,4329,1.5657508373260498,,
13,4331,1.4842193126678467,,
13,4333,1.4485113620758057,,
13,4335,1.5564789772033691,,
13,4337,1.4782872200012207,,
13,4339,1.4701706171035767,,
13,4341,1.6331210136413574,,
13,4343,1.4768126010894775,,
13,4345,1.5713324546813965,,
13,4347,1.5639734268188477,,
13,4349,1.4737498760223389,,
13,4351,1.545102834701538,,
13,4353,1.524139404296875,,
13,4355,1.538529634475708,,
13,4357,1.5066230297088623,,
13,4359,1.5338183641433716,,
13,4361,1.5071123838424683,,
13,4363,1.5687111616134644,,
13,4365,1.5200319290161133,,
13,4367,1.5719325542449951,,
13,4369,1.4657206535339355,,
13,4371,1.5900170803070068,,
13,4373,1.4847571849822998,,
13,4375,1.4540963172912598,,
13,4377,1.5981497764587402,,
13,4379,1.5630860328674316,,
13,4381,1.524143934249878,,
13,4381,,0.46544307470321655,1.5239661931991577
14,4383,1.433954119682312,,
14,4385,1.4858367443084717,,
14,4387,1.491146445274353,,
14,4389,1.4798619747161865,,
14,4391,1.561810851097107,,
14,4393,1.499079942703247,,
14,4395,1.5705318450927734,,
14,4397,1.5388579368591309,,
14,4399,1.494756817817688,,
14,4401,1.4983924627304077,,
14,4403,1.5590208768844604,,
14,4405,1.5500829219818115,,
14,4407,1.4940099716186523,,
14,4409,1.5842105150222778,,
14,4411,1.5002307891845703,,
14,4413,1.4205867052078247,,
14,4415,1.523021936416626,,
14,4417,1.5256527662277222,,
14,4419,1.5118539333343506,,
14,4421,1.5262590646743774,,
14,4423,1.5424509048461914,,
14,4425,1.4700443744659424,,
14,4427,1.5567307472229004,,
14,4429,1.5161257982254028,,
14,4431,1.515095591545105,,
14,4433,1.530656099319458,,
14,4435,1.558404564857483,,
14,4437,1.503440499305725,,
14,4439,1.5096768140792847,,
14,4441,1.5420691967010498,,
14,4443,1.4980111122131348,,
14,4445,1.5372416973114014,,
14,4447,1.4905462265014648,,
14,4449,1.5767332315444946,,
14,4451,1.4874852895736694,,
14,4453,1.5132626295089722,,
14,4455,1.5884343385696411,,
14,4457,1.5663259029388428,,
14,4459,1.5619659423828125,,
14,4461,1.5773016214370728,,
14,4463,1.5754783153533936,,
14,4465,1.550700068473816,,
14,4467,1.468521237373352,,
14,4469,1.5222413539886475,,
14,4471,1.4853310585021973,,
14,4473,1.4985294342041016,,
14,4475,1.4819598197937012,,
14,4477,1.4332531690597534,,
14,4479,1.4860258102416992,,
14,4481,1.520257830619812,,
14,4483,1.6397587060928345,,
14,4485,1.5303852558135986,,
14,4487,1.5627880096435547,,
14,4489,1.5377211570739746,,
14,4491,1.520153522491455,,
14,4493,1.549438714981079,,
14,4495,1.5107239484786987,,
14,4497,1.5914169549942017,,
14,4499,1.440784215927124,,
14,4501,1.5763533115386963,,
14,4503,1.600736379623413,,
14,4505,1.545154333114624,,
14,4507,1.5236543416976929,,
14,4509,1.4799981117248535,,
14,4511,1.5811078548431396,,
14,4513,1.4326252937316895,,
14,4515,1.6028058528900146,,
14,4517,1.5988084077835083,,
14,4519,1.525395154953003,,
14,4521,1.501798152923584,,
14,4523,1.5818098783493042,,
14,4525,1.5055632591247559,,
14,4527,1.5406851768493652,,
14,4529,1.4207267761230469,,
14,4531,1.5298097133636475,,
14,4533,1.5694512128829956,,
14,4535,1.5685498714447021,,
14,4537,1.5324733257293701,,
14,4539,1.5342504978179932,,
14,4541,1.424527883529663,,
14,4543,1.5970622301101685,,
14,4545,1.4926083087921143,,
14,4547,1.4275028705596924,,
14,4549,1.4980926513671875,,
14,4551,1.54084312915802,,
14,4553,1.49168062210083,,
14,4555,1.5829529762268066,,
14,4557,1.5178613662719727,,
14,4559,1.5363619327545166,,
14,4561,1.5423521995544434,,
14,4563,1.5338034629821777,,
14,4565,1.5192909240722656,,
14,4567,1.5950661897659302,,
14,4569,1.5623579025268555,,
14,4571,1.526005744934082,,
14,4573,1.5223829746246338,,
14,4575,1.4869143962860107,,
14,4577,1.4641697406768799,,
14,4579,1.4812238216400146,,
14,4581,1.5318808555603027,,
14,4583,1.5116939544677734,,
14,4585,1.5168967247009277,,
14,4587,1.4777015447616577,,
14,4589,1.581634283065796,,
14,4591,1.6128089427947998,,
14,4593,1.5223469734191895,,
14,4595,1.541743516921997,,
14,4597,1.5787174701690674,,
14,4599,1.491992473602295,,
14,4601,1.5153095722198486,,
14,4603,1.5761462450027466,,
14,4605,1.5468754768371582,,
14,4607,1.5042130947113037,,
14,4609,1.5098965167999268,,
14,4611,1.5186245441436768,,
14,4613,1.6019538640975952,,
14,4615,1.5168322324752808,,
14,4617,1.5215237140655518,,
14,4619,1.5685014724731445,,
14,4621,1.4777958393096924,,
14,4623,1.5679017305374146,,
14,4625,1.5695667266845703,,
14,4627,1.5766167640686035,,
14,4629,1.482011318206787,,
14,4631,1.4927668571472168,,
14,4633,1.4957914352416992,,
14,4635,1.4961302280426025,,
14,4637,1.5978597402572632,,
14,4639,1.5076351165771484,,
14,4641,1.477571964263916,,
14,4643,1.4713925123214722,,
14,4645,1.5104008913040161,,
14,4647,1.548210859298706,,
14,4649,1.544605016708374,,
14,4651,1.5004768371582031,,
14,4653,1.6332296133041382,,
14,4655,1.4889657497406006,,
14,4657,1.5351526737213135,,
14,4659,1.5535457134246826,,
14,4661,1.5330463647842407,,
14,4663,1.4972707033157349,,
14,4665,1.4944303035736084,,
14,4667,1.5309219360351562,,
14,4669,1.5413775444030762,,
14,4671,1.601576328277588,,
14,4673,1.498060941696167,,
14,4675,1.4968464374542236,,
14,4677,1.4701508283615112,,
14,4679,1.490424394607544,,
14,4681,1.5583473443984985,,
14,4683,1.4988188743591309,,
14,4685,1.493451476097107,,
14,4687,1.5057477951049805,,
14,4689,1.546447515487671,,
14,4691,1.41658616065979,,
14,4693,1.5305553674697876,,
14,4694,,0.46544307470321655,1.5239444971084595
15,4695,1.557966947555542,,
15,4697,1.5078225135803223,,
15,4699,1.5775542259216309,,
15,4701,1.5555651187896729,,
15,4703,1.5754283666610718,,
15,4705,1.5633831024169922,,
15,4707,1.5300860404968262,,
15,4709,1.5567386150360107,,
15,4711,1.559453010559082,,
15,4713,1.48647141456604,,
15,4715,1.494753122329712,,
15,4717,1.478021264076233,,
15,4719,1.5626020431518555,,
15,4721,1.4661221504211426,,
15,4723,1.4830515384674072,,
15,4725,1.5453612804412842,,
15,4727,1.5493197441101074,,
15,4729,1.5107195377349854,,
15,4731,1.5088683366775513,,
15,4733,1.5627870559692383,,
15,4735,1.4883558750152588,,
15,4737,1.4472661018371582,,
15,4739,1.5021775960922241,,
15,4741,1.5297743082046509,,
15,4743,1.5811576843261719,,
15,4745,1.5393555164337158,,
15,4747,1.642526626586914,,
15,4749,1.5091938972473145,,
15,4751,1.4949748516082764,,
15,4753,1.544134259223938,,
15,4755,1.532599925994873,,
15,4757,1.4903440475463867,,
15,4759,1.4936531782150269,,
15,4761,1.5742055177688599,,
15,4763,1.5264170169830322,,
15,4765,1.507198452949524,,
15,4767,1.528944969177246,,
15,4769,1.465885877609253,,
15,4771,1.5309875011444092,,
15,4773,1.4621632099151611,,
15,4775,1.4681832790374756,,
15,4777,1.445826768875122,,
15,4779,1.5209214687347412,,
15,4781,1.531348705291748,,
15,4783,1.5201650857925415,,
15,4785,1.593788504600525,,
15,4787,1.5476181507110596,,
15,4789,1.5177209377288818,,
15,4791,1.536618709564209,,
15,4793,1.5340869426727295,,
15,4795,1.583143949508667,,
15,4797,1.459792137145996,,
15,4799,1.491672158241272,,
15,4801,1.564371109008789,,
15,4803,1.5097843408584595,,
15,4805,1.5049110651016235,,
15,4807,1.4702749252319336,,
15,4809,1.5914571285247803,,
15,4811,1.5130945444107056,,
15,4813,1.4790465831756592,,
15,4815,1.5404239892959595,,
15,4817,1.5399746894836426,,
15,4819,1.6421972513198853,,
15,4821,1.513763189315796,,
15,4823,1.4617955684661865,,
15,4825,1.5019135475158691,,
15,4827,1.5202956199645996,,
15,4829,1.5573018789291382,,
15,4831,1.6578431129455566,,
15,4833,1.5294880867004395,,
15,4835,1.507162094116211,,
15,4837,1.4704079627990723,,
15,4839,1.529690146446228,,
15,4841,1.5352078676223755,,
15,4843,1.5850450992584229,,
15,4845,1.5482959747314453,,
15,4847,1.5084962844848633,,
15,4849,1.4746620655059814,,
15,4851,1.5694562196731567,,
15,4853,1.4732005596160889,,
15,4855,1.55536949634552,,
15,4857,1.5586642026901245,,
15,4859,1.577791690826416,,
15,4861,1.5042550563812256,,
15,4863,1.5041425228118896,,
15,4865,1.6168060302734375,,
15,4867,1.580611228942871,,
15,4869,1.5554020404815674,,
15,4871,1.5557856559753418,,
15,4873,1.5350604057312012,,
15,4875,1.4893044233322144,,
15,4877,1.478406548500061,,
15,4879,1.5206103324890137,,
15,4881,1.5834709405899048,,
15,4883,1.5624313354492188,,
15,4885,1.5166574716567993,,
15,4887,1.5390410423278809,,
15,4889,1.5496491193771362,,
15,4891,1.4966809749603271,,
15,4893,1.5200990438461304,,
15,4895,1.5182558298110962,,
15,4897,1.5384016036987305,,
15,4899,1.5809988975524902,,
15,4901,1.5187163352966309,,
15,4903,1.5743138790130615,,
15,4905,1.5308775901794434,,
15,4907,1.5080336332321167,,
15,4909,1.491151213645935,,
15,4911,1.4914978742599487,,
15,4913,1.5658669471740723,,
15,4915,1.502079725265503,,
15,4917,1.4373633861541748,,
15,4919,1.5442603826522827,,
15,4921,1.5867516994476318,,
15,4923,1.5093297958374023,,
15,4925,1.5909160375595093,,
15,4927,1.5331437587738037,,
15,4929,1.4504926204681396,,
15,4931,1.509052038192749,,
15,4933,1.5407533645629883,,
15,4935,1.4637186527252197,,
15,4937,1.502305507659912,,
15,4939,1.4975426197052002,,
15,4941,1.4826991558074951,,
15,4943,1.575426697731018,,
15,4945,1.4654197692871094,,
15,4947,1.4782801866531372,,
15,4949,1.5259419679641724,,
15,4951,1.5668076276779175,,
15,4953,1.4691731929779053,,
15,4955,1.4821326732635498,,
15,4957,1.557770013809204,,
15,4959,1.5182783603668213,,
15,4961,1.5815443992614746,,
15,4963,1.5096533298492432,,
15,4965,1.5281422138214111,,
15,4967,1.5344618558883667,,
15,4969,1.5376243591308594,,
15,4971,1.538080096244812,,
15,4973,1.514065146446228,,
15,4975,1.534550666809082,,
15,4977,1.514153003692627,,
15,4979,1.4645487070083618,,
15,4981,1.5432982444763184,,
15,4983,1.5370218753814697,,
15,4985,1.5439634323120117,,
15,4987,1.5884151458740234,,
15,4989,1.4931834936141968,,
15,4991,1.4246166944503784,,
15,4993,1.538883924484253,,
15,4995,1.56052565574646,,
15,4997,1.4393317699432373,,
15,4999,1.5460178852081299,,
15,5001,1.5173602104187012,,
15,5003,1.5033683776855469,,
15,5005,1.4866788387298584,,
15,5007,1.5178865194320679,,
15,5007,,0.46544307470321655,1.523869276046753
16,5009,1.5368387699127197,,
16,5011,1.6064008474349976,,
16,5013,1.5124870538711548,,
16,5015,1.5298988819122314,,
16,5017,1.4952800273895264,,
16,5019,1.5818352699279785,,
16,5021,1.537471055984497,,
16,5023,1.443373203277588,,
16,5025,1.52089524269104,,
16,5027,1.4853944778442383,,
16,5029,1.4995912313461304,,
16,5031,1.5715142488479614,,
16,5033,1.488480567932129,,
16,5035,1.5854624509811401,,
16,5037,1.531415581703186,,
16,5039,1.474121332168579,,
16,5041,1.4853174686431885,,
16,5043,1.5292285680770874,,
16,5045,1.5258407592773438,,
16,5047,1.4716529846191406,,
16,5049,1.5479114055633545,,
16,5051,1.4402095079421997,,
16,5053,1.5552905797958374,,
16,5055,1.5481886863708496,,
16,5057,1.5108294486999512,,
16,5059,1.5610027313232422,,
16,5061,1.5722899436950684,,
16,5063,1.5347988605499268,,
16,5065,1.5365827083587646,,
16,5067,1.507724404335022,,
16,5069,1.4761688709259033,,
16,5071,1.4771534204483032,,
16,5073,1.4371871948242188,,
16,5075,1.494813323020935,,
16,5077,1.5331364870071411,,
16,5079,1.51539945602417,,
16,5081,1.5008682012557983,,
16,5083,1.5295485258102417,,
16,5085,1.4926291704177856,,
16,5087,1.5739798545837402,,
16,5089,1.4946662187576294,,
16,5091,1.589810848236084,,
16,5093,1.4637963771820068,,
16,5095,1.5394833087921143,,
16,5097,1.5213425159454346,,
16,5099,1.5169458389282227,,
16,5101,1.5520052909851074,,
16,5103,1.5402231216430664,,
16,5105,1.527811884880066,,
16,5107,1.5099279880523682,,
16,5109,1.5736836194992065,,
16,5111,1.4810130596160889,,
16,5113,1.513342022895813,,
16,5115,1.5784730911254883,,
16,5117,1.539785385131836,,
16,5119,1.6268630027770996,,
16,5121,1.4648284912109375,,
16,5123,1.4611657857894897,,
16,5125,1.5221664905548096,,
16,5127,1.6056774854660034,,
16,5129,1.5279147624969482,,
16,5131,1.511730432510376,,
16,5133,1.5048589706420898,,
16,5135,1.5161312818527222,,
16,5137,1.4406154155731201,,
16,5139,1.5691566467285156,,
16,5141,1.5484743118286133,,
16,5143,1.4831105470657349,,
16,5145,1.5231738090515137,,
16,5147,1.5375912189483643,,
16,5149,1.4606471061706543,,
16,5151,1.591120958328247,,
16,5153,1.5206468105316162,,
16,5155,1.4587433338165283,,
16,5157,1.54072904586792,,
16,5159,1.5468997955322266,,
16,5161,1.6211308240890503,,
16,5163,1.4994173049926758,,
16,5165,1.5111050605773926,,
16,5167,1.431074619293213,,
16,5169,1.4628348350524902,,
16,5171,1.5170249938964844,,
16,5173,1.5428886413574219,,
16,5175,1.5474717617034912,,
16,5177,1.5497777462005615,,
16,5179,1.5363032817840576,,
16,5181,1.5854465961456299,,
16,5183,1.4712138175964355,,
16,5185,1.529810905456543,,
16,5187,1.5287694931030273,,
16,5189,1.4693660736083984,,
16,5191,1.5375300645828247,,
16,5193,1.494255781173706,,
16,5195,1.5311484336853027,,
16,5197,1.5749510526657104,,
16,5199,1.5187771320343018,,
16,5201,1.478461503982544,,
16,5203,1.5288692712783813,,
16,5205,1.5181646347045898,,
16,5207,1.5541303157806396,,
16,5209,1.4768978357315063,,
16,5211,1.5305646657943726,,
16,5213,1.5429966449737549,,
16,5215,1.5331506729125977,,
16,5217,1.5512220859527588,,
16,5219,1.5123562812805176,,
16,5221,1.4869520664215088,,
16,5223,1.601487398147583,,
16,5225,1.5338243246078491,,
16,5227,1.551110029220581,,
16,5229,1.5154685974121094,,
16,5231,1.535688042640686,,
16,5233,1.5736188888549805,,
16,5235,1.4996578693389893,,
16,5237,1.6194067001342773,,
16,5239,1.4794197082519531,,
16,5241,1.6358535289764404,,
16,5243,1.5116908550262451,,
16,5245,1.6018118858337402,,
16,5247,1.518669843673706,,
16,5249,1.5463629961013794,,
16,5251,1.514992356300354,,
16,5253,1.5579833984375,,
16,5255,1.4932529926300049,,
16,5257,1.5248386859893799,,
16,5259,1.5101702213287354,,
16,5261,1.4923408031463623,,
16,5263,1.553931474685669,,
16,5265,1.520013689994812,,
16,5267,1.5298855304718018,,
16,5269,1.4978256225585938,,
16,5271,1.5133097171783447,,
16,5273,1.4702353477478027,,
16,5275,1.6145600080490112,,
16,5277,1.534111499786377,,
16,5279,1.542399525642395,,
16,5281,1.4779584407806396,,
16,5283,1.5184967517852783,,
16,5285,1.5013389587402344,,
16,5287,1.5227556228637695,,
16,5289,1.4929766654968262,,
16,5291,1.4703361988067627,,
16,5293,1.4820537567138672,,
16,5295,1.5221048593521118,,
16,5297,1.527003288269043,,
16,5299,1.555983543395996,,
16,5301,1.5061941146850586,,
16,5303,1.5497151613235474,,
16,5305,1.5335736274719238,,
16,5307,1.4990687370300293,,
16,5309,1.593754768371582,,
16,5311,1.4741023778915405,,
16,5313,1.5563240051269531,,
16,5315,1.566065788269043,,
16,5317,1.5414457321166992,,
16,5319,1.5359320640563965,,
16,5320,,0.46544307470321655,1.5238218307495117
17,5321,1.5833719968795776,,
17,5323,1.5269794464111328,,
17,5325,1.482834815979004,,
17,5327,1.467989444732666,,
17,5329,1.5475189685821533,,
17,5331,1.503514051437378,,
17,5333,1.575202226638794,,
17,5335,1.4615774154663086,,
17,5337,1.526402473449707,,
17,5339,1.546622633934021,,
17,5341,1.5731877088546753,,
17,5343,1.5721255540847778,,
17,5345,1.4909406900405884,,
17,5347,1.5542525053024292,,
17,5349,1.5726704597473145,,
17,5351,1.4828720092773438,,
17,5353,1.529465913772583,,
17,5355,1.505828619003296,,
17,5357,1.4775558710098267,,
17,5359,1.462605595588684,,
17,5361,1.593811273574829,,
17,5363,1.549333930015564,,
17,5365,1.4616589546203613,,
17,5367,1.485975742340088,,
17,5369,1.5274431705474854,,
17,5371,1.4887211322784424,,
17,5373,1.58017897605896,,
17,5375,1.5638172626495361,,
17,5377,1.5619181394577026,,
17,5379,1.5039944648742676,,
17,5381,1.5844378471374512,,
17,5383,1.6376612186431885,,
17,5385,1.5459121465682983,,
17,5387,1.4931631088256836,,
17,5389,1.5022062063217163,,
17,5391,1.5354323387145996,,
17,5393,1.5846226215362549,,
17,5395,1.5408625602722168,,
17,5397,1.571929693222046,,
17,5399,1.509091854095459,,
17,5401,1.5250167846679688,,
17,5403,1.5845065116882324,,
17,5405,1.4665718078613281,,
17,5407,1.5114099979400635,,
17,5409,1.5722520351409912,,
17,5411,1.5837042331695557,,
17,5413,1.5484451055526733,,
17,5415,1.5395921468734741,,
17,5417,1.54475998878479,,
17,5419,1.5419143438339233,,
17,5421,1.5585294961929321,,
17,5423,1.5495903491973877,,
17,5425,1.5724186897277832,,
17,5427,1.5256556272506714,,
17,5429,1.4515209197998047,,
17,5431,1.4447369575500488,,
17,5433,1.503692626953125,,
17,5435,1.481950283050537,,
17,5437,1.5154469013214111,,
17,5439,1.547593593597412,,
17,5441,1.4862993955612183,,
17,5443,1.5293492078781128,,
17,5445,1.4766218662261963,,
17,5447,1.5532987117767334,,
17,5449,1.492872953414917,,
17,5451,1.5227348804473877,,
17,5453,1.582066535949707,,
17,5455,1.505147099494934,,
17,5457,1.5533208847045898,,
17,5459,1.6170157194137573,,
17,5461,1.4773778915405273,,
17,5463,1.5261690616607666,,
17,5465,1.5232205390930176,,
17,5467,1.563757300376892,,
17,5469,1.5704278945922852,,
17,5471,1.464867353439331,,
17,5473,1.4829273223876953,,
17,5475,1.6027002334594727,,
17,5477,1.5070770978927612,,
17,5479,1.5294636487960815,,
17,5481,1.5603712797164917,,
17,5483,1.5550018548965454,,
17,5485,1.5206222534179688,,
17,5487,1.555601716041565,,
17,5489,1.5196963548660278,,
17,5491,1.522061824798584,,
17,5493,1.5790166854858398,,
17,5495,1.5889201164245605,,
17,5497,1.505613923072815,,
17,5499,1.530123233795166,,
17,5501,1.4725680351257324,,
17,5503,1.5469979047775269,,
17,5505,1.4539752006530762,,
17,5507,1.4730257987976074,,
17,5509,1.5544841289520264,,
17,5511,1.5125346183776855,,
17,5513,1.492944359779358,,
17,5515,1.5274906158447266,,
17,5517,1.6213332414627075,,
17,5519,1.4981565475463867,,
17,5521,1.5054419040679932,,
17,5523,1.5213854312896729,,
17,5525,1.5414605140686035,,
17,5527,1.479249119758606,,
17,5529,1.5524516105651855,,
17,5531,1.5600671768188477,,
17,5533,1.4889402389526367,,
17,5535,1.638444423675537,,
17,5537,1.5332388877868652,,
17,5539,1.6069324016571045,,
17,5541,1.4509490728378296,,
17,5543,1.5148565769195557,,
17,5545,1.5635547637939453,,
17,5547,1.4478585720062256,,
17,5549,1.489434003829956,,
17,5551,1.513077735900879,,
17,5553,1.5740382671356201,,
17,5555,1.5431861877441406,,
17,5557,1.5288801193237305,,
17,5559,1.547929286956787,,
17,5561,1.4861009120941162,,
17,5563,1.5060633420944214,,
17,5565,1.5188817977905273,,
17,5567,1.4992619752883911,,
17,5569,1.4779964685440063,,
17,5571,1.5681946277618408,,
17,5573,1.5670539140701294,,
17,5575,1.5249894857406616,,
17,5577,1.5021817684173584,,
17,5579,1.4658364057540894,,
17,5581,1.492661952972412,,
17,5583,1.4672436714172363,,
17,5585,1.518548607826233,,
17,5587,1.4978649616241455,,
17,5589,1.5125656127929688,,
17,5591,1.4571565389633179,,
17,5593,1.594851016998291,,
17,5595,1.5134797096252441,,
17,5597,1.5267670154571533,,
17,5599,1.59828782081604,,
17,5601,1.540409803390503,,
17,5603,1.4513189792633057,,
17,5605,1.5027873516082764,,
17,5607,1.5579181909561157,,
17,5609,1.4862210750579834,,
17,5611,1.4997541904449463,,
17,5613,1.5341322422027588,,
17,5615,1.6084673404693604,,
17,5617,1.5241882801055908,,
17,5619,1.5582106113433838,,
17,5621,1.4890666007995605,,
17,5623,1.5842480659484863,,
17,5625,1.5758661031723022,,
17,5627,1.5065571069717407,,
17,5629,1.536144733428955,,
17,5631,1.5632916688919067,,
17,5633,1.488818645477295,,
17,5633,,0.46544307470321655,1.5237810611724854
18,5635,1.6087439060211182,,
18,5637,1.5761339664459229,,
18,5639,1.4815599918365479,,
18,5641,1.4270129203796387,,
18,5643,1.504223108291626,,
18,5645,1.5076088905334473,,
18,5647,1.5440542697906494,,
18,5649,1.5154666900634766,,
18,5651,1.5428451299667358,,
18,5653,1.6020197868347168,,
18,5655,1.5298383235931396,,
18,5657,1.5738728046417236,,
18,5659,1.5194883346557617,,
18,5661,1.5720648765563965,,
18,5663,1.4775828123092651,,
18,5665,1.6085132360458374,,
18,5667,1.5393555164337158,,
18,5669,1.5406124591827393,,
18,5671,1.5174591541290283,,
18,5673,1.5562913417816162,,
18,5675,1.4688220024108887,,
18,5677,1.5506407022476196,,
18,5679,1.6021392345428467,,
18,5681,1.4939526319503784,,
18,5683,1.467987298965454,,
18,5685,1.5370256900787354,,
18,5687,1.4444091320037842,,
18,5689,1.5256905555725098,,
18,5691,1.5529359579086304,,
18,5693,1.5321564674377441,,
18,5695,1.527043342590332,,
18,5697,1.5102651119232178,,
18,5699,1.530349850654602,,
18,5701,1.4593946933746338,,
18,5703,1.4378362894058228,,
18,5705,1.5215762853622437,,
18,5707,1.6140860319137573,,
18,5709,1.5791383981704712,,
18,5711,1.4771978855133057,,
18,5713,1.50459623336792,,
18,5715,1.5479989051818848,,
18,5717,1.5850391387939453,,
18,5719,1.5143605470657349,,
18,5721,1.5148661136627197,,
18,5723,1.57130765914917,,
18,5725,1.5728247165679932,,
18,5727,1.5426392555236816,,
18,5729,1.5665552616119385,,
18,5731,1.5014547109603882,,
18,5733,1.5012047290802002,,
18,5735,1.523708701133728,,
18,5737,1.4731907844543457,,
18,5739,1.5431632995605469,,
18,5741,1.556200623512268,,
18,5743,1.539339542388916,,
18,5745,1.6169044971466064,,
18,5747,1.4782813787460327,,
18,5749,1.5095982551574707,,
18,5751,1.5129072666168213,,
18,5753,1.4647536277770996,,
18,5755,1.559630036354065,,
18,5757,1.5421451330184937,,
18,5759,1.558666706085205,,
18,5761,1.5453481674194336,,
18,5763,1.5853650569915771,,
18,5765,1.5947954654693604,,
18,5767,1.5598794221878052,,
18,5769,1.5069139003753662,,
18,5771,1.5028557777404785,,
18,5773,1.5558396577835083,,
18,5775,1.591599464416504,,
18,5777,1.5638196468353271,,
18,5779,1.5478343963623047,,
18,5781,1.543996810913086,,
18,5783,1.5056825876235962,,
18,5785,1.5571906566619873,,
18,5787,1.431873083114624,,
18,5789,1.5203025341033936,,
18,5791,1.5485334396362305,,
18,5793,1.4866347312927246,,
18,5795,1.5414470434188843,,
18,5797,1.466933012008667,,
18,5799,1.5441641807556152,,
18,5801,1.6093194484710693,,
18,5803,1.5468764305114746,,
18,5805,1.574709415435791,,
18,5807,1.4585418701171875,,
18,5809,1.537680983543396,,
18,5811,1.4947919845581055,,
18,5813,1.5582008361816406,,
18,5815,1.5644488334655762,,
18,5817,1.6258604526519775,,
18,5819,1.5336856842041016,,
18,5821,1.5637753009796143,,
18,5823,1.583300232887268,,
18,5825,1.5435185432434082,,
18,5827,1.5874192714691162,,
18,5829,1.535141944885254,,
18,5831,1.480381965637207,,
18,5833,1.5165605545043945,,
18,5835,1.5587594509124756,,
18,5837,1.5816744565963745,,
18,5839,1.573365330696106,,
18,5841,1.5220917463302612,,
18,5843,1.4654136896133423,,
18,5845,1.489558219909668,,
18,5847,1.4614636898040771,,
18,5849,1.5045819282531738,,
18,5851,1.4933905601501465,,
18,5853,1.545833945274353,,
18,5855,1.4909796714782715,,
18,5857,1.541027307510376,,
18,5859,1.6013760566711426,,
18,5861,1.5478401184082031,,
18,5863,1.5046298503875732,,
18,5865,1.5304940938949585,,
18,5867,1.5234036445617676,,
18,5869,1.5468757152557373,,
18,5871,1.4330556392669678,,
18,5873,1.4628016948699951,,
18,5875,1.5234153270721436,,
18,5877,1.5241565704345703,,
18,5879,1.4391701221466064,,
18,5881,1.4930492639541626,,
18,5883,1.5448611974716187,,
18,5885,1.492658019065857,,
18,5887,1.5469765663146973,,
18,5889,1.597739577293396,,
18,5891,1.5582807064056396,,
18,5893,1.5937635898590088,,
18,5895,1.578099012374878,,
18,5897,1.5521129369735718,,
18,5899,1.4874064922332764,,
18,5901,1.5099539756774902,,
18,5903,1.5483133792877197,,
18,5905,1.5077862739562988,,
18,5907,1.4910863637924194,,
18,5909,1.5228307247161865,,
18,5911,1.5069448947906494,,
18,5913,1.5841301679611206,,
18,5915,1.4803237915039062,,
18,5917,1.515613079071045,,
18,5919,1.5835387706756592,,
18,5921,1.4336018562316895,,
18,5923,1.5825817584991455,,
18,5925,1.496760368347168,,
18,5927,1.5500941276550293,,
18,5929,1.582007884979248,,
18,5931,1.558984637260437,,
18,5933,1.49000883102417,,
18,5935,1.4959297180175781,,
18,5937,1.5191314220428467,,
18,5939,1.5499777793884277,,
18,5941,1.5221357345581055,,
18,5943,1.5450692176818848,,
18,5945,1.5536673069000244,,
18,5946,,0.46544307470321655,1.5237486362457275
19,5947,1.5416662693023682,,
19,5949,1.578599452972412,,
19,5951,1.4449936151504517,,
19,5953,1.4760218858718872,,
19,5955,1.520531415939331,,
19,5957,1.4691320657730103,,
19,5959,1.5715076923370361,,
19,5961,1.4964687824249268,,
19,5963,1.4879772663116455,,
19,5965,1.586672306060791,,
19,5967,1.5892274379730225,,
19,5969,1.5230870246887207,,
19,5971,1.5540024042129517,,
19,5973,1.5249207019805908,,
19,5975,1.6014904975891113,,
19,5977,1.542881965637207,,
19,5979,1.4824212789535522,,
19,5981,1.447829008102417,,
19,5983,1.50971257686615,,
19,5985,1.5906827449798584,,
19,5987,1.5728013515472412,,
19,5989,1.5298032760620117,,
19,5991,1.5113985538482666,,
19,5993,1.5211917161941528,,
19,5995,1.6084800958633423,,
19,5997,1.5903862714767456,,
19,5999,1.5215502977371216,,
19,6001,1.5226428508758545,,
19,6003,1.4505336284637451,,
19,6005,1.5066196918487549,,
19,6007,1.4640835523605347,,
19,6009,1.4730480909347534,,
19,6011,1.4569754600524902,,
19,6013,1.5251230001449585,,
19,6015,1.467855453491211,,
19,6017,1.5029058456420898,,
19,6019,1.5373239517211914,,
19,6021,1.50287663936615,,
19,6023,1.5581035614013672,,
19,6025,1.433715581893921,,
19,6027,1.4965834617614746,,
19,6029,1.510396957397461,,
19,6031,1.6030497550964355,,
19,6033,1.5677130222320557,,
19,6035,1.5078634023666382,,
19,6037,1.4232300519943237,,
19,6039,1.5089263916015625,,
19,6041,1.5846567153930664,,
19,6043,1.558365821838379,,
19,6045,1.4938685894012451,,
19,6047,1.5266131162643433,,
19,6049,1.5774331092834473,,
19,6051,1.5469001531600952,,
19,6053,1.521823763847351,,
19,6055,1.5908989906311035,,
19,6057,1.579917311668396,,
19,6059,1.5264685153961182,,
19,6061,1.5417898893356323,,
19,6063,1.578385591506958,,
19,6065,1.4790855646133423,,
19,6067,1.4540847539901733,,
19,6069,1.488165020942688,,
19,6071,1.5264110565185547,,
19,6073,1.526353120803833,,
19,6075,1.5768730640411377,,
19,6077,1.5806622505187988,,
19,6079,1.5172560214996338,,
19,6081,1.4802621603012085,,
19,6083,1.5543276071548462,,
19,6085,1.5106170177459717,,
19,6087,1.622720718383789,,
19,6089,1.4990856647491455,,
19,6091,1.438371181488037,,
19,6093,1.5382814407348633,,
19,6095,1.548998236656189,,
19,6097,1.5255439281463623,,
19,6099,1.5467122793197632,,
19,6101,1.5076651573181152,,
19,6103,1.5132827758789062,,
19,6105,1.5441205501556396,,
19,6107,1.51455819606781,,
19,6109,1.5999507904052734,,
19,6111,1.5223195552825928,,
19,6113,1.5454119443893433,,
19,6115,1.4715423583984375,,
19,6117,1.5612661838531494,,
19,6119,1.5114877223968506,,
19,6121,1.5823746919631958,,
19,6123,1.5101131200790405,,
19,6125,1.5100401639938354,,
19,6127,1.5403776168823242,,
19,6129,1.5249888896942139,,
19,6131,1.5167243480682373,,
19,6133,1.541633129119873,,
19,6135,1.498852014541626,,
19,6137,1.545017957687378,,
19,6139,1.540321946144104,,
19,6141,1.5887359380722046,,
19,6143,1.5772509574890137,,
19,6145,1.4970839023590088,,
19,6147,1.4498873949050903,,
19,6149,1.4802720546722412,,
19,6151,1.5402624607086182,,
19,6153,1.5337048768997192,,
19,6155,1.4806320667266846,,
19,6157,1.5120315551757812,,
19,6159,1.5198354721069336,,
19,6161,1.5632946491241455,,
19,6163,1.5125043392181396,,
19,6165,1.5978950262069702,,
19,6167,1.5367462635040283,,
19,6169,1.5662384033203125,,
19,6171,1.5236306190490723,,
19,6173,1.5646744966506958,,
19,6175,1.549141526222229,,
19,6177,1.6408421993255615,,
19,6179,1.5238817930221558,,
19,6181,1.5229682922363281,,
19,6183,1.531799554824829,,
19,6185,1.547593593597412,,
19,6187,1.559336543083191,,
19,6189,1.5074357986450195,,
19,6191,1.5853378772735596,,
19,6193,1.6157796382904053,,
19,6195,1.568556785583496,,
19,6197,1.5675913095474243,,
19,6199,1.5225743055343628,,
19,6201,1.5150351524353027,,
19,6203,1.4801156520843506,,
19,6205,1.5424764156341553,,
19,6207,1.4731183052062988,,
19,6209,1.5005886554718018,,
19,6211,1.5621455907821655,,
19,6213,1.506636381149292,,
19,6215,1.4430813789367676,,
19,6217,1.5389728546142578,,
19,6219,1.4975695610046387,,
19,6221,1.4835846424102783,,
19,6223,1.5003048181533813,,
19,6225,1.5218019485473633,,
19,6227,1.488553524017334,,
19,6229,1.4482507705688477,,
19,6231,1.5272963047027588,,
19,6233,1.5211842060089111,,
19,6235,1.5925943851470947,,
19,6237,1.5532536506652832,,
19,6239,1.522367000579834,,
19,6241,1.505820631980896,,
19,6243,1.5068870782852173,,
19,6245,1.4405357837677002,,
19,6247,1.5089995861053467,,
19,6249,1.5342415571212769,,
19,6251,1.4257551431655884,,
19,6253,1.5266718864440918,,
19,6255,1.4882726669311523,,
19,6257,1.479429841041565,,
19,6259,1.4816558361053467,,
19,6259,,0.46544307470321655,1.5237821340560913
20,6261,1.5001888275146484,,
20,6263,1.5091369152069092,,
20,6265,1.5623693466186523,,
20,6267,1.5006062984466553,,
20,6269,1.550302267074585,,
20,6271,1.4884448051452637,,
20,6273,1.5085735321044922,,
20,6275,1.5279040336608887,,
20,6277,1.6260870695114136,,
20,6279,1.495619535446167,,
20,6281,1.5396145582199097,,
20,6283,1.468311071395874,,
20,6285,1.5496505498886108,,
20,6287,1.5127580165863037,,
20,6289,1.4984687566757202,,
20,6291,1.5120518207550049,,
20,6293,1.5691282749176025,,
20,6295,1.6013832092285156,,
20,6297,1.5129139423370361,,
20,6299,1.5268993377685547,,
20,6301,1.5662510395050049,,
20,6303,1.5235371589660645,,
20,6305,1.5983856916427612,,
20,6307,1.5226088762283325,,
20,6309,1.5273463726043701,,
20,6311,1.5112419128417969,,
20,6313,1.5865428447723389,,
20,6315,1.4448587894439697,,
20,6317,1.4734160900115967,,
20,6319,1.5030238628387451,,
20,6321,1.4860332012176514,,
20,6323,1.4882607460021973,,
20,6325,1.5420607328414917,,
20,6327,1.5580379962921143,,
20,6329,1.515854001045227,,
20,6331,1.5619823932647705,,
20,6333,1.5433449745178223,,
20,6335,1.546283483505249,,
20,6337,1.4560964107513428,,
20,6339,1.5286046266555786,,
20,6341,1.575435996055603,,
20,6343,1.4847311973571777,,
20,6345,1.5545008182525635,,
20,6347,1.479529857635498,,
20,6349,1.5422303676605225,,
20,6351,1.5434153079986572,,
20,6353,1.6188437938690186,,
20,6355,1.502623438835144,,
20,6357,1.4800872802734375,,
20,6359,1.57533597946167,,
20,6361,1.4075195789337158,,
20,6363,1.6150169372558594,,
20,6365,1.4665963649749756,,
20,6367,1.5349133014678955,,
20,6369,1.5097039937973022,,
20,6371,1.5211036205291748,,
20,6373,1.5212807655334473,,
20,6375,1.4716999530792236,,
20,6377,1.5431121587753296,,
20,6379,1.4773719310760498,,
20,6381,1.550223469734192,,
20,6383,1.5390135049819946,,
20,6385,1.4590260982513428,,
20,6387,1.5418636798858643,,
20,6389,1.5277981758117676,,
20,6391,1.5105390548706055,,
20,6393,1.4502992630004883,,
20,6395,1.5864412784576416,,
20,6397,1.510764241218567,,
20,6399,1.513906717300415,,
20,6401,1.5682486295700073,,
20,6403,1.5776677131652832,,
20,6405,1.5422369241714478,,
20,6407,1.566978931427002,,
20,6409,1.5277245044708252,,
20,6411,1.5080628395080566,,
20,6413,1.4262495040893555,,
20,6415,1.4725735187530518,,
20,6417,1.4973818063735962,,
20,6419,1.5135619640350342,,
20,6421,1.5417813062667847,,
20,6423,1.51383376121521,,
20,6425,1.5657933950424194,,
20,6427,1.463866949081421,,
20,6429,1.5046892166137695,,
20,6431,1.5161757469177246,,
20,6433,1.5793073177337646,,
20,6435,1.554309368133545,,
20,6437,1.523317813873291,,
20,6439,1.5348478555679321,,
20,6441,1.511789321899414,,
20,6443,1.5534518957138062,,
20,6445,1.5699515342712402,,
20,6447,1.5532622337341309,,
20,6449,1.5411326885223389,,
20,6451,1.480260968208313,,
20,6453,1.492220163345337,,
20,6455,1.492563009262085,,
20,6457,1.5258005857467651,,
20,6459,1.5823649168014526,,
20,6461,1.543642520904541,,
20,6463,1.4989941120147705,,
20,6465,1.497135877609253,,
20,6467,1.58121919631958,,
20,6469,1.5246700048446655,,
20,6471,1.6321418285369873,,
20,6473,1.5667996406555176,,
20,6475,1.595824956893921,,
20,6477,1.5285356044769287,,
20,6479,1.4790648221969604,,
20,6481,1.5995622873306274,,
20,6483,1.56015944480896,,
20,6485,1.554272174835205,,
20,6487,1.484864354133606,,
20,6489,1.5802130699157715,,
20,6491,1.516845703125,,
20,6493,1.488418698310852,,
20,6495,1.5527360439300537,,
20,6497,1.56391179561615,,
20,6499,1.5569652318954468,,
20,6501,1.536991834640503,,
20,6503,1.4767701625823975,,
20,6505,1.4794951677322388,,
20,6507,1.5466235876083374,,
20,6509,1.472823143005371,,
20,6511,1.5365190505981445,,
20,6513,1.4865188598632812,,
20,6515,1.483965516090393,,
20,6517,1.5075008869171143,,
20,6519,1.5730571746826172,,
20,6521,1.490987777709961,,
20,6523,1.4651607275009155,,
20,6525,1.5602716207504272,,
20,6527,1.5503458976745605,,
20,6529,1.493710994720459,,
20,6531,1.516159176826477,,
20,6533,1.587857723236084,,
20,6535,1.5471758842468262,,
20,6537,1.5858850479125977,,
20,6539,1.5182721614837646,,
20,6541,1.4813761711120605,,
20,6543,1.5231194496154785,,
20,6545,1.546491026878357,,
20,6547,1.5934748649597168,,
20,6549,1.5401434898376465,,
20,6551,1.5556929111480713,,
20,6553,1.563781976699829,,
20,6555,1.4514317512512207,,
20,6557,1.503908634185791,,
20,6559,1.5561838150024414,,
20,6561,1.5405142307281494,,
20,6563,1.4770252704620361,,
20,6565,1.5089830160140991,,
20,6567,1.523803949356079,,
20,6569,1.5187404155731201,,
20,6571,1.5873783826828003,,
20,6572,,0.46544307470321655,1.5237444639205933
21,6573,1.4920531511306763,,
21,6575,1.5200889110565186,,
21,6577,1.5012476444244385,,
21,6579,1.5690668821334839,,
21,6581,1.5609309673309326,,
21,6583,1.517696499824524,,
21,6585,1.5725593566894531,,
21,6587,1.589025855064392,,
21,6589,1.5961329936981201,,
21,6591,1.5057191848754883,,
21,6593,1.54642653465271,,
21,6595,1.4829339981079102,,
21,6597,1.5310354232788086,,
21,6599,1.542734146118164,,
21,6601,1.5796643495559692,,
21,6603,1.580203652381897,,
21,6605,1.5628089904785156,,
21,6607,1.5864250659942627,,
21,6609,1.4785865545272827,,
21,6611,1.5653390884399414,,
21,6613,1.5780378580093384,,
21,6615,1.5238492488861084,,
21,6617,1.597426176071167,,
21,6619,1.491283893585205,,
21,6621,1.5139474868774414,,
21,6623,1.486816167831421,,
21,6625,1.5231740474700928,,
21,6627,1.4608467817306519,,
21,6629,1.5291193723678589,,
21,6631,1.54927396774292,,
21,6633,1.5682998895645142,,
21,6635,1.500612735748291,,
21,6637,1.410936713218689,,
21,6639,1.5168198347091675,,
21,6641,1.5333420038223267,,
21,6643,1.5214390754699707,,
21,6645,1.520488977432251,,
21,6647,1.4973089694976807,,
21,6649,1.5672075748443604,,
21,6651,1.5340787172317505,,
21,6653,1.5144016742706299,,
21,6655,1.5306837558746338,,
21,6657,1.5337454080581665,,
21,6659,1.5334597826004028,,
21,6661,1.57248055934906,,
21,6663,1.5251202583312988,,
21,6665,1.5359559059143066,,
21,6667,1.5938358306884766,,
21,6669,1.5390390157699585,,
21,6671,1.5248024463653564,,
21,6673,1.4954867362976074,,
21,6675,1.540893793106079,,
21,6677,1.5966901779174805,,
21,6679,1.5890138149261475,,
21,6681,1.4657304286956787,,
21,6683,1.4960675239562988,,
21,6685,1.5397382974624634,,
21,6687,1.4724366664886475,,
21,6689,1.558537244796753,,
21,6691,1.524306297302246,,
21,6693,1.5098755359649658,,
21,6695,1.473400592803955,,
21,6697,1.6415168046951294,,
21,6699,1.533695936203003,,
21,6701,1.4773671627044678,,
21,6703,1.4900834560394287,,
21,6705,1.4577577114105225,,
21,6707,1.5705406665802002,,
21,6709,1.5094285011291504,,
21,6711,1.5633645057678223,,
21,6713,1.533598780632019,,
21,6715,1.4902102947235107,,
21,6717,1.5706737041473389,,
21,6719,1.5380669832229614,,
21,6721,1.537487268447876,,
21,6723,1.5872905254364014,,
21,6725,1.4950520992279053,,
21,6727,1.5385639667510986,,
21,6729,1.5234308242797852,,
21,6731,1.4334346055984497,,
21,6733,1.5069855451583862,,
21,6735,1.5384418964385986,,
21,6737,1.511805534362793,,
21,6739,1.5593417882919312,,
21,6741,1.5166206359863281,,
21,6743,1.5394136905670166,,
21,6745,1.5922486782073975,,
21,6747,1.4764790534973145,,
21,6749,1.5442392826080322,,
21,6751,1.5509798526763916,,
21,6753,1.5042223930358887,,
21,6755,1.5148353576660156,,
21,6757,1.5476109981536865,,
21,6759,1.4882831573486328,,
21,6761,1.4535319805145264,,
21,6763,1.466933250427246,,
21,6765,1.5434623956680298,,
21,6767,1.5722777843475342,,
21,6769,1.572036862373352,,
21,6771,1.4947915077209473,,
21,6773,1.5690295696258545,,
21,6775,1.6049489974975586,,
21,6777,1.5417602062225342,,
21,6779,1.446153998374939,,
21,6781,1.4952017068862915,,
21,6783,1.5161579847335815,,
21,6785,1.4605002403259277,,
21,6787,1.534780502319336,,
21,6789,1.4855570793151855,,
21,6791,1.5499364137649536,,
21,6793,1.535205602645874,,
21,6795,1.5423742532730103,,
21,6797,1.5123344659805298,,
21,6799,1.539060354232788,,
21,6801,1.5390183925628662,,
21,6803,1.5779335498809814,,
21,6805,1.4602158069610596,,
21,6807,1.5948491096496582,,
21,6809,1.4743014574050903,,
21,6811,1.590331792831421,,
21,6813,1.4889209270477295,,
21,6815,1.5347375869750977,,
21,6817,1.54109787940979,,
21,6819,1.5375397205352783,,
21,6821,1.5419831275939941,,
21,6823,1.4643571376800537,,
21,6825,1.5498125553131104,,
21,6827,1.4748224020004272,,
21,6829,1.5082825422286987,,
21,6831,1.543258547782898,,
21,6833,1.5282878875732422,,
21,6835,1.5403380393981934,,
21,6837,1.5676486492156982,,
21,6839,1.5847094058990479,,
21,6841,1.504612922668457,,
21,6843,1.5291646718978882,,
21,6845,1.5643118619918823,,
21,6847,1.564367413520813,,
21,6849,1.5497448444366455,,
21,6851,1.4973745346069336,,
21,6853,1.5650439262390137,,
21,6855,1.4793567657470703,,
21,6857,1.5032380819320679,,
21,6859,1.5200163125991821,,
21,6861,1.5266847610473633,,
21,6863,1.5410981178283691,,
21,6865,1.5343890190124512,,
21,6867,1.5270185470581055,,
21,6869,1.5438060760498047,,
21,6871,1.54555344581604,,
21,6873,1.4673576354980469,,
21,6875,1.5100059509277344,,
21,6877,1.5131843090057373,,
21,6879,1.5106558799743652,,
21,6881,1.5091737508773804,,
21,6883,1.5457518100738525,,
21,6885,1.4829190969467163,,
21,6885,,0.46544307470321655,1.5236624479293823
22,6887,1.515558123588562,,
22,6889,1.5160815715789795,,
22,6891,1.5098369121551514,,
22,6893,1.5865190029144287,,
22,6895,1.5020794868469238,,
22,6897,1.520272970199585,,
22,6899,1.5378156900405884,,
22,6901,1.5340874195098877,,
22,6903,1.5207992792129517,,
22,6905,1.5651556253433228,,
22,6907,1.4746203422546387,,
22,6909,1.5381696224212646,,
22,6911,1.485112190246582,,
22,6913,1.5273809432983398,,
22,6915,1.5278708934783936,,
22,6917,1.4614101648330688,,
22,6919,1.601338505744934,,
22,6921,1.5017040967941284,,
22,6923,1.5127756595611572,,
22,6925,1.5701093673706055,,
22,6927,1.5553922653198242,,
22,6929,1.579444169998169,,
22,6931,1.4925293922424316,,
22,6933,1.551072597503662,,
22,6935,1.4718775749206543,,
22,6937,1.508718729019165,,
22,6939,1.5885047912597656,,
22,6941,1.480140209197998,,
22,6943,1.5489928722381592,,
22,6945,1.603358507156372,,
22,6947,1.5394134521484375,,
22,6949,1.468155860900879,,
22,6951,1.4709298610687256,,
22,6953,1.5388038158416748,,
22,6955,1.533789873123169,,
22,6957,1.5031986236572266,,
22,6959,1.4754831790924072,,
22,6961,1.5136144161224365,,
22,6963,1.5609210729599,,
22,6965,1.5295623540878296,,
22,6967,1.4596993923187256,,
22,6969,1.4170364141464233,,
22,6971,1.375842809677124,,
22,6973,1.5645699501037598,,
22,6975,1.6248016357421875,,
22,6977,1.5206949710845947,,
22,6979,1.5860520601272583,,
22,6981,1.5001745223999023,,
22,6983,1.4244998693466187,,
22,6985,1.523366928100586,,
22,6987,1.5362471342086792,,
22,6989,1.5730541944503784,,
22,6991,1.5130590200424194,,
22,6993,1.5814247131347656,,
22,6995,1.5528242588043213,,
22,6997,1.4761995077133179,,
22,6999,1.4795567989349365,,
22,7001,1.5328831672668457,,
22,7003,1.523783564567566,,
22,7005,1.546441912651062,,
22,7007,1.5852851867675781,,
22,7009,1.5284576416015625,,
22,7011,1.579967975616455,,
22,7013,1.505722999572754,,
22,7015,1.5572062730789185,,
22,7017,1.5265109539031982,,
22,7019,1.5842807292938232,,
22,7021,1.5972802639007568,,
22,7023,1.5608576536178589,,
22,7025,1.4852166175842285,,
22,7027,1.5257959365844727,,
22,7029,1.6388599872589111,,
22,7031,1.552972435951233,,
22,7033,1.4908843040466309,,
22,7035,1.4965286254882812,,
22,7037,1.5846388339996338,,
22,7039,1.5538394451141357,,
22,7041,1.547465443611145,,
22,7043,1.5604636669158936,,
22,7045,1.5695559978485107,,
22,7047,1.4604392051696777,,
22,7049,1.4992810487747192,,
22,7051,1.5207059383392334,,
22,7053,1.584059238433838,,
22,7055,1.498593807220459,,
22,7057,1.4979318380355835,,
22,7059,1.480130672454834,,
22,7061,1.4656074047088623,,
22,7063,1.496997594833374,,
22,7065,1.51535964012146,,
22,7067,1.4989160299301147,,
22,7069,1.579710841178894,,
22,7071,1.5827584266662598,,
22,7073,1.5217663049697876,,
22,7075,1.5158506631851196,,
22,7077,1.6342074871063232,,
22,7079,1.4962892532348633,,
22,7081,1.4267323017120361,,
22,7083,1.5615324974060059,,
22,7085,1.5035295486450195,,
22,7087,1.5639293193817139,,
22,7089,1.5826599597930908,,
22,7091,1.528942584991455,,
22,7093,1.5118153095245361,,
22,7095,1.495158076286316,,
22,7097,1.5941529273986816,,
22,7099,1.5168604850769043,,
22,7101,1.519270420074463,,
22,7103,1.5426640510559082,,
22,7105,1.468238353729248,,
22,7107,1.5232652425765991,,
22,7109,1.4691756963729858,,
22,7111,1.47733736038208,,
22,7113,1.5560643672943115,,
22,7115,1.505854606628418,,
22,7117,1.5267248153686523,,
22,7119,1.5363571643829346,,
22,7121,1.4834856986999512,,
22,7123,1.497758388519287,,
22,7125,1.4862507581710815,,
22,7127,1.5884201526641846,,
22,7129,1.466367244720459,,
22,7131,1.4776694774627686,,
22,7133,1.5625653266906738,,
22,7135,1.5241236686706543,,
22,7137,1.528747797012329,,
22,7139,1.5101821422576904,,
22,7141,1.5037639141082764,,
22,7143,1.5529152154922485,,
22,7145,1.4760277271270752,,
22,7147,1.5476162433624268,,
22,7149,1.4322893619537354,,
22,7151,1.5238018035888672,,
22,7153,1.5766838788986206,,
22,7155,1.4828999042510986,,
22,7157,1.5590531826019287,,
22,7159,1.5294220447540283,,
22,7161,1.4436604976654053,,
22,7163,1.5569231510162354,,
22,7165,1.554692029953003,,
22,7167,1.5013638734817505,,
22,7169,1.5372734069824219,,
22,7171,1.5616902112960815,,
22,7173,1.5630276203155518,,
22,7175,1.5277392864227295,,
22,7177,1.5418065786361694,,
22,7179,1.5377297401428223,,
22,7181,1.5925371646881104,,
22,7183,1.5305818319320679,,
22,7185,1.545381784439087,,
22,7187,1.6129145622253418,,
22,7189,1.5667650699615479,,
22,7191,1.477933645248413,,
22,7193,1.610804796218872,,
22,7195,1.5200750827789307,,
22,7197,1.6076010465621948,,
22,7198,,0.46544307470321655,1.523665428161621
23,7199,1.5394564867019653,,
23,7201,1.4682643413543701,,
23,7203,1.4408462047576904,,
23,7205,1.5504372119903564,,
23,7207,1.546086072921753,,
23,7209,1.555130958557129,,
23,7211,1.6089776754379272,,
23,7213,1.5081228017807007,,
23,7215,1.564913272857666,,
23,7217,1.4492253065109253,,
23,7219,1.5580756664276123,,
23,7221,1.4974253177642822,,
23,7223,1.5525689125061035,,
23,7225,1.4857064485549927,,
23,7227,1.5483739376068115,,
23,7229,1.5314834117889404,,
23,7231,1.5346977710723877,,
23,7233,1.5833837985992432,,
23,7235,1.4860304594039917,,
23,7237,1.5765550136566162,,
23,7239,1.577998399734497,,
23,7241,1.5499260425567627,,
23,7243,1.5798113346099854,,
23,7245,1.545444130897522,,
23,7247,1.5398366451263428,,
23,7249,1.5557535886764526,,
23,7251,1.5708625316619873,,
23,7253,1.4453531503677368,,
23,7255,1.4872061014175415,,
23,7257,1.4955201148986816,,
23,7259,1.5565727949142456,,
23,7261,1.5483993291854858,,
23,7263,1.456019639968872,,
23,7265,1.5279606580734253,,
23,7267,1.5454843044281006,,
23,7269,1.5137913227081299,,
23,7271,1.5216959714889526,,
23,7273,1.5210497379302979,,
23,7275,1.5162055492401123,,
23,7277,1.5649666786193848,,
23,7279,1.5410616397857666,,
23,7281,1.5147862434387207,,
23,7283,1.5261056423187256,,
23,7285,1.5005815029144287,,
23,7287,1.4836153984069824,,
23,7289,1.5203518867492676,,
23,7291,1.5554275512695312,,
23,7293,1.665522575378418,,
23,7295,1.4869356155395508,,
23,7297,1.515251874923706,,
23,7299,1.537064790725708,,
23,7301,1.5186080932617188,,
23,7303,1.4631385803222656,,
23,7305,1.544217586517334,,
23,7307,1.5022798776626587,,
23,7309,1.5245524644851685,,
23,7311,1.591949701309204,,
23,7313,1.512178659439087,,
23,7315,1.5192170143127441,,
23,7317,1.5313749313354492,,
23,7319,1.4513978958129883,,
23,7321,1.5078380107879639,,
23,7323,1.4930766820907593,,
23,7325,1.504361629486084,,
23,7327,1.5588133335113525,,
23,7329,1.4544918537139893,,
23,7331,1.4810364246368408,,
23,7333,1.5463452339172363,,
23,7335,1.5831694602966309,,
23,7337,1.5569274425506592,,
23,7339,1.4872734546661377,,
23,7341,1.488739013671875,,
23,7343,1.5694776773452759,,
23,7345,1.4949651956558228,,
23,7347,1.523423671722412,,
23,7349,1.600990653038025,,
23,7351,1.534667730331421,,
23,7353,1.509130597114563,,
23,7355,1.6366217136383057,,
23,7357,1.5189387798309326,,
23,7359,1.5169365406036377,,
23,7361,1.4592915773391724,,
23,7363,1.5159980058670044,,
23,7365,1.5316438674926758,,
23,7367,1.5034962892532349,,
23,7369,1.4969648122787476,,
23,7371,1.497817873954773,,
23,7373,1.4896258115768433,,
23,7375,1.5471166372299194,,
23,7377,1.524367094039917,,
23,7379,1.5144401788711548,,
23,7381,1.593422293663025,,
23,7383,1.5022135972976685,,
23,7385,1.5104320049285889,,
23,7387,1.5218801498413086,,
23,7389,1.4404553174972534,,
23,7391,1.6437023878097534,,
23,7393,1.534193992614746,,
23,7395,1.5449926853179932,,
23,7397,1.5455751419067383,,
23,7399,1.5678216218948364,,
23,7401,1.5132399797439575,,
23,7403,1.5137648582458496,,
23,7405,1.5081297159194946,,
23,7407,1.5326600074768066,,
23,7409,1.5394110679626465,,
23,7411,1.609997272491455,,
23,7413,1.5101933479309082,,
23,7415,1.4961657524108887,,
23,7417,1.4777672290802002,,
23,7419,1.4001376628875732,,
23,7421,1.5018998384475708,,
23,7423,1.5588997602462769,,
23,7425,1.52842378616333,,
23,7427,1.5249629020690918,,
23,7429,1.598541021347046,,
23,7431,1.5441761016845703,,
23,7433,1.5626181364059448,,
23,7435,1.4978996515274048,,
23,7437,1.595799446105957,,
23,7439,1.4874982833862305,,
23,7441,1.5172178745269775,,
23,7443,1.4756907224655151,,
23,7445,1.550945520401001,,
23,7447,1.5292811393737793,,
23,7449,1.522234559059143,,
23,7451,1.4736552238464355,,
23,7453,1.5021750926971436,,
23,7455,1.5286394357681274,,
23,7457,1.5234298706054688,,
23,7459,1.4615278244018555,,
23,7461,1.5285537242889404,,
23,7463,1.5096683502197266,,
23,7465,1.4347894191741943,,
23,7467,1.5138639211654663,,
23,7469,1.4287185668945312,,
23,7471,1.5332484245300293,,
23,7473,1.600574254989624,,
23,7475,1.5391349792480469,,
23,7477,1.5158264636993408,,
23,7479,1.591231346130371,,
23,7481,1.5083322525024414,,
23,7483,1.538228988647461,,
23,7485,1.5799237489700317,,
23,7487,1.492300271987915,,
23,7489,1.5540218353271484,,
23,7491,1.4748871326446533,,
23,7493,1.502414584159851,,
23,7495,1.4789340496063232,,
23,7497,1.5587549209594727,,
23,7499,1.5495579242706299,,
23,7501,1.4918098449707031,,
23,7503,1.4726985692977905,,
23,7505,1.4962644577026367,,
23,7507,1.5285584926605225,,
23,7509,1.5903109312057495,,
23,7511,1.4844282865524292,,
23,7511,,0.46544307470321655,1.5236209630966187
24,7513,1.4948333501815796,,
24,7515,1.5847764015197754,,
24,7517,1.4785900115966797,,
24,7519,1.499239206314087,,
24,7521,1.5542826652526855,,
24,7523,1.4639456272125244,,
24,7525,1.466428279876709,,
24,7527,1.5695710182189941,,
24,7529,1.5071840286254883,,
24,7531,1.5257662534713745,,
24,7533,1.6202025413513184,,
24,7535,1.5851972103118896,,
24,7537,1.512148141860962,,
24,7539,1.5176723003387451,,
24,7541,1.567100167274475,,
24,7543,1.6529202461242676,,
24,7545,1.4902892112731934,,
24,7547,1.5857865810394287,,
24,7549,1.6025514602661133,,
24,7551,1.5012459754943848,,
24,7553,1.5309159755706787,,
24,7555,1.6192657947540283,,
24,7557,1.5315697193145752,,
24,7559,1.5287586450576782,,
24,7561,1.4913721084594727,,
24,7563,1.504856824874878,,
24,7565,1.6475980281829834,,
24,7567,1.5356528759002686,,
24,7569,1.5705220699310303,,
24,7571,1.5122249126434326,,
24,7573,1.5213356018066406,,
24,7575,1.530925989151001,,
24,7577,1.5405356884002686,,
24,7579,1.4970815181732178,,
24,7581,1.5085777044296265,,
24,7583,1.5005621910095215,,
24,7585,1.4295223951339722,,
24,7587,1.4957406520843506,,
24,7589,1.5136561393737793,,
24,7591,1.4614741802215576,,
24,7593,1.5928153991699219,,
24,7595,1.485666036605835,,
24,7597,1.5382509231567383,,
24,7599,1.573570728302002,,
24,7601,1.5409611463546753,,
24,7603,1.5177481174468994,,
24,7605,1.4942636489868164,,
24,7607,1.5537407398223877,,
24,7609,1.5963459014892578,,
24,7611,1.5518772602081299,,
24,7613,1.5530949831008911,,
24,7615,1.553847074508667,,
24,7617,1.5256749391555786,,
24,7619,1.4725189208984375,,
24,7621,1.482703685760498,,
24,7623,1.5084097385406494,,
24,7625,1.509482741355896,,
24,7627,1.5816833972930908,,
24,7629,1.5417089462280273,,
24,7631,1.490330457687378,,
24,7633,1.5136473178863525,,
24,7635,1.4905688762664795,,
24,7637,1.5049066543579102,,
24,7639,1.5033611059188843,,
24,7641,1.5186069011688232,,
24,7643,1.4816879034042358,,
24,7645,1.6171387434005737,,
24,7647,1.4887735843658447,,
24,7649,1.5517828464508057,,
24,7651,1.5230786800384521,,
24,7653,1.4882413148880005,,
24,7655,1.443678855895996,,
24,7657,1.519018530845642,,
24,7659,1.5632259845733643,,
24,7661,1.5363402366638184,,
24,7663,1.5249359607696533,,
24,7665,1.554963231086731,,
24,7667,1.5312873125076294,,
24,7669,1.4834210872650146,,
24,7671,1.4209010601043701,,
24,7673,1.4883286952972412,,
24,7675,1.5280060768127441,,
24,7677,1.4938578605651855,,
24,7679,1.5232526063919067,,
24,7681,1.5607084035873413,,
24,7683,1.539597988128662,,
24,7685,1.4902286529541016,,
24,7687,1.5245130062103271,,
24,7689,1.570192575454712,,
24,7691,1.5440948009490967,,
24,7693,1.5635281801223755,,
24,7695,1.6064836978912354,,
24,7697,1.5135539770126343,,
24,7699,1.5168557167053223,,
24,7701,1.482663869857788,,
24,7703,1.4911401271820068,,
24,7705,1.5268735885620117,,
24,7707,1.5221810340881348,,
24,7709,1.5323820114135742,,
24,7711,1.4710705280303955,,
24,7713,1.5764920711517334,,
24,7715,1.490816593170166,,
24,7717,1.5805057287216187,,
24,7719,1.5638887882232666,,
24,7721,1.5023093223571777,,
24,7723,1.6006574630737305,,
24,7725,1.5094940662384033,,
24,7727,1.5451359748840332,,
24,7729,1.4960732460021973,,
24,7731,1.5179557800292969,,
24,7733,1.5385074615478516,,
24,7735,1.5235249996185303,,
24,7737,1.5554184913635254,,
24,7739,1.5276107788085938,,
24,7741,1.4893569946289062,,
24,7743,1.5820741653442383,,
24,7745,1.5367982387542725,,
24,7747,1.5054914951324463,,
24,7749,1.483053207397461,,
24,7751,1.5023229122161865,,
24,7753,1.5069659948349,,
24,7755,1.6014318466186523,,
24,7757,1.4912041425704956,,
24,7759,1.5471091270446777,,
24,7761,1.54767644405365,,
24,7763,1.5514435768127441,,
24,7765,1.5252279043197632,,
24,7767,1.5450878143310547,,
24,7769,1.5563219785690308,,
24,7771,1.5918383598327637,,
24,7773,1.4946085214614868,,
24,7775,1.537178874015808,,
24,7777,1.5598883628845215,,
24,7779,1.480696439743042,,
24,7781,1.6044502258300781,,
24,7783,1.5230083465576172,,
24,7785,1.544533610343933,,
24,7787,1.5701782703399658,,
24,7789,1.5578525066375732,,
24,7791,1.506486177444458,,
24,7793,1.4680631160736084,,
24,7795,1.5452754497528076,,
24,7797,1.5295733213424683,,
24,7799,1.499801516532898,,
24,7801,1.483587384223938,,
24,7803,1.5900864601135254,,
24,7805,1.5256434679031372,,
24,7807,1.575679063796997,,
24,7809,1.5151779651641846,,
24,7811,1.4552719593048096,,
24,7813,1.5750200748443604,,
24,7815,1.5213351249694824,,
24,7817,1.5458837747573853,,
24,7819,1.5391783714294434,,
24,7821,1.6003308296203613,,
24,7823,1.4533214569091797,,
24,7824,,0.46544307470321655,1.5235912799835205
25,7825,1.5725911855697632,,
25,7827,1.5815874338150024,,
25,7829,1.5608422756195068,,
25,7831,1.5592443943023682,,
25,7833,1.5256717205047607,,
25,7835,1.4205029010772705,,
25,7837,1.489651083946228,,
25,7839,1.5270872116088867,,
25,7841,1.5136282444000244,,
25,7843,1.4973549842834473,,
25,7845,1.539283275604248,,
25,7847,1.4791213274002075,,
25,7849,1.4327342510223389,,
25,7851,1.4989721775054932,,
25,7853,1.5073015689849854,,
25,7855,1.4922678470611572,,
25,7857,1.5316683053970337,,
25,7859,1.5707694292068481,,
25,7861,1.536815881729126,,
25,7863,1.5903862714767456,,
25,7865,1.5011985301971436,,
25,7867,1.5091748237609863,,
25,7869,1.5340917110443115,,
25,7871,1.5278489589691162,,
25,7873,1.4742461442947388,,
25,7875,1.5271960496902466,,
25,7877,1.5844826698303223,,
25,7879,1.518858551979065,,
25,7881,1.463458776473999,,
25,7883,1.549224615097046,,
25,7885,1.5404460430145264,,
25,7887,1.4489613771438599,,
25,7889,1.5462955236434937,,
25,7891,1.4923815727233887,,
25,7893,1.589587926864624,,
25,7895,1.4808541536331177,,
25,7897,1.5636632442474365,,
25,7899,1.5292998552322388,,
25,7901,1.5791676044464111,,
25,7903,1.5361828804016113,,
25,7905,1.480467677116394,,
25,7907,1.5839745998382568,,
25,7909,1.5283465385437012,,
25,7911,1.529647946357727,,
25,7913,1.4824588298797607,,
25,7915,1.582780122756958,,
25,7917,1.4949188232421875,,
25,7919,1.5587739944458008,,
25,7921,1.5405995845794678,,
25,7923,1.5233654975891113,,
25,7925,1.466968297958374,,
25,7927,1.6193004846572876,,
25,7929,1.4683271646499634,,
25,7931,1.5046498775482178,,
25,7933,1.5477392673492432,,
25,7935,1.5275416374206543,,
25,7937,1.5599220991134644,,
25,7939,1.4995536804199219,,
25,7941,1.522643804550171,,
25,7943,1.5789430141448975,,
25,7945,1.5324032306671143,,
25,7947,1.4240984916687012,,
25,7949,1.4742040634155273,,
25,7951,1.517268180847168,,
25,7953,1.587554931640625,,
25,7955,1.604074239730835,,
25,7957,1.5022943019866943,,
25,7959,1.5224547386169434,,
25,7961,1.5002998113632202,,
25,7963,1.4849543571472168,,
25,7965,1.50201416015625,,
25,7967,1.568244218826294,,
25,7969,1.5576659440994263,,
25,7971,1.5727834701538086,,
25,7973,1.4937500953674316,,
25,7975,1.5366398096084595,,
25,7977,1.4973764419555664,,
25,7979,1.5211583375930786,,
25,7981,1.5073431730270386,,
25,7983,1.6255452632904053,,
25,7985,1.507635235786438,,
25,7987,1.5067620277404785,,
25,7989,1.506595492362976,,
25,7991,1.543903112411499,,
25,7993,1.5557512044906616,,
25,7995,1.519463300704956,,
25,7997,1.4374233484268188,,
25,7999,1.5826090574264526,,
25,8001,1.5613231658935547,,
25,8003,1.5241172313690186,,
25,8005,1.5560837984085083,,
25,8007,1.5727190971374512,,
25,8009,1.589714765548706,,
25,8011,1.511694073677063,,
25,8013,1.5003855228424072,,
25,8015,1.599410057067871,,
25,8017,1.5267503261566162,,
25,8019,1.5538997650146484,,
25,8021,1.5706696510314941,,
25,8023,1.5200526714324951,,
25,8025,1.5388522148132324,,
25,8027,1.5216729640960693,,
25,8029,1.5567224025726318,,
25,8031,1.5766273736953735,,
25,8033,1.5370938777923584,,
25,8035,1.5520074367523193,,
25,8037,1.4417433738708496,,
25,8039,1.502077341079712,,
25,8041,1.5263757705688477,,
25,8043,1.5156968832015991,,
25,8045,1.5005844831466675,,
25,8047,1.5863194465637207,,
25,8049,1.4954948425292969,,
25,8051,1.5694692134857178,,
25,8053,1.523244857788086,,
25,8055,1.5251381397247314,,
25,8057,1.536428451538086,,
25,8059,1.4760167598724365,,
25,8061,1.5703997611999512,,
25,8063,1.5311081409454346,,
25,8065,1.4916856288909912,,
25,8067,1.5242700576782227,,
25,8069,1.49993896484375,,
25,8071,1.513572335243225,,
25,8073,1.519577145576477,,
25,8075,1.517611026763916,,
25,8077,1.523120641708374,,
25,8079,1.5271973609924316,,
25,8081,1.5788631439208984,,
25,8083,1.5376057624816895,,
25,8085,1.4891629219055176,,
25,8087,1.491260290145874,,
25,8089,1.5404789447784424,,
25,8091,1.5733150243759155,,
25,8093,1.5058681964874268,,
25,8095,1.5246288776397705,,
25,8097,1.5963269472122192,,
25,8099,1.468597412109375,,
25,8101,1.557957410812378,,
25,8103,1.5614515542984009,,
25,8105,1.542728304862976,,
25,8107,1.472231149673462,,
25,8109,1.5892455577850342,,
25,8111,1.530977487564087,,
25,8113,1.497754693031311,,
25,8115,1.4711909294128418,,
25,8117,1.5276591777801514,,
25,8119,1.5771493911743164,,
25,8121,1.5682756900787354,,
25,8123,1.5801424980163574,,
25,8125,1.513892650604248,,
25,8127,1.4457623958587646,,
25,8129,1.5168945789337158,,
25,8131,1.520949363708496,,
25,8133,1.4871594905853271,,
25,8135,1.504443883895874,,
25,8137,1.5400058031082153,,
25,8137,,0.46544307470321655,1.5236124992370605
26,8139,1.5426206588745117,,
26,8141,1.5040425062179565,,
26,8143,1.5012282133102417,,
26,8145,1.4808164834976196,,
26,8147,1.4980717897415161,,
26,8149,1.549454689025879,,
26,8151,1.518908143043518,,
26,8153,1.5827912092208862,,
26,8155,1.5551339387893677,,
26,8157,1.5520679950714111,,
26,8159,1.4742224216461182,,
26,8161,1.56534743309021,,
26,8163,1.5481152534484863,,
26,8165,1.5595107078552246,,
26,8167,1.494992971420288,,
26,8169,1.5119726657867432,,
26,8171,1.5147511959075928,,
26,8173,1.5032600164413452,,
26,8175,1.5233001708984375,,
26,8177,1.5729937553405762,,
26,8179,1.5620416402816772,,
26,8181,1.582460880279541,,
26,8183,1.4863125085830688,,
26,8185,1.5582752227783203,,
26,8187,1.5425517559051514,,
26,8189,1.5400840044021606,,
26,8191,1.5519509315490723,,
26,8193,1.4606621265411377,,
26,8195,1.5635302066802979,,
26,8197,1.520536184310913,,
26,8199,1.5028235912322998,,
26,8201,1.4662151336669922,,
26,8203,1.5773723125457764,,
26,8205,1.4811317920684814,,
26,8207,1.4233018159866333,,
26,8209,1.4611029624938965,,
26,8211,1.5157339572906494,,
26,8213,1.5499763488769531,,
26,8215,1.507164478302002,,
26,8217,1.497725486755371,,
26,8219,1.5292725563049316,,
26,8221,1.5194724798202515,,
26,8223,1.5242133140563965,,
26,8225,1.523669958114624,,
26,8227,1.5290651321411133,,
26,8229,1.4785771369934082,,
26,8231,1.5099505186080933,,
26,8233,1.6416059732437134,,
26,8235,1.4571826457977295,,
26,8237,1.5118043422698975,,
26,8239,1.5456292629241943,,
26,8241,1.5746771097183228,,
26,8243,1.5173320770263672,,
26,8245,1.520047903060913,,
26,8247,1.4484941959381104,,
26,8249,1.503663420677185,,
26,8251,1.4972262382507324,,
26,8253,1.4783799648284912,,
26,8255,1.519883632659912,,
26,8257,1.5513066053390503,,
26,8259,1.5664658546447754,,
26,8261,1.5580857992172241,,
26,8263,1.5963867902755737,,
26,8265,1.5168079137802124,,
26,8267,1.5424304008483887,,
26,8269,1.523801565170288,,
26,8271,1.4827412366867065,,
26,8273,1.440941572189331,,
26,8275,1.547626256942749,,
26,8277,1.5708184242248535,,
26,8279,1.564465045928955,,
26,8281,1.4949668645858765,,
26,8283,1.522646427154541,,
26,8285,1.5343451499938965,,
26,8287,1.518778920173645,,
26,8289,1.498502254486084,,
26,8291,1.490293025970459,,
26,8293,1.5700392723083496,,
26,8295,1.5070903301239014,,
26,8297,1.4834898710250854,,
26,8299,1.5384247303009033,,
26,8301,1.5170600414276123,,
26,8303,1.5106676816940308,,
26,8305,1.5452289581298828,,
26,8307,1.5488845109939575,,
26,8309,1.4785202741622925,,
26,8311,1.5727291107177734,,
26,8313,1.4692376852035522,,
26,8315,1.5341490507125854,,
26,8317,1.5179051160812378,,
26,8319,1.5123038291931152,,
26,8321,1.551666259765625,,
26,8323,1.581772804260254,,
26,8325,1.5768532752990723,,
26,8327,1.5123040676116943,,
26,8329,1.5664080381393433,,
26,8331,1.4936506748199463,,
26,8333,1.6301591396331787,,
26,8335,1.550443410873413,,
26,8337,1.5248452425003052,,
26,8339,1.5331904888153076,,
26,8341,1.6098368167877197,,
26,8343,1.5250446796417236,,
26,8345,1.5362229347229004,,
26,8347,1.467468500137329,,
26,8349,1.5683846473693848,,
26,8351,1.5501353740692139,,
26,8353,1.5497021675109863,,
26,8355,1.5464516878128052,,
26,8357,1.5646653175354004,,
26,8359,1.4677610397338867,,
26,8361,1.4742093086242676,,
26,8363,1.569044828414917,,
26,8365,1.5004889965057373,,
26,8367,1.5687901973724365,,
26,8369,1.5168886184692383,,
26,8371,1.4899083375930786,,
26,8373,1.5247802734375,,
26,8375,1.5187126398086548,,
26,8377,1.5611447095870972,,
26,8379,1.5376768112182617,,
26,8381,1.531677484512329,,
26,8383,1.5681769847869873,,
26,8385,1.484159231185913,,
26,8387,1.5808888673782349,,
26,8389,1.4904857873916626,,
26,8391,1.539336919784546,,
26,8393,1.587259292602539,,
26,8395,1.5123424530029297,,
26,8397,1.5010262727737427,,
26,8399,1.5452730655670166,,
26,8401,1.5192511081695557,,
26,8403,1.4899957180023193,,
26,8405,1.446038842201233,,
26,8407,1.5274977684020996,,
26,8409,1.5559654235839844,,
26,8411,1.5852360725402832,,
26,8413,1.5923476219177246,,
26,8415,1.5287606716156006,,
26,8417,1.5589866638183594,,
26,8419,1.436800479888916,,
26,8421,1.4970325231552124,,
26,8423,1.4916090965270996,,
26,8425,1.5730286836624146,,
26,8427,1.5600335597991943,,
26,8429,1.5097050666809082,,
26,8431,1.5387229919433594,,
26,8433,1.5326110124588013,,
26,8435,1.4431209564208984,,
26,8437,1.488121509552002,,
26,8439,1.594387173652649,,
26,8441,1.5318059921264648,,
26,8443,1.532039999961853,,
26,8445,1.5572137832641602,,
26,8447,1.5315401554107666,,
26,8449,1.5738859176635742,,
26,8450,,0.46544307470321655,1.5235669612884521
27,8451,1.5374889373779297,,
27,8453,1.493059754371643,,
27,8455,1.6088768243789673,,
27,8457,1.5920811891555786,,
27,8459,1.5190433263778687,,
27,8461,1.477707862854004,,
27,8463,1.5290017127990723,,
27,8465,1.4926477670669556,,
27,8467,1.5037477016448975,,
27,8469,1.5067105293273926,,
27,8471,1.5462467670440674,,
27,8473,1.5970032215118408,,
27,8475,1.5197181701660156,,
27,8477,1.5427582263946533,,
27,8479,1.5527801513671875,,
27,8481,1.5163427591323853,,
27,8483,1.567798376083374,,
27,8485,1.495018482208252,,
27,8487,1.5835974216461182,,
27,8489,1.4743748903274536,,
27,8491,1.5468285083770752,,
27,8493,1.4960551261901855,,
27,8495,1.5466017723083496,,
27,8497,1.6028022766113281,,
27,8499,1.4978752136230469,,
27,8501,1.5374363660812378,,
27,8503,1.5203288793563843,,
27,8505,1.555952787399292,,
27,8507,1.4631593227386475,,
27,8509,1.4939301013946533,,
27,8511,1.5744456052780151,,
27,8513,1.4595340490341187,,
27,8515,1.5035674571990967,,
27,8517,1.5617737770080566,,
27,8519,1.458166241645813,,
27,8521,1.5001105070114136,,
27,8523,1.5350055694580078,,
27,8525,1.5467708110809326,,
27,8527,1.4893076419830322,,
27,8529,1.5155606269836426,,
27,8531,1.5323917865753174,,
27,8533,1.5601909160614014,,
27,8535,1.4982165098190308,,
27,8537,1.4850080013275146,,
27,8539,1.4935210943222046,,
27,8541,1.4919302463531494,,
27,8543,1.5142794847488403,,
27,8545,1.4646501541137695,,
27,8547,1.532475233078003,,
27,8549,1.5415639877319336,,
27,8551,1.4802031517028809,,
27,8553,1.6007347106933594,,
27,8555,1.5824826955795288,,
27,8557,1.5410470962524414,,
27,8559,1.5196901559829712,,
27,8561,1.4643925428390503,,
27,8563,1.5046570301055908,,
27,8565,1.5951628684997559,,
27,8567,1.4059717655181885,,
27,8569,1.5516480207443237,,
27,8571,1.5344014167785645,,
27,8573,1.5095162391662598,,
27,8575,1.4828977584838867,,
27,8577,1.5067862272262573,,
27,8579,1.545287847518921,,
27,8581,1.5556368827819824,,
27,8583,1.6185777187347412,,
27,8585,1.5340614318847656,,
27,8587,1.5795170068740845,,
27,8589,1.5813708305358887,,
27,8591,1.577812910079956,,
27,8593,1.4886422157287598,,
27,8595,1.5874905586242676,,
27,8597,1.5768232345581055,,
27,8599,1.506267786026001,,
27,8601,1.5359234809875488,,
27,8603,1.5270261764526367,,
27,8605,1.4709702730178833,,
27,8607,1.5279706716537476,,
27,8609,1.4800289869308472,,
27,8611,1.5144747495651245,,
27,8613,1.5077991485595703,,
27,8615,1.5749261379241943,,
27,8617,1.5186467170715332,,
27,8619,1.5537713766098022,,
27,8621,1.5542781352996826,,
27,8623,1.544907569885254,,
27,8625,1.4493215084075928,,
27,8627,1.4563696384429932,,
27,8629,1.536582112312317,,
27,8631,1.536789894104004,,
27,8633,1.49870765209198,,
27,8635,1.5097103118896484,,
27,8637,1.4818116426467896,,
27,8639,1.5456485748291016,,
27,8641,1.5398993492126465,,
27,8643,1.4979941844940186,,
27,8645,1.4744858741760254,,
27,8647,1.5238219499588013,,
27,8649,1.5656254291534424,,
27,8651,1.5420094728469849,,
27,8653,1.5010371208190918,,
27,8655,1.560058355331421,,
27,8657,1.5627126693725586,,
27,8659,1.5593087673187256,,
27,8661,1.5009377002716064,,
27,8663,1.460734486579895,,
27,8665,1.510620355606079,,
27,8667,1.5441274642944336,,
27,8669,1.5388123989105225,,
27,8671,1.510169267654419,,
27,8673,1.5306265354156494,,
27,8675,1.535271406173706,,
27,8677,1.4770469665527344,,
27,8679,1.5488981008529663,,
27,8681,1.4987919330596924,,
27,8683,1.5061755180358887,,
27,8685,1.5004982948303223,,
27,8687,1.5288400650024414,,
27,8689,1.5838978290557861,,
27,8691,1.4835717678070068,,
27,8693,1.50742506980896,,
27,8695,1.4935431480407715,,
27,8697,1.5072990655899048,,
27,8699,1.5162653923034668,,
27,8701,1.5229893922805786,,
27,8703,1.5406177043914795,,
27,8705,1.5820577144622803,,
27,8707,1.5570998191833496,,
27,8709,1.572853684425354,,
27,8711,1.540893793106079,,
27,8713,1.5844056606292725,,
27,8715,1.5532774925231934,,
27,8717,1.5292694568634033,,
27,8719,1.52803373336792,,
27,8721,1.4910980463027954,,
27,8723,1.5670888423919678,,
27,8725,1.5441398620605469,,
27,8727,1.5612852573394775,,
27,8729,1.5113637447357178,,
27,8731,1.6113080978393555,,
27,8733,1.5894020795822144,,
27,8735,1.5537025928497314,,
27,8737,1.5491269826889038,,
27,8739,1.4513969421386719,,
27,8741,1.5533208847045898,,
27,8743,1.5284051895141602,,
27,8745,1.5068438053131104,,
27,8747,1.5264238119125366,,
27,8749,1.5835235118865967,,
27,8751,1.5475080013275146,,
27,8753,1.5177454948425293,,
27,8755,1.513538122177124,,
27,8757,1.455876350402832,,
27,8759,1.5298913717269897,,
27,8761,1.6176337003707886,,
27,8763,1.4283759593963623,,
27,8763,,0.46544307470321655,1.5236231088638306
28,8765,1.5592403411865234,,
28,8767,1.580065131187439,,
28,8769,1.582299828529358,,
28,8771,1.5154941082000732,,
28,8773,1.5694057941436768,,
28,8775,1.509760856628418,,
28,8777,1.4385597705841064,,
28,8779,1.489403247833252,,
28,8781,1.523905873298645,,
28,8783,1.5148882865905762,,
28,8785,1.4894500970840454,,
28,8787,1.4905831813812256,,
28,8789,1.5147525072097778,,
28,8791,1.5168414115905762,,
28,8793,1.549468755722046,,
28,8795,1.469921350479126,,
28,8797,1.5475788116455078,,
28,8799,1.5203592777252197,,
28,8801,1.4992700815200806,,
28,8803,1.5700137615203857,,
28,8805,1.4718003273010254,,
28,8807,1.4833855628967285,,
28,8809,1.5233051776885986,,
28,8811,1.5614802837371826,,
28,8813,1.584931492805481,,
28,8815,1.516706943511963,,
28,8817,1.5133752822875977,,
28,8819,1.5622190237045288,,
28,8821,1.5590553283691406,,
28,8823,1.4796708822250366,,
28,8825,1.500995397567749,,
28,8827,1.5360779762268066,,
28,8829,1.485471487045288,,
28,8831,1.5534048080444336,,
28,8833,1.5296624898910522,,
28,8835,1.475706696510315,,
28,8837,1.4982290267944336,,
28,8839,1.587082028388977,,
28,8841,1.5282132625579834,,
28,8843,1.5716239213943481,,
28,8845,1.5266621112823486,,
28,8847,1.5094835758209229,,
28,8849,1.4916977882385254,,
28,8851,1.6005070209503174,,
28,8853,1.5397522449493408,,
28,8855,1.5382367372512817,,
28,8857,1.5280063152313232,,
28,8859,1.494106650352478,,
28,8861,1.5234155654907227,,
28,8863,1.5509092807769775,,
28,8865,1.5260114669799805,,
28,8867,1.5394110679626465,,
28,8869,1.5778260231018066,,
28,8871,1.5899550914764404,,
28,8873,1.4808844327926636,,
28,8875,1.520690679550171,,
28,8877,1.5134365558624268,,
28,8879,1.5522420406341553,,
28,8881,1.6163592338562012,,
28,8883,1.514862298965454,,
28,8885,1.5341167449951172,,
28,8887,1.493030309677124,,
28,8889,1.4713988304138184,,
28,8891,1.440340280532837,,
28,8893,1.5691773891448975,,
28,8895,1.5084400177001953,,
28,8897,1.5795612335205078,,
28,8899,1.5223257541656494,,
28,8901,1.4996626377105713,,
28,8903,1.4793963432312012,,
28,8905,1.4984557628631592,,
28,8907,1.5029733180999756,,
28,8909,1.5179800987243652,,
28,8911,1.5497835874557495,,
28,8913,1.4469019174575806,,
28,8915,1.5431163311004639,,
28,8917,1.537634015083313,,
28,8919,1.5223681926727295,,
28,8921,1.5380523204803467,,
28,8923,1.464137077331543,,
28,8925,1.5623431205749512,,
28,8927,1.5428686141967773,,
28,8929,1.5101733207702637,,
28,8931,1.589454174041748,,
28,8933,1.5028648376464844,,
28,8935,1.5173335075378418,,
28,8937,1.5322191715240479,,
28,8939,1.5516836643218994,,
28,8941,1.5149673223495483,,
28,8943,1.4948539733886719,,
28,8945,1.4836550951004028,,
28,8947,1.4686920642852783,,
28,8949,1.5750699043273926,,
28,8951,1.5451829433441162,,
28,8953,1.459564447402954,,
28,8955,1.525478720664978,,
28,8957,1.4901862144470215,,
28,8959,1.539320945739746,,
28,8961,1.5048736333847046,,
28,8963,1.538384199142456,,
28,8965,1.49088716506958,,
28,8967,1.5257278680801392,,
28,8969,1.5084166526794434,,
28,8971,1.523704171180725,,
28,8973,1.5209920406341553,,
28,8975,1.507207989692688,,
28,8977,1.5207583904266357,,
28,8979,1.5108120441436768,,
28,8981,1.5313323736190796,,
28,8983,1.4813909530639648,,
28,8985,1.5169885158538818,,
28,8987,1.6142834424972534,,
28,8989,1.603257417678833,,
28,8991,1.5403780937194824,,
28,8993,1.5612547397613525,,
28,8995,1.4152936935424805,,
28,8997,1.474692463874817,,
28,8999,1.5410487651824951,,
28,9001,1.5402802228927612,,
28,9003,1.5149149894714355,,
28,9005,1.5170906782150269,,
28,9007,1.5930125713348389,,
28,9009,1.451397180557251,,
28,9011,1.5685930252075195,,
28,9013,1.5772571563720703,,
28,9015,1.5851887464523315,,
28,9017,1.5078647136688232,,
28,9019,1.4984617233276367,,
28,9021,1.497259259223938,,
28,9023,1.5612907409667969,,
28,9025,1.5582101345062256,,
28,9027,1.5417141914367676,,
28,9029,1.5448329448699951,,
28,9031,1.5009369850158691,,
28,9033,1.575143814086914,,
28,9035,1.4406242370605469,,
28,9037,1.5227967500686646,,
28,9039,1.6012071371078491,,
28,9041,1.6191766262054443,,
28,9043,1.507952332496643,,
28,9045,1.5573294162750244,,
28,9047,1.5624217987060547,,
28,9049,1.5693466663360596,,
28,9051,1.4956245422363281,,
28,9053,1.49495267868042,,
28,9055,1.4691760540008545,,
28,9057,1.581679344177246,,
28,9059,1.5254473686218262,,
28,9061,1.4995968341827393,,
28,9063,1.517126202583313,,
28,9065,1.5058454275131226,,
28,9067,1.5348401069641113,,
28,9069,1.440048098564148,,
28,9071,1.493972897529602,,
28,9073,1.4756217002868652,,
28,9075,1.5154681205749512,,
28,9076,,0.46544307470321655,1.5235240459442139
29,9077,1.538374900817871,,
29,9079,1.4844844341278076,,
29,9081,1.5408344268798828,,
29,9083,1.4838104248046875,,
29,9085,1.5794240236282349,,
29,9087,1.4954206943511963,,
29,9089,1.5588771104812622,,
29,9091,1.5567851066589355,,
29,9093,1.6116795539855957,,
29,9095,1.5506967306137085,,
29,9097,1.6105437278747559,,
29,9099,1.499354600906372,,
29,9101,1.5112719535827637,,
29,9103,1.5075604915618896,,
29,9105,1.473608374595642,,
29,9107,1.5263543128967285,,
29,9109,1.4614437818527222,,
29,9111,1.5032069683074951,,
29,9113,1.5144506692886353,,
29,9115,1.505143404006958,,
29,9117,1.5220218896865845,,
29,9119,1.5093666315078735,,
29,9121,1.5374776124954224,,
29,9123,1.5484628677368164,,
29,9125,1.5659704208374023,,
29,9127,1.4745383262634277,,
29,9129,1.5513312816619873,,
29,9131,1.4751930236816406,,
29,9133,1.4987770318984985,,
29,9135,1.507649540901184,,
29,9137,1.539278507232666,,
29,9139,1.5238618850708008,,
29,9141,1.471238374710083,,
29,9143,1.5317503213882446,,
29,9145,1.5371336936950684,,
29,9147,1.5135669708251953,,
29,9149,1.475212812423706,,
29,9151,1.564906120300293,,
29,9153,1.4664586782455444,,
29,9155,1.584197759628296,,
29,9157,1.6588562726974487,,
29,9159,1.5176565647125244,,
29,9161,1.481174349784851,,
29,9163,1.5687929391860962,,
29,9165,1.4567527770996094,,
29,9167,1.480762243270874,,
29,9169,1.4943716526031494,,
29,9171,1.5505253076553345,,
29,9173,1.4801132678985596,,
29,9175,1.508151888847351,,
29,9177,1.5704237222671509,,
29,9179,1.5687541961669922,,
29,9181,1.5599799156188965,,
29,9183,1.5053269863128662,,
29,9185,1.4728102684020996,,
29,9187,1.5136226415634155,,
29,9189,1.4899687767028809,,
29,9191,1.4980475902557373,,
29,9193,1.4871084690093994,,
29,9195,1.5102459192276,,
29,9197,1.5066606998443604,,
29,9199,1.5315299034118652,,
29,9201,1.5950276851654053,,
29,9203,1.5617012977600098,,
29,9205,1.522749662399292,,
29,9207,1.530580997467041,,
29,9209,1.5596351623535156,,
29,9211,1.4786286354064941,,
29,9213,1.554621934890747,,
29,9215,1.4588769674301147,,
29,9217,1.526942253112793,,
29,9219,1.5755071640014648,,
29,9221,1.541884422302246,,
29,9223,1.5388405323028564,,
29,9225,1.5008728504180908,,
29,9227,1.5203900337219238,,
29,9229,1.5875461101531982,,
29,9231,1.54904305934906,,
29,9233,1.582747459411621,,
29,9235,1.570456862449646,,
29,9237,1.5032551288604736,,
29,9239,1.5074938535690308,,
29,9241,1.5100338459014893,,
29,9243,1.5097501277923584,,
29,9245,1.4982753992080688,,
29,9247,1.557137131690979,,
29,9249,1.600677490234375,,
29,9251,1.4546186923980713,,
29,9253,1.4844720363616943,,
29,9255,1.5147498846054077,,
29,9257,1.5802977085113525,,
29,9259,1.4882707595825195,,
29,9261,1.5705702304840088,,
29,9263,1.5217329263687134,,
29,9265,1.5727386474609375,,
29,9267,1.4612128734588623,,
29,9269,1.4756298065185547,,
29,9271,1.413179874420166,,
29,9273,1.5244157314300537,,
29,9275,1.5032700300216675,,
29,9277,1.578138828277588,,
29,9279,1.504882574081421,,
29,9281,1.5054800510406494,,
29,9283,1.5338006019592285,,
29,9285,1.4830293655395508,,
29,9287,1.4688386917114258,,
29,9289,1.539905071258545,,
29,9291,1.533856987953186,,
29,9293,1.5582472085952759,,
29,9295,1.466561198234558,,
29,9297,1.537178874015808,,
29,9299,1.5309422016143799,,
29,9301,1.5102274417877197,,
29,9303,1.5784995555877686,,
29,9305,1.4860373735427856,,
29,9307,1.5714597702026367,,
29,9309,1.593573808670044,,
29,9311,1.4856314659118652,,
29,9313,1.502551555633545,,
29,9315,1.5539469718933105,,
29,9317,1.4800879955291748,,
29,9319,1.567766785621643,,
29,9321,1.5146712064743042,,
29,9323,1.5600569248199463,,
29,9325,1.4929125308990479,,
29,9327,1.5214720964431763,,
29,9329,1.4840205907821655,,
29,9331,1.5259833335876465,,
29,9333,1.5265024900436401,,
29,9335,1.5079611539840698,,
29,9337,1.4757475852966309,,
29,9339,1.542280673980713,,
29,9341,1.4899015426635742,,
29,9343,1.6056866645812988,,
29,9345,1.5359313488006592,,
29,9347,1.5606250762939453,,
29,9349,1.4925941228866577,,
29,9351,1.516361117362976,,
29,9353,1.5501714944839478,,
29,9355,1.4925687313079834,,
29,9357,1.5535269975662231,,
29,9359,1.513131022453308,,
29,9361,1.5216681957244873,,
29,9363,1.5031195878982544,,
29,9365,1.4829375743865967,,
29,9367,1.5544557571411133,,
29,9369,1.5621461868286133,,
29,9371,1.5300817489624023,,
29,9373,1.4271697998046875,,
29,9375,1.4949305057525635,,
29,9377,1.5057005882263184,,
29,9379,1.5781452655792236,,
29,9381,1.455108404159546,,
29,9383,1.562533974647522,,
29,9385,1.5732414722442627,,
29,9387,1.4905132055282593,,
29,9389,1.4873366355895996,,
29,9389,,0.46544307470321655,1.5234975814819336
30,9391,1.5512008666992188,,
30,9393,1.5210888385772705,,
30,9395,1.4838151931762695,,
30,9397,1.5214471817016602,,
30,9399,1.4958840608596802,,
30,9401,1.5625728368759155,,
30,9403,1.4718883037567139,,
30,9405,1.5918394327163696,,
30,9407,1.5807355642318726,,
30,9409,1.4930830001831055,,
30,9411,1.4741239547729492,,
30,9413,1.5356266498565674,,
30,9415,1.5218945741653442,,
30,9417,1.559985876083374,,
30,9419,1.5258681774139404,,
30,9421,1.4842900037765503,,
30,9423,1.4963710308074951,,
30,9425,1.468631625175476,,
30,9427,1.561361312866211,,
30,9429,1.5251686573028564,,
30,9431,1.5488362312316895,,
30,9433,1.5051676034927368,,
30,9435,1.5786432027816772,,
30,9437,1.4811248779296875,,
30,9439,1.5320641994476318,,
30,9441,1.4159270524978638,,
30,9443,1.4668822288513184,,
30,9445,1.5312762260437012,,
30,9447,1.517369270324707,,
30,9449,1.5313628911972046,,
30,9451,1.4956858158111572,,
30,9453,1.5310962200164795,,
30,9455,1.5699940919876099,,
30,9457,1.542497992515564,,
30,9459,1.4790838956832886,,
30,9461,1.5241074562072754,,
30,9463,1.5310955047607422,,
30,9465,1.4211467504501343,,
30,9467,1.5857940912246704,,
30,9469,1.536744475364685,,
30,9471,1.5290930271148682,,
30,9473,1.5888246297836304,,
30,9475,1.5278464555740356,,
30,9477,1.5141490697860718,,
30,9479,1.5720140933990479,,
30,9481,1.5235997438430786,,
30,9483,1.5240890979766846,,
30,9485,1.5267841815948486,,
30,9487,1.541696310043335,,
30,9489,1.5374350547790527,,
30,9491,1.482499599456787,,
30,9493,1.5566824674606323,,
30,9495,1.5584503412246704,,
30,9497,1.528968095779419,,
30,9499,1.49873685836792,,
30,9501,1.5147829055786133,,
30,9503,1.586169719696045,,
30,9505,1.5630520582199097,,
30,9507,1.4598008394241333,,
30,9509,1.4802616834640503,,
30,9511,1.5082800388336182,,
30,9513,1.5439549684524536,,
30,9515,1.544127345085144,,
30,9517,1.5638957023620605,,
30,9519,1.4931535720825195,,
30,9521,1.508043885231018,,
30,9523,1.5713796615600586,,
30,9525,1.5573005676269531,,
30,9527,1.505890130996704,,
30,9529,1.4807438850402832,,
30,9531,1.53178071975708,,
30,9533,1.4388749599456787,,
30,9535,1.517118215560913,,
30,9537,1.479651689529419,,
30,9539,1.4838250875473022,,
30,9541,1.547236442565918,,
30,9543,1.5773701667785645,,
30,9545,1.5011730194091797,,
30,9547,1.522521734237671,,
30,9549,1.5429553985595703,,
30,9551,1.5217456817626953,,
30,9553,1.4834752082824707,,
30,9555,1.6323927640914917,,
30,9557,1.4764580726623535,,
30,9559,1.548201560974121,,
30,9561,1.5480427742004395,,
30,9563,1.433095097541809,,
30,9565,1.5485270023345947,,
30,9567,1.50448477268219,,
30,9569,1.5486173629760742,,
30,9571,1.5221253633499146,,
30,9573,1.4818845987319946,,
30,9575,1.5383143424987793,,
30,9577,1.528149127960205,,
30,9579,1.481107234954834,,
30,9581,1.4976792335510254,,
30,9583,1.53963041305542,,
30,9585,1.488507866859436,,
30,9587,1.434244155883789,,
30,9589,1.5130237340927124,,
30,9591,1.5292081832885742,,
30,9593,1.5189439058303833,,
30,9595,1.5007660388946533,,
30,9597,1.5275278091430664,,
30,9599,1.5220577716827393,,
30,9601,1.5339947938919067,,
30,9603,1.5194941759109497,,
30,9605,1.5801794528961182,,
30,9607,1.5359857082366943,,
30,9609,1.5364099740982056,,
30,9611,1.5462454557418823,,
30,9613,1.5951893329620361,,
30,9615,1.5139191150665283,,
30,9617,1.5532721281051636,,
30,9619,1.5244497060775757,,
30,9621,1.55861496925354,,
30,9623,1.5643166303634644,,
30,9625,1.549295425415039,,
30,9627,1.4937961101531982,,
30,9629,1.5448671579360962,,
30,9631,1.5327848196029663,,
30,9633,1.55887770652771,,
30,9635,1.5484185218811035,,
30,9637,1.5139968395233154,,
30,9639,1.4651994705200195,,
30,9641,1.4967231750488281,,
30,9643,1.4717955589294434,,
30,9645,1.524854063987732,,
30,9647,1.51967191696167,,
30,9649,1.504537582397461,,
30,9651,1.5650993585586548,,
30,9653,1.519736647605896,,
30,9655,1.4855650663375854,,
30,9657,1.4785512685775757,,
30,9659,1.5687506198883057,,
30,9661,1.5460593700408936,,
30,9663,1.5033882856369019,,
30,9665,1.509891390800476,,
30,9667,1.4975956678390503,,
30,9669,1.5694185495376587,,
30,9671,1.5645009279251099,,
30,9673,1.5480587482452393,,
30,9675,1.5305302143096924,,
30,9677,1.4767287969589233,,
30,9679,1.5707738399505615,,
30,9681,1.5025830268859863,,
30,9683,1.5243457555770874,,
30,9685,1.5804060697555542,,
30,9687,1.4335575103759766,,
30,9689,1.473039150238037,,
30,9691,1.529772400856018,,
30,9693,1.5488805770874023,,
30,9695,1.5504965782165527,,
30,9697,1.5071702003479004,,
30,9699,1.5838463306427002,,
30,9701,1.4566810131072998,,
30,9702,,0.46544307470321655,1.5234793424606323
31,9703,1.4531056880950928,,
31,9705,1.5920132398605347,,
31,9707,1.5469775199890137,,
31,9709,1.5106127262115479,,
31,9711,1.556620717048645,,
31,9713,1.487261414527893,,
31,9715,1.4491896629333496,,
31,9717,1.4772363901138306,,
31,9719,1.4930895566940308,,
31,9721,1.512996792793274,,
31,9723,1.5734683275222778,,
31,9725,1.5062848329544067,,
31,9727,1.5936598777770996,,
31,9729,1.5708614587783813,,
31,9731,1.5197701454162598,,
31,9733,1.5265662670135498,,
31,9735,1.4923534393310547,,
31,9737,1.5404363870620728,,
31,9739,1.5133538246154785,,
31,9741,1.5530534982681274,,
31,9743,1.5393455028533936,,
31,9745,1.5279693603515625,,
31,9747,1.5144703388214111,,
31,9749,1.483860731124878,,
31,9751,1.5117034912109375,,
31,9753,1.5616307258605957,,
31,9755,1.5812442302703857,,
31,9757,1.4856208562850952,,
31,9759,1.5181382894515991,,
31,9761,1.5677034854888916,,
31,9763,1.4927746057510376,,
31,9765,1.5639777183532715,,
31,9767,1.5257593393325806,,
31,9769,1.5237720012664795,,
31,9771,1.5400946140289307,,
31,9773,1.5101397037506104,,
31,9775,1.6251249313354492,,
31,9777,1.4590177536010742,,
31,9779,1.5181519985198975,,
31,9781,1.5795152187347412,,
31,9783,1.5138421058654785,,
31,9785,1.4695188999176025,,
31,9787,1.5216612815856934,,
31,9789,1.5494015216827393,,
31,9791,1.4711172580718994,,
31,9793,1.5251520872116089,,
31,9795,1.5441184043884277,,
31,9797,1.5440025329589844,,
31,9799,1.5457117557525635,,
31,9801,1.5415306091308594,,
31,9803,1.541601300239563,,
31,9805,1.5803836584091187,,
31,9807,1.548326849937439,,
31,9809,1.5637340545654297,,
31,9811,1.530700445175171,,
31,9813,1.488262414932251,,
31,9815,1.5009688138961792,,
31,9817,1.5266218185424805,,
31,9819,1.5322651863098145,,
31,9821,1.5128852128982544,,
31,9823,1.5014333724975586,,
31,9825,1.5851776599884033,,
31,9827,1.570464849472046,,
31,9829,1.5659010410308838,,
31,9831,1.5268537998199463,,
31,9833,1.4989842176437378,,
31,9835,1.4684876203536987,,
31,9837,1.59263014793396,,
31,9839,1.5395077466964722,,
31,9841,1.6386569738388062,,
31,9843,1.6254184246063232,,
31,9845,1.5468456745147705,,
31,9847,1.5591511726379395,,
31,9849,1.4787800312042236,,
31,9851,1.5503578186035156,,
31,9853,1.5201466083526611,,
31,9855,1.6242432594299316,,
31,9857,1.581937313079834,,
31,9859,1.5734937191009521,,
31,9861,1.5531516075134277,,
31,9863,1.523850440979004,,
31,9865,1.5229650735855103,,
31,9867,1.4747154712677002,,
31,9869,1.49751615524292,,
31,9871,1.4923471212387085,,
31,9873,1.4674497842788696,,
31,9875,1.5319952964782715,,
31,9877,1.510404348373413,,
31,9879,1.4883180856704712,,
31,9881,1.5207350254058838,,
31,9883,1.5433659553527832,,
31,9885,1.5003472566604614,,
31,9887,1.4738236665725708,,
31,9889,1.476712703704834,,
31,9891,1.5232385396957397,,
31,9893,1.5692552328109741,,
31,9895,1.5692397356033325,,
31,9897,1.5377764701843262,,
31,9899,1.4932726621627808,,
31,9901,1.5910604000091553,,
31,9903,1.5086594820022583,,
31,9905,1.5597018003463745,,
31,9907,1.51759672164917,,
31,9909,1.5066187381744385,,
31,9911,1.4769365787506104,,
31,9913,1.5306260585784912,,
31,9915,1.554206132888794,,
31,9917,1.4643831253051758,,
31,9919,1.5490258932113647,,
31,9921,1.4868900775909424,,
31,9923,1.4671560525894165,,
31,9925,1.513899326324463,,
31,9927,1.510087490081787,,
31,9929,1.5542970895767212,,
31,9931,1.4801408052444458,,
31,9933,1.5735445022583008,,
31,9935,1.525217056274414,,
31,9937,1.5421035289764404,,
31,9939,1.4624816179275513,,
31,9941,1.5254336595535278,,
31,9943,1.5451664924621582,,
31,9945,1.53959321975708,,
31,9947,1.5094749927520752,,
31,9949,1.5115625858306885,,
31,9951,1.5441720485687256,,
31,9953,1.496056318283081,,
31,9955,1.4951109886169434,,
31,9957,1.5910345315933228,,
31,9959,1.5225197076797485,,
31,9961,1.513739824295044,,
31,9963,1.5150021314620972,,
31,9965,1.5565670728683472,,
31,9967,1.578323483467102,,
31,9969,1.5568735599517822,,
31,9971,1.5271720886230469,,
31,9973,1.5902197360992432,,
31,9975,1.4708855152130127,,
31,9977,1.4918700456619263,,
31,9979,1.522239089012146,,
31,9981,1.4920412302017212,,
31,9983,1.538243055343628,,
31,9985,1.500825047492981,,
31,9987,1.4706333875656128,,
31,9989,1.4997457265853882,,
31,9991,1.5840556621551514,,
31,9993,1.5102195739746094,,
31,9995,1.4896059036254883,,
31,9997,1.5412384271621704,,
31,9999,1.5099300146102905,,
31,10001,1.526023268699646,,
31,10003,1.4483176469802856,,
31,10005,1.4723148345947266,,
31,10007,1.5051603317260742,,
31,10009,1.5153160095214844,,
31,10011,1.5406774282455444,,
31,10013,1.4322482347488403,,
31,10015,1.5052732229232788,,
31,10015,,0.46544307470321655,1.523465871810913
32,10017,1.5085535049438477,,
32,10019,1.553769826889038,,
32,10021,1.50619637966156,,
32,10023,1.4887937307357788,,
32,10025,1.4850215911865234,,
32,10027,1.5778566598892212,,
32,10029,1.5279301404953003,,
32,10031,1.511350393295288,,
32,10033,1.5875946283340454,,
32,10035,1.4690265655517578,,
32,10037,1.528932809829712,,
32,10039,1.522360920906067,,
32,10041,1.521087646484375,,
32,10043,1.5240505933761597,,
32,10045,1.5985838174819946,,
32,10047,1.4593944549560547,,
32,10049,1.4481892585754395,,
32,10051,1.5107849836349487,,
32,10053,1.4647756814956665,,
32,10055,1.5206183195114136,,
32,10057,1.4931485652923584,,
32,10059,1.5791568756103516,,
32,10061,1.584268569946289,,
32,10063,1.6131768226623535,,
32,10065,1.5679264068603516,,
32,10067,1.5533080101013184,,
32,10069,1.5809130668640137,,
32,10071,1.4976999759674072,,
32,10073,1.5049700736999512,,
32,10075,1.588911771774292,,
32,10077,1.477524995803833,,
32,10079,1.47871994972229,,
32,10081,1.4832230806350708,,
32,10083,1.530430793762207,,
32,10085,1.48240327835083,,
32,10087,1.4527724981307983,,
32,10089,1.5392097234725952,,
32,10091,1.5126147270202637,,
32,10093,1.5132379531860352,,
32,10095,1.5904375314712524,,
32,10097,1.58634352684021,,
32,10099,1.5051709413528442,,
32,10101,1.5085450410842896,,
32,10103,1.4725737571716309,,
32,10105,1.5498744249343872,,
32,10107,1.6750202178955078,,
32,10109,1.545884609222412,,
32,10111,1.545100212097168,,
32,10113,1.5069608688354492,,
32,10115,1.58970308303833,,
32,10117,1.5646284818649292,,
32,10119,1.5588099956512451,,
32,10121,1.5438165664672852,,
32,10123,1.4655988216400146,,
32,10125,1.4663069248199463,,
32,10127,1.5129857063293457,,
32,10129,1.5291171073913574,,
32,10131,1.5438014268875122,,
32,10133,1.5550330877304077,,
32,10135,1.4978035688400269,,
32,10137,1.5824131965637207,,
32,10139,1.556978464126587,,
32,10141,1.5288833379745483,,
32,10143,1.4936754703521729,,
32,10145,1.511474847793579,,
32,10147,1.5488064289093018,,
32,10149,1.4897404909133911,,
32,10151,1.5193649530410767,,
32,10153,1.6099879741668701,,
32,10155,1.4941036701202393,,
32,10157,1.5297346115112305,,
32,10159,1.5293352603912354,,
32,10161,1.53298020362854,,
32,10163,1.5826170444488525,,
32,10165,1.53121018409729,,
32,10167,1.5401465892791748,,
32,10169,1.5601577758789062,,
32,10171,1.5052716732025146,,
32,10173,1.5233999490737915,,
32,10175,1.5907608270645142,,
32,10177,1.5438568592071533,,
32,10179,1.5402884483337402,,
32,10181,1.5389635562896729,,
32,10183,1.4821364879608154,,
32,10185,1.5088579654693604,,
32,10187,1.4486916065216064,,
32,10189,1.5443754196166992,,
32,10191,1.6142423152923584,,
32,10193,1.5166637897491455,,
32,10195,1.4664582014083862,,
32,10197,1.5433409214019775,,
32,10199,1.4878097772598267,,
32,10201,1.5846138000488281,,
32,10203,1.4927635192871094,,
32,10205,1.4815126657485962,,
32,10207,1.477881908416748,,
32,10209,1.5084800720214844,,
32,10211,1.5017743110656738,,
32,10213,1.4906022548675537,,
32,10215,1.4998725652694702,,
32,10217,1.5451693534851074,,
32,10219,1.5177745819091797,,
32,10221,1.4714487791061401,,
32,10223,1.5997509956359863,,
32,10225,1.5251582860946655,,
32,10227,1.5559461116790771,,
32,10229,1.5029218196868896,,
32,10231,1.5112215280532837,,
32,10233,1.536668062210083,,
32,10235,1.4845407009124756,,
32,10237,1.5904300212860107,,
32,10239,1.5199801921844482,,
32,10241,1.6221132278442383,,
32,10243,1.5269341468811035,,
32,10245,1.510424256324768,,
32,10247,1.5325565338134766,,
32,10249,1.5124974250793457,,
32,10251,1.570744276046753,,
32,10253,1.55360746383667,,
32,10255,1.4993927478790283,,
32,10257,1.5676288604736328,,
32,10259,1.5819015502929688,,
32,10261,1.5328929424285889,,
32,10263,1.418044924736023,,
32,10265,1.5195481777191162,,
32,10267,1.5618385076522827,,
32,10269,1.5563504695892334,,
32,10271,1.496868371963501,,
32,10273,1.5278871059417725,,
32,10275,1.5233397483825684,,
32,10277,1.5046875476837158,,
32,10279,1.5327486991882324,,
32,10281,1.546886682510376,,
32,10283,1.5457804203033447,,
32,10285,1.487791895866394,,
32,10287,1.5140762329101562,,
32,10289,1.4896082878112793,,
32,10291,1.5296306610107422,,
32,10293,1.519320011138916,,
32,10295,1.45558762550354,,
32,10297,1.4870874881744385,,
32,10299,1.536142110824585,,
32,10301,1.5560311079025269,,
32,10303,1.5598578453063965,,
32,10305,1.5716369152069092,,
32,10307,1.5073306560516357,,
32,10309,1.5297019481658936,,
32,10311,1.5037727355957031,,
32,10313,1.5276477336883545,,
32,10315,1.5073801279067993,,
32,10317,1.5636162757873535,,
32,10319,1.5355726480484009,,
32,10321,1.5706439018249512,,
32,10323,1.587775468826294,,
32,10325,1.5262051820755005,,
32,10327,1.4951926469802856,,
32,10328,,0.46544307470321655,1.5234767198562622
33,10329,1.5133339166641235,,
33,10331,1.4034407138824463,,
33,10333,1.5405526161193848,,
33,10335,1.4693784713745117,,
33,10337,1.5058605670928955,,
33,10339,1.5388710498809814,,
33,10341,1.4841563701629639,,
33,10343,1.4989736080169678,,
33,10345,1.5807396173477173,,
33,10347,1.4880810976028442,,
33,10349,1.5700969696044922,,
33,10351,1.500938057899475,,
33,10353,1.5268176794052124,,
33,10355,1.4812442064285278,,
33,10357,1.5254547595977783,,
33,10359,1.5741372108459473,,
33,10361,1.6043496131896973,,
33,10363,1.479102611541748,,
33,10365,1.5276914834976196,,
33,10367,1.4947850704193115,,
33,10369,1.6043952703475952,,
33,10371,1.515213966369629,,
33,10373,1.5439327955245972,,
33,10375,1.544754981994629,,
33,10377,1.5618864297866821,,
33,10379,1.4849168062210083,,
33,10381,1.5390886068344116,,
33,10383,1.5291024446487427,,
33,10385,1.538212537765503,,
33,10387,1.5096323490142822,,
33,10389,1.5621778964996338,,
33,10391,1.5169949531555176,,
33,10393,1.528964877128601,,
33,10395,1.5259360074996948,,
33,10397,1.5711959600448608,,
33,10399,1.474855899810791,,
33,10401,1.5111216306686401,,
33,10403,1.5531803369522095,,
33,10405,1.4776859283447266,,
33,10407,1.5544795989990234,,
33,10409,1.5712227821350098,,
33,10411,1.5464093685150146,,
33,10413,1.4492374658584595,,
33,10415,1.4940190315246582,,
33,10417,1.5049209594726562,,
33,10419,1.5099170207977295,,
33,10421,1.570117473602295,,
33,10423,1.50995934009552,,
33,10425,1.5187296867370605,,
33,10427,1.5101770162582397,,
33,10429,1.5209025144577026,,
33,10431,1.563279151916504,,
33,10433,1.4883296489715576,,
33,10435,1.6220383644104004,,
33,10437,1.4948949813842773,,
33,10439,1.5751813650131226,,
33,10441,1.6254498958587646,,
33,10443,1.474888801574707,,
33,10445,1.5036722421646118,,
33,10447,1.4655189514160156,,
33,10449,1.5354630947113037,,
33,10451,1.409743309020996,,
33,10453,1.5586835145950317,,
33,10455,1.4950754642486572,,
33,10457,1.452406406402588,,
33,10459,1.5723111629486084,,
33,10461,1.55222487449646,,
33,10463,1.5549511909484863,,
33,10465,1.471632957458496,,
33,10467,1.5680761337280273,,
33,10469,1.4971826076507568,,
33,10471,1.5970094203948975,,
33,10473,1.5219461917877197,,
33,10475,1.489821434020996,,
33,10477,1.4225218296051025,,
33,10479,1.5625159740447998,,
33,10481,1.4980354309082031,,
33,10483,1.533080816268921,,
33,10485,1.5894720554351807,,
33,10487,1.594517469406128,,
33,10489,1.5377452373504639,,
33,10491,1.5176372528076172,,
33,10493,1.443542718887329,,
33,10495,1.5210286378860474,,
33,10497,1.573899507522583,,
33,10499,1.5236934423446655,,
33,10501,1.559289574623108,,
33,10503,1.4885284900665283,,
33,10505,1.5675227642059326,,
33,10507,1.5992828607559204,,
33,10509,1.522230863571167,,
33,10511,1.5641732215881348,,
33,10513,1.549196481704712,,
33,10515,1.5602293014526367,,
33,10517,1.5506592988967896,,
33,10519,1.5305076837539673,,
33,10521,1.5220017433166504,,
33,10523,1.5805563926696777,,
33,10525,1.5440318584442139,,
33,10527,1.5599184036254883,,
33,10529,1.4888683557510376,,
33,10531,1.555507779121399,,
33,10533,1.5871846675872803,,
33,10535,1.4986954927444458,,
33,10537,1.5439846515655518,,
33,10539,1.4910476207733154,,
33,10541,1.4937055110931396,,
33,10543,1.4833215475082397,,
33,10545,1.4856419563293457,,
33,10547,1.5525482892990112,,
33,10549,1.461169719696045,,
33,10551,1.5471704006195068,,
33,10553,1.5283441543579102,,
33,10555,1.4555398225784302,,
33,10557,1.5286850929260254,,
33,10559,1.470182180404663,,
33,10561,1.4435268640518188,,
33,10563,1.513181209564209,,
33,10565,1.5809717178344727,,
33,10567,1.4745347499847412,,
33,10569,1.5815060138702393,,
33,10571,1.5286976099014282,,
33,10573,1.5067580938339233,,
33,10575,1.487280011177063,,
33,10577,1.5687689781188965,,
33,10579,1.5449854135513306,,
33,10581,1.607856035232544,,
33,10583,1.581305742263794,,
33,10585,1.498119831085205,,
33,10587,1.5455939769744873,,
33,10589,1.5410878658294678,,
33,10591,1.5140392780303955,,
33,10593,1.508728265762329,,
33,10595,1.500013828277588,,
33,10597,1.5812225341796875,,
33,10599,1.4754115343093872,,
33,10601,1.5667555332183838,,
33,10603,1.5379579067230225,,
33,10605,1.4930405616760254,,
33,10607,1.6189417839050293,,
33,10609,1.5248256921768188,,
33,10611,1.456060528755188,,
33,10613,1.5859410762786865,,
33,10615,1.4366928339004517,,
33,10617,1.5606871843338013,,
33,10619,1.54453444480896,,
33,10621,1.5502253770828247,,
33,10623,1.590421438217163,,
33,10625,1.5953363180160522,,
33,10627,1.5219957828521729,,
33,10629,1.4700716733932495,,
33,10631,1.5346338748931885,,
33,10633,1.4558320045471191,,
33,10635,1.504950761795044,,
33,10637,1.5383113622665405,,
33,10639,1.4760699272155762,,
33,10641,1.6126024723052979,,
33,10641,,0.46544307470321655,1.5234291553497314
34,10643,1.5523566007614136,,
34,10645,1.4514347314834595,,
34,10647,1.5825616121292114,,
34,10649,1.6297234296798706,,
34,10651,1.5225250720977783,,
34,10653,1.5386898517608643,,
34,10655,1.494706392288208,,
34,10657,1.4589155912399292,,
34,10659,1.5049785375595093,,
34,10661,1.547293782234192,,
34,10663,1.5203475952148438,,
34,10665,1.5159928798675537,,
34,10667,1.5461921691894531,,
34,10669,1.5218267440795898,,
34,10671,1.5398828983306885,,
34,10673,1.4895143508911133,,
34,10675,1.5416135787963867,,
34,10677,1.5378847122192383,,
34,10679,1.5622947216033936,,
34,10681,1.5732390880584717,,
34,10683,1.4303923845291138,,
34,10685,1.5604826211929321,,
34,10687,1.5811045169830322,,
34,10689,1.5218877792358398,,
34,10691,1.4503412246704102,,
34,10693,1.436251163482666,,
34,10695,1.5435278415679932,,
34,10697,1.5138940811157227,,
34,10699,1.5266669988632202,,
34,10701,1.5696014165878296,,
34,10703,1.5686546564102173,,
34,10705,1.5303425788879395,,
34,10707,1.529789924621582,,
34,10709,1.482551097869873,,
34,10711,1.5428125858306885,,
34,10713,1.54172682762146,,
34,10715,1.5082976818084717,,
34,10717,1.5272517204284668,,
34,10719,1.5265614986419678,,
34,10721,1.5203115940093994,,
34,10723,1.6122691631317139,,
34,10725,1.4901843070983887,,
34,10727,1.4933152198791504,,
34,10729,1.5822553634643555,,
34,10731,1.5146549940109253,,
34,10733,1.5114805698394775,,
34,10735,1.5571705102920532,,
34,10737,1.4933960437774658,,
34,10739,1.4977846145629883,,
34,10741,1.5060560703277588,,
34,10743,1.5784765481948853,,
34,10745,1.477529764175415,,
34,10747,1.6264841556549072,,
34,10749,1.4928971529006958,,
34,10751,1.5537834167480469,,
34,10753,1.5271258354187012,,
34,10755,1.5108788013458252,,
34,10757,1.5353392362594604,,
34,10759,1.5484275817871094,,
34,10761,1.503891944885254,,
34,10763,1.4571497440338135,,
34,10765,1.5274384021759033,,
34,10767,1.6199939250946045,,
34,10769,1.5492420196533203,,
34,10771,1.5044054985046387,,
34,10773,1.5363490581512451,,
34,10775,1.595192551612854,,
34,10777,1.5933854579925537,,
34,10779,1.5249511003494263,,
34,10781,1.4866280555725098,,
34,10783,1.5398869514465332,,
34,10785,1.5265945196151733,,
34,10787,1.5438473224639893,,
34,10789,1.5022928714752197,,
34,10791,1.5084505081176758,,
34,10793,1.4986228942871094,,
34,10795,1.5436292886734009,,
34,10797,1.5145676136016846,,
34,10799,1.5009727478027344,,
34,10801,1.4415844678878784,,
34,10803,1.5931243896484375,,
34,10805,1.5188546180725098,,
34,10807,1.6319222450256348,,
34,10809,1.5558438301086426,,
34,10811,1.5268210172653198,,
34,10813,1.5117714405059814,,
34,10815,1.5329253673553467,,
34,10817,1.4810080528259277,,
34,10819,1.4967342615127563,,
34,10821,1.5008337497711182,,
34,10823,1.5258039236068726,,
34,10825,1.560780644416809,,
34,10827,1.638771653175354,,
34,10829,1.5189383029937744,,
34,10831,1.5589158535003662,,
34,10833,1.5578478574752808,,
34,10835,1.4781358242034912,,
34,10837,1.6223517656326294,,
34,10839,1.5151082277297974,,
34,10841,1.5963191986083984,,
34,10843,1.3899273872375488,,
34,10845,1.5477721691131592,,
34,10847,1.6308350563049316,,
34,10849,1.4816811084747314,,
34,10851,1.5722527503967285,,
34,10853,1.4883739948272705,,
34,10855,1.6312538385391235,,
34,10857,1.426287293434143,,
34,10859,1.5188930034637451,,
34,10861,1.4925224781036377,,
34,10863,1.509387493133545,,
34,10865,1.5012738704681396,,
34,10867,1.5280969142913818,,
34,10869,1.5808360576629639,,
34,10871,1.5472874641418457,,
34,10873,1.4261382818222046,,
34,10875,1.5613689422607422,,
34,10877,1.4892085790634155,,
34,10879,1.4730427265167236,,
34,10881,1.5334060192108154,,
34,10883,1.5321285724639893,,
34,10885,1.5771050453186035,,
34,10887,1.543194055557251,,
34,10889,1.6066935062408447,,
34,10891,1.4699106216430664,,
34,10893,1.5447278022766113,,
34,10895,1.5365774631500244,,
34,10897,1.4780960083007812,,
34,10899,1.602942943572998,,
34,10901,1.5590622425079346,,
34,10903,1.5510786771774292,,
34,10905,1.5191779136657715,,
34,10907,1.5199719667434692,,
34,10909,1.6095565557479858,,
34,10911,1.5240061283111572,,
34,10913,1.51873779296875,,
34,10915,1.5657634735107422,,
34,10917,1.5529899597167969,,
34,10919,1.5483226776123047,,
34,10921,1.611532211303711,,
34,10923,1.5641827583312988,,
34,10925,1.6157467365264893,,
34,10927,1.5781915187835693,,
34,10929,1.4887127876281738,,
34,10931,1.5491822957992554,,
34,10933,1.518019437789917,,
34,10935,1.5197900533676147,,
34,10937,1.5321282148361206,,
34,10939,1.5048140287399292,,
34,10941,1.5303702354431152,,
34,10943,1.5157595872879028,,
34,10945,1.5065381526947021,,
34,10947,1.5656756162643433,,
34,10949,1.4911233186721802,,
34,10951,1.4862909317016602,,
34,10953,1.5462664365768433,,
34,10954,,0.46544307470321655,1.5234475135803223
35,10955,1.4838576316833496,,
35,10957,1.6396968364715576,,
35,10959,1.5435035228729248,,
35,10961,1.5687191486358643,,
35,10963,1.4999183416366577,,
35,10965,1.4673633575439453,,
35,10967,1.5517170429229736,,
35,10969,1.5133284330368042,,
35,10971,1.5327720642089844,,
35,10973,1.4743316173553467,,
35,10975,1.5349757671356201,,
35,10977,1.44041109085083,,
35,10979,1.452714443206787,,
35,10981,1.526404619216919,,
35,10983,1.5995583534240723,,
35,10985,1.5092157125473022,,
35,10987,1.6031537055969238,,
35,10989,1.4616212844848633,,
35,10991,1.508081078529358,,
35,10993,1.5859317779541016,,
35,10995,1.51157546043396,,
35,10997,1.5403268337249756,,
35,10999,1.575561285018921,,
35,11001,1.507101058959961,,
35,11003,1.5843101739883423,,
35,11005,1.5856668949127197,,
35,11007,1.4843428134918213,,
35,11009,1.494318962097168,,
35,11011,1.5963141918182373,,
35,11013,1.5315155982971191,,
35,11015,1.5308043956756592,,
35,11017,1.479844093322754,,
35,11019,1.5279581546783447,,
35,11021,1.4974589347839355,,
35,11023,1.534280776977539,,
35,11025,1.5669984817504883,,
35,11027,1.5514204502105713,,
35,11029,1.57248055934906,,
35,11031,1.5456492900848389,,
35,11033,1.6074843406677246,,
35,11035,1.48835027217865,,
35,11037,1.5413155555725098,,
35,11039,1.4828705787658691,,
35,11041,1.5501636266708374,,
35,11043,1.5994718074798584,,
35,11045,1.5358290672302246,,
35,11047,1.5838325023651123,,
35,11049,1.5773594379425049,,
35,11051,1.5413076877593994,,
35,11053,1.5432357788085938,,
35,11055,1.583992600440979,,
35,11057,1.5978078842163086,,
35,11059,1.482109785079956,,
35,11061,1.5605010986328125,,
35,11063,1.57741117477417,,
35,11065,1.4832212924957275,,
35,11067,1.5159857273101807,,
35,11069,1.525843858718872,,
35,11071,1.5014457702636719,,
35,11073,1.4959310293197632,,
35,11075,1.4448338747024536,,
35,11077,1.584385871887207,,
35,11079,1.5559728145599365,,
35,11081,1.510993242263794,,
35,11083,1.5044670104980469,,
35,11085,1.539815902709961,,
35,11087,1.4597060680389404,,
35,11089,1.5469131469726562,,
35,11091,1.4773175716400146,,
35,11093,1.490541934967041,,
35,11095,1.5543317794799805,,
35,11097,1.4836671352386475,,
35,11099,1.4651775360107422,,
35,11101,1.5457648038864136,,
35,11103,1.5584566593170166,,
35,11105,1.4632459878921509,,
35,11107,1.5380780696868896,,
35,11109,1.5179518461227417,,
35,11111,1.5214710235595703,,
35,11113,1.533212423324585,,
35,11115,1.4927246570587158,,
35,11117,1.528817892074585,,
35,11119,1.4665305614471436,,
35,11121,1.4780962467193604,,
35,11123,1.528773307800293,,
35,11125,1.4970040321350098,,
35,11127,1.5856764316558838,,
35,11129,1.5661598443984985,,
35,11131,1.5337963104248047,,
35,11133,1.5572755336761475,,
35,11135,1.510262131690979,,
35,11137,1.4922717809677124,,
35,11139,1.5745216608047485,,
35,11141,1.5189642906188965,,
35,11143,1.4895293712615967,,
35,11145,1.56461763381958,,
35,11147,1.6107800006866455,,
35,11149,1.5363779067993164,,
35,11151,1.5288009643554688,,
35,11153,1.521230936050415,,
35,11155,1.5484976768493652,,
35,11157,1.5757747888565063,,
35,11159,1.5108158588409424,,
35,11161,1.5696399211883545,,
35,11163,1.5760083198547363,,
35,11165,1.5485455989837646,,
35,11167,1.5055227279663086,,
35,11169,1.5344030857086182,,
35,11171,1.488382339477539,,
35,11173,1.492729902267456,,
35,11175,1.5022871494293213,,
35,11177,1.5748858451843262,,
35,11179,1.525756597518921,,
35,11181,1.4899104833602905,,
35,11183,1.563935399055481,,
35,11185,1.5165314674377441,,
35,11187,1.5205206871032715,,
35,11189,1.5104438066482544,,
35,11191,1.5731409788131714,,
35,11193,1.539318323135376,,
35,11195,1.5084223747253418,,
35,11197,1.5246315002441406,,
35,11199,1.5138053894042969,,
35,11201,1.5234490633010864,,
35,11203,1.5515378713607788,,
35,11205,1.5600318908691406,,
35,11207,1.5149755477905273,,
35,11209,1.570932149887085,,
35,11211,1.4803240299224854,,
35,11213,1.4973011016845703,,
35,11215,1.5057448148727417,,
35,11217,1.5266003608703613,,
35,11219,1.5087827444076538,,
35,11221,1.5383307933807373,,
35,11223,1.5311660766601562,,
35,11225,1.4984403848648071,,
35,11227,1.5350648164749146,,
35,11229,1.5627803802490234,,
35,11231,1.5274884700775146,,
35,11233,1.5028247833251953,,
35,11235,1.45255446434021,,
35,11237,1.4381120204925537,,
35,11239,1.5201373100280762,,
35,11241,1.606123685836792,,
35,11243,1.4604403972625732,,
35,11245,1.4053895473480225,,
35,11247,1.4722533226013184,,
35,11249,1.4681094884872437,,
35,11251,1.4653334617614746,,
35,11253,1.5760183334350586,,
35,11255,1.6128684282302856,,
35,11257,1.5625123977661133,,
35,11259,1.5507454872131348,,
35,11261,1.4817523956298828,,
35,11263,1.5122101306915283,,
35,11265,1.5148518085479736,,
35,11267,1.4819849729537964,,
35,11267,,0.46544307470321655,1.5234097242355347
36,11269,1.465990662574768,,
36,11271,1.4970507621765137,,
36,11273,1.5666999816894531,,
36,11275,1.4502605199813843,,
36,11277,1.5107471942901611,,
36,11279,1.5233113765716553,,
36,11281,1.5942153930664062,,
36,11283,1.4790276288986206,,
36,11285,1.5363291501998901,,
36,11287,1.5195096731185913,,
36,11289,1.4999287128448486,,
36,11291,1.444656252861023,,
36,11293,1.5087947845458984,,
36,11295,1.5452041625976562,,
36,11297,1.4380029439926147,,
36,11299,1.5666000843048096,,
36,11301,1.5563760995864868,,
36,11303,1.5733306407928467,,
36,11305,1.4399538040161133,,
36,11307,1.52823007106781,,
36,11309,1.5069019794464111,,
36,11311,1.4241465330123901,,
36,11313,1.4994070529937744,,
36,11315,1.4947694540023804,,
36,11317,1.4850414991378784,,
36,11319,1.5462698936462402,,
36,11321,1.5117162466049194,,
36,11323,1.5020731687545776,,
36,11325,1.5608102083206177,,
36,11327,1.49662184715271,,
36,11329,1.5463488101959229,,
36,11331,1.5419745445251465,,
36,11333,1.520082950592041,,
36,11335,1.635939121246338,,
36,11337,1.5458247661590576,,
36,11339,1.5787304639816284,,
36,11341,1.5374250411987305,,
36,11343,1.5212786197662354,,
36,11345,1.5169086456298828,,
36,11347,1.5428279638290405,,
36,11349,1.5986084938049316,,
36,11351,1.496123194694519,,
36,11353,1.4961858987808228,,
36,11355,1.3822981119155884,,
36,11357,1.5733318328857422,,
36,11359,1.5301342010498047,,
36,11361,1.5541913509368896,,
36,11363,1.5280005931854248,,
36,11365,1.4944978952407837,,
36,11367,1.577916145324707,,
36,11369,1.5388245582580566,,
36,11371,1.494513750076294,,
36,11373,1.6139647960662842,,
36,11375,1.5985076427459717,,
36,11377,1.5240517854690552,,
36,11379,1.4914876222610474,,
36,11381,1.511784315109253,,
36,11383,1.5016001462936401,,
36,11385,1.4855117797851562,,
36,11387,1.4971777200698853,,
36,11389,1.5304691791534424,,
36,11391,1.4860918521881104,,
36,11393,1.5327003002166748,,
36,11395,1.4670225381851196,,
36,11397,1.4822580814361572,,
36,11399,1.5604231357574463,,
36,11401,1.531731128692627,,
36,11403,1.438990592956543,,
36,11405,1.5170552730560303,,
36,11407,1.6042340993881226,,
36,11409,1.5559191703796387,,
36,11411,1.4605669975280762,,
36,11413,1.4750754833221436,,
36,11415,1.4627488851547241,,
36,11417,1.5286204814910889,,
36,11419,1.5631039142608643,,
36,11421,1.523961067199707,,
36,11423,1.5030910968780518,,
36,11425,1.4758011102676392,,
36,11427,1.4786686897277832,,
36,11429,1.5859577655792236,,
36,11431,1.5560810565948486,,
36,11433,1.521183729171753,,
36,11435,1.4849638938903809,,
36,11437,1.4880720376968384,,
36,11439,1.558264970779419,,
36,11441,1.522212028503418,,
36,11443,1.5826570987701416,,
36,11445,1.4764505624771118,,
36,11447,1.5483856201171875,,
36,11449,1.5155832767486572,,
36,11451,1.5744726657867432,,
36,11453,1.5738786458969116,,
36,11455,1.5329782962799072,,
36,11457,1.512669563293457,,
36,11459,1.4978320598602295,,
36,11461,1.504279375076294,,
36,11463,1.5361359119415283,,
36,11465,1.4944109916687012,,
36,11467,1.5716147422790527,,
36,11469,1.519460678100586,,
36,11471,1.531299352645874,,
36,11473,1.4958088397979736,,
36,11475,1.5624147653579712,,
36,11477,1.5224803686141968,,
36,11479,1.4877890348434448,,
36,11481,1.5923758745193481,,
36,11483,1.526926040649414,,
36,11485,1.587083339691162,,
36,11487,1.5770442485809326,,
36,11489,1.5193862915039062,,
36,11491,1.5944926738739014,,
36,11493,1.6239821910858154,,
36,11495,1.5666804313659668,,
36,11497,1.4914799928665161,,
36,11499,1.5151346921920776,,
36,11501,1.47775137424469,,
36,11503,1.4822676181793213,,
36,11505,1.53093421459198,,
36,11507,1.4741079807281494,,
36,11509,1.555487871170044,,
36,11511,1.4783802032470703,,
36,11513,1.4938421249389648,,
36,11515,1.4836876392364502,,
36,11517,1.5277974605560303,,
36,11519,1.4199965000152588,,
36,11521,1.4711787700653076,,
36,11523,1.5486431121826172,,
36,11525,1.470665693283081,,
36,11527,1.5107998847961426,,
36,11529,1.4893356561660767,,
36,11531,1.4995778799057007,,
36,11533,1.534785509109497,,
36,11535,1.4932336807250977,,
36,11537,1.5187194347381592,,
36,11539,1.5300791263580322,,
36,11541,1.603503942489624,,
36,11543,1.5567326545715332,,
36,11545,1.5077919960021973,,
36,11547,1.5823915004730225,,
36,11549,1.4660371541976929,,
36,11551,1.5263984203338623,,
36,11553,1.4692943096160889,,
36,11555,1.586683988571167,,
36,11557,1.5922397375106812,,
36,11559,1.4629671573638916,,
36,11561,1.624121904373169,,
36,11563,1.5413037538528442,,
36,11565,1.6042397022247314,,
36,11567,1.4684436321258545,,
36,11569,1.4838743209838867,,
36,11571,1.6733695268630981,,
36,11573,1.5465331077575684,,
36,11575,1.502065658569336,,
36,11577,1.577713131904602,,
36,11579,1.5443141460418701,,
36,11580,,0.46544307470321655,1.5234285593032837
37,11581,1.594740629196167,,
37,11583,1.532218337059021,,
37,11585,1.5659948587417603,,
37,11587,1.5238673686981201,,
37,11589,1.4629542827606201,,
37,11591,1.4726349115371704,,
37,11593,1.5087944269180298,,
37,11595,1.5709081888198853,,
37,11597,1.4592623710632324,,
37,11599,1.5146018266677856,,
37,11601,1.543747901916504,,
37,11603,1.5104042291641235,,
37,11605,1.5229074954986572,,
37,11607,1.5615187883377075,,
37,11609,1.54679536819458,,
37,11611,1.5066707134246826,,
37,11613,1.529468297958374,,
37,11615,1.590998649597168,,
37,11617,1.465071678161621,,
37,11619,1.4262504577636719,,
37,11621,1.5113762617111206,,
37,11623,1.4686487913131714,,
37,11625,1.5292880535125732,,
37,11627,1.595890998840332,,
37,11629,1.469088077545166,,
37,11631,1.5346741676330566,,
37,11633,1.54320228099823,,
37,11635,1.5001444816589355,,
37,11637,1.5958417654037476,,
37,11639,1.531846284866333,,
37,11641,1.5602675676345825,,
37,11643,1.562820553779602,,
37,11645,1.5314555168151855,,
37,11647,1.6013625860214233,,
37,11649,1.5213077068328857,,
37,11651,1.5156691074371338,,
37,11653,1.5502166748046875,,
37,11655,1.5662400722503662,,
37,11657,1.5058945417404175,,
37,11659,1.4699010848999023,,
37,11661,1.6009652614593506,,
37,11663,1.4565839767456055,,
37,11665,1.6248427629470825,,
37,11667,1.5784674882888794,,
37,11669,1.5584059953689575,,
37,11671,1.5405545234680176,,
37,11673,1.532842755317688,,
37,11675,1.5206047296524048,,
37,11677,1.5183130502700806,,
37,11679,1.5331025123596191,,
37,11681,1.5028414726257324,,
37,11683,1.491164207458496,,
37,11685,1.510545253753662,,
37,11687,1.567866325378418,,
37,11689,1.5179057121276855,,
37,11691,1.5197405815124512,,
37,11693,1.453147530555725,,
37,11695,1.5173249244689941,,
37,11697,1.5009725093841553,,
37,11699,1.541886568069458,,
37,11701,1.5670554637908936,,
37,11703,1.521842360496521,,
37,11705,1.5008654594421387,,
37,11707,1.5360360145568848,,
37,11709,1.4878613948822021,,
37,11711,1.4997985363006592,,
37,11713,1.5055882930755615,,
37,11715,1.4800257682800293,,
37,11717,1.5752077102661133,,
37,11719,1.4925336837768555,,
37,11721,1.5991950035095215,,
37,11723,1.5076329708099365,,
37,11725,1.459773302078247,,
37,11727,1.5122458934783936,,
37,11729,1.4826635122299194,,
37,11731,1.5304932594299316,,
37,11733,1.5926671028137207,,
37,11735,1.4749432802200317,,
37,11737,1.4852710962295532,,
37,11739,1.5157229900360107,,
37,11741,1.5097185373306274,,
37,11743,1.5238802433013916,,
37,11745,1.5932438373565674,,
37,11747,1.5299873352050781,,
37,11749,1.4787280559539795,,
37,11751,1.5757756233215332,,
37,11753,1.5576175451278687,,
37,11755,1.5194742679595947,,
37,11757,1.4999933242797852,,
37,11759,1.5353031158447266,,
37,11761,1.5351221561431885,,
37,11763,1.4897472858428955,,
37,11765,1.5196177959442139,,
37,11767,1.509689450263977,,
37,11769,1.4384095668792725,,
37,11771,1.5307221412658691,,
37,11773,1.4613072872161865,,
37,11775,1.4945099353790283,,
37,11777,1.507775068283081,,
37,11779,1.4863545894622803,,
37,11781,1.4987077713012695,,
37,11783,1.5194272994995117,,
37,11785,1.4918091297149658,,
37,11787,1.5623056888580322,,
37,11789,1.5501198768615723,,
37,11791,1.5981786251068115,,
37,11793,1.532381534576416,,
37,11795,1.4879956245422363,,
37,11797,1.5311237573623657,,
37,11799,1.5693063735961914,,
37,11801,1.476001501083374,,
37,11803,1.5469552278518677,,
37,11805,1.5042285919189453,,
37,11807,1.4858958721160889,,
37,11809,1.4612376689910889,,
37,11811,1.4829118251800537,,
37,11813,1.614211082458496,,
37,11815,1.481356143951416,,
37,11817,1.4574158191680908,,
37,11819,1.5260894298553467,,
37,11821,1.501158356666565,,
37,11823,1.5081727504730225,,
37,11825,1.5934691429138184,,
37,11827,1.5169241428375244,,
37,11829,1.536487102508545,,
37,11831,1.5519071817398071,,
37,11833,1.5023475885391235,,
37,11835,1.5321135520935059,,
37,11837,1.5495744943618774,,
37,11839,1.5479333400726318,,
37,11841,1.5122156143188477,,
37,11843,1.561410665512085,,
37,11845,1.5544395446777344,,
37,11847,1.5567604303359985,,
37,11849,1.5548791885375977,,
37,11851,1.4539448022842407,,
37,11853,1.5128626823425293,,
37,11855,1.5837202072143555,,
37,11857,1.6133384704589844,,
37,11859,1.608310341835022,,
37,11861,1.4672396183013916,,
37,11863,1.533829689025879,,
37,11865,1.4495949745178223,,
37,11867,1.551572561264038,,
37,11869,1.565627098083496,,
37,11871,1.5777642726898193,,
37,11873,1.5200530290603638,,
37,11875,1.4531818628311157,,
37,11877,1.5438710451126099,,
37,11879,1.3911094665527344,,
37,11881,1.5559877157211304,,
37,11883,1.558053970336914,,
37,11885,1.5470352172851562,,
37,11887,1.548576831817627,,
37,11889,1.4797511100769043,,
37,11891,1.5748982429504395,,
37,11893,1.5131157636642456,,
37,11893,,0.46544307470321655,1.5233547687530518
38,11895,1.516244888305664,,
38,11897,1.5023491382598877,,
38,11899,1.5181517601013184,,
38,11901,1.4410758018493652,,
38,11903,1.5255786180496216,,
38,11905,1.528059482574463,,
38,11907,1.4570534229278564,,
38,11909,1.5478999614715576,,
38,11911,1.547959804534912,,
38,11913,1.4923207759857178,,
38,11915,1.4903590679168701,,
38,11917,1.557239294052124,,
38,11919,1.5967795848846436,,
38,11921,1.4684817790985107,,
38,11923,1.511605978012085,,
38,11925,1.440821647644043,,
38,11927,1.5710527896881104,,
38,11929,1.518592119216919,,
38,11931,1.5300556421279907,,
38,11933,1.51827073097229,,
38,11935,1.4500648975372314,,
38,11937,1.500827431678772,,
38,11939,1.5307872295379639,,
38,11941,1.5367432832717896,,
38,11943,1.5141853094100952,,
38,11945,1.468735694885254,,
38,11947,1.5101230144500732,,
38,11949,1.5127776861190796,,
38,11951,1.4821696281433105,,
38,11953,1.5875353813171387,,
38,11955,1.5450031757354736,,
38,11957,1.495436668395996,,
38,11959,1.5095655918121338,,
38,11961,1.5524427890777588,,
38,11963,1.432276725769043,,
38,11965,1.4627354145050049,,
38,11967,1.5902018547058105,,
38,11969,1.475216031074524,,
38,11971,1.4809775352478027,,
38,11973,1.4487171173095703,,
38,11975,1.491402268409729,,
38,11977,1.4947826862335205,,
38,11979,1.5281474590301514,,
38,11981,1.5104906558990479,,
38,11983,1.521457314491272,,
38,11985,1.5956387519836426,,
38,11987,1.5417853593826294,,
38,11989,1.4911991357803345,,
38,11991,1.5311310291290283,,
38,11993,1.6141242980957031,,
38,11995,1.5218663215637207,,
38,11997,1.5642063617706299,,
38,11999,1.603896141052246,,
38,12001,1.4858005046844482,,
38,12003,1.5082943439483643,,
38,12005,1.5006763935089111,,
38,12007,1.5108236074447632,,
38,12009,1.604712724685669,,
38,12011,1.4441089630126953,,
38,12013,1.5882227420806885,,
38,12015,1.5149638652801514,,
38,12017,1.5029041767120361,,
38,12019,1.5111637115478516,,
38,12021,1.5315868854522705,,
38,12023,1.5821336507797241,,
38,12025,1.5472830533981323,,
38,12027,1.5176581144332886,,
38,12029,1.6043767929077148,,
38,12031,1.5036977529525757,,
38,12033,1.511657953262329,,
38,12035,1.5339031219482422,,
38,12037,1.5451140403747559,,
38,12039,1.4905996322631836,,
38,12041,1.4505133628845215,,
38,12043,1.5927252769470215,,
38,12045,1.5133947134017944,,
38,12047,1.4763827323913574,,
38,12049,1.4874119758605957,,
38,12051,1.490248203277588,,
38,12053,1.5192607641220093,,
38,12055,1.5371246337890625,,
38,12057,1.5237499475479126,,
38,12059,1.457043170928955,,
38,12061,1.4853880405426025,,
38,12063,1.5368047952651978,,
38,12065,1.5426404476165771,,
38,12067,1.5796971321105957,,
38,12069,1.4873695373535156,,
38,12071,1.4440014362335205,,
38,12073,1.5733755826950073,,
38,12075,1.6080344915390015,,
38,12077,1.5363388061523438,,
38,12079,1.5574891567230225,,
38,12081,1.5453906059265137,,
38,12083,1.4517302513122559,,
38,12085,1.5625886917114258,,
38,12087,1.5179991722106934,,
38,12089,1.525025725364685,,
38,12091,1.5397355556488037,,
38,12093,1.5763835906982422,,
38,12095,1.5718954801559448,,
38,12097,1.4810214042663574,,
38,12099,1.5363340377807617,,
38,12101,1.5028260946273804,,
38,12103,1.6456351280212402,,
38,12105,1.4750800132751465,,
38,12107,1.5185390710830688,,
38,12109,1.5934481620788574,,
38,12111,1.5302801132202148,,
38,12113,1.5408395528793335,,
38,12115,1.5311198234558105,,
38,12117,1.5502610206604004,,
38,12119,1.578501582145691,,
38,12121,1.564637541770935,,
38,12123,1.545047640800476,,
38,12125,1.5064241886138916,,
38,12127,1.4985942840576172,,
38,12129,1.5203251838684082,,
38,12131,1.5951993465423584,,
38,12133,1.4847887754440308,,
38,12135,1.5824542045593262,,
38,12137,1.5140955448150635,,
38,12139,1.4303748607635498,,
38,12141,1.5574716329574585,,
38,12143,1.469171166419983,,
38,12145,1.5280966758728027,,
38,12147,1.5465199947357178,,
38,12149,1.535902500152588,,
38,12151,1.5693612098693848,,
38,12153,1.4913861751556396,,
38,12155,1.5584784746170044,,
38,12157,1.5377540588378906,,
38,12159,1.4842801094055176,,
38,12161,1.572569727897644,,
38,12163,1.5005996227264404,,
38,12165,1.5182682275772095,,
38,12167,1.5330469608306885,,
38,12169,1.4334149360656738,,
38,12171,1.5561261177062988,,
38,12173,1.4958646297454834,,
38,12175,1.4701142311096191,,
38,12177,1.4153107404708862,,
38,12179,1.4923107624053955,,
38,12181,1.5566685199737549,,
38,12183,1.5463066101074219,,
38,12185,1.5381373167037964,,
38,12187,1.5850704908370972,,
38,12189,1.531425952911377,,
38,12191,1.539746880531311,,
38,12193,1.5012638568878174,,
38,12195,1.5244392156600952,,
38,12197,1.6309998035430908,,
38,12199,1.5289448499679565,,
38,12201,1.499653935432434,,
38,12203,1.5592503547668457,,
38,12205,1.476910948753357,,
38,12206,,0.46544307470321655,1.5233583450317383
39,12207,1.5692417621612549,,
39,12209,1.5035490989685059,,
39,12211,1.5384494066238403,,
39,12213,1.48629891872406,,
39,12215,1.5077292919158936,,
39,12217,1.5110641717910767,,
39,12219,1.5596940517425537,,
39,12221,1.544364094734192,,
39,12223,1.59376859664917,,
39,12225,1.565098762512207,,
39,12227,1.5041865110397339,,
39,12229,1.607950210571289,,
39,12231,1.5126820802688599,,
39,12233,1.4380754232406616,,
39,12235,1.4800269603729248,,
39,12237,1.5787363052368164,,
39,12239,1.5059704780578613,,
39,12241,1.4780418872833252,,
39,12243,1.5265963077545166,,
39,12245,1.5242682695388794,,
39,12247,1.5184441804885864,,
39,12249,1.5410208702087402,,
39,12251,1.5149478912353516,,
39,12253,1.5245822668075562,,
39,12255,1.4845664501190186,,
39,12257,1.5602796077728271,,
39,12259,1.546663761138916,,
39,12261,1.501859426498413,,
39,12263,1.5661296844482422,,
39,12265,1.49827241897583,,
39,12267,1.5474916696548462,,
39,12269,1.579822301864624,,
39,12271,1.58536696434021,,
39,12273,1.5483105182647705,,
39,12275,1.5556532144546509,,
39,12277,1.546817660331726,,
39,12279,1.507386326789856,,
39,12281,1.555962324142456,,
39,12283,1.6132934093475342,,
39,12285,1.5393338203430176,,
39,12287,1.5230002403259277,,
39,12289,1.4843013286590576,,
39,12291,1.4792265892028809,,
39,12293,1.4707317352294922,,
39,12295,1.5768810510635376,,
39,12297,1.508576512336731,,
39,12299,1.5857789516448975,,
39,12301,1.4630975723266602,,
39,12303,1.5884404182434082,,
39,12305,1.5265429019927979,,
39,12307,1.4760161638259888,,
39,12309,1.5651503801345825,,
39,12311,1.5335551500320435,,
39,12313,1.4863930940628052,,
39,12315,1.5772868394851685,,
39,12317,1.5308867692947388,,
39,12319,1.549899697303772,,
39,12321,1.5328125953674316,,
39,12323,1.5099380016326904,,
39,12325,1.529367446899414,,
39,12327,1.518672227859497,,
39,12329,1.577994704246521,,
39,12331,1.4904321432113647,,
39,12333,1.4930888414382935,,
39,12335,1.4503898620605469,,
39,12337,1.5159761905670166,,
39,12339,1.517194151878357,,
39,12341,1.5285208225250244,,
39,12343,1.5321019887924194,,
39,12345,1.4613723754882812,,
39,12347,1.464629888534546,,
39,12349,1.546636700630188,,
39,12351,1.4052878618240356,,
39,12353,1.555335521697998,,
39,12355,1.5144572257995605,,
39,12357,1.5138697624206543,,
39,12359,1.5342130661010742,,
39,12361,1.4753248691558838,,
39,12363,1.4785836935043335,,
39,12365,1.6023727655410767,,
39,12367,1.5010716915130615,,
39,12369,1.4924827814102173,,
39,12371,1.5834232568740845,,
39,12373,1.490733027458191,,
39,12375,1.4330744743347168,,
39,12377,1.5514988899230957,,
39,12379,1.555521845817566,,
39,12381,1.5899128913879395,,
39,12383,1.4827629327774048,,
39,12385,1.5143425464630127,,
39,12387,1.56404709815979,,
39,12389,1.5454261302947998,,
39,12391,1.4681081771850586,,
39,12393,1.64266037940979,,
39,12395,1.4694234132766724,,
39,12397,1.518129825592041,,
39,12399,1.5533037185668945,,
39,12401,1.5149015188217163,,
39,12403,1.543727159500122,,
39,12405,1.5026609897613525,,
39,12407,1.4732568264007568,,
39,12409,1.580048680305481,,
39,12411,1.5275120735168457,,
39,12413,1.5180339813232422,,
39,12415,1.5052459239959717,,
39,12417,1.4905478954315186,,
39,12419,1.4755795001983643,,
39,12421,1.5617868900299072,,
39,12423,1.4540331363677979,,
39,12425,1.5252875089645386,,
39,12427,1.5467259883880615,,
39,12429,1.5867211818695068,,
39,12431,1.4896570444107056,,
39,12433,1.5733978748321533,,
39,12435,1.4495313167572021,,
39,12437,1.4893040657043457,,
39,12439,1.5145719051361084,,
39,12441,1.5065407752990723,,
39,12443,1.6329255104064941,,
39,12445,1.5138272047042847,,
39,12447,1.4990079402923584,,
39,12449,1.5665918588638306,,
39,12451,1.5340830087661743,,
39,12453,1.5163085460662842,,
39,12455,1.4550944566726685,,
39,12457,1.5386161804199219,,
39,12459,1.545751929283142,,
39,12461,1.4911504983901978,,
39,12463,1.5586402416229248,,
39,12465,1.5253114700317383,,
39,12467,1.5777702331542969,,
39,12469,1.4805972576141357,,
39,12471,1.4324162006378174,,
39,12473,1.4533600807189941,,
39,12475,1.4862768650054932,,
39,12477,1.5272845029830933,,
39,12479,1.5777188539505005,,
39,12481,1.530378818511963,,
39,12483,1.4556740522384644,,
39,12485,1.5018367767333984,,
39,12487,1.4701261520385742,,
39,12489,1.5160597562789917,,
39,12491,1.4979305267333984,,
39,12493,1.5595287084579468,,
39,12495,1.5282883644104004,,
39,12497,1.5128474235534668,,
39,12499,1.5403683185577393,,
39,12501,1.5392138957977295,,
39,12503,1.5620951652526855,,
39,12505,1.5396732091903687,,
39,12507,1.5353471040725708,,
39,12509,1.5268898010253906,,
39,12511,1.5279042720794678,,
39,12513,1.5739911794662476,,
39,12515,1.5309727191925049,,
39,12517,1.5395715236663818,,
39,12519,1.6068098545074463,,
39,12519,,0.46544307470321655,1.523339867591858
40,12521,1.5561453104019165,,
40,12523,1.462907075881958,,
40,12525,1.4851787090301514,,
40,12527,1.5781936645507812,,
40,12529,1.5438764095306396,,
40,12531,1.4987661838531494,,
40,12533,1.4749197959899902,,
40,12535,1.59245765209198,,
40,12537,1.52786386013031,,
40,12539,1.5528810024261475,,
40,12541,1.522993803024292,,
40,12543,1.490123987197876,,
40,12545,1.6176542043685913,,
40,12547,1.5496399402618408,,
40,12549,1.5162935256958008,,
40,12551,1.5235505104064941,,
40,12553,1.5238901376724243,,
40,12555,1.4611999988555908,,
40,12557,1.5738964080810547,,
40,12559,1.5879133939743042,,
40,12561,1.545790195465088,,
40,12563,1.4745049476623535,,
40,12565,1.5618972778320312,,
40,12567,1.5900380611419678,,
40,12569,1.5152840614318848,,
40,12571,1.574151873588562,,
40,12573,1.5142003297805786,,
40,12575,1.531812071800232,,
40,12577,1.4874950647354126,,
40,12579,1.487173318862915,,
40,12581,1.5704249143600464,,
40,12583,1.4833190441131592,,
40,12585,1.55976140499115,,
40,12587,1.526867389678955,,
40,12589,1.4734991788864136,,
40,12591,1.50534188747406,,
40,12593,1.546616792678833,,
40,12595,1.5955272912979126,,
40,12597,1.5467841625213623,,
40,12599,1.511953353881836,,
40,12601,1.5660083293914795,,
40,12603,1.4851903915405273,,
40,12605,1.517195701599121,,
40,12607,1.5790350437164307,,
40,12609,1.5591709613800049,,
40,12611,1.534873366355896,,
40,12613,1.5463240146636963,,
40,12615,1.5085899829864502,,
40,12617,1.4282559156417847,,
40,12619,1.5485069751739502,,
40,12621,1.5799154043197632,,
40,12623,1.5237610340118408,,
40,12625,1.5057200193405151,,
40,12627,1.493546962738037,,
40,12629,1.6051833629608154,,
40,12631,1.5475592613220215,,
40,12633,1.5442185401916504,,
40,12635,1.4970676898956299,,
40,12637,1.5181605815887451,,
40,12639,1.5553725957870483,,
40,12641,1.5922136306762695,,
40,12643,1.5377252101898193,,
40,12645,1.404978632926941,,
40,12647,1.5674055814743042,,
40,12649,1.486783742904663,,
40,12651,1.5662471055984497,,
40,12653,1.4966962337493896,,
40,12655,1.5011932849884033,,
40,12657,1.5823144912719727,,
40,12659,1.4679374694824219,,
40,12661,1.5131206512451172,,
40,12663,1.5513334274291992,,
40,12665,1.5479042530059814,,
40,12667,1.4961334466934204,,
40,12669,1.4736603498458862,,
40,12671,1.5100276470184326,,
40,12673,1.5435378551483154,,
40,12675,1.4685423374176025,,
40,12677,1.5495293140411377,,
40,12679,1.5722142457962036,,
40,12681,1.4723777770996094,,
40,12683,1.4979844093322754,,
40,12685,1.5422906875610352,,
40,12687,1.544426679611206,,
40,12689,1.5621258020401,,
40,12691,1.5109591484069824,,
40,12693,1.5749599933624268,,
40,12695,1.5979756116867065,,
40,12697,1.5291435718536377,,
40,12699,1.5254322290420532,,
40,12701,1.4908812046051025,,
40,12703,1.5156025886535645,,
40,12705,1.4979902505874634,,
40,12707,1.465104341506958,,
40,12709,1.53444242477417,,
40,12711,1.4557175636291504,,
40,12713,1.4773705005645752,,
40,12715,1.5610268115997314,,
40,12717,1.4767990112304688,,
40,12719,1.5307061672210693,,
40,12721,1.4329771995544434,,
40,12723,1.4693089723587036,,
40,12725,1.5622284412384033,,
40,12727,1.5093505382537842,,
40,12729,1.5429439544677734,,
40,12731,1.4703199863433838,,
40,12733,1.570335865020752,,
40,12735,1.632388949394226,,
40,12737,1.484811544418335,,
40,12739,1.4589104652404785,,
40,12741,1.555004358291626,,
40,12743,1.589587688446045,,
40,12745,1.4998983144760132,,
40,12747,1.5222203731536865,,
40,12749,1.507446527481079,,
40,12751,1.5107944011688232,,
40,12753,1.4895527362823486,,
40,12755,1.5392704010009766,,
40,12757,1.5472251176834106,,
40,12759,1.5741117000579834,,
40,12761,1.5447032451629639,,
40,12763,1.511906385421753,,
40,12765,1.4903829097747803,,
40,12767,1.5031793117523193,,
40,12769,1.5478123426437378,,
40,12771,1.4416851997375488,,
40,12773,1.5416233539581299,,
40,12775,1.53155517578125,,
40,12777,1.5699318647384644,,
40,12779,1.5130658149719238,,
40,12781,1.546204686164856,,
40,12783,1.5809890031814575,,
40,12785,1.6146881580352783,,
40,12787,1.5009649991989136,,
40,12789,1.5188273191452026,,
40,12791,1.5377042293548584,,
40,12793,1.4851913452148438,,
40,12795,1.5170316696166992,,
40,12797,1.4863320589065552,,
40,12799,1.5894283056259155,,
40,12801,1.503352403640747,,
40,12803,1.4634521007537842,,
40,12805,1.5095868110656738,,
40,12807,1.5678322315216064,,
40,12809,1.56246018409729,,
40,12811,1.5395424365997314,,
40,12813,1.5962491035461426,,
40,12815,1.4803125858306885,,
40,12817,1.5194106101989746,,
40,12819,1.5198931694030762,,
40,12821,1.4845943450927734,,
40,12823,1.5365564823150635,,
40,12825,1.525719404220581,,
40,12827,1.5416102409362793,,
40,12829,1.5641627311706543,,
40,12831,1.530954360961914,,
40,12832,,0.46544307470321655,1.5233036279678345
41,12833,1.5054363012313843,,
41,12835,1.4848015308380127,,
41,12837,1.5820802450180054,,
41,12839,1.553959846496582,,
41,12841,1.593590497970581,,
41,12843,1.5203251838684082,,
41,12845,1.5646929740905762,,
41,12847,1.5352959632873535,,
41,12849,1.5519893169403076,,
41,12851,1.4851428270339966,,
41,12853,1.4568195343017578,,
41,12855,1.5354185104370117,,
41,12857,1.5255759954452515,,
41,12859,1.5146019458770752,,
41,12861,1.4731709957122803,,
41,12863,1.489150881767273,,
41,12865,1.4688793420791626,,
41,12867,1.5957345962524414,,
41,12869,1.5194510221481323,,
41,12871,1.4569966793060303,,
41,12873,1.4615105390548706,,
41,12875,1.5023987293243408,,
41,12877,1.5045472383499146,,
41,12879,1.5493745803833008,,
41,12881,1.6210367679595947,,
41,12883,1.5294535160064697,,
41,12885,1.5214624404907227,,
41,12887,1.4931366443634033,,
41,12889,1.554140567779541,,
41,12891,1.542259931564331,,
41,12893,1.536051869392395,,
41,12895,1.631321907043457,,
41,12897,1.5833932161331177,,
41,12899,1.517985224723816,,
41,12901,1.498812198638916,,
41,12903,1.5285710096359253,,
41,12905,1.5790575742721558,,
41,12907,1.4748303890228271,,
41,12909,1.5189318656921387,,
41,12911,1.5718803405761719,,
41,12913,1.5793700218200684,,
41,12915,1.468961477279663,,
41,12917,1.5589277744293213,,
41,12919,1.5543153285980225,,
41,12921,1.5273205041885376,,
41,12923,1.529538869857788,,
41,12925,1.5495576858520508,,
41,12927,1.5834447145462036,,
41,12929,1.4609545469284058,,
41,12931,1.4532198905944824,,
41,12933,1.5000373125076294,,
41,12935,1.5472526550292969,,
41,12937,1.4595190286636353,,
41,12939,1.4828376770019531,,
41,12941,1.555302619934082,,
41,12943,1.5303032398223877,,
41,12945,1.5014376640319824,,
41,12947,1.5099098682403564,,
41,12949,1.5860676765441895,,
41,12951,1.530280351638794,,
41,12953,1.5658600330352783,,
41,12955,1.506643295288086,,
41,12957,1.5487747192382812,,
41,12959,1.5725724697113037,,
41,12961,1.4903088808059692,,
41,12963,1.5127376317977905,,
41,12965,1.6186968088150024,,
41,12967,1.507936716079712,,
41,12969,1.5326588153839111,,
41,12971,1.5085879564285278,,
41,12973,1.4515902996063232,,
41,12975,1.496164083480835,,
41,12977,1.5135610103607178,,
41,12979,1.59197199344635,,
41,12981,1.461292028427124,,
41,12983,1.4543936252593994,,
41,12985,1.5572606325149536,,
41,12987,1.4891163110733032,,
41,12989,1.521862506866455,,
41,12991,1.500808835029602,,
41,12993,1.4913458824157715,,
41,12995,1.5563726425170898,,
41,12997,1.5261982679367065,,
41,12999,1.5525493621826172,,
41,13001,1.5293972492218018,,
41,13003,1.5230623483657837,,
41,13005,1.5348056554794312,,
41,13007,1.4635727405548096,,
41,13009,1.506395697593689,,
41,13011,1.5096068382263184,,
41,13013,1.5889134407043457,,
41,13015,1.5432144403457642,,
41,13017,1.5396454334259033,,
41,13019,1.5377066135406494,,
41,13021,1.575223684310913,,
41,13023,1.4912927150726318,,
41,13025,1.512881875038147,,
41,13027,1.5022637844085693,,
41,13029,1.5242071151733398,,
41,13031,1.4739923477172852,,
41,13033,1.512915849685669,,
41,13035,1.5582034587860107,,
41,13037,1.5612399578094482,,
41,13039,1.453738808631897,,
41,13041,1.527414321899414,,
41,13043,1.5839014053344727,,
41,13045,1.4368622303009033,,
41,13047,1.5188624858856201,,
41,13049,1.557027816772461,,
41,13051,1.5749588012695312,,
41,13053,1.5008111000061035,,
41,13055,1.474210500717163,,
41,13057,1.5864899158477783,,
41,13059,1.5744009017944336,,
41,13061,1.624300241470337,,
41,13063,1.579566478729248,,
41,13065,1.5041990280151367,,
41,13067,1.5876398086547852,,
41,13069,1.5880085229873657,,
41,13071,1.538709282875061,,
41,13073,1.5351550579071045,,
41,13075,1.487086534500122,,
41,13077,1.6256191730499268,,
41,13079,1.520302653312683,,
41,13081,1.5544965267181396,,
41,13083,1.5796098709106445,,
41,13085,1.5437431335449219,,
41,13087,1.475046157836914,,
41,13089,1.4983432292938232,,
41,13091,1.4757009744644165,,
41,13093,1.538455605506897,,
41,13095,1.4572827816009521,,
41,13097,1.5435549020767212,,
41,13099,1.5118227005004883,,
41,13101,1.5334688425064087,,
41,13103,1.520646572113037,,
41,13105,1.5366549491882324,,
41,13107,1.5307378768920898,,
41,13109,1.507339358329773,,
41,13111,1.5676244497299194,,
41,13113,1.5073132514953613,,
41,13115,1.518598198890686,,
41,13117,1.5024867057800293,,
41,13119,1.4986491203308105,,
41,13121,1.500641107559204,,
41,13123,1.4976497888565063,,
41,13125,1.5897254943847656,,
41,13127,1.5427887439727783,,
41,13129,1.5333309173583984,,
41,13131,1.4686667919158936,,
41,13133,1.553398609161377,,
41,13135,1.560976505279541,,
41,13137,1.5400621891021729,,
41,13139,1.5438969135284424,,
41,13141,1.4934839010238647,,
41,13143,1.4514875411987305,,
41,13145,1.5977400541305542,,
41,13145,,0.46544307470321655,1.523293375968933
42,13147,1.5476033687591553,,
42,13149,1.4915695190429688,,
42,13151,1.5349434614181519,,
42,13153,1.54567551612854,,
42,13155,1.4961522817611694,,
42,13157,1.512112021446228,,
42,13159,1.5169174671173096,,
42,13161,1.562986135482788,,
42,13163,1.499238133430481,,
42,13165,1.5037864446640015,,
42,13167,1.5560778379440308,,
42,13169,1.4617669582366943,,
42,13171,1.5098382234573364,,
42,13173,1.4742462635040283,,
42,13175,1.5439057350158691,,
42,13177,1.5240976810455322,,
42,13179,1.559568166732788,,
42,13181,1.545005440711975,,
42,13183,1.5930520296096802,,
42,13185,1.5738633871078491,,
42,13187,1.5072240829467773,,
42,13189,1.6188899278640747,,
42,13191,1.5313835144042969,,
42,13193,1.5070499181747437,,
42,13195,1.6001086235046387,,
42,13197,1.5324561595916748,,
42,13199,1.4919379949569702,,
42,13201,1.5048643350601196,,
42,13203,1.6124459505081177,,
42,13205,1.498144268989563,,
42,13207,1.470067024230957,,
42,13209,1.5046377182006836,,
42,13211,1.51666259765625,,
42,13213,1.5374689102172852,,
42,13215,1.5448311567306519,,
42,13217,1.5158655643463135,,
42,13219,1.4933985471725464,,
42,13221,1.543353796005249,,
42,13223,1.5285651683807373,,
42,13225,1.5130336284637451,,
42,13227,1.5423994064331055,,
42,13229,1.4764316082000732,,
42,13231,1.5500779151916504,,
42,13233,1.4878301620483398,,
42,13235,1.464860200881958,,
42,13237,1.5535417795181274,,
42,13239,1.5390470027923584,,
42,13241,1.5404105186462402,,
42,13243,1.4579668045043945,,
42,13245,1.5400357246398926,,
42,13247,1.464215636253357,,
42,13249,1.5383421182632446,,
42,13251,1.5493662357330322,,
42,13253,1.439859390258789,,
42,13255,1.5527491569519043,,
42,13257,1.4652953147888184,,
42,13259,1.5314944982528687,,
42,13261,1.5418977737426758,,
42,13263,1.5094950199127197,,
42,13265,1.5676350593566895,,
42,13267,1.5985469818115234,,
42,13269,1.4636917114257812,,
42,13271,1.4415240287780762,,
42,13273,1.4899835586547852,,
42,13275,1.501798152923584,,
42,13277,1.6099138259887695,,
42,13279,1.5775604248046875,,
42,13281,1.4681305885314941,,
42,13283,1.5936318635940552,,
42,13285,1.452222228050232,,
42,13287,1.5111658573150635,,
42,13289,1.5201846361160278,,
42,13291,1.538254737854004,,
42,13293,1.4827059507369995,,
42,13295,1.507179856300354,,
42,13297,1.541378378868103,,
42,13299,1.5861202478408813,,
42,13301,1.5384178161621094,,
42,13303,1.5294556617736816,,
42,13305,1.494990348815918,,
42,13307,1.55870521068573,,
42,13309,1.4726262092590332,,
42,13311,1.5893232822418213,,
42,13313,1.5514764785766602,,
42,13315,1.5668948888778687,,
42,13317,1.5632357597351074,,
42,13319,1.4693644046783447,,
42,13321,1.490527629852295,,
42,13323,1.6021990776062012,,
42,13325,1.540840744972229,,
42,13327,1.498314619064331,,
42,13329,1.5127928256988525,,
42,13331,1.4388902187347412,,
42,13333,1.5654937028884888,,
42,13335,1.4894864559173584,,
42,13337,1.5345741510391235,,
42,13339,1.4639112949371338,,
42,13341,1.556491494178772,,
42,13343,1.5530445575714111,,
42,13345,1.4753881692886353,,
42,13347,1.4832537174224854,,
42,13349,1.481668472290039,,
42,13351,1.4817206859588623,,
42,13353,1.556952714920044,,
42,13355,1.4996378421783447,,
42,13357,1.4913103580474854,,
42,13359,1.4550621509552002,,
42,13361,1.5326893329620361,,
42,13363,1.4973530769348145,,
42,13365,1.551243543624878,,
42,13367,1.5497387647628784,,
42,13369,1.5107946395874023,,
42,13371,1.5505211353302002,,
42,13373,1.447913646697998,,
42,13375,1.5316741466522217,,
42,13377,1.4958641529083252,,
42,13379,1.4538801908493042,,
42,13381,1.4676644802093506,,
42,13383,1.5665417909622192,,
42,13385,1.5339596271514893,,
42,13387,1.5219041109085083,,
42,13389,1.524940013885498,,
42,13391,1.4897416830062866,,
42,13393,1.5547511577606201,,
42,13395,1.538142442703247,,
42,13397,1.5580341815948486,,
42,13399,1.504568338394165,,
42,13401,1.6391750574111938,,
42,13403,1.5010254383087158,,
42,13405,1.4878344535827637,,
42,13407,1.537807583808899,,
42,13409,1.54203200340271,,
42,13411,1.4629652500152588,,
42,13413,1.554497480392456,,
42,13415,1.5294893980026245,,
42,13417,1.553498387336731,,
42,13419,1.5441606044769287,,
42,13421,1.534889817237854,,
42,13423,1.483041763305664,,
42,13425,1.5078294277191162,,
42,13427,1.4647620916366577,,
42,13429,1.5464811325073242,,
42,13431,1.5216734409332275,,
42,13433,1.6273889541625977,,
42,13435,1.4825116395950317,,
42,13437,1.5303919315338135,,
42,13439,1.4566688537597656,,
42,13441,1.491055965423584,,
42,13443,1.513586163520813,,
42,13445,1.4297385215759277,,
42,13447,1.522371530532837,,
42,13449,1.6102795600891113,,
42,13451,1.5617642402648926,,
42,13453,1.4713153839111328,,
42,13455,1.4413710832595825,,
42,13457,1.5771996974945068,,
42,13458,,0.46544307470321655,1.5232793092727661
43,13459,1.5469021797180176,,
43,13461,1.5217440128326416,,
43,13463,1.4950575828552246,,
43,13465,1.6402100324630737,,
43,13467,1.5127193927764893,,
43,13469,1.5775365829467773,,
43,13471,1.476658582687378,,
43,13473,1.516507863998413,,
43,13475,1.5454610586166382,,
43,13477,1.5315062999725342,,
43,13479,1.5012707710266113,,
43,13481,1.550910472869873,,
43,13483,1.5470750331878662,,
43,13485,1.5748987197875977,,
43,13487,1.5513620376586914,,
43,13489,1.580930233001709,,
43,13491,1.5153717994689941,,
43,13493,1.487023949623108,,
43,13495,1.4887046813964844,,
43,13497,1.5187480449676514,,
43,13499,1.5122301578521729,,
43,13501,1.5720562934875488,,
43,13503,1.4818925857543945,,
43,13505,1.46687912940979,,
43,13507,1.5737457275390625,,
43,13509,1.5369505882263184,,
43,13511,1.5313777923583984,,
43,13513,1.5083234310150146,,
43,13515,1.5608220100402832,,
43,13517,1.6242706775665283,,
43,13519,1.5153954029083252,,
43,13521,1.5393648147583008,,
43,13523,1.514857292175293,,
43,13525,1.4687294960021973,,
43,13527,1.4901796579360962,,
43,13529,1.537130355834961,,
43,13531,1.5401698350906372,,
43,13533,1.5620107650756836,,
43,13535,1.5356523990631104,,
43,13537,1.4760618209838867,,
43,13539,1.460344672203064,,
43,13541,1.5241241455078125,,
43,13543,1.539215087890625,,
43,13545,1.598512053489685,,
43,13547,1.503733515739441,,
43,13549,1.5904409885406494,,
43,13551,1.430466890335083,,
43,13553,1.522721767425537,,
43,13555,1.5382342338562012,,
43,13557,1.4601231813430786,,
43,13559,1.55955171585083,,
43,13561,1.5490005016326904,,
43,13563,1.5414516925811768,,
43,13565,1.5510773658752441,,
43,13567,1.5215067863464355,,
43,13569,1.6139657497406006,,
43,13571,1.4629101753234863,,
43,13573,1.493679404258728,,
43,13575,1.6179347038269043,,
43,13577,1.5644543170928955,,
43,13579,1.5534141063690186,,
43,13581,1.5543065071105957,,
43,13583,1.4713211059570312,,
43,13585,1.4498536586761475,,
43,13587,1.5533190965652466,,
43,13589,1.5147563219070435,,
43,13591,1.5857279300689697,,
43,13593,1.5820801258087158,,
43,13595,1.5098059177398682,,
43,13597,1.4674921035766602,,
43,13599,1.4931411743164062,,
43,13601,1.5325663089752197,,
43,13603,1.5076837539672852,,
43,13605,1.5445468425750732,,
43,13607,1.543029546737671,,
43,13609,1.484367847442627,,
43,13611,1.5355783700942993,,
43,13613,1.4858461618423462,,
43,13615,1.5485179424285889,,
43,13617,1.4865050315856934,,
43,13619,1.4856654405593872,,
43,13621,1.467015266418457,,
43,13623,1.5705885887145996,,
43,13625,1.5249767303466797,,
43,13627,1.612574815750122,,
43,13629,1.4856674671173096,,
43,13631,1.5615692138671875,,
43,13633,1.546150803565979,,
43,13635,1.4918794631958008,,
43,13637,1.5514947175979614,,
43,13639,1.4779908657073975,,
43,13641,1.5935564041137695,,
43,13643,1.505873680114746,,
43,13645,1.510019302368164,,
43,13647,1.5197391510009766,,
43,13649,1.4345965385437012,,
43,13651,1.537614345550537,,
43,13653,1.4489636421203613,,
43,13655,1.5233180522918701,,
43,13657,1.5044052600860596,,
43,13659,1.4425235986709595,,
43,13661,1.460815191268921,,
43,13663,1.5006818771362305,,
43,13665,1.5495667457580566,,
43,13667,1.509911060333252,,
43,13669,1.5560808181762695,,
43,13671,1.6172130107879639,,
43,13673,1.512992262840271,,
43,13675,1.5298842191696167,,
43,13677,1.481287956237793,,
43,13679,1.5289638042449951,,
43,13681,1.4822828769683838,,
43,13683,1.505796194076538,,
43,13685,1.4737707376480103,,
43,13687,1.5384325981140137,,
43,13689,1.5532041788101196,,
43,13691,1.5168060064315796,,
43,13693,1.4803167581558228,,
43,13695,1.5123381614685059,,
43,13697,1.582010269165039,,
43,13699,1.522003412246704,,
43,13701,1.5139436721801758,,
43,13703,1.4978591203689575,,
43,13705,1.492377519607544,,
43,13707,1.4900238513946533,,
43,13709,1.434346079826355,,
43,13711,1.5580875873565674,,
43,13713,1.4998316764831543,,
43,13715,1.569763422012329,,
43,13717,1.523376226425171,,
43,13719,1.6088982820510864,,
43,13721,1.468834400177002,,
43,13723,1.5184547901153564,,
43,13725,1.557471513748169,,
43,13727,1.5442330837249756,,
43,13729,1.5048959255218506,,
43,13731,1.5532464981079102,,
43,13733,1.5965040922164917,,
43,13735,1.5531190633773804,,
43,13737,1.598310947418213,,
43,13739,1.5103259086608887,,
43,13741,1.4925825595855713,,
43,13743,1.5815008878707886,,
43,13745,1.490002989768982,,
43,13747,1.5483850240707397,,
43,13749,1.4774837493896484,,
43,13751,1.4839086532592773,,
43,13753,1.5541496276855469,,
43,13755,1.5432794094085693,,
43,13757,1.5559005737304688,,
43,13759,1.5706770420074463,,
43,13761,1.5031983852386475,,
43,13763,1.5062763690948486,,
43,13765,1.492253303527832,,
43,13767,1.5238463878631592,,
43,13769,1.5135574340820312,,
43,13771,1.466971516609192,,
43,13771,,0.46544307470321655,1.5232820510864258
44,13773,1.5837585926055908,,
44,13775,1.5709238052368164,,
44,13777,1.523914098739624,,
44,13779,1.4182841777801514,,
44,13781,1.5540680885314941,,
44,13783,1.4941160678863525,,
44,13785,1.6307969093322754,,
44,13787,1.5010393857955933,,
44,13789,1.4634053707122803,,
44,13791,1.5049678087234497,,
44,13793,1.5693248510360718,,
44,13795,1.5196149349212646,,
44,13797,1.5593061447143555,,
44,13799,1.4995832443237305,,
44,13801,1.500248670578003,,
44,13803,1.4752082824707031,,
44,13805,1.6496621370315552,,
44,13807,1.5419135093688965,,
44,13809,1.5187031030654907,,
44,13811,1.5308668613433838,,
44,13813,1.5798795223236084,,
44,13815,1.5101404190063477,,
44,13817,1.5408244132995605,,
44,13819,1.574019193649292,,
44,13821,1.4561598300933838,,
44,13823,1.570305585861206,,
44,13825,1.5130038261413574,,
44,13827,1.5780761241912842,,
44,13829,1.5711543560028076,,
44,13831,1.5439436435699463,,
44,13833,1.466296911239624,,
44,13835,1.4987438917160034,,
44,13837,1.5040738582611084,,
44,13839,1.4821693897247314,,
44,13841,1.5252437591552734,,
44,13843,1.4798974990844727,,
44,13845,1.5462133884429932,,
44,13847,1.5339792966842651,,
44,13849,1.536911964416504,,
44,13851,1.538770079612732,,
44,13853,1.5689592361450195,,
44,13855,1.504902958869934,,
44,13857,1.5215204954147339,,
44,13859,1.5019302368164062,,
44,13861,1.486677885055542,,
44,13863,1.5321800708770752,,
44,13865,1.596329689025879,,
44,13867,1.5226423740386963,,
44,13869,1.4860689640045166,,
44,13871,1.5923341512680054,,
44,13873,1.5238964557647705,,
44,13875,1.5173532962799072,,
44,13877,1.454787254333496,,
44,13879,1.5169473886489868,,
44,13881,1.5374622344970703,,
44,13883,1.5245835781097412,,
44,13885,1.5718612670898438,,
44,13887,1.5066874027252197,,
44,13889,1.44496488571167,,
44,13891,1.5083011388778687,,
44,13893,1.4498398303985596,,
44,13895,1.5258187055587769,,
44,13897,1.4386253356933594,,
44,13899,1.5236859321594238,,
44,13901,1.5005438327789307,,
44,13903,1.5734401941299438,,
44,13905,1.5401873588562012,,
44,13907,1.528600811958313,,
44,13909,1.4816429615020752,,
44,13911,1.5824823379516602,,
44,13913,1.5889360904693604,,
44,13915,1.5926613807678223,,
44,13917,1.5461091995239258,,
44,13919,1.5362730026245117,,
44,13921,1.5510237216949463,,
44,13923,1.5151355266571045,,
44,13925,1.5397520065307617,,
44,13927,1.4543182849884033,,
44,13929,1.5290626287460327,,
44,13931,1.462396264076233,,
44,13933,1.477238655090332,,
44,13935,1.550276279449463,,
44,13937,1.4849096536636353,,
44,13939,1.5108928680419922,,
44,13941,1.5699784755706787,,
44,13943,1.5096395015716553,,
44,13945,1.5307410955429077,,
44,13947,1.4717833995819092,,
44,13949,1.492095947265625,,
44,13951,1.5402777194976807,,
44,13953,1.5216777324676514,,
44,13955,1.4556808471679688,,
44,13957,1.5110154151916504,,
44,13959,1.4807933568954468,,
44,13961,1.5331496000289917,,
44,13963,1.4854449033737183,,
44,13965,1.4917329549789429,,
44,13967,1.5047606229782104,,
44,13969,1.5725985765457153,,
44,13971,1.5008147954940796,,
44,13973,1.5214319229125977,,
44,13975,1.6300997734069824,,
44,13977,1.5207792520523071,,
44,13979,1.6159687042236328,,
44,13981,1.5433207750320435,,
44,13983,1.49752938747406,,
44,13985,1.4732807874679565,,
44,13987,1.5541143417358398,,
44,13989,1.5419076681137085,,
44,13991,1.6364634037017822,,
44,13993,1.5218720436096191,,
44,13995,1.5844800472259521,,
44,13997,1.5892629623413086,,
44,13999,1.5124372243881226,,
44,14001,1.5258934497833252,,
44,14003,1.5708879232406616,,
44,14005,1.526752233505249,,
44,14007,1.4893181324005127,,
44,14009,1.4911987781524658,,
44,14011,1.5459856986999512,,
44,14013,1.5799455642700195,,
44,14015,1.482979655265808,,
44,14017,1.4875575304031372,,
44,14019,1.4943835735321045,,
44,14021,1.5720537900924683,,
44,14023,1.5036587715148926,,
44,14025,1.4706408977508545,,
44,14027,1.5172131061553955,,
44,14029,1.5562353134155273,,
44,14031,1.547377109527588,,
44,14033,1.5706374645233154,,
44,14035,1.5588327646255493,,
44,14037,1.5657297372817993,,
44,14039,1.4825773239135742,,
44,14041,1.5940040349960327,,
44,14043,1.574333667755127,,
44,14045,1.490946888923645,,
44,14047,1.4759209156036377,,
44,14049,1.5725913047790527,,
44,14051,1.5251938104629517,,
44,14053,1.4617913961410522,,
44,14055,1.5471737384796143,,
44,14057,1.57148277759552,,
44,14059,1.5005412101745605,,
44,14061,1.5718709230422974,,
44,14063,1.4934748411178589,,
44,14065,1.4801996946334839,,
44,14067,1.5225999355316162,,
44,14069,1.5788646936416626,,
44,14071,1.5027488470077515,,
44,14073,1.5544233322143555,,
44,14075,1.574737548828125,,
44,14077,1.4756951332092285,,
44,14079,1.5404270887374878,,
44,14081,1.5294287204742432,,
44,14083,1.5428065061569214,,
44,14084,,0.46544307470321655,1.5232393741607666
45,14085,1.5498145818710327,,
45,14087,1.5727828741073608,,
45,14089,1.4528231620788574,,
45,14091,1.5552642345428467,,
45,14093,1.5574333667755127,,
45,14095,1.4630088806152344,,
45,14097,1.4760706424713135,,
45,14099,1.5010807514190674,,
45,14101,1.4908466339111328,,
45,14103,1.4629402160644531,,
45,14105,1.4788873195648193,,
45,14107,1.4895493984222412,,
45,14109,1.5537289381027222,,
45,14111,1.5452817678451538,,
45,14113,1.4884634017944336,,
45,14115,1.5838801860809326,,
45,14117,1.482755184173584,,
45,14119,1.4793531894683838,,
45,14121,1.4957644939422607,,
45,14123,1.62832510471344,,
45,14125,1.4622124433517456,,
45,14127,1.4938418865203857,,
45,14129,1.476162075996399,,
45,14131,1.5508999824523926,,
45,14133,1.5291671752929688,,
45,14135,1.4896061420440674,,
45,14137,1.4681059122085571,,
45,14139,1.5140196084976196,,
45,14141,1.4851309061050415,,
45,14143,1.5138660669326782,,
45,14145,1.5476393699645996,,
45,14147,1.5668869018554688,,
45,14149,1.4809471368789673,,
45,14151,1.5648393630981445,,
45,14153,1.5331741571426392,,
45,14155,1.5798357725143433,,
45,14157,1.5426937341690063,,
45,14159,1.5063416957855225,,
45,14161,1.5171968936920166,,
45,14163,1.5123108625411987,,
45,14165,1.537628412246704,,
45,14167,1.4912185668945312,,
45,14169,1.4919441938400269,,
45,14171,1.556878924369812,,
45,14173,1.5566937923431396,,
45,14175,1.5150511264801025,,
45,14177,1.5261560678482056,,
45,14179,1.5295753479003906,,
45,14181,1.52728271484375,,
45,14183,1.5620189905166626,,
45,14185,1.5476536750793457,,
45,14187,1.490207552909851,,
45,14189,1.5493055582046509,,
45,14191,1.4781676530838013,,
45,14193,1.5941152572631836,,
45,14195,1.539250373840332,,
45,14197,1.573171854019165,,
45,14199,1.5125782489776611,,
45,14201,1.5385805368423462,,
45,14203,1.5110175609588623,,
45,14205,1.5631376504898071,,
45,14207,1.5232970714569092,,
45,14209,1.5641963481903076,,
45,14211,1.538310170173645,,
45,14213,1.568189024925232,,
45,14215,1.5183498859405518,,
45,14217,1.5354089736938477,,
45,14219,1.5423672199249268,,
45,14221,1.4785598516464233,,
45,14223,1.5193369388580322,,
45,14225,1.5561015605926514,,
45,14227,1.5495843887329102,,
45,14229,1.548302173614502,,
45,14231,1.5468089580535889,,
45,14233,1.4523454904556274,,
45,14235,1.533379316329956,,
45,14237,1.5496876239776611,,
45,14239,1.6278035640716553,,
45,14241,1.5591914653778076,,
45,14243,1.4992740154266357,,
45,14245,1.6070317029953003,,
45,14247,1.523132085800171,,
45,14249,1.5698516368865967,,
45,14251,1.5560107231140137,,
45,14253,1.6004540920257568,,
45,14255,1.537806510925293,,
45,14257,1.5416008234024048,,
45,14259,1.459935188293457,,
45,14261,1.5285325050354004,,
45,14263,1.4955084323883057,,
45,14265,1.4799176454544067,,
45,14267,1.5832322835922241,,
45,14269,1.5070607662200928,,
45,14271,1.5253595113754272,,
45,14273,1.5315842628479004,,
45,14275,1.5100343227386475,,
45,14277,1.5440242290496826,,
45,14279,1.5213532447814941,,
45,14281,1.5728600025177002,,
45,14283,1.4309604167938232,,
45,14285,1.499450922012329,,
45,14287,1.4936580657958984,,
45,14289,1.506906509399414,,
45,14291,1.5634151697158813,,
45,14293,1.5874497890472412,,
45,14295,1.4776300191879272,,
45,14297,1.4770543575286865,,
45,14299,1.547753095626831,,
45,14301,1.5144160985946655,,
45,14303,1.5383636951446533,,
45,14305,1.4725918769836426,,
45,14307,1.5575591325759888,,
45,14309,1.5157235860824585,,
45,14311,1.54511296749115,,
45,14313,1.4701954126358032,,
45,14315,1.615330696105957,,
45,14317,1.5127309560775757,,
45,14319,1.4976356029510498,,
45,14321,1.5079253911972046,,
45,14323,1.459010124206543,,
45,14325,1.438277006149292,,
45,14327,1.4929879903793335,,
45,14329,1.529492735862732,,
45,14331,1.5504040718078613,,
45,14333,1.5180473327636719,,
45,14335,1.5316035747528076,,
45,14337,1.537386417388916,,
45,14339,1.5460337400436401,,
45,14341,1.541663646697998,,
45,14343,1.5240602493286133,,
45,14345,1.5743697881698608,,
45,14347,1.595626711845398,,
45,14349,1.440744400024414,,
45,14351,1.46803617477417,,
45,14353,1.5598822832107544,,
45,14355,1.6125574111938477,,
45,14357,1.5868709087371826,,
45,14359,1.5054295063018799,,
45,14361,1.5006498098373413,,
45,14363,1.5295315980911255,,
45,14365,1.5087559223175049,,
45,14367,1.4965901374816895,,
45,14369,1.5678679943084717,,
45,14371,1.553714394569397,,
45,14373,1.546391248703003,,
45,14375,1.5330758094787598,,
45,14377,1.5456501245498657,,
45,14379,1.5742498636245728,,
45,14381,1.5180155038833618,,
45,14383,1.5519026517868042,,
45,14385,1.5012364387512207,,
45,14387,1.5659211874008179,,
45,14389,1.5957112312316895,,
45,14391,1.5665826797485352,,
45,14393,1.4891533851623535,,
45,14395,1.5167467594146729,,
45,14397,1.4948252439498901,,
45,14397,,0.46544307470321655,1.5232398509979248
46,14399,1.6551846265792847,,
46,14401,1.5171048641204834,,
46,14403,1.4765287637710571,,
46,14405,1.5113461017608643,,
46,14407,1.4700257778167725,,
46,14409,1.519588828086853,,
46,14411,1.5273411273956299,,
46,14413,1.4692466259002686,,
46,14415,1.4645808935165405,,
46,14417,1.575846791267395,,
46,14419,1.5462161302566528,,
46,14421,1.4912059307098389,,
46,14423,1.5338289737701416,,
46,14425,1.53726065158844,,
46,14427,1.501073956489563,,
46,14429,1.450992465019226,,
46,14431,1.6331641674041748,,
46,14433,1.5582208633422852,,
46,14435,1.5871570110321045,,
46,14437,1.5286226272583008,,
46,14439,1.5397042036056519,,
46,14441,1.5368988513946533,,
46,14443,1.4759571552276611,,
46,14445,1.5376895666122437,,
46,14447,1.5052061080932617,,
46,14449,1.5738036632537842,,
46,14451,1.4789435863494873,,
46,14453,1.5325186252593994,,
46,14455,1.5225626230239868,,
46,14457,1.5056688785552979,,
46,14459,1.474926233291626,,
46,14461,1.5526716709136963,,
46,14463,1.495161533355713,,
46,14465,1.593231201171875,,
46,14467,1.4551594257354736,,
46,14469,1.5280275344848633,,
46,14471,1.565933108329773,,
46,14473,1.5298439264297485,,
46,14475,1.5370190143585205,,
46,14477,1.5632463693618774,,
46,14479,1.5574262142181396,,
46,14481,1.4932630062103271,,
46,14483,1.451244831085205,,
46,14485,1.4969584941864014,,
46,14487,1.4737966060638428,,
46,14489,1.5388777256011963,,
46,14491,1.4861042499542236,,
46,14493,1.5239083766937256,,
46,14495,1.4647235870361328,,
46,14497,1.5205330848693848,,
46,14499,1.5894992351531982,,
46,14501,1.530791997909546,,
46,14503,1.5801063776016235,,
46,14505,1.4898333549499512,,
46,14507,1.5435824394226074,,
46,14509,1.5328726768493652,,
46,14511,1.5655388832092285,,
46,14513,1.4616575241088867,,
46,14515,1.4896228313446045,,
46,14517,1.5453494787216187,,
46,14519,1.4887465238571167,,
46,14521,1.526674509048462,,
46,14523,1.5192638635635376,,
46,14525,1.5040874481201172,,
46,14527,1.481938362121582,,
46,14529,1.5635452270507812,,
46,14531,1.5712246894836426,,
46,14533,1.4385707378387451,,
46,14535,1.6183929443359375,,
46,14537,1.5394355058670044,,
46,14539,1.526976466178894,,
46,14541,1.5095301866531372,,
46,14543,1.5144098997116089,,
46,14545,1.5095090866088867,,
46,14547,1.5649852752685547,,
46,14549,1.5244204998016357,,
46,14551,1.5075875520706177,,
46,14553,1.5666288137435913,,
46,14555,1.5202054977416992,,
46,14557,1.5879848003387451,,
46,14559,1.536700963973999,,
46,14561,1.5516231060028076,,
46,14563,1.4553661346435547,,
46,14565,1.5063443183898926,,
46,14567,1.6189491748809814,,
46,14569,1.5126968622207642,,
46,14571,1.5449223518371582,,
46,14573,1.5283315181732178,,
46,14575,1.545268177986145,,
46,14577,1.5261893272399902,,
46,14579,1.5314160585403442,,
46,14581,1.6256005764007568,,
46,14583,1.4955565929412842,,
46,14585,1.5002412796020508,,
46,14587,1.504664421081543,,
46,14589,1.5171682834625244,,
46,14591,1.5474190711975098,,
46,14593,1.4522148370742798,,
46,14595,1.5646353960037231,,
46,14597,1.5300906896591187,,
46,14599,1.5761810541152954,,
46,14601,1.582183837890625,,
46,14603,1.4669814109802246,,
46,14605,1.5096335411071777,,
46,14607,1.5837037563323975,,
46,14609,1.5385398864746094,,
46,14611,1.5963759422302246,,
46,14613,1.4828393459320068,,
46,14615,1.484168291091919,,
46,14617,1.5484211444854736,,
46,14619,1.5290541648864746,,
46,14621,1.5677387714385986,,
46,14623,1.493363857269287,,
46,14625,1.5402336120605469,,
46,14627,1.534188985824585,,
46,14629,1.6026935577392578,,
46,14631,1.474743127822876,,
46,14633,1.5208457708358765,,
46,14635,1.5107544660568237,,
46,14637,1.5224716663360596,,
46,14639,1.4839296340942383,,
46,14641,1.5692706108093262,,
46,14643,1.502442717552185,,
46,14645,1.5131521224975586,,
46,14647,1.455397605895996,,
46,14649,1.4383630752563477,,
46,14651,1.5796605348587036,,
46,14653,1.519182801246643,,
46,14655,1.4561550617218018,,
46,14657,1.5331692695617676,,
46,14659,1.5414390563964844,,
46,14661,1.5040042400360107,,
46,14663,1.6015632152557373,,
46,14665,1.6277137994766235,,
46,14667,1.5151500701904297,,
46,14669,1.4952592849731445,,
46,14671,1.4718971252441406,,
46,14673,1.5114803314208984,,
46,14675,1.516300082206726,,
46,14677,1.5153766870498657,,
46,14679,1.473695158958435,,
46,14681,1.514601469039917,,
46,14683,1.5479364395141602,,
46,14685,1.565788745880127,,
46,14687,1.5383720397949219,,
46,14689,1.5836364030838013,,
46,14691,1.5267510414123535,,
46,14693,1.4738047122955322,,
46,14695,1.5266990661621094,,
46,14697,1.5537135601043701,,
46,14699,1.5557475090026855,,
46,14701,1.5437138080596924,,
46,14703,1.5215682983398438,,
46,14705,1.4936959743499756,,
46,14707,1.482654094696045,,
46,14709,1.4818915128707886,,
46,14710,,0.46544307470321655,1.523221492767334
47,14711,1.509231448173523,,
47,14713,1.5568660497665405,,
47,14715,1.5308856964111328,,
47,14717,1.5160967111587524,,
47,14719,1.5151290893554688,,
47,14721,1.492394208908081,,
47,14723,1.4766767024993896,,
47,14725,1.50748872756958,,
47,14727,1.5845727920532227,,
47,14729,1.5047307014465332,,
47,14731,1.516209602355957,,
47,14733,1.532531976699829,,
47,14735,1.5938162803649902,,
47,14737,1.4920748472213745,,
47,14739,1.4934958219528198,,
47,14741,1.5324206352233887,,
47,14743,1.5663774013519287,,
47,14745,1.4897353649139404,,
47,14747,1.4745882749557495,,
47,14749,1.5177013874053955,,
47,14751,1.5081236362457275,,
47,14753,1.498147964477539,,
47,14755,1.486577033996582,,
47,14757,1.5413557291030884,,
47,14759,1.5881562232971191,,
47,14761,1.5109155178070068,,
47,14763,1.5341835021972656,,
47,14765,1.549246072769165,,
47,14767,1.5434590578079224,,
47,14769,1.5802862644195557,,
47,14771,1.5783647298812866,,
47,14773,1.5730254650115967,,
47,14775,1.5399014949798584,,
47,14777,1.5327417850494385,,
47,14779,1.5957317352294922,,
47,14781,1.556743860244751,,
47,14783,1.56150221824646,,
47,14785,1.5097739696502686,,
47,14787,1.5280922651290894,,
47,14789,1.5428357124328613,,
47,14791,1.5119673013687134,,
47,14793,1.5160160064697266,,
47,14795,1.499288558959961,,
47,14797,1.4915450811386108,,
47,14799,1.602454662322998,,
47,14801,1.5335116386413574,,
47,14803,1.5501502752304077,,
47,14805,1.5458639860153198,,
47,14807,1.5588546991348267,,
47,14809,1.4585320949554443,,
47,14811,1.5864672660827637,,
47,14813,1.4914188385009766,,
47,14815,1.4825739860534668,,
47,14817,1.4509835243225098,,
47,14819,1.470179557800293,,
47,14821,1.4311387538909912,,
47,14823,1.5793962478637695,,
47,14825,1.5915300846099854,,
47,14827,1.5165596008300781,,
47,14829,1.4273467063903809,,
47,14831,1.558294653892517,,
47,14833,1.5690007209777832,,
47,14835,1.534949541091919,,
47,14837,1.4438107013702393,,
47,14839,1.4750759601593018,,
47,14841,1.5239142179489136,,
47,14843,1.4428424835205078,,
47,14845,1.5774357318878174,,
47,14847,1.501133680343628,,
47,14849,1.5497376918792725,,
47,14851,1.5461488962173462,,
47,14853,1.5291502475738525,,
47,14855,1.5809931755065918,,
47,14857,1.6056312322616577,,
47,14859,1.50783109664917,,
47,14861,1.528268575668335,,
47,14863,1.5099937915802002,,
47,14865,1.5286399126052856,,
47,14867,1.5604034662246704,,
47,14869,1.5409719944000244,,
47,14871,1.4894933700561523,,
47,14873,1.489145040512085,,
47,14875,1.5520248413085938,,
47,14877,1.456744909286499,,
47,14879,1.481337308883667,,
47,14881,1.4841710329055786,,
47,14883,1.5971901416778564,,
47,14885,1.53019380569458,,
47,14887,1.4989182949066162,,
47,14889,1.432310700416565,,
47,14891,1.5809385776519775,,
47,14893,1.4909371137619019,,
47,14895,1.492219090461731,,
47,14897,1.5541741847991943,,
47,14899,1.5113437175750732,,
47,14901,1.4736638069152832,,
47,14903,1.5371954441070557,,
47,14905,1.4482218027114868,,
47,14907,1.5317556858062744,,
47,14909,1.5857471227645874,,
47,14911,1.5158650875091553,,
47,14913,1.5969432592391968,,
47,14915,1.6012427806854248,,
47,14917,1.5596109628677368,,
47,14919,1.5612173080444336,,
47,14921,1.5259904861450195,,
47,14923,1.553244948387146,,
47,14925,1.5186784267425537,,
47,14927,1.5974059104919434,,
47,14929,1.538175344467163,,
47,14931,1.6231662034988403,,
47,14933,1.5532760620117188,,
47,14935,1.5623066425323486,,
47,14937,1.5532000064849854,,
47,14939,1.5154039859771729,,
47,14941,1.511594533920288,,
47,14943,1.5060057640075684,,
47,14945,1.5680983066558838,,
47,14947,1.5878946781158447,,
47,14949,1.5389546155929565,,
47,14951,1.5208879709243774,,
47,14953,1.4742220640182495,,
47,14955,1.5387603044509888,,
47,14957,1.5718251466751099,,
47,14959,1.503005862236023,,
47,14961,1.4883716106414795,,
47,14963,1.5470105409622192,,
47,14965,1.5397746562957764,,
47,14967,1.5467069149017334,,
47,14969,1.5964361429214478,,
47,14971,1.593217134475708,,
47,14973,1.540595293045044,,
47,14975,1.5652121305465698,,
47,14977,1.4752024412155151,,
47,14979,1.5751214027404785,,
47,14981,1.4986679553985596,,
47,14983,1.5738739967346191,,
47,14985,1.5429508686065674,,
47,14987,1.539885401725769,,
47,14989,1.5561745166778564,,
47,14991,1.5254738330841064,,
47,14993,1.4832446575164795,,
47,14995,1.4910805225372314,,
47,14997,1.5132369995117188,,
47,14999,1.4524966478347778,,
47,15001,1.506615400314331,,
47,15003,1.5328575372695923,,
47,15005,1.46467924118042,,
47,15007,1.5586247444152832,,
47,15009,1.5200424194335938,,
47,15011,1.4840421676635742,,
47,15013,1.5220062732696533,,
47,15015,1.5474103689193726,,
47,15017,1.4564542770385742,,
47,15019,1.5413622856140137,,
47,15021,1.5368032455444336,,
47,15023,1.5457786321640015,,
47,15023,,0.46544307470321655,1.5232144594192505
48,15025,1.5329397916793823,,
48,15027,1.5885777473449707,,
48,15029,1.576960802078247,,
48,15031,1.553308367729187,,
48,15033,1.5210174322128296,,
48,15035,1.5163006782531738,,
48,15037,1.475461483001709,,
48,15039,1.5063515901565552,,
48,15041,1.4959726333618164,,
48,15043,1.6185145378112793,,
48,15045,1.5461643934249878,,
48,15047,1.5189388990402222,,
48,15049,1.5688464641571045,,
48,15051,1.4980884790420532,,
48,15053,1.5046217441558838,,
48,15055,1.526587963104248,,
48,15057,1.5308163166046143,,
48,15059,1.5365996360778809,,
48,15061,1.5348509550094604,,
48,15063,1.5830193758010864,,
48,15065,1.5435138940811157,,
48,15067,1.52205228805542,,
48,15069,1.5069749355316162,,
48,15071,1.5076677799224854,,
48,15073,1.5696269273757935,,
48,15075,1.5468292236328125,,
48,15077,1.5489416122436523,,
48,15079,1.5441887378692627,,
48,15081,1.5140806436538696,,
48,15083,1.6016244888305664,,
48,15085,1.534585952758789,,
48,15087,1.5243229866027832,,
48,15089,1.584489345550537,,
48,15091,1.5056992769241333,,
48,15093,1.4694595336914062,,
48,15095,1.500126838684082,,
48,15097,1.508629322052002,,
48,15099,1.6033167839050293,,
48,15101,1.5240542888641357,,
48,15103,1.5748839378356934,,
48,15105,1.5362308025360107,,
48,15107,1.5491381883621216,,
48,15109,1.5467522144317627,,
48,15111,1.5506350994110107,,
48,15113,1.610670566558838,,
48,15115,1.5233087539672852,,
48,15117,1.5109142065048218,,
48,15119,1.5738840103149414,,
48,15121,1.4704010486602783,,
48,15123,1.594783902168274,,
48,15125,1.5215293169021606,,
48,15127,1.505434513092041,,
48,15129,1.525163173675537,,
48,15131,1.4546961784362793,,
48,15133,1.4900224208831787,,
48,15135,1.5381581783294678,,
48,15137,1.5279629230499268,,
48,15139,1.5152995586395264,,
48,15141,1.513171672821045,,
48,15143,1.5621061325073242,,
48,15145,1.5586504936218262,,
48,15147,1.516023874282837,,
48,15149,1.4548619985580444,,
48,15151,1.5853339433670044,,
48,15153,1.5001873970031738,,
48,15155,1.615156888961792,,
48,15157,1.5503969192504883,,
48,15159,1.5754914283752441,,
48,15161,1.5050551891326904,,
48,15163,1.4892292022705078,,
48,15165,1.5246148109436035,,
48,15167,1.5752304792404175,,
48,15169,1.546736240386963,,
48,15171,1.490260362625122,,
48,15173,1.5419129133224487,,
48,15175,1.5392709970474243,,
48,15177,1.4701321125030518,,
48,15179,1.4596655368804932,,
48,15181,1.5079216957092285,,
48,15183,1.4853527545928955,,
48,15185,1.5743601322174072,,
48,15187,1.5144280195236206,,
48,15189,1.6194045543670654,,
48,15191,1.5591700077056885,,
48,15193,1.4747952222824097,,
48,15195,1.4936010837554932,,
48,15197,1.5583081245422363,,
48,15199,1.5301944017410278,,
48,15201,1.5245990753173828,,
48,15203,1.527834415435791,,
48,15205,1.521833896636963,,
48,15207,1.4460238218307495,,
48,15209,1.5757803916931152,,
48,15211,1.5277810096740723,,
48,15213,1.5136991739273071,,
48,15215,1.5390350818634033,,
48,15217,1.5631120204925537,,
48,15219,1.5454795360565186,,
48,15221,1.4461143016815186,,
48,15223,1.4793540239334106,,
48,15225,1.5876448154449463,,
48,15227,1.550795316696167,,
48,15229,1.488223910331726,,
48,15231,1.5031392574310303,,
48,15233,1.483443260192871,,
48,15235,1.448475956916809,,
48,15237,1.471035361289978,,
48,15239,1.5023753643035889,,
48,15241,1.5208356380462646,,
48,15243,1.5217317342758179,,
48,15245,1.567246437072754,,
48,15247,1.4995216131210327,,
48,15249,1.5290522575378418,,
48,15251,1.5216360092163086,,
48,15253,1.515576720237732,,
48,15255,1.5696609020233154,,
48,15257,1.508135199546814,,
48,15259,1.5901248455047607,,
48,15261,1.514706015586853,,
48,15263,1.5735511779785156,,
48,15265,1.5334365367889404,,
48,15267,1.4551963806152344,,
48,15269,1.5633442401885986,,
48,15271,1.5198352336883545,,
48,15273,1.4608341455459595,,
48,15275,1.541743516921997,,
48,15277,1.5603564977645874,,
48,15279,1.5826818943023682,,
48,15281,1.5327115058898926,,
48,15283,1.5236387252807617,,
48,15285,1.4746006727218628,,
48,15287,1.6227619647979736,,
48,15289,1.53963041305542,,
48,15291,1.529589056968689,,
48,15293,1.5485095977783203,,
48,15295,1.502862572669983,,
48,15297,1.4886107444763184,,
48,15299,1.4665727615356445,,
48,15301,1.481297254562378,,
48,15303,1.471998929977417,,
48,15305,1.514967918395996,,
48,15307,1.4533079862594604,,
48,15309,1.5006341934204102,,
48,15311,1.5888750553131104,,
48,15313,1.5424516201019287,,
48,15315,1.4584524631500244,,
48,15317,1.4797608852386475,,
48,15319,1.5788136720657349,,
48,15321,1.4567139148712158,,
48,15323,1.4843238592147827,,
48,15325,1.4959635734558105,,
48,15327,1.4575903415679932,,
48,15329,1.4625295400619507,,
48,15331,1.5122792720794678,,
48,15333,1.5263903141021729,,
48,15335,1.6025590896606445,,
48,15336,,0.46544307470321655,1.523170828819275
49,15337,1.556097388267517,,
49,15339,1.5768637657165527,,
49,15341,1.5036101341247559,,
49,15343,1.5377469062805176,,
49,15345,1.4007952213287354,,
49,15347,1.5708413124084473,,
49,15349,1.5589160919189453,,
49,15351,1.511439323425293,,
49,15353,1.551106333732605,,
49,15355,1.5445960760116577,,
49,15357,1.5037391185760498,,
49,15359,1.5102033615112305,,
49,15361,1.5726757049560547,,
49,15363,1.5043182373046875,,
49,15365,1.574209451675415,,
49,15367,1.572033405303955,,
49,15369,1.515066385269165,,
49,15371,1.5096336603164673,,
49,15373,1.5220699310302734,,
49,15375,1.5299341678619385,,
49,15377,1.4674265384674072,,
49,15379,1.4903371334075928,,
49,15381,1.5252408981323242,,
49,15383,1.4643620252609253,,
49,15385,1.4779047966003418,,
49,15387,1.5943033695220947,,
49,15389,1.5188424587249756,,
49,15391,1.502927541732788,,
49,15393,1.488316535949707,,
49,15395,1.5018010139465332,,
49,15397,1.5552817583084106,,
49,15399,1.5170540809631348,,
49,15401,1.4645073413848877,,
49,15403,1.54287850856781,,
49,15405,1.6267114877700806,,
49,15407,1.5430258512496948,,
49,15409,1.5345165729522705,,
49,15411,1.517836093902588,,
49,15413,1.5176331996917725,,
49,15415,1.426389217376709,,
49,15417,1.50406813621521,,
49,15419,1.423957347869873,,
49,15421,1.639681339263916,,
49,15423,1.528477430343628,,
49,15425,1.5641891956329346,,
49,15427,1.450798511505127,,
49,15429,1.5972868204116821,,
49,15431,1.535605788230896,,
49,15433,1.5125823020935059,,
49,15435,1.5135421752929688,,
49,15437,1.5769543647766113,,
49,15439,1.4537527561187744,,
49,15441,1.5352509021759033,,
49,15443,1.5260423421859741,,
49,15445,1.5142745971679688,,
49,15447,1.5815787315368652,,
49,15449,1.560732126235962,,
49,15451,1.5400559902191162,,
49,15453,1.4779996871948242,,
49,15455,1.524631381034851,,
49,15457,1.5035572052001953,,
49,15459,1.5043286085128784,,
49,15461,1.5979951620101929,,
49,15463,1.501225233078003,,
49,15465,1.4934377670288086,,
49,15467,1.496351718902588,,
49,15469,1.4778382778167725,,
49,15471,1.5318148136138916,,
49,15473,1.5253932476043701,,
49,15475,1.4862630367279053,,
49,15477,1.5266475677490234,,
49,15479,1.498901605606079,,
49,15481,1.5586471557617188,,
49,15483,1.508649230003357,,
49,15485,1.5285890102386475,,
49,15487,1.6075069904327393,,
49,15489,1.5882670879364014,,
49,15491,1.5130524635314941,,
49,15493,1.5071613788604736,,
49,15495,1.4914456605911255,,
49,15497,1.5713727474212646,,
49,15499,1.5680828094482422,,
49,15501,1.5062739849090576,,
49,15503,1.553109884262085,,
49,15505,1.570894479751587,,
49,15507,1.5690072774887085,,
49,15509,1.4636411666870117,,
49,15511,1.5312144756317139,,
49,15513,1.5599547624588013,,
49,15515,1.5396547317504883,,
49,15517,1.5406994819641113,,
49,15519,1.555552363395691,,
49,15521,1.485909104347229,,
49,15523,1.5412824153900146,,
49,15525,1.5584526062011719,,
49,15527,1.484796404838562,,
49,15529,1.5557177066802979,,
49,15531,1.5988306999206543,,
49,15533,1.5112943649291992,,
49,15535,1.5644524097442627,,
49,15537,1.5514799356460571,,
49,15539,1.5299484729766846,,
49,15541,1.559004783630371,,
49,15543,1.5455726385116577,,
49,15545,1.5639865398406982,,
49,15547,1.5368218421936035,,
49,15549,1.5234684944152832,,
49,15551,1.5714972019195557,,
49,15553,1.5321495532989502,,
49,15555,1.5178275108337402,,
49,15557,1.4588507413864136,,
49,15559,1.5271170139312744,,
49,15561,1.4683411121368408,,
49,15563,1.430026650428772,,
49,15565,1.6026501655578613,,
49,15567,1.5343798398971558,,
49,15569,1.476069688796997,,
49,15571,1.5120577812194824,,
49,15573,1.5868499279022217,,
49,15575,1.4334704875946045,,
49,15577,1.5257062911987305,,
49,15579,1.5269854068756104,,
49,15581,1.5517736673355103,,
49,15583,1.5232566595077515,,
49,15585,1.485857605934143,,
49,15587,1.4996775388717651,,
49,15589,1.5020854473114014,,
49,15591,1.4722702503204346,,
49,15593,1.591305136680603,,
49,15595,1.5049352645874023,,
49,15597,1.5167272090911865,,
49,15599,1.5062592029571533,,
49,15601,1.5213901996612549,,
49,15603,1.5644869804382324,,
49,15605,1.5299526453018188,,
49,15607,1.511887550354004,,
49,15609,1.4590239524841309,,
49,15611,1.4811851978302002,,
49,15613,1.5614674091339111,,
49,15615,1.5719528198242188,,
49,15617,1.5842958688735962,,
49,15619,1.546816349029541,,
49,15621,1.5883314609527588,,
49,15623,1.5529158115386963,,
49,15625,1.5357797145843506,,
49,15627,1.448814034461975,,
49,15629,1.491233468055725,,
49,15631,1.5683603286743164,,
49,15633,1.4862055778503418,,
49,15635,1.538265347480774,,
49,15637,1.5624959468841553,,
49,15639,1.5694384574890137,,
49,15641,1.572774052619934,,
49,15643,1.4639047384262085,,
49,15645,1.541176199913025,,
49,15647,1.4622728824615479,,
49,15649,1.543081521987915,,
49,15649,,0.46544307470321655,1.5231863260269165
50,15651,1.5895147323608398,,
50,15653,1.5351160764694214,,
50,15655,1.5745701789855957,,
50,15657,1.5561137199401855,,
50,15659,1.562669038772583,,
50,15661,1.5342867374420166,,
50,15663,1.5310428142547607,,
50,15665,1.5007226467132568,,
50,15667,1.515739917755127,,
50,15669,1.5819427967071533,,
50,15671,1.5078825950622559,,
50,15673,1.5926287174224854,,
50,15675,1.5247972011566162,,
50,15677,1.4829833507537842,,
50,15679,1.5803152322769165,,
50,15681,1.5169367790222168,,
50,15683,1.591460108757019,,
50,15685,1.4969229698181152,,
50,15687,1.5313245058059692,,
50,15689,1.5292086601257324,,
50,15691,1.5114431381225586,,
50,15693,1.537994623184204,,
50,15695,1.6015890836715698,,
50,15697,1.5945749282836914,,
50,15699,1.5068378448486328,,
50,15701,1.5017653703689575,,
50,15703,1.5203778743743896,,
50,15705,1.5318528413772583,,
50,15707,1.514417290687561,,
50,15709,1.543392300605774,,
50,15711,1.5384578704833984,,
50,15713,1.538940668106079,,
50,15715,1.4150445461273193,,
50,15717,1.5202882289886475,,
50,15719,1.5530705451965332,,
50,15721,1.5145833492279053,,
50,15723,1.5295321941375732,,
50,15725,1.6261012554168701,,
50,15727,1.5708595514297485,,
50,15729,1.5038273334503174,,
50,15731,1.4888911247253418,,
50,15733,1.57917320728302,,
50,15735,1.5159447193145752,,
50,15737,1.519781470298767,,
50,15739,1.5145214796066284,,
50,15741,1.553678035736084,,
50,15743,1.5201663970947266,,
50,15745,1.4833757877349854,,
50,15747,1.5447969436645508,,
50,15749,1.495222806930542,,
50,15751,1.4620482921600342,,
50,15753,1.5466418266296387,,
50,15755,1.5063384771347046,,
50,15757,1.492612361907959,,
50,15759,1.5030596256256104,,
50,15761,1.52557373046875,,
50,15763,1.5223901271820068,,
50,15765,1.5331923961639404,,
50,15767,1.5371993780136108,,
50,15769,1.445155382156372,,
50,15771,1.4867660999298096,,
50,15773,1.4852774143218994,,
50,15775,1.6253222227096558,,
50,15777,1.4721951484680176,,
50,15779,1.4983073472976685,,
50,15781,1.5291967391967773,,
50,15783,1.5212814807891846,,
50,15785,1.4607884883880615,,
50,15787,1.500037670135498,,
50,15789,1.5511643886566162,,
50,15791,1.5341637134552002,,
50,15793,1.527684211730957,,
50,15795,1.5570337772369385,,
50,15797,1.497797966003418,,
50,15799,1.445744514465332,,
50,15801,1.5327765941619873,,
50,15803,1.5133551359176636,,
50,15805,1.4634575843811035,,
50,15807,1.5432758331298828,,
50,15809,1.4979478120803833,,
50,15811,1.5343458652496338,,
50,15813,1.5465104579925537,,
50,15815,1.5598959922790527,,
50,15817,1.5098986625671387,,
50,15819,1.5323398113250732,,
50,15821,1.5351243019104004,,
50,15823,1.490706205368042,,
50,15825,1.537100076675415,,
50,15827,1.5816686153411865,,
50,15829,1.5247327089309692,,
50,15831,1.5262809991836548,,
50,15833,1.5785918235778809,,
50,15835,1.4808833599090576,,
50,15837,1.5076438188552856,,
50,15839,1.5076318979263306,,
50,15841,1.542138934135437,,
50,15843,1.4901902675628662,,
50,15845,1.5760374069213867,,
50,15847,1.5008702278137207,,
50,15849,1.487059473991394,,
50,15851,1.537940502166748,,
50,15853,1.4718434810638428,,
50,15855,1.5385265350341797,,
50,15857,1.598708152770996,,
50,15859,1.5784411430358887,,
50,15861,1.474654197692871,,
50,15863,1.4870399236679077,,
50,15865,1.5631976127624512,,
50,15867,1.497476577758789,,
50,15869,1.5382978916168213,,
50,15871,1.5211994647979736,,
50,15873,1.4768227338790894,,
50,15875,1.5147417783737183,,
50,15877,1.5164663791656494,,
50,15879,1.534430742263794,,
50,15881,1.5358145236968994,,
50,15883,1.4820212125778198,,
50,15885,1.5366461277008057,,
50,15887,1.4986469745635986,,
50,15889,1.495246171951294,,
50,15891,1.5051639080047607,,
50,15893,1.5354588031768799,,
50,15895,1.518957257270813,,
50,15897,1.517493724822998,,
50,15899,1.5407541990280151,,
50,15901,1.5400782823562622,,
50,15903,1.545613408088684,,
50,15905,1.440082311630249,,
50,15907,1.5806968212127686,,
50,15909,1.5243946313858032,,
50,15911,1.5353989601135254,,
50,15913,1.5487442016601562,,
50,15915,1.5156092643737793,,
50,15917,1.49082612991333,,
50,15919,1.5471148490905762,,
50,15921,1.5198657512664795,,
50,15923,1.5195634365081787,,
50,15925,1.5044126510620117,,
50,15927,1.4745233058929443,,
50,15929,1.5440189838409424,,
50,15931,1.504784345626831,,
50,15933,1.5538556575775146,,
50,15935,1.528199553489685,,
50,15937,1.5010383129119873,,
50,15939,1.5882117748260498,,
50,15941,1.4716405868530273,,
50,15943,1.5244560241699219,,
50,15945,1.4892001152038574,,
50,15947,1.5121946334838867,,
50,15949,1.4727504253387451,,
50,15951,1.5720317363739014,,
50,15953,1.5040043592453003,,
50,15955,1.5451264381408691,,
50,15957,1.4973880052566528,,
50,15959,1.5306065082550049,,
50,15961,1.4545419216156006,,
50,15962,,0.46544307470321655,1.5231317281723022
51,15963,1.509039044380188,,
51,15965,1.5586802959442139,,
51,15967,1.5433844327926636,,
51,15969,1.4595915079116821,,
51,15971,1.5448451042175293,,
51,15973,1.5486571788787842,,
51,15975,1.5669355392456055,,
51,15977,1.5094640254974365,,
51,15979,1.5867862701416016,,
51,15981,1.5183641910552979,,
51,15983,1.551541805267334,,
51,15985,1.6096839904785156,,
51,15987,1.559246301651001,,
51,15989,1.552724838256836,,
51,15991,1.5037356615066528,,
51,15993,1.5441814661026,,
51,15995,1.470336675643921,,
51,15997,1.4888142347335815,,
51,15999,1.560455322265625,,
51,16001,1.591912031173706,,
51,16003,1.5863571166992188,,
51,16005,1.5299549102783203,,
51,16007,1.5610685348510742,,
51,16009,1.5721148252487183,,
51,16011,1.535677194595337,,
51,16013,1.5100427865982056,,
51,16015,1.5065255165100098,,
51,16017,1.506853461265564,,
51,16019,1.4851670265197754,,
51,16021,1.5709125995635986,,
51,16023,1.5979459285736084,,
51,16025,1.5354034900665283,,
51,16027,1.4879205226898193,,
51,16029,1.4738322496414185,,
51,16031,1.535292625427246,,
51,16033,1.5014559030532837,,
51,16035,1.5249810218811035,,
51,16037,1.4833000898361206,,
51,16039,1.5996249914169312,,
51,16041,1.508242130279541,,
51,16043,1.53425931930542,,
51,16045,1.5704128742218018,,
51,16047,1.5383446216583252,,
51,16049,1.5366297960281372,,
51,16051,1.570526123046875,,
51,16053,1.4429807662963867,,
51,16055,1.5321096181869507,,
51,16057,1.5405240058898926,,
51,16059,1.5601762533187866,,
51,16061,1.578098177909851,,
51,16063,1.4954134225845337,,
51,16065,1.5146888494491577,,
51,16067,1.524289846420288,,
51,16069,1.4371665716171265,,
51,16071,1.5388309955596924,,
51,16073,1.6203680038452148,,
51,16075,1.4799377918243408,,
51,16077,1.535818338394165,,
51,16079,1.4701131582260132,,
51,16081,1.586775541305542,,
51,16083,1.4662433862686157,,
51,16085,1.415386438369751,,
51,16087,1.5908193588256836,,
51,16089,1.5585660934448242,,
51,16091,1.4992265701293945,,
51,16093,1.5095734596252441,,
51,16095,1.525428056716919,,
51,16097,1.4858719110488892,,
51,16099,1.5271905660629272,,
51,16101,1.52197265625,,
51,16103,1.5002691745758057,,
51,16105,1.5497413873672485,,
51,16107,1.5283689498901367,,
51,16109,1.4764680862426758,,
51,16111,1.6279971599578857,,
51,16113,1.5361509323120117,,
51,16115,1.5309133529663086,,
51,16117,1.5233020782470703,,
51,16119,1.5818076133728027,,
51,16121,1.4781668186187744,,
51,16123,1.564896821975708,,
51,16125,1.503462314605713,,
51,16127,1.4954838752746582,,
51,16129,1.4541404247283936,,
51,16131,1.4972145557403564,,
51,16133,1.474529504776001,,
51,16135,1.4509215354919434,,
51,16137,1.4975433349609375,,
51,16139,1.5209312438964844,,
51,16141,1.4548609256744385,,
51,16143,1.5681259632110596,,
51,16145,1.5759663581848145,,
51,16147,1.5240504741668701,,
51,16149,1.472740650177002,,
51,16151,1.5192619562149048,,
51,16153,1.5375664234161377,,
51,16155,1.5092682838439941,,
51,16157,1.5226361751556396,,
51,16159,1.5808029174804688,,
51,16161,1.5304127931594849,,
51,16163,1.5527703762054443,,
51,16165,1.4753379821777344,,
51,16167,1.518776535987854,,
51,16169,1.57240891456604,,
51,16171,1.493723750114441,,
51,16173,1.515256643295288,,
51,16175,1.5566937923431396,,
51,16177,1.5610837936401367,,
51,16179,1.5362510681152344,,
51,16181,1.4555739164352417,,
51,16183,1.5262680053710938,,
51,16185,1.5211769342422485,,
51,16187,1.5277265310287476,,
51,16189,1.5373677015304565,,
51,16191,1.4765089750289917,,
51,16193,1.4917302131652832,,
51,16195,1.548783302307129,,
51,16197,1.5706723928451538,,
51,16199,1.498600721359253,,
51,16201,1.4941020011901855,,
51,16203,1.5245020389556885,,
51,16205,1.5715841054916382,,
51,16207,1.517917513847351,,
51,16209,1.5084339380264282,,
51,16211,1.497574806213379,,
51,16213,1.5382013320922852,,
51,16215,1.5432080030441284,,
51,16217,1.4975266456604004,,
51,16219,1.4932669401168823,,
51,16221,1.5141570568084717,,
51,16223,1.5209225416183472,,
51,16225,1.4990769624710083,,
51,16227,1.5455451011657715,,
51,16229,1.507225751876831,,
51,16231,1.5269280672073364,,
51,16233,1.5890018939971924,,
51,16235,1.5515742301940918,,
51,16237,1.5181903839111328,,
51,16239,1.5770385265350342,,
51,16241,1.5189353227615356,,
51,16243,1.5326318740844727,,
51,16245,1.506280541419983,,
51,16247,1.5057291984558105,,
51,16249,1.5007009506225586,,
51,16251,1.5403542518615723,,
51,16253,1.5041227340698242,,
51,16255,1.5676050186157227,,
51,16257,1.5175352096557617,,
51,16259,1.5194542407989502,,
51,16261,1.458950400352478,,
51,16263,1.535635232925415,,
51,16265,1.5772372484207153,,
51,16267,1.6340932846069336,,
51,16269,1.4707183837890625,,
51,16271,1.4826215505599976,,
51,16273,1.4849175214767456,,
51,16275,1.5377368927001953,,
51,16275,,0.46544307470321655,1.5231291055679321
52,16277,1.4715032577514648,,
52,16279,1.462297797203064,,
52,16281,1.547215461730957,,
52,16283,1.4853812456130981,,
52,16285,1.531012773513794,,
52,16287,1.4226484298706055,,
52,16289,1.524241328239441,,
52,16291,1.4873485565185547,,
52,16293,1.4834917783737183,,
52,16295,1.5095151662826538,,
52,16297,1.5656598806381226,,
52,16299,1.5038163661956787,,
52,16301,1.6073777675628662,,
52,16303,1.5043284893035889,,
52,16305,1.559373140335083,,
52,16307,1.4773155450820923,,
52,16309,1.532602310180664,,
52,16311,1.4522323608398438,,
52,16313,1.5157620906829834,,
52,16315,1.5683976411819458,,
52,16317,1.5084526538848877,,
52,16319,1.5095322132110596,,
52,16321,1.4690124988555908,,
52,16323,1.5248894691467285,,
52,16325,1.5192066431045532,,
52,16327,1.5603282451629639,,
52,16329,1.5047856569290161,,
52,16331,1.5073583126068115,,
52,16333,1.482905626296997,,
52,16335,1.4688475131988525,,
52,16337,1.4449728727340698,,
52,16339,1.541787028312683,,
52,16341,1.4915562868118286,,
52,16343,1.5137964487075806,,
52,16345,1.526313304901123,,
52,16347,1.5178096294403076,,
52,16349,1.5661513805389404,,
52,16351,1.5262603759765625,,
52,16353,1.5669572353363037,,
52,16355,1.488147497177124,,
52,16357,1.4916902780532837,,
52,16359,1.4500306844711304,,
52,16361,1.4843924045562744,,
52,16363,1.491614580154419,,
52,16365,1.5253791809082031,,
52,16367,1.5430564880371094,,
52,16369,1.5118155479431152,,
52,16371,1.5148768424987793,,
52,16373,1.5470514297485352,,
52,16375,1.4676282405853271,,
52,16377,1.5607655048370361,,
52,16379,1.4804587364196777,,
52,16381,1.484177827835083,,
52,16383,1.4733976125717163,,
52,16385,1.4523639678955078,,
52,16387,1.474397897720337,,
52,16389,1.488145351409912,,
52,16391,1.4617127180099487,,
52,16393,1.5286829471588135,,
52,16395,1.5695478916168213,,
52,16397,1.5921393632888794,,
52,16399,1.444812297821045,,
52,16401,1.560678243637085,,
52,16403,1.4502698183059692,,
52,16405,1.4988658428192139,,
52,16407,1.5170159339904785,,
52,16409,1.4577516317367554,,
52,16411,1.6154611110687256,,
52,16413,1.5106041431427002,,
52,16415,1.5862290859222412,,
52,16417,1.5082385540008545,,
52,16419,1.5729401111602783,,
52,16421,1.507817268371582,,
52,16423,1.5601987838745117,,
52,16425,1.4491486549377441,,
52,16427,1.5861437320709229,,
52,16429,1.6128110885620117,,
52,16431,1.5171771049499512,,
52,16433,1.5687463283538818,,
52,16435,1.484547734260559,,
52,16437,1.5405058860778809,,
52,16439,1.5387799739837646,,
52,16441,1.4891401529312134,,
52,16443,1.5625826120376587,,
52,16445,1.4151426553726196,,
52,16447,1.4614237546920776,,
52,16449,1.537353515625,,
52,16451,1.5304327011108398,,
52,16453,1.4922068119049072,,
52,16455,1.5673028230667114,,
52,16457,1.5228629112243652,,
52,16459,1.500666618347168,,
52,16461,1.562990665435791,,
52,16463,1.5649034976959229,,
52,16465,1.5502376556396484,,
52,16467,1.5396887063980103,,
52,16469,1.5047909021377563,,
52,16471,1.535895586013794,,
52,16473,1.4582486152648926,,
52,16475,1.5235073566436768,,
52,16477,1.4969794750213623,,
52,16479,1.4815988540649414,,
52,16481,1.5525803565979004,,
52,16483,1.590507984161377,,
52,16485,1.561516523361206,,
52,16487,1.490990400314331,,
52,16489,1.5761841535568237,,
52,16491,1.5612468719482422,,
52,16493,1.5676867961883545,,
52,16495,1.5401666164398193,,
52,16497,1.5946357250213623,,
52,16499,1.5556811094284058,,
52,16501,1.5821794271469116,,
52,16503,1.595641016960144,,
52,16505,1.512500524520874,,
52,16507,1.5472571849822998,,
52,16509,1.5127609968185425,,
52,16511,1.5027447938919067,,
52,16513,1.5484516620635986,,
52,16515,1.54451322555542,,
52,16517,1.5244255065917969,,
52,16519,1.4862279891967773,,
52,16521,1.5394741296768188,,
52,16523,1.5978909730911255,,
52,16525,1.4248014688491821,,
52,16527,1.5255013704299927,,
52,16529,1.558997392654419,,
52,16531,1.4942206144332886,,
52,16533,1.5880308151245117,,
52,16535,1.5669046640396118,,
52,16537,1.5382803678512573,,
52,16539,1.4615497589111328,,
52,16541,1.547994613647461,,
52,16543,1.5202114582061768,,
52,16545,1.4066851139068604,,
52,16547,1.5008060932159424,,
52,16549,1.5344197750091553,,
52,16551,1.4688491821289062,,
52,16553,1.593484878540039,,
52,16555,1.5048727989196777,,
52,16557,1.573915719985962,,
52,16559,1.5976159572601318,,
52,16561,1.5379555225372314,,
52,16563,1.4547258615493774,,
52,16565,1.5498840808868408,,
52,16567,1.5219919681549072,,
52,16569,1.4904601573944092,,
52,16571,1.5511033535003662,,
52,16573,1.5562653541564941,,
52,16575,1.4500586986541748,,
52,16577,1.5328928232192993,,
52,16579,1.473203182220459,,
52,16581,1.4893743991851807,,
52,16583,1.575333595275879,,
52,16585,1.5804755687713623,,
52,16587,1.501104474067688,,
52,16588,,0.46544307470321655,1.523123025894165
53,16589,1.5716102123260498,,
53,16591,1.4698777198791504,,
53,16593,1.5233309268951416,,
53,16595,1.526676058769226,,
53,16597,1.5116099119186401,,
53,16599,1.4866902828216553,,
53,16601,1.5410511493682861,,
53,16603,1.490527629852295,,
53,16605,1.5226128101348877,,
53,16607,1.5584834814071655,,
53,16609,1.4893008470535278,,
53,16611,1.5840868949890137,,
53,16613,1.5509474277496338,,
53,16615,1.5517421960830688,,
53,16617,1.5601794719696045,,
53,16619,1.5363860130310059,,
53,16621,1.5268521308898926,,
53,16623,1.506485104560852,,
53,16625,1.5459635257720947,,
53,16627,1.511945366859436,,
53,16629,1.4250050783157349,,
53,16631,1.495695948600769,,
53,16633,1.4996856451034546,,
53,16635,1.5434260368347168,,
53,16637,1.5045640468597412,,
53,16639,1.4518013000488281,,
53,16641,1.5264570713043213,,
53,16643,1.612086296081543,,
53,16645,1.4988768100738525,,
53,16647,1.5515860319137573,,
53,16649,1.4978361129760742,,
53,16651,1.50733482837677,,
53,16653,1.5436275005340576,,
53,16655,1.5394233465194702,,
53,16657,1.4910461902618408,,
53,16659,1.4830284118652344,,
53,16661,1.5898088216781616,,
53,16663,1.5503236055374146,,
53,16665,1.5433810949325562,,
53,16667,1.5389107465744019,,
53,16669,1.515026569366455,,
53,16671,1.4782664775848389,,
53,16673,1.5502359867095947,,
53,16675,1.4989752769470215,,
53,16677,1.5507099628448486,,
53,16679,1.5158281326293945,,
53,16681,1.5390956401824951,,
53,16683,1.523971676826477,,
53,16685,1.5842382907867432,,
53,16687,1.4737751483917236,,
53,16689,1.5329633951187134,,
53,16691,1.5145230293273926,,
53,16693,1.600501537322998,,
53,16695,1.4828884601593018,,
53,16697,1.477391004562378,,
53,16699,1.48582923412323,,
53,16701,1.5456478595733643,,
53,16703,1.5176055431365967,,
53,16705,1.4753782749176025,,
53,16707,1.4888975620269775,,
53,16709,1.527418851852417,,
53,16711,1.5540964603424072,,
53,16713,1.4462816715240479,,
53,16715,1.4880759716033936,,
53,16717,1.5373718738555908,,
53,16719,1.5484957695007324,,
53,16721,1.525968074798584,,
53,16723,1.486764907836914,,
53,16725,1.574272871017456,,
53,16727,1.5483577251434326,,
53,16729,1.5188782215118408,,
53,16731,1.6121783256530762,,
53,16733,1.567008137702942,,
53,16735,1.4482375383377075,,
53,16737,1.5334467887878418,,
53,16739,1.5220625400543213,,
53,16741,1.5534815788269043,,
53,16743,1.5138481855392456,,
53,16745,1.4603593349456787,,
53,16747,1.5151183605194092,,
53,16749,1.4977033138275146,,
53,16751,1.5090680122375488,,
53,16753,1.5365409851074219,,
53,16755,1.5418434143066406,,
53,16757,1.5409064292907715,,
53,16759,1.4842560291290283,,
53,16761,1.5600438117980957,,
53,16763,1.4662275314331055,,
53,16765,1.510483741760254,,
53,16767,1.5641814470291138,,
53,16769,1.5633008480072021,,
53,16771,1.5177593231201172,,
53,16773,1.532153844833374,,
53,16775,1.526813268661499,,
53,16777,1.432032823562622,,
53,16779,1.6387310028076172,,
53,16781,1.578438639640808,,
53,16783,1.4411611557006836,,
53,16785,1.511486291885376,,
53,16787,1.5459585189819336,,
53,16789,1.5760936737060547,,
53,16791,1.5328129529953003,,
53,16793,1.5080163478851318,,
53,16795,1.6205114126205444,,
53,16797,1.5143535137176514,,
53,16799,1.5542175769805908,,
53,16801,1.4429399967193604,,
53,16803,1.4868812561035156,,
53,16805,1.570875644683838,,
53,16807,1.5016182661056519,,
53,16809,1.541551113128662,,
53,16811,1.585935354232788,,
53,16813,1.541565179824829,,
53,16815,1.5659879446029663,,
53,16817,1.5775442123413086,,
53,16819,1.5604974031448364,,
53,16821,1.6118550300598145,,
53,16823,1.5139974355697632,,
53,16825,1.5174882411956787,,
53,16827,1.5462067127227783,,
53,16829,1.5506885051727295,,
53,16831,1.563116431236267,,
53,16833,1.5200190544128418,,
53,16835,1.4964869022369385,,
53,16837,1.5422840118408203,,
53,16839,1.4614418745040894,,
53,16841,1.5516899824142456,,
53,16843,1.5593088865280151,,
53,16845,1.560397744178772,,
53,16847,1.5543217658996582,,
53,16849,1.5452320575714111,,
53,16851,1.4363431930541992,,
53,16853,1.6039299964904785,,
53,16855,1.4636461734771729,,
53,16857,1.545940637588501,,
53,16859,1.6064784526824951,,
53,16861,1.512318730354309,,
53,16863,1.5128636360168457,,
53,16865,1.4908416271209717,,
53,16867,1.5839046239852905,,
53,16869,1.585773229598999,,
53,16871,1.5185701847076416,,
53,16873,1.509993076324463,,
53,16875,1.5053551197052002,,
53,16877,1.531484842300415,,
53,16879,1.5657094717025757,,
53,16881,1.5851300954818726,,
53,16883,1.5385923385620117,,
53,16885,1.5635961294174194,,
53,16887,1.4901899099349976,,
53,16889,1.588346004486084,,
53,16891,1.5068767070770264,,
53,16893,1.5699797868728638,,
53,16895,1.5260748863220215,,
53,16897,1.515247106552124,,
53,16899,1.5116803646087646,,
53,16901,1.5081658363342285,,
53,16901,,0.46544307470321655,1.5231376886367798
54,16903,1.470109224319458,,
54,16905,1.5401334762573242,,
54,16907,1.5170179605484009,,
54,16909,1.4704205989837646,,
54,16911,1.498736023902893,,
54,16913,1.5016285181045532,,
54,16915,1.4983105659484863,,
54,16917,1.4975738525390625,,
54,16919,1.511652946472168,,
54,16921,1.5678608417510986,,
54,16923,1.5494968891143799,,
54,16925,1.5516762733459473,,
54,16927,1.58469557762146,,
54,16929,1.5340251922607422,,
54,16931,1.4964184761047363,,
54,16933,1.530097484588623,,
54,16935,1.417275071144104,,
54,16937,1.533463478088379,,
54,16939,1.5654897689819336,,
54,16941,1.504166603088379,,
54,16943,1.5554826259613037,,
54,16945,1.542762279510498,,
54,16947,1.5210261344909668,,
54,16949,1.5379924774169922,,
54,16951,1.5407218933105469,,
54,16953,1.5891977548599243,,
54,16955,1.565016269683838,,
54,16957,1.4850736856460571,,
54,16959,1.5153125524520874,,
54,16961,1.5034180879592896,,
54,16963,1.5113272666931152,,
54,16965,1.476182460784912,,
54,16967,1.5814194679260254,,
54,16969,1.5992026329040527,,
54,16971,1.4609487056732178,,
54,16973,1.5036201477050781,,
54,16975,1.5003186464309692,,
54,16977,1.5490187406539917,,
54,16979,1.463932752609253,,
54,16981,1.5134166479110718,,
54,16983,1.469651222229004,,
54,16985,1.5261472463607788,,
54,16987,1.5522514581680298,,
54,16989,1.5130441188812256,,
54,16991,1.5260460376739502,,
54,16993,1.5053749084472656,,
54,16995,1.5922274589538574,,
54,16997,1.5476171970367432,,
54,16999,1.5480622053146362,,
54,17001,1.5589959621429443,,
54,17003,1.4545615911483765,,
54,17005,1.5784498453140259,,
54,17007,1.5367587804794312,,
54,17009,1.5117816925048828,,
54,17011,1.551554560661316,,
54,17013,1.6131303310394287,,
54,17015,1.5230050086975098,,
54,17017,1.4897685050964355,,
54,17019,1.4491567611694336,,
54,17021,1.5406371355056763,,
54,17023,1.5872254371643066,,
54,17025,1.4918962717056274,,
54,17027,1.5038938522338867,,
54,17029,1.520674705505371,,
54,17031,1.4779374599456787,,
54,17033,1.5074081420898438,,
54,17035,1.508570671081543,,
54,17037,1.4892921447753906,,
54,17039,1.5715692043304443,,
54,17041,1.5119171142578125,,
54,17043,1.6229208707809448,,
54,17045,1.5150684118270874,,
54,17047,1.44673490524292,,
54,17049,1.5128010511398315,,
54,17051,1.5334513187408447,,
54,17053,1.5571281909942627,,
54,17055,1.471712589263916,,
54,17057,1.4988698959350586,,
54,17059,1.440843105316162,,
54,17061,1.5057055950164795,,
54,17063,1.535363793373108,,
54,17065,1.4810235500335693,,
54,17067,1.5542457103729248,,
54,17069,1.5367951393127441,,
54,17071,1.5403821468353271,,
54,17073,1.5007498264312744,,
54,17075,1.5486900806427002,,
54,17077,1.5438547134399414,,
54,17079,1.5097508430480957,,
54,17081,1.5873368978500366,,
54,17083,1.4965019226074219,,
54,17085,1.5420832633972168,,
54,17087,1.5764405727386475,,
54,17089,1.4717226028442383,,
54,17091,1.5442579984664917,,
54,17093,1.5372495651245117,,
54,17095,1.5457202196121216,,
54,17097,1.505279779434204,,
54,17099,1.4825892448425293,,
54,17101,1.5768812894821167,,
54,17103,1.5729644298553467,,
54,17105,1.544784426689148,,
54,17107,1.5397052764892578,,
54,17109,1.4776405096054077,,
54,17111,1.616115689277649,,
54,17113,1.585212230682373,,
54,17115,1.5290465354919434,,
54,17117,1.464601993560791,,
54,17119,1.4940894842147827,,
54,17121,1.459276795387268,,
54,17123,1.522432565689087,,
54,17125,1.5434235334396362,,
54,17127,1.5087354183197021,,
54,17129,1.564825177192688,,
54,17131,1.540520429611206,,
54,17133,1.57767653465271,,
54,17135,1.5659680366516113,,
54,17137,1.4968757629394531,,
54,17139,1.4829647541046143,,
54,17141,1.501011610031128,,
54,17143,1.5913987159729004,,
54,17145,1.4797414541244507,,
54,17147,1.5257785320281982,,
54,17149,1.5162371397018433,,
54,17151,1.5564147233963013,,
54,17153,1.5621417760849,,
54,17155,1.5039825439453125,,
54,17157,1.5388342142105103,,
54,17159,1.5045623779296875,,
54,17161,1.4803991317749023,,
54,17163,1.5413330793380737,,
54,17165,1.5371825695037842,,
54,17167,1.5032185316085815,,
54,17169,1.539609670639038,,
54,17171,1.5610607862472534,,
54,17173,1.5180528163909912,,
54,17175,1.4432528018951416,,
54,17177,1.4856138229370117,,
54,17179,1.555429220199585,,
54,17181,1.594804048538208,,
54,17183,1.5625028610229492,,
54,17185,1.5175807476043701,,
54,17187,1.5256671905517578,,
54,17189,1.5341947078704834,,
54,17191,1.5771898031234741,,
54,17193,1.5320980548858643,,
54,17195,1.5609426498413086,,
54,17197,1.4908514022827148,,
54,17199,1.5031685829162598,,
54,17201,1.4582414627075195,,
54,17203,1.5035978555679321,,
54,17205,1.4842274188995361,,
54,17207,1.5219449996948242,,
54,17209,1.5470004081726074,,
54,17211,1.4490077495574951,,
54,17213,1.5482800006866455,,
54,17214,,0.46544307470321655,1.5231382846832275
55,17215,1.4967750310897827,,
55,17217,1.5055677890777588,,
55,17219,1.4886717796325684,,
55,17221,1.4942517280578613,,
55,17223,1.496938705444336,,
55,17225,1.6140146255493164,,
55,17227,1.4524853229522705,,
55,17229,1.5560097694396973,,
55,17231,1.5116397142410278,,
55,17233,1.5505223274230957,,
55,17235,1.5353446006774902,,
55,17237,1.5864405632019043,,
55,17239,1.5275999307632446,,
55,17241,1.4716768264770508,,
55,17243,1.5904555320739746,,
55,17245,1.4708759784698486,,
55,17247,1.4689390659332275,,
55,17249,1.5651963949203491,,
55,17251,1.4847042560577393,,
55,17253,1.53622305393219,,
55,17255,1.5136648416519165,,
55,17257,1.5919995307922363,,
55,17259,1.4946178197860718,,
55,17261,1.5550028085708618,,
55,17263,1.4911532402038574,,
55,17265,1.5605239868164062,,
55,17267,1.5366778373718262,,
55,17269,1.4942452907562256,,
55,17271,1.5754467248916626,,
55,17273,1.4709088802337646,,
55,17275,1.5138753652572632,,
55,17277,1.4863131046295166,,
55,17279,1.5682623386383057,,
55,17281,1.5805385112762451,,
55,17283,1.5341070890426636,,
55,17285,1.5605789422988892,,
55,17287,1.482404351234436,,
55,17289,1.5023393630981445,,
55,17291,1.5507469177246094,,
55,17293,1.5354773998260498,,
55,17295,1.4954731464385986,,
55,17297,1.5133771896362305,,
55,17299,1.5224820375442505,,
55,17301,1.523054838180542,,
55,17303,1.4875035285949707,,
55,17305,1.503730058670044,,
55,17307,1.561653971672058,,
55,17309,1.510972261428833,,
55,17311,1.5332176685333252,,
55,17313,1.4770300388336182,,
55,17315,1.4788026809692383,,
55,17317,1.4945652484893799,,
55,17319,1.55100679397583,,
55,17321,1.4646397829055786,,
55,17323,1.5180150270462036,,
55,17325,1.558042049407959,,
55,17327,1.5776991844177246,,
55,17329,1.4675443172454834,,
55,17331,1.5126585960388184,,
55,17333,1.4791464805603027,,
55,17335,1.509339451789856,,
55,17337,1.5324333906173706,,
55,17339,1.4765853881835938,,
55,17341,1.4843940734863281,,
55,17343,1.5208618640899658,,
55,17345,1.4930140972137451,,
55,17347,1.5929497480392456,,
55,17349,1.501686930656433,,
55,17351,1.5817468166351318,,
55,17353,1.6326203346252441,,
55,17355,1.5500339269638062,,
55,17357,1.5209107398986816,,
55,17359,1.5201417207717896,,
55,17361,1.5311225652694702,,
55,17363,1.4945931434631348,,
55,17365,1.5204102993011475,,
55,17367,1.5711711645126343,,
55,17369,1.4843782186508179,,
55,17371,1.5734959840774536,,
55,17373,1.4946389198303223,,
55,17375,1.5028096437454224,,
55,17377,1.5299453735351562,,
55,17379,1.5495917797088623,,
55,17381,1.4963572025299072,,
55,17383,1.5121077299118042,,
55,17385,1.5227187871932983,,
55,17387,1.6165869235992432,,
55,17389,1.5277416706085205,,
55,17391,1.5897516012191772,,
55,17393,1.5491936206817627,,
55,17395,1.512612223625183,,
55,17397,1.5168808698654175,,
55,17399,1.5333352088928223,,
55,17401,1.5968339443206787,,
55,17403,1.5385801792144775,,
55,17405,1.506116271018982,,
55,17407,1.5218346118927002,,
55,17409,1.5125043392181396,,
55,17411,1.4878009557724,,
55,17413,1.5422497987747192,,
55,17415,1.528799057006836,,
55,17417,1.487778902053833,,
55,17419,1.478117823600769,,
55,17421,1.4689123630523682,,
55,17423,1.5588436126708984,,
55,17425,1.5475959777832031,,
55,17427,1.5304666757583618,,
55,17429,1.5046453475952148,,
55,17431,1.5593667030334473,,
55,17433,1.471375584602356,,
55,17435,1.5281336307525635,,
55,17437,1.5817296504974365,,
55,17439,1.5222630500793457,,
55,17441,1.4981675148010254,,
55,17443,1.5867470502853394,,
55,17445,1.49906587600708,,
55,17447,1.4756423234939575,,
55,17449,1.5524908304214478,,
55,17451,1.4657301902770996,,
55,17453,1.5332095623016357,,
55,17455,1.5886119604110718,,
55,17457,1.4550215005874634,,
55,17459,1.5235035419464111,,
55,17461,1.492637276649475,,
55,17463,1.4437415599822998,,
55,17465,1.536750078201294,,
55,17467,1.4786012172698975,,
55,17469,1.511303424835205,,
55,17471,1.535994052886963,,
55,17473,1.4938430786132812,,
55,17475,1.575585961341858,,
55,17477,1.6182811260223389,,
55,17479,1.4722657203674316,,
55,17481,1.489833116531372,,
55,17483,1.561053991317749,,
55,17485,1.5058536529541016,,
55,17487,1.5718185901641846,,
55,17489,1.566626787185669,,
55,17491,1.5760211944580078,,
55,17493,1.5530927181243896,,
55,17495,1.5299434661865234,,
55,17497,1.4573931694030762,,
55,17499,1.4481375217437744,,
55,17501,1.523902416229248,,
55,17503,1.547074317932129,,
55,17505,1.5540657043457031,,
55,17507,1.5827523469924927,,
55,17509,1.484095573425293,,
55,17511,1.5317071676254272,,
55,17513,1.5166109800338745,,
55,17515,1.5008790493011475,,
55,17517,1.4810163974761963,,
55,17519,1.5159626007080078,,
55,17521,1.4734442234039307,,
55,17523,1.5299673080444336,,
55,17525,1.5325467586517334,,
55,17527,1.482739806175232,,
55,17527,,0.46544307470321655,1.523051381111145
56,17529,1.6043609380722046,,
56,17531,1.4966726303100586,,
56,17533,1.5633875131607056,,
56,17535,1.446929693222046,,
56,17537,1.4791216850280762,,
56,17539,1.5619754791259766,,
56,17541,1.5411937236785889,,
56,17543,1.5213533639907837,,
56,17545,1.4123892784118652,,
56,17547,1.4993534088134766,,
56,17549,1.5850106477737427,,
56,17551,1.4888087511062622,,
56,17553,1.5361952781677246,,
56,17555,1.520195484161377,,
56,17557,1.5583300590515137,,
56,17559,1.5218703746795654,,
56,17561,1.477487325668335,,
56,17563,1.524559497833252,,
56,17565,1.5472761392593384,,
56,17567,1.5591541528701782,,
56,17569,1.541620135307312,,
56,17571,1.4474016427993774,,
56,17573,1.556304693222046,,
56,17575,1.4620404243469238,,
56,17577,1.5564327239990234,,
56,17579,1.4834370613098145,,
56,17581,1.5486056804656982,,
56,17583,1.5088956356048584,,
56,17585,1.5595308542251587,,
56,17587,1.514615774154663,,
56,17589,1.5228922367095947,,
56,17591,1.5157870054244995,,
56,17593,1.5659751892089844,,
56,17595,1.5335164070129395,,
56,17597,1.5741245746612549,,
56,17599,1.5480132102966309,,
56,17601,1.4900636672973633,,
56,17603,1.460566759109497,,
56,17605,1.5027728080749512,,
56,17607,1.5336241722106934,,
56,17609,1.4964191913604736,,
56,17611,1.5559544563293457,,
56,17613,1.5081872940063477,,
56,17615,1.4947974681854248,,
56,17617,1.4554930925369263,,
56,17619,1.4752596616744995,,
56,17621,1.5488958358764648,,
56,17623,1.5767316818237305,,
56,17625,1.5148539543151855,,
56,17627,1.5352592468261719,,
56,17629,1.5761964321136475,,
56,17631,1.5014660358428955,,
56,17633,1.4709124565124512,,
56,17635,1.4837348461151123,,
56,17637,1.4827114343643188,,
56,17639,1.5692298412322998,,
56,17641,1.5188422203063965,,
56,17643,1.481917381286621,,
56,17645,1.5101442337036133,,
56,17647,1.5924365520477295,,
56,17649,1.461991786956787,,
56,17651,1.496313452720642,,
56,17653,1.5124480724334717,,
56,17655,1.5891882181167603,,
56,17657,1.5661094188690186,,
56,17659,1.4996013641357422,,
56,17661,1.49013090133667,,
56,17663,1.5593736171722412,,
56,17665,1.5091159343719482,,
56,17667,1.5220913887023926,,
56,17669,1.5477343797683716,,
56,17671,1.5369999408721924,,
56,17673,1.5457202196121216,,
56,17675,1.5670647621154785,,
56,17677,1.5271241664886475,,
56,17679,1.5417044162750244,,
56,17681,1.561379075050354,,
56,17683,1.542729377746582,,
56,17685,1.5369318723678589,,
56,17687,1.5543385744094849,,
56,17689,1.565180778503418,,
56,17691,1.4797558784484863,,
56,17693,1.4618829488754272,,
56,17695,1.5673216581344604,,
56,17697,1.5061163902282715,,
56,17699,1.5518991947174072,,
56,17701,1.5819649696350098,,
56,17703,1.5769644975662231,,
56,17705,1.4947311878204346,,
56,17707,1.5558594465255737,,
56,17709,1.5309927463531494,,
56,17711,1.5359888076782227,,
56,17713,1.5480892658233643,,
56,17715,1.5693442821502686,,
56,17717,1.5043284893035889,,
56,17719,1.483189344406128,,
56,17721,1.5377857685089111,,
56,17723,1.5948210954666138,,
56,17725,1.4958250522613525,,
56,17727,1.4575772285461426,,
56,17729,1.4877808094024658,,
56,17731,1.512759804725647,,
56,17733,1.5196268558502197,,
56,17735,1.4591431617736816,,
56,17737,1.5004234313964844,,
56,17739,1.474470615386963,,
56,17741,1.5054153203964233,,
56,17743,1.5906941890716553,,
56,17745,1.519844651222229,,
56,17747,1.4943517446517944,,
56,17749,1.4984724521636963,,
56,17751,1.5160526037216187,,
56,17753,1.5183470249176025,,
56,17755,1.495315432548523,,
56,17757,1.5109984874725342,,
56,17759,1.5750418901443481,,
56,17761,1.4824641942977905,,
56,17763,1.5730663537979126,,
56,17765,1.5325875282287598,,
56,17767,1.478834867477417,,
56,17769,1.5699105262756348,,
56,17771,1.45004141330719,,
56,17773,1.4972801208496094,,
56,17775,1.4897563457489014,,
56,17777,1.5466018915176392,,
56,17779,1.5831348896026611,,
56,17781,1.4389123916625977,,
56,17783,1.5587669610977173,,
56,17785,1.5719343423843384,,
56,17787,1.5047857761383057,,
56,17789,1.5393617153167725,,
56,17791,1.4508116245269775,,
56,17793,1.5494797229766846,,
56,17795,1.574223279953003,,
56,17797,1.5073504447937012,,
56,17799,1.5224506855010986,,
56,17801,1.4691402912139893,,
56,17803,1.591376543045044,,
56,17805,1.5118741989135742,,
56,17807,1.5787378549575806,,
56,17809,1.5816638469696045,,
56,17811,1.5173277854919434,,
56,17813,1.476319432258606,,
56,17815,1.5037386417388916,,
56,17817,1.5059912204742432,,
56,17819,1.514396071434021,,
56,17821,1.548659086227417,,
56,17823,1.488663673400879,,
56,17825,1.631282091140747,,
56,17827,1.520829439163208,,
56,17829,1.4933359622955322,,
56,17831,1.4504668712615967,,
56,17833,1.5733978748321533,,
56,17835,1.5226536989212036,,
56,17837,1.5661509037017822,,
56,17839,1.5782372951507568,,
56,17840,,0.46544307470321655,1.5230618715286255
57,17841,1.5659124851226807,,
57,17843,1.5587975978851318,,
57,17845,1.599463939666748,,
57,17847,1.5410165786743164,,
57,17849,1.5270071029663086,,
57,17851,1.495850682258606,,
57,17853,1.4733730554580688,,
57,17855,1.5239356756210327,,
57,17857,1.5247806310653687,,
57,17859,1.6540051698684692,,
57,17861,1.4926295280456543,,
57,17863,1.5228087902069092,,
57,17865,1.5274367332458496,,
57,17867,1.4853427410125732,,
57,17869,1.5121846199035645,,
57,17871,1.582737684249878,,
57,17873,1.5050430297851562,,
57,17875,1.4914222955703735,,
57,17877,1.4803011417388916,,
57,17879,1.5381536483764648,,
57,17881,1.4112508296966553,,
57,17883,1.513481616973877,,
57,17885,1.5685861110687256,,
57,17887,1.4924306869506836,,
57,17889,1.471459150314331,,
57,17891,1.4951386451721191,,
57,17893,1.5896151065826416,,
57,17895,1.4671013355255127,,
57,17897,1.4904584884643555,,
57,17899,1.5564281940460205,,
57,17901,1.5724072456359863,,
57,17903,1.5301249027252197,,
57,17905,1.52359938621521,,
57,17907,1.5052845478057861,,
57,17909,1.6003942489624023,,
57,17911,1.5595111846923828,,
57,17913,1.5286574363708496,,
57,17915,1.4828226566314697,,
57,17917,1.5722336769104004,,
57,17919,1.4957702159881592,,
57,17921,1.4794960021972656,,
57,17923,1.515372395515442,,
57,17925,1.5079374313354492,,
57,17927,1.5401124954223633,,
57,17929,1.5340975522994995,,
57,17931,1.551464319229126,,
57,17933,1.5154589414596558,,
57,17935,1.455297589302063,,
57,17937,1.502148151397705,,
57,17939,1.553915023803711,,
57,17941,1.507519245147705,,
57,17943,1.417097568511963,,
57,17945,1.571496844291687,,
57,17947,1.5962873697280884,,
57,17949,1.5214823484420776,,
57,17951,1.5938646793365479,,
57,17953,1.4935133457183838,,
57,17955,1.534346580505371,,
57,17957,1.6019341945648193,,
57,17959,1.5892187356948853,,
57,17961,1.45406174659729,,
57,17963,1.5749056339263916,,
57,17965,1.5425994396209717,,
57,17967,1.5367202758789062,,
57,17969,1.552201271057129,,
57,17971,1.543647289276123,,
57,17973,1.4575088024139404,,
57,17975,1.4795377254486084,,
57,17977,1.516129732131958,,
57,17979,1.5222797393798828,,
57,17981,1.5600781440734863,,
57,17983,1.4429824352264404,,
57,17985,1.4829936027526855,,
57,17987,1.5990724563598633,,
57,17989,1.552652359008789,,
57,17991,1.4655888080596924,,
57,17993,1.5514215230941772,,
57,17995,1.6179966926574707,,
57,17997,1.4915783405303955,,
57,17999,1.4816832542419434,,
57,18001,1.5056617259979248,,
57,18003,1.483797550201416,,
57,18005,1.5124303102493286,,
57,18007,1.5300793647766113,,
57,18009,1.550307035446167,,
57,18011,1.513561487197876,,
57,18013,1.5883984565734863,,
57,18015,1.5230841636657715,,
57,18017,1.537031888961792,,
57,18019,1.5546540021896362,,
57,18021,1.4839580059051514,,
57,18023,1.4945013523101807,,
57,18025,1.4914813041687012,,
57,18027,1.5139381885528564,,
57,18029,1.5619149208068848,,
57,18031,1.5474574565887451,,
57,18033,1.5981950759887695,,
57,18035,1.5796164274215698,,
57,18037,1.5177347660064697,,
57,18039,1.5514659881591797,,
57,18041,1.5192707777023315,,
57,18043,1.4912068843841553,,
57,18045,1.4690895080566406,,
57,18047,1.5549354553222656,,
57,18049,1.4233291149139404,,
57,18051,1.5367467403411865,,
57,18053,1.5310873985290527,,
57,18055,1.4959980249404907,,
57,18057,1.4856078624725342,,
57,18059,1.5449514389038086,,
57,18061,1.518678903579712,,
57,18063,1.5032284259796143,,
57,18065,1.528656244277954,,
57,18067,1.4646122455596924,,
57,18069,1.4711854457855225,,
57,18071,1.4945672750473022,,
57,18073,1.430633783340454,,
57,18075,1.4221441745758057,,
57,18077,1.5221506357192993,,
57,18079,1.4936882257461548,,
57,18081,1.6469147205352783,,
57,18083,1.5130436420440674,,
57,18085,1.5156676769256592,,
57,18087,1.467442512512207,,
57,18089,1.5302691459655762,,
57,18091,1.5276033878326416,,
57,18093,1.513817310333252,,
57,18095,1.4647390842437744,,
57,18097,1.545741319656372,,
57,18099,1.482467770576477,,
57,18101,1.5871973037719727,,
57,18103,1.5748209953308105,,
57,18105,1.545905590057373,,
57,18107,1.5630669593811035,,
57,18109,1.5108894109725952,,
57,18111,1.5085984468460083,,
57,18113,1.5303796529769897,,
57,18115,1.4659737348556519,,
57,18117,1.546626329421997,,
57,18119,1.5473060607910156,,
57,18121,1.5827102661132812,,
57,18123,1.4948549270629883,,
57,18125,1.5407295227050781,,
57,18127,1.500859260559082,,
57,18129,1.4795467853546143,,
57,18131,1.4636940956115723,,
57,18133,1.5199432373046875,,
57,18135,1.5761224031448364,,
57,18137,1.5021204948425293,,
57,18139,1.5971988439559937,,
57,18141,1.5652323961257935,,
57,18143,1.587569236755371,,
57,18145,1.5070781707763672,,
57,18147,1.5726838111877441,,
57,18149,1.5467207431793213,,
57,18151,1.5315425395965576,,
57,18153,1.4798054695129395,,
57,18153,,0.46544307470321655,1.5230249166488647
58,18155,1.5413392782211304,,
58,18157,1.5297446250915527,,
58,18159,1.590759038925171,,
58,18161,1.499922752380371,,
58,18163,1.54345703125,,
58,18165,1.4811193943023682,,
58,18167,1.5575766563415527,,
58,18169,1.4704023599624634,,
58,18171,1.5673449039459229,,
58,18173,1.4847967624664307,,
58,18175,1.5683050155639648,,
58,18177,1.5158019065856934,,
58,18179,1.51068115234375,,
58,18181,1.5269908905029297,,
58,18183,1.5214732885360718,,
58,18185,1.4929434061050415,,
58,18187,1.4973609447479248,,
58,18189,1.556694746017456,,
58,18191,1.4736294746398926,,
58,18193,1.49547278881073,,
58,18195,1.5054826736450195,,
58,18197,1.5673681497573853,,
58,18199,1.5070313215255737,,
58,18201,1.5996406078338623,,
58,18203,1.5353355407714844,,
58,18205,1.5002621412277222,,
58,18207,1.4607092142105103,,
58,18209,1.514561414718628,,
58,18211,1.5354187488555908,,
58,18213,1.5186121463775635,,
58,18215,1.5030704736709595,,
58,18217,1.483056664466858,,
58,18219,1.6011333465576172,,
58,18221,1.5086594820022583,,
58,18223,1.6035245656967163,,
58,18225,1.599679946899414,,
58,18227,1.5911200046539307,,
58,18229,1.556300401687622,,
58,18231,1.5689735412597656,,
58,18233,1.5603058338165283,,
58,18235,1.5106217861175537,,
58,18237,1.5332410335540771,,
58,18239,1.5652663707733154,,
58,18241,1.5298150777816772,,
58,18243,1.555518627166748,,
58,18245,1.5212740898132324,,
58,18247,1.5916743278503418,,
58,18249,1.5458106994628906,,
58,18251,1.5312817096710205,,
58,18253,1.5455894470214844,,
58,18255,1.4896132946014404,,
58,18257,1.5112532377243042,,
58,18259,1.5164016485214233,,
58,18261,1.577379822731018,,
58,18263,1.5082042217254639,,
58,18265,1.520539402961731,,
58,18267,1.474851131439209,,
58,18269,1.5439810752868652,,
58,18271,1.4669976234436035,,
58,18273,1.5544850826263428,,
58,18275,1.5370324850082397,,
58,18277,1.5518391132354736,,
58,18279,1.539876103401184,,
58,18281,1.499561071395874,,
58,18283,1.434117078781128,,
58,18285,1.5381813049316406,,
58,18287,1.5253132581710815,,
58,18289,1.540642499923706,,
58,18291,1.5234216451644897,,
58,18293,1.5469303131103516,,
58,18295,1.5042102336883545,,
58,18297,1.5498039722442627,,
58,18299,1.5284678936004639,,
58,18301,1.5856986045837402,,
58,18303,1.4878126382827759,,
58,18305,1.585108757019043,,
58,18307,1.5475260019302368,,
58,18309,1.560523271560669,,
58,18311,1.542911410331726,,
58,18313,1.5421901941299438,,
58,18315,1.51847243309021,,
58,18317,1.5986065864562988,,
58,18319,1.4904847145080566,,
58,18321,1.584204912185669,,
58,18323,1.5168215036392212,,
58,18325,1.5734832286834717,,
58,18327,1.5196990966796875,,
58,18329,1.5551934242248535,,
58,18331,1.5856858491897583,,
58,18333,1.5806241035461426,,
58,18335,1.4598256349563599,,
58,18337,1.4621472358703613,,
58,18339,1.5039012432098389,,
58,18341,1.593632698059082,,
58,18343,1.477020502090454,,
58,18345,1.4928619861602783,,
58,18347,1.4969453811645508,,
58,18349,1.4686248302459717,,
58,18351,1.5318033695220947,,
58,18353,1.5356484651565552,,
58,18355,1.4857754707336426,,
58,18357,1.533958911895752,,
58,18359,1.5521774291992188,,
58,18361,1.480543851852417,,
58,18363,1.4881621599197388,,
58,18365,1.6049518585205078,,
58,18367,1.4445134401321411,,
58,18369,1.5019376277923584,,
58,18371,1.5198323726654053,,
58,18373,1.4759149551391602,,
58,18375,1.5114719867706299,,
58,18377,1.5326738357543945,,
58,18379,1.5110024213790894,,
58,18381,1.4629004001617432,,
58,18383,1.4769432544708252,,
58,18385,1.4971197843551636,,
58,18387,1.5102380514144897,,
58,18389,1.5354483127593994,,
58,18391,1.5313212871551514,,
58,18393,1.5000109672546387,,
58,18395,1.4579225778579712,,
58,18397,1.4623134136199951,,
58,18399,1.4906665086746216,,
58,18401,1.489656686782837,,
58,18403,1.5404613018035889,,
58,18405,1.5474607944488525,,
58,18407,1.4823415279388428,,
58,18409,1.4924752712249756,,
58,18411,1.5295418500900269,,
58,18413,1.5192748308181763,,
58,18415,1.5251855850219727,,
58,18417,1.5310332775115967,,
58,18419,1.5033013820648193,,
58,18421,1.4796507358551025,,
58,18423,1.5253710746765137,,
58,18425,1.5564155578613281,,
58,18427,1.5841472148895264,,
58,18429,1.5633163452148438,,
58,18431,1.5442866086959839,,
58,18433,1.5592153072357178,,
58,18435,1.5367176532745361,,
58,18437,1.5702877044677734,,
58,18439,1.484558343887329,,
58,18441,1.5227739810943604,,
58,18443,1.4829351902008057,,
58,18445,1.538662314414978,,
58,18447,1.4631719589233398,,
58,18449,1.5628008842468262,,
58,18451,1.605769395828247,,
58,18453,1.556917667388916,,
58,18455,1.5634033679962158,,
58,18457,1.5969815254211426,,
58,18459,1.588111162185669,,
58,18461,1.5053138732910156,,
58,18463,1.4846785068511963,,
58,18465,1.5209827423095703,,
58,18466,,0.46544307470321655,1.5230249166488647
59,18467,1.5334126949310303,,
59,18469,1.5296318531036377,,
59,18471,1.486107349395752,,
59,18473,1.5218472480773926,,
59,18475,1.5984525680541992,,
59,18477,1.4677002429962158,,
59,18479,1.4997141361236572,,
59,18481,1.5519623756408691,,
59,18483,1.5390561819076538,,
59,18485,1.4787744283676147,,
59,18487,1.5670275688171387,,
59,18489,1.5027179718017578,,
59,18491,1.482579231262207,,
59,18493,1.6030001640319824,,
59,18495,1.5115118026733398,,
59,18497,1.5259371995925903,,
59,18499,1.57809579372406,,
59,18501,1.5075664520263672,,
59,18503,1.4725114107131958,,
59,18505,1.5072660446166992,,
59,18507,1.4991466999053955,,
59,18509,1.5289256572723389,,
59,18511,1.5277469158172607,,
59,18513,1.5562138557434082,,
59,18515,1.5610288381576538,,
59,18517,1.52461838722229,,
59,18519,1.510636806488037,,
59,18521,1.6450594663619995,,
59,18523,1.4894418716430664,,
59,18525,1.5803507566452026,,
59,18527,1.5905449390411377,,
59,18529,1.4714398384094238,,
59,18531,1.4675981998443604,,
59,18533,1.524820327758789,,
59,18535,1.5417847633361816,,
59,18537,1.4894609451293945,,
59,18539,1.465585470199585,,
59,18541,1.5182043313980103,,
59,18543,1.5631768703460693,,
59,18545,1.4973206520080566,,
59,18547,1.5554993152618408,,
59,18549,1.5265421867370605,,
59,18551,1.511891484260559,,
59,18553,1.4475319385528564,,
59,18555,1.5576860904693604,,
59,18557,1.5423871278762817,,
59,18559,1.5327401161193848,,
59,18561,1.536902904510498,,
59,18563,1.49245023727417,,
59,18565,1.5624961853027344,,
59,18567,1.6014155149459839,,
59,18569,1.5052719116210938,,
59,18571,1.4844247102737427,,
59,18573,1.5258852243423462,,
59,18575,1.5877636671066284,,
59,18577,1.5717949867248535,,
59,18579,1.542967438697815,,
59,18581,1.5504024028778076,,
59,18583,1.5061631202697754,,
59,18585,1.523923635482788,,
59,18587,1.535603642463684,,
59,18589,1.522639513015747,,
59,18591,1.6173131465911865,,
59,18593,1.543700933456421,,
59,18595,1.5267808437347412,,
59,18597,1.5448241233825684,,
59,18599,1.567421555519104,,
59,18601,1.5590503215789795,,
59,18603,1.4852606058120728,,
59,18605,1.5244481563568115,,
59,18607,1.5072238445281982,,
59,18609,1.6536108255386353,,
59,18611,1.5405752658843994,,
59,18613,1.5965359210968018,,
59,18615,1.4936370849609375,,
59,18617,1.5180325508117676,,
59,18619,1.4618762731552124,,
59,18621,1.5050570964813232,,
59,18623,1.4857983589172363,,
59,18625,1.4681029319763184,,
59,18627,1.5306682586669922,,
59,18629,1.5340979099273682,,
59,18631,1.4627656936645508,,
59,18633,1.514015793800354,,
59,18635,1.537973403930664,,
59,18637,1.5458300113677979,,
59,18639,1.4794937372207642,,
59,18641,1.539144515991211,,
59,18643,1.521498203277588,,
59,18645,1.5376842021942139,,
59,18647,1.5484215021133423,,
59,18649,1.5777390003204346,,
59,18651,1.5998996496200562,,
59,18653,1.4734787940979004,,
59,18655,1.476736307144165,,
59,18657,1.496131420135498,,
59,18659,1.488060474395752,,
59,18661,1.5255709886550903,,
59,18663,1.4672935009002686,,
59,18665,1.4870362281799316,,
59,18667,1.5209418535232544,,
59,18669,1.406578540802002,,
59,18671,1.5436859130859375,,
59,18673,1.4700679779052734,,
59,18675,1.549398422241211,,
59,18677,1.4935944080352783,,
59,18679,1.4643003940582275,,
59,18681,1.4769103527069092,,
59,18683,1.5638312101364136,,
59,18685,1.5234318971633911,,
59,18687,1.4717501401901245,,
59,18689,1.5815470218658447,,
59,18691,1.5317223072052002,,
59,18693,1.4906599521636963,,
59,18695,1.5403883457183838,,
59,18697,1.5194919109344482,,
59,18699,1.5767537355422974,,
59,18701,1.5006208419799805,,
59,18703,1.5538322925567627,,
59,18705,1.464866042137146,,
59,18707,1.4920333623886108,,
59,18709,1.529557704925537,,
59,18711,1.5111865997314453,,
59,18713,1.5630170106887817,,
59,18715,1.541297435760498,,
59,18717,1.5335853099822998,,
59,18719,1.4879741668701172,,
59,18721,1.4539422988891602,,
59,18723,1.5389738082885742,,
59,18725,1.5981311798095703,,
59,18727,1.5368618965148926,,
59,18729,1.4839518070220947,,
59,18731,1.5561635494232178,,
59,18733,1.4654231071472168,,
59,18735,1.5569301843643188,,
59,18737,1.4468810558319092,,
59,18739,1.5355134010314941,,
59,18741,1.5362703800201416,,
59,18743,1.570119857788086,,
59,18745,1.5030922889709473,,
59,18747,1.5411789417266846,,
59,18749,1.5376734733581543,,
59,18751,1.5709866285324097,,
59,18753,1.4495112895965576,,
59,18755,1.5151095390319824,,
59,18757,1.4656997919082642,,
59,18759,1.5082106590270996,,
59,18761,1.526921033859253,,
59,18763,1.5186411142349243,,
59,18765,1.4679440259933472,,
59,18767,1.5315134525299072,,
59,18769,1.5084707736968994,,
59,18771,1.5447413921356201,,
59,18773,1.4261127710342407,,
59,18775,1.4698972702026367,,
59,18777,1.5554560422897339,,
59,18779,1.4938870668411255,,
59,18779,,0.46544307470321655,1.5229884386062622
