epoch,step,test_acc,test_loss,train_loss,val_acc,val_loss
0,1,,,3.2299916744232178,,
0,3,,,3.2153396606445312,,
0,5,,,3.2105398178100586,,
0,7,,,3.199173927307129,,
0,9,,,3.1929104328155518,,
0,11,,,3.1857357025146484,,
0,13,,,3.178342819213867,,
0,15,,,3.166968584060669,,
0,17,,,3.157674551010132,,
0,19,,,3.163252830505371,,
0,21,,,3.1435091495513916,,
0,23,,,3.139298677444458,,
0,25,,,3.132758378982544,,
0,27,,,3.122734308242798,,
0,29,,,3.1101057529449463,,
0,31,,,3.1075539588928223,,
0,33,,,3.093574285507202,,
0,35,,,3.091148614883423,,
0,37,,,3.0758602619171143,,
0,39,,,3.0704386234283447,,
0,41,,,3.0710251331329346,,
0,43,,,3.0559375286102295,,
0,45,,,3.0477306842803955,,
0,47,,,3.041151762008667,,
0,49,,,3.024458885192871,,
0,51,,,3.02187180519104,,
0,53,,,3.015381097793579,,
0,55,,,3.0010035037994385,,
0,57,,,2.994288206100464,,
0,59,,,2.9864444732666016,,
0,61,,,2.9824721813201904,,
0,63,,,2.971620798110962,,
0,65,,,2.9683985710144043,,
0,67,,,2.943563222885132,,
0,69,,,2.961362361907959,,
0,71,,,2.9309892654418945,,
0,73,,,2.9350967407226562,,
0,75,,,2.913567304611206,,
0,77,,,2.9030098915100098,,
0,79,,,2.890413284301758,,
0,81,,,2.899742603302002,,
0,83,,,2.8851845264434814,,
0,85,,,2.8648600578308105,,
0,87,,,2.8622965812683105,,
0,89,,,2.8412387371063232,,
0,91,,,2.855416774749756,,
0,93,,,2.830709218978882,,
0,95,,,2.8160417079925537,,
0,97,,,2.813502550125122,,
0,99,,,2.787423610687256,,
0,101,,,2.7919094562530518,,
0,103,,,2.795137405395508,,
0,105,,,2.765842914581299,,
0,107,,,2.77543306350708,,
0,109,,,2.7276289463043213,,
0,111,,,2.7510247230529785,,
0,113,,,2.7519562244415283,,
0,115,,,2.7375757694244385,,
0,117,,,2.7014575004577637,,
0,119,,,2.6881027221679688,,
0,121,,,2.6826422214508057,,
0,123,,,2.684736967086792,,
0,125,,,2.6642911434173584,,
0,127,,,2.6698384284973145,,
0,129,,,2.646968126296997,,
0,131,,,2.6438093185424805,,
0,133,,,2.6541664600372314,,
0,135,,,2.605189561843872,,
0,137,,,2.602167844772339,,
0,139,,,2.5960373878479004,,
0,141,,,2.5931594371795654,,
0,143,,,2.5818278789520264,,
0,145,,,2.557372570037842,,
0,147,,,2.552577018737793,,
0,149,,,2.5251588821411133,,
0,151,,,2.5156662464141846,,
0,153,,,2.5102243423461914,,
0,155,,,2.520948886871338,,
0,157,,,2.4811439514160156,,
0,159,,,2.482163667678833,,
0,161,,,2.4777843952178955,,
0,163,,,2.465329885482788,,
0,165,,,2.4346089363098145,,
0,167,,,2.4128668308258057,,
0,169,,,2.4339759349823,,
0,171,,,2.4303879737854004,,
0,173,,,2.393245220184326,,
0,175,,,2.3649556636810303,,
0,177,,,2.3962290287017822,,
0,179,,,2.368124485015869,,
0,181,,,2.3492050170898438,,
0,183,,,2.326596975326538,,
0,185,,,2.3060109615325928,,
0,187,,,2.318260431289673,,
0,189,,,2.310758113861084,,
0,191,,,2.2859432697296143,,
0,193,,,2.2989320755004883,,
0,195,,,2.2920312881469727,,
0,197,,,2.2784886360168457,,
0,199,,,2.2511558532714844,,
0,201,,,2.2464914321899414,,
0,203,,,2.202793836593628,,
0,205,,,2.1871418952941895,,
0,207,,,2.2279319763183594,,
0,209,,,2.1972575187683105,,
0,211,,,2.2213943004608154,,
0,213,,,2.1846344470977783,,
0,215,,,2.1510159969329834,,
0,217,,,2.1624627113342285,,
0,219,,,2.1218132972717285,,
0,221,,,2.1759934425354004,,
0,223,,,2.1302382946014404,,
0,225,,,2.0866775512695312,,
0,227,,,2.0883731842041016,,
0,229,,,2.0915355682373047,,
0,231,,,2.096527338027954,,
0,233,,,2.0416433811187744,,
0,235,,,2.038166046142578,,
0,237,,,2.0033698081970215,,
0,239,,,2.0372958183288574,,
0,241,,,1.983863115310669,,
0,243,,,2.0269131660461426,,
0,245,,,1.9985018968582153,,
0,247,,,1.9475250244140625,,
0,249,,,2.0027859210968018,,
0,251,,,1.9008722305297852,,
0,253,,,1.968555212020874,,
0,255,,,1.9403735399246216,,
0,257,,,1.9012064933776855,,
0,259,,,1.9593933820724487,,
0,261,,,1.9026429653167725,,
0,263,,,1.9150322675704956,,
0,265,,,1.9152525663375854,,
0,267,,,1.9454169273376465,,
0,269,,,1.9072006940841675,,
0,271,,,1.8267104625701904,,
0,273,,,1.9294252395629883,,
0,275,,,1.8210484981536865,,
0,277,,,1.8420089483261108,,
0,279,,,1.8370877504348755,,
0,281,,,1.782546877861023,,
0,283,,,1.739397644996643,,
0,285,,,1.9234281778335571,,
0,287,,,1.7661229372024536,,
0,289,,,1.8033620119094849,,
0,291,,,1.756983757019043,,
0,293,,,1.7409629821777344,,
0,295,,,1.8012281656265259,,
0,297,,,1.751564860343933,,
0,299,,,1.711052417755127,,
0,301,,,1.776163101196289,,
0,303,,,1.8075109720230103,,
0,305,,,1.6881698369979858,,
0,307,,,1.720697045326233,,
0,309,,,1.6615755558013916,,
0,311,,,1.7026718854904175,,
0,312,,,,0.0012499999720603228,3.2487151622772217
1,313,,,1.6473357677459717,,
1,315,,,1.686160922050476,,
1,317,,,1.5995713472366333,,
1,319,,,1.637439250946045,,
1,321,,,1.5700137615203857,,
1,323,,,1.688277244567871,,
1,325,,,1.6549028158187866,,
1,327,,,1.603805422782898,,
1,329,,,1.6062994003295898,,
1,331,,,1.632957935333252,,
1,333,,,1.5841535329818726,,
1,335,,,1.687389612197876,,
1,337,,,1.620605230331421,,
1,339,,,1.5793014764785767,,
1,341,,,1.5913771390914917,,
1,343,,,1.5643939971923828,,
1,345,,,1.5695453882217407,,
1,347,,,1.4724440574645996,,
1,349,,,1.5753713846206665,,
1,351,,,1.6203384399414062,,
1,353,,,1.5627275705337524,,
1,355,,,1.4813461303710938,,
1,357,,,1.590049386024475,,
1,359,,,1.6291782855987549,,
1,361,,,1.506546139717102,,
1,363,,,1.4855080842971802,,
1,365,,,1.5001111030578613,,
1,367,,,1.4220116138458252,,
1,369,,,1.6087442636489868,,
1,371,,,1.4997756481170654,,
1,373,,,1.5227867364883423,,
1,375,,,1.4863168001174927,,
1,377,,,1.567488431930542,,
1,379,,,1.356789231300354,,
1,381,,,1.4089560508728027,,
1,383,,,1.4812690019607544,,
1,385,,,1.4540306329727173,,
1,387,,,1.405664086341858,,
1,389,,,1.3892886638641357,,
1,391,,,1.4925650358200073,,
1,393,,,1.4314414262771606,,
1,395,,,1.4283478260040283,,
1,397,,,1.3911124467849731,,
1,399,,,1.475480556488037,,
1,401,,,1.4823658466339111,,
1,403,,,1.4490524530410767,,
1,405,,,1.3459829092025757,,
1,407,,,1.3175618648529053,,
1,409,,,1.4434313774108887,,
1,411,,,1.4198731184005737,,
1,413,,,1.4213378429412842,,
1,415,,,1.3823014497756958,,
1,417,,,1.3693515062332153,,
1,419,,,1.450151801109314,,
1,421,,,1.3899635076522827,,
1,423,,,1.409009575843811,,
1,425,,,1.244012475013733,,
1,427,,,1.387657642364502,,
1,429,,,1.4188017845153809,,
1,431,,,1.3091034889221191,,
1,433,,,1.3338998556137085,,
1,435,,,1.3873414993286133,,
1,437,,,1.4486706256866455,,
1,439,,,1.4241942167282104,,
1,441,,,1.3040348291397095,,
1,443,,,1.3890340328216553,,
1,445,,,1.281465768814087,,
1,447,,,1.364262580871582,,
1,449,,,1.4648724794387817,,
1,451,,,1.25201416015625,,
1,453,,,1.2853561639785767,,
1,455,,,1.3800181150436401,,
1,457,,,1.4546618461608887,,
1,459,,,1.2839230298995972,,
1,461,,,1.4472227096557617,,
1,463,,,1.374354362487793,,
1,465,,,1.313349723815918,,
1,467,,,1.2826166152954102,,
1,469,,,1.3432209491729736,,
1,471,,,1.3124163150787354,,
1,473,,,1.3298462629318237,,
1,475,,,1.2771663665771484,,
1,477,,,1.314529299736023,,
1,479,,,1.2832645177841187,,
1,481,,,1.4552392959594727,,
1,483,,,1.359998345375061,,
1,485,,,1.2737075090408325,,
1,487,,,1.3709050416946411,,
1,489,,,1.3812813758850098,,
1,491,,,1.200167179107666,,
1,493,,,1.3302388191223145,,
1,495,,,1.3249551057815552,,
1,497,,,1.2884117364883423,,
1,499,,,1.161118507385254,,
1,501,,,1.265877604484558,,
1,503,,,1.2685701847076416,,
1,505,,,1.403975486755371,,
1,507,,,1.284477710723877,,
1,509,,,1.3455007076263428,,
1,511,,,1.2677370309829712,,
1,513,,,1.3775074481964111,,
1,515,,,1.3858256340026855,,
1,517,,,1.3229727745056152,,
1,519,,,1.3230199813842773,,
1,521,,,1.2289080619812012,,
1,523,,,1.2348181009292603,,
1,525,,,1.3306643962860107,,
1,527,,,1.3570002317428589,,
1,529,,,1.3024622201919556,,
1,531,,,1.3311277627944946,,
1,533,,,1.3729963302612305,,
1,535,,,1.2355599403381348,,
1,537,,,1.1948683261871338,,
1,539,,,1.3948960304260254,,
1,541,,,1.3371347188949585,,
1,543,,,1.3676140308380127,,
1,545,,,1.260915994644165,,
1,547,,,1.3771129846572876,,
1,549,,,1.274779200553894,,
1,551,,,1.2799009084701538,,
1,553,,,1.2529488801956177,,
1,555,,,1.191183090209961,,
1,557,,,1.3717132806777954,,
1,559,,,1.237844467163086,,
1,561,,,1.3339169025421143,,
1,563,,,1.233594536781311,,
1,565,,,1.2829904556274414,,
1,567,,,1.2679885625839233,,
1,569,,,1.2914620637893677,,
1,571,,,1.3309165239334106,,
1,573,,,1.2462083101272583,,
1,575,,,1.2197682857513428,,
1,577,,,1.2305727005004883,,
1,579,,,1.232035517692566,,
1,581,,,1.256293535232544,,
1,583,,,1.2745683193206787,,
1,585,,,1.3235434293746948,,
1,587,,,1.4256973266601562,,
1,589,,,1.2142837047576904,,
1,591,,,1.2487186193466187,,
1,593,,,1.407650113105774,,
1,595,,,1.244719386100769,,
1,597,,,1.2825424671173096,,
1,599,,,1.431228756904602,,
1,601,,,1.2946767807006836,,
1,603,,,1.1773090362548828,,
1,605,,,1.352951169013977,,
1,607,,,1.266221046447754,,
1,609,,,1.2043300867080688,,
1,611,,,1.2942354679107666,,
1,613,,,1.3334550857543945,,
1,615,,,1.4004108905792236,,
1,617,,,1.2810032367706299,,
1,619,,,1.2295581102371216,,
1,621,,,1.2604774236679077,,
1,623,,,1.4027918577194214,,
1,625,,,1.4301190376281738,,
1,625,,,,0.0012499999720603228,3.774538278579712
2,627,,,1.3184298276901245,,
2,629,,,1.2862906455993652,,
2,631,,,1.2834821939468384,,
2,633,,,1.1183738708496094,,
2,635,,,1.2235666513442993,,
2,637,,,1.3569247722625732,,
2,639,,,1.2070362567901611,,
2,641,,,1.3421905040740967,,
2,643,,,1.308224081993103,,
2,645,,,1.2806882858276367,,
2,647,,,1.2675673961639404,,
2,649,,,1.3251583576202393,,
2,651,,,1.3316234350204468,,
2,653,,,1.2972272634506226,,
2,655,,,1.2702723741531372,,
2,657,,,1.1689019203186035,,
2,659,,,1.3597630262374878,,
2,661,,,1.254760503768921,,
2,663,,,1.2844685316085815,,
2,665,,,1.3802485466003418,,
2,667,,,1.2673591375350952,,
2,669,,,1.367039442062378,,
2,671,,,1.337001919746399,,
2,673,,,1.1664278507232666,,
2,675,,,1.2469590902328491,,
2,677,,,1.3681800365447998,,
2,679,,,1.3281298875808716,,
2,681,,,1.159661054611206,,
2,683,,,1.2847211360931396,,
2,685,,,1.4860461950302124,,
2,687,,,1.1956779956817627,,
2,689,,,1.2815231084823608,,
2,691,,,1.1768486499786377,,
2,693,,,1.164499282836914,,
2,695,,,1.173600196838379,,
2,697,,,1.317301869392395,,
2,699,,,1.2167450189590454,,
2,701,,,1.2579354047775269,,
2,703,,,1.5097620487213135,,
2,705,,,1.1968482732772827,,
2,707,,,1.3010714054107666,,
2,709,,,1.2163013219833374,,
2,711,,,1.426370620727539,,
2,713,,,1.1928892135620117,,
2,715,,,1.267467975616455,,
2,717,,,1.3200867176055908,,
2,719,,,1.2987924814224243,,
2,721,,,1.3081823587417603,,
2,723,,,1.2596718072891235,,
2,725,,,1.2469122409820557,,
2,727,,,1.2407361268997192,,
2,729,,,1.2312211990356445,,
2,731,,,1.27752685546875,,
2,733,,,1.274078607559204,,
2,735,,,1.2318581342697144,,
2,737,,,1.3794324398040771,,
2,739,,,1.3853886127471924,,
2,741,,,1.217882752418518,,
2,743,,,1.3783727884292603,,
2,745,,,1.1780343055725098,,
2,747,,,1.1349672079086304,,
2,749,,,1.1780848503112793,,
2,751,,,1.2943450212478638,,
2,753,,,1.3354909420013428,,
2,755,,,1.256049633026123,,
2,757,,,1.3434525728225708,,
2,759,,,1.1719872951507568,,
2,761,,,1.2595489025115967,,
2,763,,,1.3141531944274902,,
2,765,,,1.2436025142669678,,
2,767,,,1.3600770235061646,,
2,769,,,1.24866783618927,,
2,771,,,1.1924089193344116,,
2,773,,,1.3482849597930908,,
2,775,,,1.21958327293396,,
2,777,,,1.3373574018478394,,
2,779,,,1.2430919408798218,,
2,781,,,1.268876075744629,,
2,783,,,1.2653818130493164,,
2,785,,,1.2628302574157715,,
2,787,,,1.4474523067474365,,
2,789,,,1.2796412706375122,,
2,791,,,1.4222333431243896,,
2,793,,,1.3049167394638062,,
2,795,,,1.2089301347732544,,
2,797,,,1.3305765390396118,,
2,799,,,1.2008275985717773,,
2,801,,,1.1950249671936035,,
2,803,,,1.2700624465942383,,
2,805,,,1.2500485181808472,,
2,807,,,1.23226797580719,,
2,809,,,1.2597383260726929,,
2,811,,,1.2494977712631226,,
2,813,,,1.1863229274749756,,
2,815,,,1.2958608865737915,,
2,817,,,1.2309178113937378,,
2,819,,,1.2789549827575684,,
2,821,,,1.2080130577087402,,
2,823,,,1.070678472518921,,
2,825,,,1.2945339679718018,,
2,827,,,1.1629695892333984,,
2,829,,,1.2317780256271362,,
2,831,,,1.2910065650939941,,
2,833,,,1.2475504875183105,,
2,835,,,1.2116951942443848,,
2,837,,,1.2377185821533203,,
2,839,,,1.2192790508270264,,
2,841,,,1.2766969203948975,,
2,843,,,1.295082449913025,,
2,845,,,1.2892603874206543,,
2,847,,,1.376664161682129,,
2,849,,,1.3155509233474731,,
2,851,,,1.2642860412597656,,
2,853,,,1.2242982387542725,,
2,855,,,1.245518684387207,,
2,857,,,1.3899421691894531,,
2,859,,,1.3823482990264893,,
2,861,,,1.2764253616333008,,
2,863,,,1.2134901285171509,,
2,865,,,1.3508988618850708,,
2,867,,,1.2937538623809814,,
2,869,,,1.2671610116958618,,
2,871,,,1.269597053527832,,
2,873,,,1.392328143119812,,
2,875,,,1.211680293083191,,
2,877,,,1.4038385152816772,,
2,879,,,1.28217351436615,,
2,881,,,1.191725492477417,,
2,883,,,1.2459484338760376,,
2,885,,,1.172895908355713,,
2,887,,,1.2650943994522095,,
2,889,,,1.1829931735992432,,
2,891,,,1.24221670627594,,
2,893,,,1.3310853242874146,,
2,895,,,1.1872302293777466,,
2,897,,,1.242440104484558,,
2,899,,,1.245163917541504,,
2,901,,,1.2177480459213257,,
2,903,,,1.2281572818756104,,
2,905,,,1.304410696029663,,
2,907,,,1.3972532749176025,,
2,909,,,1.3549408912658691,,
2,911,,,1.2617470026016235,,
2,913,,,1.1372236013412476,,
2,915,,,1.243654489517212,,
2,917,,,1.2705718278884888,,
2,919,,,1.1993886232376099,,
2,921,,,1.2854217290878296,,
2,923,,,1.2308673858642578,,
2,925,,,1.2771859169006348,,
2,927,,,1.270063042640686,,
2,929,,,1.223136305809021,,
2,931,,,1.2628047466278076,,
2,933,,,1.263496994972229,,
2,935,,,1.3794279098510742,,
2,937,,,1.1872341632843018,,
2,938,,,,0.0012499999720603228,3.8652477264404297
3,939,,,1.1623975038528442,,
3,941,,,1.1625796556472778,,
3,943,,,1.1464682817459106,,
3,945,,,1.1741043329238892,,
3,947,,,1.2679702043533325,,
3,949,,,1.1820064783096313,,
3,951,,,1.3130300045013428,,
3,953,,,1.1764665842056274,,
3,955,,,1.3752244710922241,,
3,957,,,1.2363548278808594,,
3,959,,,1.2749873399734497,,
3,961,,,1.1646860837936401,,
3,963,,,1.1505508422851562,,
3,965,,,1.3154487609863281,,
3,967,,,1.190068244934082,,
3,969,,,1.1963938474655151,,
3,971,,,1.2773410081863403,,
3,973,,,1.155436635017395,,
3,975,,,1.2198728322982788,,
3,977,,,1.2040960788726807,,
3,979,,,1.426882028579712,,
3,981,,,1.1139657497406006,,
3,983,,,1.2875224351882935,,
3,985,,,1.2040090560913086,,
3,987,,,1.128308892250061,,
3,989,,,1.198530912399292,,
3,991,,,1.2909691333770752,,
3,993,,,1.2405153512954712,,
3,995,,,1.2692296504974365,,
3,997,,,1.131725549697876,,
3,999,,,1.2769639492034912,,
3,1001,,,1.196612000465393,,
3,1003,,,1.2556500434875488,,
3,1005,,,1.261403203010559,,
3,1007,,,1.2618658542633057,,
3,1009,,,1.1378581523895264,,
3,1011,,,1.2370579242706299,,
3,1013,,,1.3722429275512695,,
3,1015,,,1.2977826595306396,,
3,1017,,,1.2664194107055664,,
3,1019,,,1.1938793659210205,,
3,1021,,,1.1821397542953491,,
3,1023,,,1.226116418838501,,
3,1025,,,1.415594458580017,,
3,1027,,,1.3654345273971558,,
3,1029,,,1.2222578525543213,,
3,1031,,,1.2457460165023804,,
3,1033,,,1.1361243724822998,,
3,1035,,,1.134810209274292,,
3,1037,,,1.1869734525680542,,
3,1039,,,1.2981700897216797,,
3,1041,,,1.191839337348938,,
3,1043,,,1.2127076387405396,,
3,1045,,,1.2505122423171997,,
3,1047,,,1.2999135255813599,,
3,1049,,,1.2352672815322876,,
3,1051,,,1.3054471015930176,,
3,1053,,,1.3526440858840942,,
3,1055,,,1.2017205953598022,,
3,1057,,,1.134313702583313,,
3,1059,,,1.3217377662658691,,
3,1061,,,1.335070013999939,,
3,1063,,,1.3327484130859375,,
3,1065,,,1.3381824493408203,,
3,1067,,,1.2121267318725586,,
3,1069,,,1.131274700164795,,
3,1071,,,1.4988468885421753,,
3,1073,,,1.146672010421753,,
3,1075,,,1.2309027910232544,,
3,1077,,,1.2074191570281982,,
3,1079,,,1.492634654045105,,
3,1081,,,1.3362008333206177,,
3,1083,,,1.1817601919174194,,
3,1085,,,1.113789677619934,,
3,1087,,,1.266383409500122,,
3,1089,,,1.2743009328842163,,
3,1091,,,1.3710871934890747,,
3,1093,,,1.2388521432876587,,
3,1095,,,1.2689764499664307,,
3,1097,,,1.2540130615234375,,
3,1099,,,1.3000948429107666,,
3,1101,,,1.2920117378234863,,
3,1103,,,1.1684014797210693,,
3,1105,,,1.2065399885177612,,
3,1107,,,1.2830262184143066,,
3,1109,,,1.177600622177124,,
3,1111,,,1.4717718362808228,,
3,1113,,,1.3759664297103882,,
3,1115,,,1.2385038137435913,,
3,1117,,,1.3132781982421875,,
3,1119,,,1.1698099374771118,,
3,1121,,,1.2896736860275269,,
3,1123,,,1.266343116760254,,
3,1125,,,1.193303108215332,,
3,1127,,,1.2472270727157593,,
3,1129,,,1.2557777166366577,,
3,1131,,,1.33318293094635,,
3,1133,,,1.3273568153381348,,
3,1135,,,1.2627233266830444,,
3,1137,,,1.167502760887146,,
3,1139,,,1.1350455284118652,,
3,1141,,,1.325959324836731,,
3,1143,,,1.2151676416397095,,
3,1145,,,1.222223162651062,,
3,1147,,,1.1921385526657104,,
3,1149,,,1.2340590953826904,,
3,1151,,,1.2060104608535767,,
3,1153,,,1.2013782262802124,,
3,1155,,,1.2818326950073242,,
3,1157,,,1.2011964321136475,,
3,1159,,,1.0861210823059082,,
3,1161,,,1.3270955085754395,,
3,1163,,,1.2807388305664062,,
3,1165,,,1.2781859636306763,,
3,1167,,,1.2364592552185059,,
3,1169,,,1.1517916917800903,,
3,1171,,,1.2593185901641846,,
3,1173,,,1.3857667446136475,,
3,1175,,,1.3976720571517944,,
3,1177,,,1.301329255104065,,
3,1179,,,1.3031054735183716,,
3,1181,,,1.099717378616333,,
3,1183,,,1.2462279796600342,,
3,1185,,,1.3044073581695557,,
3,1187,,,1.374230980873108,,
3,1189,,,1.2254996299743652,,
3,1191,,,1.35164475440979,,
3,1193,,,1.2442495822906494,,
3,1195,,,1.1930046081542969,,
3,1197,,,1.14785897731781,,
3,1199,,,1.1837927103042603,,
3,1201,,,1.291817545890808,,
3,1203,,,1.1367124319076538,,
3,1205,,,1.2812612056732178,,
3,1207,,,1.3481169939041138,,
3,1209,,,1.2891217470169067,,
3,1211,,,1.1379313468933105,,
3,1213,,,1.335140347480774,,
3,1215,,,1.1217485666275024,,
3,1217,,,1.15348482131958,,
3,1219,,,1.1942451000213623,,
3,1221,,,1.225340485572815,,
3,1223,,,1.3829902410507202,,
3,1225,,,1.3365609645843506,,
3,1227,,,1.3210248947143555,,
3,1229,,,1.278828740119934,,
3,1231,,,1.1794307231903076,,
3,1233,,,1.208455204963684,,
3,1235,,,1.2742162942886353,,
3,1237,,,1.145975112915039,,
3,1239,,,1.1742042303085327,,
3,1241,,,1.2725735902786255,,
3,1243,,,1.4204853773117065,,
3,1245,,,1.2309049367904663,,
3,1247,,,1.2196285724639893,,
3,1249,,,1.2022731304168701,,
3,1251,,,1.5492660999298096,,
3,1251,,,,0.0012499999720603228,3.8753879070281982
4,1253,,,1.2867622375488281,,
4,1255,,,1.19678795337677,,
4,1257,,,1.2883856296539307,,
4,1259,,,1.3153634071350098,,
4,1261,,,1.1734329462051392,,
4,1263,,,1.1965326070785522,,
4,1265,,,1.28462553024292,,
4,1267,,,1.3664811849594116,,
4,1269,,,1.1940839290618896,,
4,1271,,,1.2474910020828247,,
4,1273,,,1.2757117748260498,,
4,1275,,,1.1374839544296265,,
4,1277,,,1.230018973350525,,
4,1279,,,1.1339924335479736,,
4,1281,,,1.1772828102111816,,
4,1283,,,1.3402431011199951,,
4,1285,,,1.2737774848937988,,
4,1287,,,1.3038628101348877,,
4,1289,,,1.2752503156661987,,
4,1291,,,1.202367901802063,,
4,1293,,,1.1472088098526,,
4,1295,,,1.3944035768508911,,
4,1297,,,1.2348668575286865,,
4,1299,,,1.176208734512329,,
4,1301,,,1.370613932609558,,
4,1303,,,1.2214518785476685,,
4,1305,,,1.2204289436340332,,
4,1307,,,1.1913211345672607,,
4,1309,,,1.2339472770690918,,
4,1311,,,1.2543110847473145,,
4,1313,,,1.2461609840393066,,
4,1315,,,1.197974681854248,,
4,1317,,,1.326829195022583,,
4,1319,,,1.165065050125122,,
4,1321,,,1.1961941719055176,,
4,1323,,,1.1978211402893066,,
4,1325,,,1.1823922395706177,,
4,1327,,,1.2976491451263428,,
4,1329,,,1.1959736347198486,,
4,1331,,,1.2476568222045898,,
4,1333,,,1.2962607145309448,,
4,1335,,,1.1900489330291748,,
4,1337,,,1.2273123264312744,,
4,1339,,,1.1677716970443726,,
4,1341,,,1.3246543407440186,,
4,1343,,,1.185011386871338,,
4,1345,,,1.2159520387649536,,
4,1347,,,1.203343152999878,,
4,1349,,,1.2050762176513672,,
4,1351,,,1.358350157737732,,
4,1353,,,1.1492458581924438,,
4,1355,,,1.2417402267456055,,
4,1357,,,1.2161720991134644,,
4,1359,,,1.3499228954315186,,
4,1361,,,1.2703628540039062,,
4,1363,,,1.2081650495529175,,
4,1365,,,1.269304633140564,,
4,1367,,,1.3965576887130737,,
4,1369,,,1.2183903455734253,,
4,1371,,,1.112494945526123,,
4,1373,,,1.1715511083602905,,
4,1375,,,1.2242249250411987,,
4,1377,,,1.3396333456039429,,
4,1379,,,1.2629197835922241,,
4,1381,,,1.2738360166549683,,
4,1383,,,1.4355381727218628,,
4,1385,,,1.3380171060562134,,
4,1387,,,1.2497227191925049,,
4,1389,,,1.2000941038131714,,
4,1391,,,1.2260088920593262,,
4,1393,,,1.1009368896484375,,
4,1395,,,1.2253421545028687,,
4,1397,,,1.2254637479782104,,
4,1399,,,1.3620492219924927,,
4,1401,,,1.3002853393554688,,
4,1403,,,1.2908693552017212,,
4,1405,,,1.2160552740097046,,
4,1407,,,1.2616544961929321,,
4,1409,,,1.20538330078125,,
4,1411,,,1.2284340858459473,,
4,1413,,,1.2369133234024048,,
4,1415,,,1.3249578475952148,,
4,1417,,,1.1656091213226318,,
4,1419,,,1.2700895071029663,,
4,1421,,,1.3106955289840698,,
4,1423,,,1.3962559700012207,,
4,1425,,,1.2427183389663696,,
4,1427,,,1.2724330425262451,,
4,1429,,,1.3023605346679688,,
4,1431,,,1.291749119758606,,
4,1433,,,1.4406414031982422,,
4,1435,,,1.171128749847412,,
4,1437,,,1.1678794622421265,,
4,1439,,,1.2033567428588867,,
4,1441,,,1.2104417085647583,,
4,1443,,,1.2279256582260132,,
4,1445,,,1.2851263284683228,,
4,1447,,,1.3118650913238525,,
4,1449,,,1.266006588935852,,
4,1451,,,1.260887622833252,,
4,1453,,,1.2079274654388428,,
4,1455,,,1.2001073360443115,,
4,1457,,,1.2020955085754395,,
4,1459,,,1.4008936882019043,,
4,1461,,,1.2809457778930664,,
4,1463,,,1.206652283668518,,
4,1465,,,1.143328309059143,,
4,1467,,,1.3940372467041016,,
4,1469,,,1.207581639289856,,
4,1471,,,1.1254737377166748,,
4,1473,,,1.249301552772522,,
4,1475,,,1.2093709707260132,,
4,1477,,,1.2449955940246582,,
4,1479,,,1.1764715909957886,,
4,1481,,,1.2572993040084839,,
4,1483,,,1.2570844888687134,,
4,1485,,,1.180400013923645,,
4,1487,,,1.3309686183929443,,
4,1489,,,1.311794400215149,,
4,1491,,,1.2135735750198364,,
4,1493,,,1.2921806573867798,,
4,1495,,,1.2342249155044556,,
4,1497,,,1.221778392791748,,
4,1499,,,1.1787667274475098,,
4,1501,,,1.2642884254455566,,
4,1503,,,1.1441117525100708,,
4,1505,,,1.2232341766357422,,
4,1507,,,1.204754114151001,,
4,1509,,,1.216019630432129,,
4,1511,,,1.2612178325653076,,
4,1513,,,1.3278146982192993,,
4,1515,,,1.2721965312957764,,
4,1517,,,1.2976189851760864,,
4,1519,,,1.2449582815170288,,
4,1521,,,1.1381713151931763,,
4,1523,,,1.1146937608718872,,
4,1525,,,1.3108829259872437,,
4,1527,,,1.4548054933547974,,
4,1529,,,1.2315915822982788,,
4,1531,,,1.2035175561904907,,
4,1533,,,1.2006829977035522,,
4,1535,,,1.1934919357299805,,
4,1537,,,1.1391113996505737,,
4,1539,,,1.2720544338226318,,
4,1541,,,1.2415341138839722,,
4,1543,,,1.3806999921798706,,
4,1545,,,1.307723045349121,,
4,1547,,,1.1652072668075562,,
4,1549,,,1.4970831871032715,,
4,1551,,,1.2660325765609741,,
4,1553,,,1.3078137636184692,,
4,1555,,,1.2265164852142334,,
4,1557,,,1.1990437507629395,,
4,1559,,,1.0967669486999512,,
4,1561,,,1.2415003776550293,,
4,1563,,,1.2524915933609009,,
4,1564,,,,0.0012499999720603228,3.8460726737976074
5,1565,,,1.233075499534607,,
5,1567,,,1.3005703687667847,,
5,1569,,,1.1130467653274536,,
5,1571,,,1.3083621263504028,,
5,1573,,,1.2281001806259155,,
5,1575,,,1.2311594486236572,,
5,1577,,,1.1608721017837524,,
5,1579,,,1.2729414701461792,,
5,1581,,,1.2364890575408936,,
5,1583,,,1.2394987344741821,,
5,1585,,,1.3034840822219849,,
5,1587,,,1.3111555576324463,,
5,1589,,,1.2153311967849731,,
5,1591,,,1.3328611850738525,,
5,1593,,,1.254847764968872,,
5,1595,,,1.1827168464660645,,
5,1597,,,1.099153995513916,,
5,1599,,,1.149423599243164,,
5,1601,,,1.369240641593933,,
5,1603,,,1.1729508638381958,,
5,1605,,,1.1293163299560547,,
5,1607,,,1.299523115158081,,
5,1609,,,1.2532635927200317,,
5,1611,,,1.1609824895858765,,
5,1613,,,1.2247265577316284,,
5,1615,,,1.3047789335250854,,
5,1617,,,1.3973766565322876,,
5,1619,,,1.2416375875473022,,
5,1621,,,1.1915512084960938,,
5,1623,,,1.1634142398834229,,
5,1625,,,1.1506668329238892,,
5,1627,,,1.2884681224822998,,
5,1629,,,1.2177144289016724,,
5,1631,,,1.1518995761871338,,
5,1633,,,1.2986506223678589,,
5,1635,,,1.2137266397476196,,
5,1637,,,1.2722978591918945,,
5,1639,,,1.2466663122177124,,
5,1641,,,1.3189643621444702,,
5,1643,,,1.1989755630493164,,
5,1645,,,1.208755612373352,,
5,1647,,,1.3111648559570312,,
5,1649,,,1.2271461486816406,,
5,1651,,,1.3458479642868042,,
5,1653,,,1.1784181594848633,,
5,1655,,,1.2844244241714478,,
5,1657,,,1.2910630702972412,,
5,1659,,,1.2104108333587646,,
5,1661,,,1.1217936277389526,,
5,1663,,,1.1585887670516968,,
5,1665,,,1.3647050857543945,,
5,1667,,,1.2395721673965454,,
5,1669,,,1.4098949432373047,,
5,1671,,,1.1607340574264526,,
5,1673,,,1.2256982326507568,,
5,1675,,,1.2365262508392334,,
5,1677,,,1.2680585384368896,,
5,1679,,,1.3438409566879272,,
5,1681,,,1.3422160148620605,,
5,1683,,,1.2604472637176514,,
5,1685,,,1.2318849563598633,,
5,1687,,,1.257225513458252,,
5,1689,,,1.2173998355865479,,
5,1691,,,1.3385026454925537,,
5,1693,,,1.1959421634674072,,
5,1695,,,1.2260046005249023,,
5,1697,,,1.229557752609253,,
5,1699,,,1.1423810720443726,,
5,1701,,,1.2892398834228516,,
5,1703,,,1.165205955505371,,
5,1705,,,1.187994360923767,,
5,1707,,,1.1897635459899902,,
5,1709,,,1.201511025428772,,
5,1711,,,1.398341178894043,,
5,1713,,,1.2269043922424316,,
5,1715,,,1.1334606409072876,,
5,1717,,,1.1276776790618896,,
5,1719,,,1.2860320806503296,,
5,1721,,,1.1533738374710083,,
5,1723,,,1.2151044607162476,,
5,1725,,,1.2704336643218994,,
5,1727,,,1.2508338689804077,,
5,1729,,,1.2977608442306519,,
5,1731,,,1.1334776878356934,,
5,1733,,,1.2995445728302002,,
5,1735,,,1.0695714950561523,,
5,1737,,,1.2488024234771729,,
5,1739,,,1.2299453020095825,,
5,1741,,,1.3774423599243164,,
5,1743,,,1.1809300184249878,,
5,1745,,,1.2582639455795288,,
5,1747,,,1.1886039972305298,,
5,1749,,,1.2537202835083008,,
5,1751,,,1.2035467624664307,,
5,1753,,,1.2610406875610352,,
5,1755,,,1.2024617195129395,,
5,1757,,,1.1919878721237183,,
5,1759,,,1.2931709289550781,,
5,1761,,,1.2164825201034546,,
5,1763,,,1.183871865272522,,
5,1765,,,1.2372949123382568,,
5,1767,,,1.3859843015670776,,
5,1769,,,1.3102355003356934,,
5,1771,,,1.2751866579055786,,
5,1773,,,1.2405695915222168,,
5,1775,,,1.296970009803772,,
5,1777,,,1.1247150897979736,,
5,1779,,,1.2095004320144653,,
5,1781,,,1.2854561805725098,,
5,1783,,,1.2309331893920898,,
5,1785,,,1.1728464365005493,,
5,1787,,,1.2087085247039795,,
5,1789,,,1.1680372953414917,,
5,1791,,,1.165348768234253,,
5,1793,,,1.1701765060424805,,
5,1795,,,1.2908272743225098,,
5,1797,,,1.1768473386764526,,
5,1799,,,1.2646902799606323,,
5,1801,,,1.3176313638687134,,
5,1803,,,1.1860315799713135,,
5,1805,,,1.1913554668426514,,
5,1807,,,1.1920682191848755,,
5,1809,,,1.2995539903640747,,
5,1811,,,1.2668308019638062,,
5,1813,,,1.1864463090896606,,
5,1815,,,1.2437628507614136,,
5,1817,,,1.1580724716186523,,
5,1819,,,1.2075531482696533,,
5,1821,,,1.3309143781661987,,
5,1823,,,1.206784963607788,,
5,1825,,,1.3552935123443604,,
5,1827,,,1.2944984436035156,,
5,1829,,,1.3243260383605957,,
5,1831,,,1.2269781827926636,,
5,1833,,,1.161542534828186,,
5,1835,,,1.274227261543274,,
5,1837,,,1.3540760278701782,,
5,1839,,,1.3304418325424194,,
5,1841,,,1.0917673110961914,,
5,1843,,,1.269616723060608,,
5,1845,,,1.113301396369934,,
5,1847,,,1.2911087274551392,,
5,1849,,,1.2038238048553467,,
5,1851,,,1.1562743186950684,,
5,1853,,,1.3705965280532837,,
5,1855,,,1.1607251167297363,,
5,1857,,,1.2676260471343994,,
5,1859,,,1.1512373685836792,,
5,1861,,,1.1894490718841553,,
5,1863,,,1.2488212585449219,,
5,1865,,,1.2478102445602417,,
5,1867,,,1.188652753829956,,
5,1869,,,1.0986275672912598,,
5,1871,,,1.2495065927505493,,
5,1873,,,1.2765511274337769,,
5,1875,,,1.2235164642333984,,
5,1877,,,1.1766209602355957,,
5,1877,,,,0.0012499999720603228,3.838501214981079
6,1879,,,1.2481266260147095,,
6,1881,,,1.2912275791168213,,
6,1883,,,1.3649208545684814,,
6,1885,,,1.251547932624817,,
6,1887,,,1.274922251701355,,
6,1889,,,1.2526620626449585,,
6,1891,,,1.2907295227050781,,
6,1893,,,1.1967722177505493,,
6,1895,,,1.2047926187515259,,
6,1897,,,1.268568992614746,,
6,1899,,,1.1152034997940063,,
6,1901,,,1.2716976404190063,,
6,1903,,,1.275018572807312,,
6,1905,,,1.2886277437210083,,
6,1907,,,1.2211920022964478,,
6,1909,,,1.3368409872055054,,
6,1911,,,1.1365182399749756,,
6,1913,,,1.348260521888733,,
6,1915,,,1.2809505462646484,,
6,1917,,,1.241998553276062,,
6,1919,,,1.232853889465332,,
6,1921,,,1.1806457042694092,,
6,1923,,,1.3082401752471924,,
6,1925,,,1.2589116096496582,,
6,1927,,,1.2730131149291992,,
6,1929,,,1.2526929378509521,,
6,1931,,,1.2385497093200684,,
6,1933,,,1.1719940900802612,,
6,1935,,,1.2948312759399414,,
6,1937,,,1.3447703123092651,,
6,1939,,,1.30892813205719,,
6,1941,,,1.1860623359680176,,
6,1943,,,1.1886999607086182,,
6,1945,,,1.1781405210494995,,
6,1947,,,1.3333959579467773,,
6,1949,,,1.3455212116241455,,
6,1951,,,1.389783501625061,,
6,1953,,,1.2564760446548462,,
6,1955,,,1.1512492895126343,,
6,1957,,,1.106185793876648,,
6,1959,,,1.333351969718933,,
6,1961,,,1.3812721967697144,,
6,1963,,,1.2721127271652222,,
6,1965,,,1.1554762125015259,,
6,1967,,,1.30704665184021,,
6,1969,,,1.1134960651397705,,
6,1971,,,1.1899133920669556,,
6,1973,,,1.2344582080841064,,
6,1975,,,1.138979434967041,,
6,1977,,,1.1683663129806519,,
6,1979,,,1.2619925737380981,,
6,1981,,,1.0976645946502686,,
6,1983,,,1.1984487771987915,,
6,1985,,,1.1212493181228638,,
6,1987,,,1.1421937942504883,,
6,1989,,,1.2601511478424072,,
6,1991,,,1.2826796770095825,,
6,1993,,,1.3160356283187866,,
6,1995,,,1.292841911315918,,
6,1997,,,1.201765775680542,,
6,1999,,,1.2242028713226318,,
6,2001,,,1.2001404762268066,,
6,2003,,,1.4380314350128174,,
6,2005,,,1.2228655815124512,,
6,2007,,,1.1835227012634277,,
6,2009,,,1.3134485483169556,,
6,2011,,,1.212525486946106,,
6,2013,,,1.1422215700149536,,
6,2015,,,1.189005970954895,,
6,2017,,,1.0327666997909546,,
6,2019,,,1.2132973670959473,,
6,2021,,,1.235729455947876,,
6,2023,,,1.1366190910339355,,
6,2025,,,1.3220373392105103,,
6,2027,,,1.2560735940933228,,
6,2029,,,1.2890669107437134,,
6,2031,,,1.3222311735153198,,
6,2033,,,1.1290504932403564,,
6,2035,,,1.2812799215316772,,
6,2037,,,1.3027174472808838,,
6,2039,,,1.2919820547103882,,
6,2041,,,1.214358925819397,,
6,2043,,,1.2823377847671509,,
6,2045,,,1.2152994871139526,,
6,2047,,,1.2929936647415161,,
6,2049,,,1.3322099447250366,,
6,2051,,,1.1253966093063354,,
6,2053,,,1.249498724937439,,
6,2055,,,1.23716139793396,,
6,2057,,,1.287699580192566,,
6,2059,,,1.244150161743164,,
6,2061,,,1.1943488121032715,,
6,2063,,,1.181671380996704,,
6,2065,,,1.2641364336013794,,
6,2067,,,1.1974470615386963,,
6,2069,,,1.2057850360870361,,
6,2071,,,1.1843045949935913,,
6,2073,,,1.3273289203643799,,
6,2075,,,1.1880090236663818,,
6,2077,,,1.2591036558151245,,
6,2079,,,1.3964190483093262,,
6,2081,,,1.2986541986465454,,
6,2083,,,1.257339596748352,,
6,2085,,,1.2123534679412842,,
6,2087,,,1.1750694513320923,,
6,2089,,,1.310355305671692,,
6,2091,,,1.1185550689697266,,
6,2093,,,1.158338189125061,,
6,2095,,,1.0969914197921753,,
6,2097,,,1.2070536613464355,,
6,2099,,,1.1022869348526,,
6,2101,,,1.2229540348052979,,
6,2103,,,1.1927082538604736,,
6,2105,,,1.1424082517623901,,
6,2107,,,1.1235536336898804,,
6,2109,,,1.1639361381530762,,
6,2111,,,1.044648289680481,,
6,2113,,,1.1768035888671875,,
6,2115,,,1.2033292055130005,,
6,2117,,,1.2111648321151733,,
6,2119,,,1.16169011592865,,
6,2121,,,1.2580145597457886,,
6,2123,,,1.3246272802352905,,
6,2125,,,1.2939103841781616,,
6,2127,,,1.2589471340179443,,
6,2129,,,1.3768008947372437,,
6,2131,,,1.3976948261260986,,
6,2133,,,1.169643759727478,,
6,2135,,,1.3267048597335815,,
6,2137,,,1.2978821992874146,,
6,2139,,,1.1959494352340698,,
6,2141,,,1.2430251836776733,,
6,2143,,,1.2666701078414917,,
6,2145,,,1.139734148979187,,
6,2147,,,1.1592937707901,,
6,2149,,,1.2725329399108887,,
6,2151,,,1.294973611831665,,
6,2153,,,1.2122083902359009,,
6,2155,,,1.2557463645935059,,
6,2157,,,1.2303460836410522,,
6,2159,,,1.1832234859466553,,
6,2161,,,1.231372356414795,,
6,2163,,,1.2175486087799072,,
6,2165,,,1.2375876903533936,,
6,2167,,,1.1961578130722046,,
6,2169,,,1.184667944908142,,
6,2171,,,1.2087631225585938,,
6,2173,,,1.1867173910140991,,
6,2175,,,1.2409266233444214,,
6,2177,,,1.2476743459701538,,
6,2179,,,1.276263952255249,,
6,2181,,,1.2983793020248413,,
6,2183,,,1.389553189277649,,
6,2185,,,1.1292881965637207,,
6,2187,,,1.0817054510116577,,
6,2189,,,1.2263399362564087,,
6,2190,,,,0.0012499999720603228,3.8185055255889893
7,2191,,,1.1564066410064697,,
7,2193,,,1.1638435125350952,,
7,2195,,,1.2208800315856934,,
7,2197,,,1.2067582607269287,,
7,2199,,,1.2467793226242065,,
7,2201,,,1.3105255365371704,,
7,2203,,,1.2653964757919312,,
7,2205,,,1.2253423929214478,,
7,2207,,,1.1350458860397339,,
7,2209,,,1.286566972732544,,
7,2211,,,1.2254488468170166,,
7,2213,,,1.4378736019134521,,
7,2215,,,1.2465475797653198,,
7,2217,,,1.356863021850586,,
7,2219,,,1.1448237895965576,,
7,2221,,,1.1812520027160645,,
7,2223,,,1.2719433307647705,,
7,2225,,,1.3184905052185059,,
7,2227,,,1.1807386875152588,,
7,2229,,,1.2518848180770874,,
7,2231,,,1.2662336826324463,,
7,2233,,,1.1910518407821655,,
7,2235,,,1.2332309484481812,,
7,2237,,,1.3322365283966064,,
7,2239,,,1.1382976770401,,
7,2241,,,1.2594550848007202,,
7,2243,,,1.2082555294036865,,
7,2245,,,1.3698092699050903,,
7,2247,,,1.3017339706420898,,
7,2249,,,1.2624491453170776,,
7,2251,,,1.2476073503494263,,
7,2253,,,1.1473594903945923,,
7,2255,,,1.2042834758758545,,
7,2257,,,1.1731153726577759,,
7,2259,,,1.2797176837921143,,
7,2261,,,1.0949630737304688,,
7,2263,,,1.2061254978179932,,
7,2265,,,1.2844232320785522,,
7,2267,,,1.327874779701233,,
7,2269,,,1.2524722814559937,,
7,2271,,,1.1910985708236694,,
7,2273,,,1.3185049295425415,,
7,2275,,,1.2614845037460327,,
7,2277,,,1.2996561527252197,,
7,2279,,,1.3191111087799072,,
7,2281,,,1.2273249626159668,,
7,2283,,,1.1867262125015259,,
7,2285,,,1.2046403884887695,,
7,2287,,,1.24312162399292,,
7,2289,,,1.230927586555481,,
7,2291,,,1.259625792503357,,
7,2293,,,1.2323977947235107,,
7,2295,,,1.1541863679885864,,
7,2297,,,1.2226215600967407,,
7,2299,,,1.3047802448272705,,
7,2301,,,1.2726292610168457,,
7,2303,,,1.1943585872650146,,
7,2305,,,1.341113567352295,,
7,2307,,,1.3333133459091187,,
7,2309,,,1.3350203037261963,,
7,2311,,,1.2146598100662231,,
7,2313,,,1.2566322088241577,,
7,2315,,,1.2182646989822388,,
7,2317,,,1.2258477210998535,,
7,2319,,,1.1065629720687866,,
7,2321,,,1.3339918851852417,,
7,2323,,,1.181873083114624,,
7,2325,,,1.3140349388122559,,
7,2327,,,1.2120602130889893,,
7,2329,,,1.3761622905731201,,
7,2331,,,1.1700471639633179,,
7,2333,,,1.209482192993164,,
7,2335,,,1.1107357740402222,,
7,2337,,,1.2293198108673096,,
7,2339,,,1.1565462350845337,,
7,2341,,,1.1632853746414185,,
7,2343,,,1.2460861206054688,,
7,2345,,,1.2266355752944946,,
7,2347,,,1.1695846319198608,,
7,2349,,,1.326304316520691,,
7,2351,,,1.2956206798553467,,
7,2353,,,1.2437628507614136,,
7,2355,,,1.2558614015579224,,
7,2357,,,1.155369758605957,,
7,2359,,,1.3522037267684937,,
7,2361,,,1.303297996520996,,
7,2363,,,1.1893237829208374,,
7,2365,,,1.2988709211349487,,
7,2367,,,1.3627452850341797,,
7,2369,,,1.2861790657043457,,
7,2371,,,1.156193733215332,,
7,2373,,,1.2390329837799072,,
7,2375,,,1.4287573099136353,,
7,2377,,,1.2833199501037598,,
7,2379,,,1.2337599992752075,,
7,2381,,,1.3044403791427612,,
7,2383,,,1.0978963375091553,,
7,2385,,,1.2123661041259766,,
7,2387,,,1.2999056577682495,,
7,2389,,,1.1429468393325806,,
7,2391,,,1.1840662956237793,,
7,2393,,,1.2579596042633057,,
7,2395,,,1.232290267944336,,
7,2397,,,1.1944513320922852,,
7,2399,,,1.144389271736145,,
7,2401,,,1.2599475383758545,,
7,2403,,,1.333502173423767,,
7,2405,,,1.2020325660705566,,
7,2407,,,1.1339876651763916,,
7,2409,,,1.445538878440857,,
7,2411,,,1.3096890449523926,,
7,2413,,,1.2928720712661743,,
7,2415,,,1.2576329708099365,,
7,2417,,,1.2027772665023804,,
7,2419,,,1.1720223426818848,,
7,2421,,,1.1542294025421143,,
7,2423,,,1.2112396955490112,,
7,2425,,,1.2671864032745361,,
7,2427,,,1.2655456066131592,,
7,2429,,,1.2575924396514893,,
7,2431,,,1.275187611579895,,
7,2433,,,1.1426165103912354,,
7,2435,,,1.1898353099822998,,
7,2437,,,1.3132489919662476,,
7,2439,,,1.342333197593689,,
7,2441,,,1.2161586284637451,,
7,2443,,,1.204668402671814,,
7,2445,,,1.1622728109359741,,
7,2447,,,1.249903917312622,,
7,2449,,,1.2168693542480469,,
7,2451,,,1.2387471199035645,,
7,2453,,,1.209688663482666,,
7,2455,,,1.232424020767212,,
7,2457,,,1.36226224899292,,
7,2459,,,1.0847973823547363,,
7,2461,,,1.4179784059524536,,
7,2463,,,1.2629051208496094,,
7,2465,,,1.2408620119094849,,
7,2467,,,1.1287392377853394,,
7,2469,,,1.2776734828948975,,
7,2471,,,1.2062532901763916,,
7,2473,,,1.1192413568496704,,
7,2475,,,1.1997709274291992,,
7,2477,,,1.1644207239151,,
7,2479,,,1.2387657165527344,,
7,2481,,,1.3105099201202393,,
7,2483,,,1.2964469194412231,,
7,2485,,,1.1661885976791382,,
7,2487,,,1.3369474411010742,,
7,2489,,,1.4208191633224487,,
7,2491,,,1.244104027748108,,
7,2493,,,1.2391202449798584,,
7,2495,,,1.3164628744125366,,
7,2497,,,1.1486421823501587,,
7,2499,,,1.2405318021774292,,
7,2501,,,1.2156105041503906,,
7,2503,,,1.1655436754226685,,
7,2503,,,,0.0012499999720603228,3.8151140213012695
8,2505,,,1.4114934206008911,,
8,2507,,,1.2110141515731812,,
8,2509,,,1.2685457468032837,,
8,2511,,,1.1517277956008911,,
8,2513,,,1.2277692556381226,,
8,2515,,,1.216149091720581,,
8,2517,,,1.3839354515075684,,
8,2519,,,1.3008227348327637,,
8,2521,,,1.2526451349258423,,
8,2523,,,1.298327922821045,,
8,2525,,,1.2645221948623657,,
8,2527,,,1.2701479196548462,,
8,2529,,,1.230497121810913,,
8,2531,,,1.25715172290802,,
8,2533,,,1.2894697189331055,,
8,2535,,,1.2068570852279663,,
8,2537,,,1.1887189149856567,,
8,2539,,,1.198874592781067,,
8,2541,,,1.3744864463806152,,
8,2543,,,1.2228188514709473,,
8,2545,,,1.3489887714385986,,
8,2547,,,1.2612823247909546,,
8,2549,,,1.2204869985580444,,
8,2551,,,1.1466445922851562,,
8,2553,,,1.2617994546890259,,
8,2555,,,1.2178453207015991,,
8,2557,,,1.2070156335830688,,
8,2559,,,1.2248969078063965,,
8,2561,,,1.2280060052871704,,
8,2563,,,1.1188634634017944,,
8,2565,,,1.2526123523712158,,
8,2567,,,1.1990615129470825,,
8,2569,,,1.2139873504638672,,
8,2571,,,1.2961573600769043,,
8,2573,,,1.1926072835922241,,
8,2575,,,1.256171703338623,,
8,2577,,,1.206725001335144,,
8,2579,,,1.3584789037704468,,
8,2581,,,1.2751781940460205,,
8,2583,,,1.262424349784851,,
8,2585,,,1.2712023258209229,,
8,2587,,,1.2006313800811768,,
8,2589,,,1.2114320993423462,,
8,2591,,,1.2256560325622559,,
8,2593,,,1.2082079648971558,,
8,2595,,,1.139729619026184,,
8,2597,,,1.3255621194839478,,
8,2599,,,1.238888144493103,,
8,2601,,,1.3308621644973755,,
8,2603,,,1.1307350397109985,,
8,2605,,,1.0697063207626343,,
8,2607,,,1.1763216257095337,,
8,2609,,,1.1917144060134888,,
8,2611,,,1.3139744997024536,,
8,2613,,,1.2984052896499634,,
8,2615,,,1.3029896020889282,,
8,2617,,,1.1861289739608765,,
8,2619,,,1.3578470945358276,,
8,2621,,,1.3702267408370972,,
8,2623,,,1.3191077709197998,,
8,2625,,,1.3036675453186035,,
8,2627,,,1.3108155727386475,,
8,2629,,,1.1539995670318604,,
8,2631,,,1.2378982305526733,,
8,2633,,,1.2478688955307007,,
8,2635,,,1.1936047077178955,,
8,2637,,,1.220455288887024,,
8,2639,,,1.2955899238586426,,
8,2641,,,1.259265661239624,,
8,2643,,,1.1819936037063599,,
8,2645,,,1.1295428276062012,,
8,2647,,,1.1870473623275757,,
8,2649,,,1.1257036924362183,,
8,2651,,,1.1024130582809448,,
8,2653,,,1.1936904191970825,,
8,2655,,,1.218237280845642,,
8,2657,,,1.2500407695770264,,
8,2659,,,1.2686694860458374,,
8,2661,,,1.1443543434143066,,
8,2663,,,1.3250703811645508,,
8,2665,,,1.334953784942627,,
8,2667,,,1.2668076753616333,,
8,2669,,,1.1993244886398315,,
8,2671,,,1.2112915515899658,,
8,2673,,,1.1401392221450806,,
8,2675,,,1.1246556043624878,,
8,2677,,,1.3057560920715332,,
8,2679,,,1.1705858707427979,,
8,2681,,,1.204148292541504,,
8,2683,,,1.4254920482635498,,
8,2685,,,1.198616623878479,,
8,2687,,,1.295925498008728,,
8,2689,,,1.2318073511123657,,
8,2691,,,1.243953824043274,,
8,2693,,,1.2392393350601196,,
8,2695,,,1.163459062576294,,
8,2697,,,1.2041395902633667,,
8,2699,,,1.3614623546600342,,
8,2701,,,1.093214511871338,,
8,2703,,,1.238350749015808,,
8,2705,,,1.286203384399414,,
8,2707,,,1.124022364616394,,
8,2709,,,1.321937918663025,,
8,2711,,,1.3477107286453247,,
8,2713,,,1.155860424041748,,
8,2715,,,1.1303231716156006,,
8,2717,,,1.2041232585906982,,
8,2719,,,1.1477506160736084,,
8,2721,,,1.1977647542953491,,
8,2723,,,1.0639448165893555,,
8,2725,,,1.250589370727539,,
8,2727,,,1.3419164419174194,,
8,2729,,,1.2913533449172974,,
8,2731,,,1.2555110454559326,,
8,2733,,,1.303895354270935,,
8,2735,,,1.303668737411499,,
8,2737,,,1.1335057020187378,,
8,2739,,,1.2390998601913452,,
8,2741,,,1.3771448135375977,,
8,2743,,,1.196159839630127,,
8,2745,,,1.223528504371643,,
8,2747,,,1.2597179412841797,,
8,2749,,,1.177069902420044,,
8,2751,,,1.210753083229065,,
8,2753,,,1.177815556526184,,
8,2755,,,1.2662032842636108,,
8,2757,,,1.3218034505844116,,
8,2759,,,1.209060549736023,,
8,2761,,,1.1498419046401978,,
8,2763,,,1.2117536067962646,,
8,2765,,,1.3823680877685547,,
8,2767,,,1.2837204933166504,,
8,2769,,,1.1457877159118652,,
8,2771,,,1.3065446615219116,,
8,2773,,,1.3006718158721924,,
8,2775,,,1.259046196937561,,
8,2777,,,1.2564828395843506,,
8,2779,,,1.166865587234497,,
8,2781,,,1.056326985359192,,
8,2783,,,1.3207201957702637,,
8,2785,,,1.2368799448013306,,
8,2787,,,1.1945204734802246,,
8,2789,,,1.245887041091919,,
8,2791,,,1.2445651292800903,,
8,2793,,,1.2563186883926392,,
8,2795,,,1.2965939044952393,,
8,2797,,,1.273051142692566,,
8,2799,,,1.13498055934906,,
8,2801,,,1.3698941469192505,,
8,2803,,,1.1940854787826538,,
8,2805,,,1.2243760824203491,,
8,2807,,,1.2182300090789795,,
8,2809,,,1.3054571151733398,,
8,2811,,,1.2734285593032837,,
8,2813,,,1.2733376026153564,,
8,2815,,,1.2462291717529297,,
8,2816,,,,0.0012499999720603228,3.8005905151367188
9,2817,,,1.3672152757644653,,
9,2819,,,1.3107564449310303,,
9,2821,,,1.263846755027771,,
9,2823,,,1.2430189847946167,,
9,2825,,,1.1571109294891357,,
9,2827,,,1.2213188409805298,,
9,2829,,,1.3087483644485474,,
9,2831,,,1.078218698501587,,
9,2833,,,1.265177845954895,,
9,2835,,,1.3538485765457153,,
9,2837,,,1.2170040607452393,,
9,2839,,,1.171202540397644,,
9,2841,,,1.1895877122879028,,
9,2843,,,1.1656074523925781,,
9,2845,,,1.2517235279083252,,
9,2847,,,1.175268530845642,,
9,2849,,,1.1673023700714111,,
9,2851,,,1.146249532699585,,
9,2853,,,1.3462985754013062,,
9,2855,,,1.1086370944976807,,
9,2857,,,1.1088052988052368,,
9,2859,,,1.1762430667877197,,
9,2861,,,1.2419332265853882,,
9,2863,,,1.431795358657837,,
9,2865,,,1.2485400438308716,,
9,2867,,,1.3192309141159058,,
9,2869,,,1.126653790473938,,
9,2871,,,1.1342554092407227,,
9,2873,,,1.141728401184082,,
9,2875,,,1.151950716972351,,
9,2877,,,1.3647096157073975,,
9,2879,,,1.362363338470459,,
9,2881,,,1.2557475566864014,,
9,2883,,,1.2962368726730347,,
9,2885,,,1.3367750644683838,,
9,2887,,,1.2713866233825684,,
9,2889,,,1.304009199142456,,
9,2891,,,1.0957916975021362,,
9,2893,,,1.2393866777420044,,
9,2895,,,1.1570305824279785,,
9,2897,,,1.1473181247711182,,
9,2899,,,1.273589015007019,,
9,2901,,,1.2360093593597412,,
9,2903,,,1.166164517402649,,
9,2905,,,1.2821375131607056,,
9,2907,,,1.2037063837051392,,
9,2909,,,1.265631079673767,,
9,2911,,,1.2436773777008057,,
9,2913,,,1.1983981132507324,,
9,2915,,,1.1439979076385498,,
9,2917,,,1.1473579406738281,,
9,2919,,,1.2524890899658203,,
9,2921,,,1.122580647468567,,
9,2923,,,1.2933467626571655,,
9,2925,,,1.3315998315811157,,
9,2927,,,1.308929204940796,,
9,2929,,,1.2925891876220703,,
9,2931,,,1.1843760013580322,,
9,2933,,,1.0714722871780396,,
9,2935,,,1.2579596042633057,,
9,2937,,,1.252349853515625,,
9,2939,,,1.1298421621322632,,
9,2941,,,1.3430935144424438,,
9,2943,,,1.315267562866211,,
9,2945,,,1.1820303201675415,,
9,2947,,,1.216829538345337,,
9,2949,,,1.1267091035842896,,
9,2951,,,1.2208452224731445,,
9,2953,,,1.2518033981323242,,
9,2955,,,1.2606526613235474,,
9,2957,,,1.2698776721954346,,
9,2959,,,1.1375538110733032,,
9,2961,,,1.2514382600784302,,
9,2963,,,1.1851136684417725,,
9,2965,,,1.1756919622421265,,
9,2967,,,1.2113316059112549,,
9,2969,,,1.1831570863723755,,
9,2971,,,1.1886959075927734,,
9,2973,,,1.204614520072937,,
9,2975,,,1.2925693988800049,,
9,2977,,,1.1941457986831665,,
9,2979,,,1.1839499473571777,,
9,2981,,,1.2400916814804077,,
9,2983,,,1.0918419361114502,,
9,2985,,,1.24678635597229,,
9,2987,,,1.4075206518173218,,
9,2989,,,1.231977105140686,,
9,2991,,,1.1517250537872314,,
9,2993,,,1.1604732275009155,,
9,2995,,,1.236013412475586,,
9,2997,,,1.2153815031051636,,
9,2999,,,1.172823190689087,,
9,3001,,,1.3265442848205566,,
9,3003,,,1.296710729598999,,
9,3005,,,1.2781670093536377,,
9,3007,,,1.1909059286117554,,
9,3009,,,1.0753438472747803,,
9,3011,,,1.2011909484863281,,
9,3013,,,1.1534403562545776,,
9,3015,,,1.2531559467315674,,
9,3017,,,1.1600515842437744,,
9,3019,,,1.3391882181167603,,
9,3021,,,1.2592167854309082,,
9,3023,,,1.2779392004013062,,
9,3025,,,1.2037349939346313,,
9,3027,,,1.1704941987991333,,
9,3029,,,1.1286864280700684,,
9,3031,,,1.1395936012268066,,
9,3033,,,1.1456375122070312,,
9,3035,,,1.16860830783844,,
9,3037,,,1.2546210289001465,,
9,3039,,,1.1851423978805542,,
9,3041,,,1.1957848072052002,,
9,3043,,,1.1092170476913452,,
9,3045,,,1.2910511493682861,,
9,3047,,,1.2334105968475342,,
9,3049,,,1.1671228408813477,,
9,3051,,,1.1809918880462646,,
9,3053,,,1.2413806915283203,,
9,3055,,,1.2050365209579468,,
9,3057,,,1.1581412553787231,,
9,3059,,,1.1940582990646362,,
9,3061,,,1.3153595924377441,,
9,3063,,,1.2082778215408325,,
9,3065,,,1.2182682752609253,,
9,3067,,,1.2370718717575073,,
9,3069,,,1.2154756784439087,,
9,3071,,,1.204909086227417,,
9,3073,,,1.2244607210159302,,
9,3075,,,1.259313702583313,,
9,3077,,,1.1731650829315186,,
9,3079,,,1.1992273330688477,,
9,3081,,,1.1347148418426514,,
9,3083,,,1.1937713623046875,,
9,3085,,,1.2007713317871094,,
9,3087,,,1.0804108381271362,,
9,3089,,,1.2903032302856445,,
9,3091,,,1.2392330169677734,,
9,3093,,,1.1319057941436768,,
9,3095,,,1.2639161348342896,,
9,3097,,,1.1813578605651855,,
9,3099,,,1.302846908569336,,
9,3101,,,1.1852699518203735,,
9,3103,,,1.234013557434082,,
9,3105,,,1.1871709823608398,,
9,3107,,,1.2127370834350586,,
9,3109,,,1.2283762693405151,,
9,3111,,,1.250332236289978,,
9,3113,,,1.2972944974899292,,
9,3115,,,1.1966216564178467,,
9,3117,,,1.2534384727478027,,
9,3119,,,1.193870186805725,,
9,3121,,,1.232317328453064,,
9,3123,,,1.2575664520263672,,
9,3125,,,1.2527824640274048,,
9,3127,,,1.1950970888137817,,
9,3129,,,1.1523354053497314,,
9,3129,,,,0.0012499999720603228,3.8120198249816895
10,3131,,,1.2824795246124268,,
10,3133,,,1.1629709005355835,,
10,3135,,,1.1781516075134277,,
10,3137,,,1.2605929374694824,,
10,3139,,,1.248733639717102,,
10,3141,,,1.2262217998504639,,
10,3143,,,1.0894168615341187,,
10,3145,,,1.3017559051513672,,
10,3147,,,1.2323579788208008,,
10,3149,,,1.2727853059768677,,
10,3151,,,1.234433650970459,,
10,3153,,,1.1785980463027954,,
10,3155,,,1.2916462421417236,,
10,3157,,,1.2963943481445312,,
10,3159,,,1.2666133642196655,,
10,3161,,,1.2616796493530273,,
10,3163,,,1.2667136192321777,,
10,3165,,,1.229952096939087,,
10,3167,,,1.1602705717086792,,
10,3169,,,1.2413805723190308,,
10,3171,,,1.3329505920410156,,
10,3173,,,1.0922443866729736,,
10,3175,,,1.2637214660644531,,
10,3177,,,1.323341727256775,,
10,3179,,,1.3957324028015137,,
10,3181,,,1.2160460948944092,,
10,3183,,,1.2983851432800293,,
10,3185,,,1.1753708124160767,,
10,3187,,,1.1979941129684448,,
10,3189,,,1.2231374979019165,,
10,3191,,,1.3281742334365845,,
10,3193,,,1.1602766513824463,,
10,3195,,,1.3184391260147095,,
10,3197,,,1.2147833108901978,,
10,3199,,,1.116729736328125,,
10,3201,,,1.2139779329299927,,
10,3203,,,1.1637771129608154,,
10,3205,,,1.3187016248703003,,
10,3207,,,1.2117971181869507,,
10,3209,,,1.3103748559951782,,
10,3211,,,1.2883398532867432,,
10,3213,,,1.2164722681045532,,
10,3215,,,1.2859150171279907,,
10,3217,,,1.2718287706375122,,
10,3219,,,1.2571653127670288,,
10,3221,,,1.2394243478775024,,
10,3223,,,1.2095404863357544,,
10,3225,,,1.418008804321289,,
10,3227,,,1.3237693309783936,,
10,3229,,,1.3873146772384644,,
10,3231,,,1.3484934568405151,,
10,3233,,,1.1861754655838013,,
10,3235,,,1.224733829498291,,
10,3237,,,1.2370946407318115,,
10,3239,,,1.1648485660552979,,
10,3241,,,1.207502007484436,,
10,3243,,,1.2406516075134277,,
10,3245,,,1.1521893739700317,,
10,3247,,,1.2416359186172485,,
10,3249,,,1.076554536819458,,
10,3251,,,1.2157953977584839,,
10,3253,,,1.15951406955719,,
10,3255,,,1.3266466856002808,,
10,3257,,,1.2950851917266846,,
10,3259,,,1.1789238452911377,,
10,3261,,,1.2169145345687866,,
10,3263,,,1.2253073453903198,,
10,3265,,,1.3169231414794922,,
10,3267,,,1.324119210243225,,
10,3269,,,1.138954520225525,,
10,3271,,,1.2460542917251587,,
10,3273,,,1.1820545196533203,,
10,3275,,,1.1678814888000488,,
10,3277,,,1.2181675434112549,,
10,3279,,,1.1661018133163452,,
10,3281,,,1.1168569326400757,,
10,3283,,,1.362856388092041,,
10,3285,,,1.2565613985061646,,
10,3287,,,1.2643790245056152,,
10,3289,,,1.1411502361297607,,
10,3291,,,1.3050355911254883,,
10,3293,,,1.2944172620773315,,
10,3295,,,1.3946945667266846,,
10,3297,,,1.2387288808822632,,
10,3299,,,1.3290561437606812,,
10,3301,,,1.3085355758666992,,
10,3303,,,1.1145473718643188,,
10,3305,,,1.219884991645813,,
10,3307,,,1.2445577383041382,,
10,3309,,,1.1150685548782349,,
10,3311,,,1.2259074449539185,,
10,3313,,,1.321618676185608,,
10,3315,,,1.1121203899383545,,
10,3317,,,1.2778146266937256,,
10,3319,,,1.2138036489486694,,
10,3321,,,1.184931755065918,,
10,3323,,,1.2496836185455322,,
10,3325,,,1.133536458015442,,
10,3327,,,1.3404953479766846,,
10,3329,,,1.1159017086029053,,
10,3331,,,1.1536873579025269,,
10,3333,,,1.2745938301086426,,
10,3335,,,1.2233431339263916,,
10,3337,,,1.2915704250335693,,
10,3339,,,1.1978522539138794,,
10,3341,,,1.3538234233856201,,
10,3343,,,1.167404055595398,,
10,3345,,,1.1723631620407104,,
10,3347,,,1.1801583766937256,,
10,3349,,,1.161911129951477,,
10,3351,,,1.1285630464553833,,
10,3353,,,1.2747122049331665,,
10,3355,,,1.2765278816223145,,
10,3357,,,1.255084753036499,,
10,3359,,,1.2454959154129028,,
10,3361,,,1.2857328653335571,,
10,3363,,,1.438785195350647,,
10,3365,,,1.1922976970672607,,
10,3367,,,1.1718209981918335,,
10,3369,,,1.2267025709152222,,
10,3371,,,1.283025860786438,,
10,3373,,,1.1614140272140503,,
10,3375,,,1.2537566423416138,,
10,3377,,,1.1035462617874146,,
10,3379,,,1.2266976833343506,,
10,3381,,,1.222661018371582,,
10,3383,,,1.1293139457702637,,
10,3385,,,1.1661744117736816,,
10,3387,,,1.316107988357544,,
10,3389,,,1.1533331871032715,,
10,3391,,,1.2111001014709473,,
10,3393,,,1.1876447200775146,,
10,3395,,,1.237471103668213,,
10,3397,,,1.2767982482910156,,
10,3399,,,1.1824696063995361,,
10,3401,,,1.202526330947876,,
10,3403,,,1.3286617994308472,,
10,3405,,,1.1983633041381836,,
10,3407,,,1.232908844947815,,
10,3409,,,1.2872117757797241,,
10,3411,,,1.2674123048782349,,
10,3413,,,1.2414909601211548,,
10,3415,,,1.156476378440857,,
10,3417,,,1.2844517230987549,,
10,3419,,,1.0855432748794556,,
10,3421,,,1.2976160049438477,,
10,3423,,,1.237633466720581,,
10,3425,,,1.1766632795333862,,
10,3427,,,1.2289514541625977,,
10,3429,,,1.2442840337753296,,
10,3431,,,1.2657780647277832,,
10,3433,,,1.2391114234924316,,
10,3435,,,1.240842342376709,,
10,3437,,,1.0996195077896118,,
10,3439,,,1.2284237146377563,,
10,3441,,,1.2574118375778198,,
10,3442,,,,0.0012499999720603228,3.800687074661255
11,3443,,,1.2004637718200684,,
11,3445,,,1.1180682182312012,,
11,3447,,,1.23605215549469,,
11,3449,,,1.2459865808486938,,
11,3451,,,1.271485447883606,,
11,3453,,,1.222035527229309,,
11,3455,,,1.2440955638885498,,
11,3457,,,1.1871399879455566,,
11,3459,,,1.2249380350112915,,
11,3461,,,1.2969456911087036,,
11,3463,,,1.3249834775924683,,
11,3465,,,1.1779448986053467,,
11,3467,,,1.2633904218673706,,
11,3469,,,1.27022123336792,,
11,3471,,,1.3790411949157715,,
11,3473,,,1.1798914670944214,,
11,3475,,,1.2332468032836914,,
11,3477,,,1.2108979225158691,,
11,3479,,,1.2114804983139038,,
11,3481,,,1.3489826917648315,,
11,3483,,,1.1992781162261963,,
11,3485,,,1.2098528146743774,,
11,3487,,,1.1140836477279663,,
11,3489,,,1.1844559907913208,,
11,3491,,,1.2119393348693848,,
11,3493,,,1.295568585395813,,
11,3495,,,1.2946672439575195,,
11,3497,,,1.3717198371887207,,
11,3499,,,1.2099533081054688,,
11,3501,,,1.2447394132614136,,
11,3503,,,1.2940560579299927,,
11,3505,,,1.2016572952270508,,
11,3507,,,1.1601037979125977,,
11,3509,,,1.2976688146591187,,
11,3511,,,1.2605748176574707,,
11,3513,,,1.1607674360275269,,
11,3515,,,1.1861330270767212,,
11,3517,,,1.1564968824386597,,
11,3519,,,1.171818733215332,,
11,3521,,,1.1794202327728271,,
11,3523,,,1.3160161972045898,,
11,3525,,,1.2464033365249634,,
11,3527,,,1.1551238298416138,,
11,3529,,,1.2299102544784546,,
11,3531,,,1.086647868156433,,
11,3533,,,1.2488428354263306,,
11,3535,,,1.4906266927719116,,
11,3537,,,1.232249140739441,,
11,3539,,,1.14439857006073,,
11,3541,,,1.2055455446243286,,
11,3543,,,1.2209748029708862,,
11,3545,,,1.1815898418426514,,
11,3547,,,1.258844256401062,,
11,3549,,,1.1958625316619873,,
11,3551,,,1.206591248512268,,
11,3553,,,1.2948161363601685,,
11,3555,,,1.2187036275863647,,
11,3557,,,1.280427098274231,,
11,3559,,,1.1670551300048828,,
11,3561,,,1.2786386013031006,,
11,3563,,,1.2352914810180664,,
11,3565,,,1.364792823791504,,
11,3567,,,1.2420976161956787,,
11,3569,,,1.3310083150863647,,
11,3571,,,1.34070885181427,,
11,3573,,,1.2863343954086304,,
11,3575,,,1.273310899734497,,
11,3577,,,1.1931315660476685,,
11,3579,,,1.1708275079727173,,
11,3581,,,1.2971714735031128,,
11,3583,,,1.302315354347229,,
11,3585,,,1.2316099405288696,,
11,3587,,,1.1835185289382935,,
11,3589,,,1.1606546640396118,,
11,3591,,,1.4185171127319336,,
11,3593,,,1.2877302169799805,,
11,3595,,,1.2588872909545898,,
11,3597,,,1.3330501317977905,,
11,3599,,,1.172033667564392,,
11,3601,,,1.1596620082855225,,
11,3603,,,1.24627685546875,,
11,3605,,,1.3260841369628906,,
11,3607,,,1.2639392614364624,,
11,3609,,,1.3268672227859497,,
11,3611,,,1.288072943687439,,
11,3613,,,1.2045177221298218,,
11,3615,,,1.1709809303283691,,
11,3617,,,1.2089749574661255,,
11,3619,,,1.1694626808166504,,
11,3621,,,1.2538894414901733,,
11,3623,,,1.1934788227081299,,
11,3625,,,1.3639189004898071,,
11,3627,,,1.2074551582336426,,
11,3629,,,1.3085458278656006,,
11,3631,,,1.156801462173462,,
11,3633,,,1.1751384735107422,,
11,3635,,,1.1955211162567139,,
11,3637,,,1.3752248287200928,,
11,3639,,,1.3063576221466064,,
11,3641,,,1.1544958353042603,,
11,3643,,,1.385130524635315,,
11,3645,,,1.2096856832504272,,
11,3647,,,1.1875452995300293,,
11,3649,,,1.1798512935638428,,
11,3651,,,1.2237484455108643,,
11,3653,,,1.3489245176315308,,
11,3655,,,1.3255586624145508,,
11,3657,,,1.1891599893569946,,
11,3659,,,1.1188745498657227,,
11,3661,,,1.269407033920288,,
11,3663,,,1.119355320930481,,
11,3665,,,1.296053171157837,,
11,3667,,,1.3623323440551758,,
11,3669,,,1.3171559572219849,,
11,3671,,,1.3021488189697266,,
11,3673,,,1.2442626953125,,
11,3675,,,1.2626882791519165,,
11,3677,,,1.2108328342437744,,
11,3679,,,1.247542381286621,,
11,3681,,,1.327654242515564,,
11,3683,,,1.2197513580322266,,
11,3685,,,1.2107820510864258,,
11,3687,,,1.26163911819458,,
11,3689,,,1.0984355211257935,,
11,3691,,,1.275463581085205,,
11,3693,,,1.2737435102462769,,
11,3695,,,1.2197861671447754,,
11,3697,,,1.2455871105194092,,
11,3699,,,1.369641900062561,,
11,3701,,,1.2398362159729004,,
11,3703,,,1.3196438550949097,,
11,3705,,,1.1690270900726318,,
11,3707,,,1.1503400802612305,,
11,3709,,,1.0963410139083862,,
11,3711,,,1.243833303451538,,
11,3713,,,1.3148174285888672,,
11,3715,,,1.166398525238037,,
11,3717,,,1.1512302160263062,,
11,3719,,,1.1983040571212769,,
11,3721,,,1.2443355321884155,,
11,3723,,,1.250422716140747,,
11,3725,,,1.2401658296585083,,
11,3727,,,1.263780117034912,,
11,3729,,,1.2436431646347046,,
11,3731,,,1.1726980209350586,,
11,3733,,,1.1994624137878418,,
11,3735,,,1.0848835706710815,,
11,3737,,,1.1788458824157715,,
11,3739,,,1.2360117435455322,,
11,3741,,,1.2381479740142822,,
11,3743,,,1.19472074508667,,
11,3745,,,1.093065619468689,,
11,3747,,,1.2222596406936646,,
11,3749,,,1.3196797370910645,,
11,3751,,,1.1176893711090088,,
11,3753,,,1.1468749046325684,,
11,3755,,,1.5480042695999146,,
11,3755,,,,0.0012499999720603228,3.7911758422851562
12,3757,,,1.216988205909729,,
12,3759,,,1.3903248310089111,,
12,3761,,,1.182066798210144,,
12,3763,,,1.2359676361083984,,
12,3765,,,1.30878746509552,,
12,3767,,,1.237161636352539,,
12,3769,,,1.1124900579452515,,
12,3771,,,1.2932316064834595,,
12,3773,,,1.1229264736175537,,
12,3775,,,1.2094584703445435,,
12,3777,,,1.1528829336166382,,
12,3779,,,1.250346302986145,,
12,3781,,,1.197574257850647,,
12,3783,,,1.1876816749572754,,
12,3785,,,1.2405260801315308,,
12,3787,,,1.2181425094604492,,
12,3789,,,1.2842925786972046,,
12,3791,,,1.2092026472091675,,
12,3793,,,1.2002348899841309,,
12,3795,,,1.1993733644485474,,
12,3797,,,1.2867358922958374,,
12,3799,,,1.2636324167251587,,
12,3801,,,1.2657248973846436,,
12,3803,,,1.264557957649231,,
12,3805,,,1.2337628602981567,,
12,3807,,,1.1406230926513672,,
12,3809,,,1.261407732963562,,
12,3811,,,1.331537127494812,,
12,3813,,,1.1572667360305786,,
12,3815,,,1.180775761604309,,
12,3817,,,1.2075610160827637,,
12,3819,,,1.3725470304489136,,
12,3821,,,1.1601969003677368,,
12,3823,,,1.231397032737732,,
12,3825,,,1.1810061931610107,,
12,3827,,,1.174075722694397,,
12,3829,,,1.3062033653259277,,
12,3831,,,1.227308750152588,,
12,3833,,,1.189252257347107,,
12,3835,,,1.1974167823791504,,
12,3837,,,1.2355093955993652,,
12,3839,,,1.2550290822982788,,
12,3841,,,1.2859477996826172,,
12,3843,,,1.2534735202789307,,
12,3845,,,1.174316644668579,,
12,3847,,,1.155990719795227,,
12,3849,,,1.22640061378479,,
12,3851,,,1.3632928133010864,,
12,3853,,,1.3262618780136108,,
12,3855,,,1.1985872983932495,,
12,3857,,,1.2340582609176636,,
12,3859,,,1.1446292400360107,,
12,3861,,,1.3440619707107544,,
12,3863,,,1.2248018980026245,,
12,3865,,,1.3247345685958862,,
12,3867,,,1.360978364944458,,
12,3869,,,1.2622981071472168,,
12,3871,,,1.238208293914795,,
12,3873,,,1.2555772066116333,,
12,3875,,,1.1617562770843506,,
12,3877,,,1.2366222143173218,,
12,3879,,,1.1413151025772095,,
12,3881,,,1.47659170627594,,
12,3883,,,1.1898066997528076,,
12,3885,,,1.166264295578003,,
12,3887,,,1.2772855758666992,,
12,3889,,,1.2409634590148926,,
12,3891,,,1.287846326828003,,
12,3893,,,1.2666860818862915,,
12,3895,,,1.2984788417816162,,
12,3897,,,1.3834524154663086,,
12,3899,,,1.2960273027420044,,
12,3901,,,1.234907627105713,,
12,3903,,,1.2536766529083252,,
12,3905,,,1.2093144655227661,,
12,3907,,,1.210863471031189,,
12,3909,,,1.2874755859375,,
12,3911,,,1.3685716390609741,,
12,3913,,,1.1781760454177856,,
12,3915,,,1.2027709484100342,,
12,3917,,,1.1902848482131958,,
12,3919,,,1.2051962614059448,,
12,3921,,,1.2469689846038818,,
12,3923,,,1.2275147438049316,,
12,3925,,,1.107424020767212,,
12,3927,,,1.2762055397033691,,
12,3929,,,1.078747034072876,,
12,3931,,,1.1370608806610107,,
12,3933,,,1.2318103313446045,,
12,3935,,,1.128738522529602,,
12,3937,,,1.32262122631073,,
12,3939,,,1.2161214351654053,,
12,3941,,,1.215648889541626,,
12,3943,,,1.2809885740280151,,
12,3945,,,1.343706727027893,,
12,3947,,,1.3354376554489136,,
12,3949,,,1.196288824081421,,
12,3951,,,1.3347129821777344,,
12,3953,,,1.2700297832489014,,
12,3955,,,1.1878831386566162,,
12,3957,,,1.3477176427841187,,
12,3959,,,1.2597604990005493,,
12,3961,,,1.2092481851577759,,
12,3963,,,1.1865332126617432,,
12,3965,,,1.265625,,
12,3967,,,1.2151120901107788,,
12,3969,,,1.2568391561508179,,
12,3971,,,1.3187875747680664,,
12,3973,,,1.2474017143249512,,
12,3975,,,1.144763469696045,,
12,3977,,,1.3205853700637817,,
12,3979,,,1.2028127908706665,,
12,3981,,,1.2036290168762207,,
12,3983,,,1.1477923393249512,,
12,3985,,,1.1179255247116089,,
12,3987,,,1.226441502571106,,
12,3989,,,1.2484855651855469,,
12,3991,,,1.173378586769104,,
12,3993,,,1.279197096824646,,
12,3995,,,1.2733439207077026,,
12,3997,,,1.2126960754394531,,
12,3999,,,1.1692672967910767,,
12,4001,,,1.287062644958496,,
12,4003,,,1.2409311532974243,,
12,4005,,,1.315387487411499,,
12,4007,,,1.1653083562850952,,
12,4009,,,1.2392380237579346,,
12,4011,,,1.1934219598770142,,
12,4013,,,1.3046187162399292,,
12,4015,,,1.2077556848526,,
12,4017,,,1.1186469793319702,,
12,4019,,,1.249117374420166,,
12,4021,,,1.2752028703689575,,
12,4023,,,1.1901612281799316,,
12,4025,,,1.274504542350769,,
12,4027,,,1.156522512435913,,
12,4029,,,1.1234196424484253,,
12,4031,,,1.1793009042739868,,
12,4033,,,1.0888385772705078,,
12,4035,,,1.1464077234268188,,
12,4037,,,1.193260669708252,,
12,4039,,,1.2977653741836548,,
12,4041,,,1.1689294576644897,,
12,4043,,,1.2989262342453003,,
12,4045,,,1.3298637866973877,,
12,4047,,,1.3248602151870728,,
12,4049,,,1.213280200958252,,
12,4051,,,1.198146104812622,,
12,4053,,,1.291132926940918,,
12,4055,,,1.3175363540649414,,
12,4057,,,1.2328699827194214,,
12,4059,,,1.3835804462432861,,
12,4061,,,1.2430193424224854,,
12,4063,,,1.2244139909744263,,
12,4065,,,1.2774765491485596,,
12,4067,,,1.1360950469970703,,
12,4068,,,,0.0012499999720603228,3.771850347518921
13,4069,,,1.1538430452346802,,
13,4071,,,1.1751654148101807,,
13,4073,,,1.2656904458999634,,
13,4075,,,1.311942458152771,,
13,4077,,,1.0562626123428345,,
13,4079,,,1.1609164476394653,,
13,4081,,,1.2780424356460571,,
13,4083,,,1.181069254875183,,
13,4085,,,1.2876063585281372,,
13,4087,,,1.1509673595428467,,
13,4089,,,1.1613153219223022,,
13,4091,,,1.2957062721252441,,
13,4093,,,1.4172794818878174,,
13,4095,,,1.3496127128601074,,
13,4097,,,1.3039426803588867,,
13,4099,,,1.1892917156219482,,
13,4101,,,1.247884750366211,,
13,4103,,,1.2745864391326904,,
13,4105,,,1.3346296548843384,,
13,4107,,,1.2033292055130005,,
13,4109,,,1.274186611175537,,
13,4111,,,1.2109867334365845,,
13,4113,,,1.2377262115478516,,
13,4115,,,1.2404464483261108,,
13,4117,,,1.2175874710083008,,
13,4119,,,1.2489663362503052,,
13,4121,,,1.4779528379440308,,
13,4123,,,1.2513200044631958,,
13,4125,,,1.2359187602996826,,
13,4127,,,1.2055587768554688,,
13,4129,,,1.2293686866760254,,
13,4131,,,1.2729555368423462,,
13,4133,,,1.1378835439682007,,
13,4135,,,1.2115727663040161,,
13,4137,,,1.168610692024231,,
13,4139,,,1.160290241241455,,
13,4141,,,1.1749449968338013,,
13,4143,,,1.3048813343048096,,
13,4145,,,1.324365496635437,,
13,4147,,,1.2352391481399536,,
13,4149,,,1.2239315509796143,,
13,4151,,,1.2443748712539673,,
13,4153,,,1.250903606414795,,
13,4155,,,1.2107813358306885,,
13,4157,,,1.2123734951019287,,
13,4159,,,1.1636567115783691,,
13,4161,,,1.2620983123779297,,
13,4163,,,1.224340558052063,,
13,4165,,,1.2783949375152588,,
13,4167,,,1.2210804224014282,,
13,4169,,,1.2394036054611206,,
13,4171,,,1.196229100227356,,
13,4173,,,1.2046661376953125,,
13,4175,,,1.1170016527175903,,
13,4177,,,1.2317495346069336,,
13,4179,,,1.4395164251327515,,
13,4181,,,1.304948329925537,,
13,4183,,,1.1957473754882812,,
13,4185,,,1.373265027999878,,
13,4187,,,1.1702560186386108,,
13,4189,,,1.1944156885147095,,
13,4191,,,1.265018105506897,,
13,4193,,,1.2855311632156372,,
13,4195,,,1.13384211063385,,
13,4197,,,1.223141074180603,,
13,4199,,,1.24221932888031,,
13,4201,,,1.2987326383590698,,
13,4203,,,1.2400124073028564,,
13,4205,,,1.1417485475540161,,
13,4207,,,1.194926381111145,,
13,4209,,,1.2151446342468262,,
13,4211,,,1.41451096534729,,
13,4213,,,1.2806111574172974,,
13,4215,,,1.1531896591186523,,
13,4217,,,1.1345582008361816,,
13,4219,,,1.116134762763977,,
13,4221,,,1.306658387184143,,
13,4223,,,1.15125572681427,,
13,4225,,,1.1974856853485107,,
13,4227,,,1.354561686515808,,
13,4229,,,1.0547113418579102,,
13,4231,,,1.1999428272247314,,
13,4233,,,1.1781936883926392,,
13,4235,,,1.302851676940918,,
13,4237,,,1.4271024465560913,,
13,4239,,,1.313583493232727,,
13,4241,,,1.1659380197525024,,
13,4243,,,1.1575663089752197,,
13,4245,,,1.166032075881958,,
13,4247,,,1.366965889930725,,
13,4249,,,1.2401479482650757,,
13,4251,,,1.1701676845550537,,
13,4253,,,1.2888119220733643,,
13,4255,,,1.2590348720550537,,
13,4257,,,1.098552942276001,,
13,4259,,,1.259361743927002,,
13,4261,,,1.3097180128097534,,
13,4263,,,1.2033196687698364,,
13,4265,,,1.1392444372177124,,
13,4267,,,1.2457767724990845,,
13,4269,,,1.2724612951278687,,
13,4271,,,1.162230372428894,,
13,4273,,,1.0937658548355103,,
13,4275,,,1.1976827383041382,,
13,4277,,,1.3010315895080566,,
13,4279,,,1.256056547164917,,
13,4281,,,1.2367531061172485,,
13,4283,,,1.2138259410858154,,
13,4285,,,1.2768830060958862,,
13,4287,,,1.2161023616790771,,
13,4289,,,1.2905385494232178,,
13,4291,,,1.3137954473495483,,
13,4293,,,1.1983542442321777,,
13,4295,,,1.154085397720337,,
13,4297,,,1.3630818128585815,,
13,4299,,,1.1928510665893555,,
13,4301,,,1.2982014417648315,,
13,4303,,,1.2600746154785156,,
13,4305,,,1.1990076303482056,,
13,4307,,,1.3017168045043945,,
13,4309,,,1.1902658939361572,,
13,4311,,,1.2630258798599243,,
13,4313,,,1.2861405611038208,,
13,4315,,,1.1777260303497314,,
13,4317,,,1.262097716331482,,
13,4319,,,1.0873799324035645,,
13,4321,,,1.2031322717666626,,
13,4323,,,1.2318196296691895,,
13,4325,,,1.260589361190796,,
13,4327,,,1.3077541589736938,,
13,4329,,,1.3259199857711792,,
13,4331,,,1.1318634748458862,,
13,4333,,,1.3193625211715698,,
13,4335,,,1.127639889717102,,
13,4337,,,1.1801573038101196,,
13,4339,,,1.3179067373275757,,
13,4341,,,1.2726587057113647,,
13,4343,,,1.1595574617385864,,
13,4345,,,1.296033263206482,,
13,4347,,,1.2831861972808838,,
13,4349,,,1.201582670211792,,
13,4351,,,1.17660653591156,,
13,4353,,,1.3528954982757568,,
13,4355,,,1.2304902076721191,,
13,4357,,,1.2650495767593384,,
13,4359,,,1.3021522760391235,,
13,4361,,,1.2805949449539185,,
13,4363,,,1.1725293397903442,,
13,4365,,,1.144946575164795,,
13,4367,,,1.2396690845489502,,
13,4369,,,1.2364957332611084,,
13,4371,,,1.2793128490447998,,
13,4373,,,1.177754521369934,,
13,4375,,,1.1995571851730347,,
13,4377,,,1.194477915763855,,
13,4379,,,1.2128485441207886,,
13,4381,,,1.2675464153289795,,
13,4381,,,,0.0012499999720603228,3.8009860515594482
14,4383,,,1.3014165163040161,,
14,4385,,,1.3448346853256226,,
14,4387,,,1.1615524291992188,,
14,4389,,,1.203314185142517,,
14,4391,,,1.2423821687698364,,
14,4393,,,1.378029465675354,,
14,4395,,,1.2786463499069214,,
14,4397,,,1.2491499185562134,,
14,4399,,,1.2360408306121826,,
14,4401,,,1.234078049659729,,
14,4403,,,1.182668924331665,,
14,4405,,,1.2651684284210205,,
14,4407,,,1.1772586107254028,,
14,4409,,,1.2544817924499512,,
14,4411,,,1.2688353061676025,,
14,4413,,,1.3187041282653809,,
14,4415,,,1.195461392402649,,
14,4417,,,1.086262822151184,,
14,4419,,,1.2687495946884155,,
14,4421,,,1.112898588180542,,
14,4423,,,1.1928790807724,,
14,4425,,,1.1423282623291016,,
14,4427,,,1.1074013710021973,,
14,4429,,,1.346151351928711,,
14,4431,,,1.2600675821304321,,
14,4433,,,1.1703433990478516,,
14,4435,,,1.1397911310195923,,
14,4437,,,1.1710472106933594,,
14,4439,,,1.2075098752975464,,
14,4441,,,1.288599967956543,,
14,4443,,,1.1568808555603027,,
14,4445,,,1.2939202785491943,,
14,4447,,,1.2823187112808228,,
14,4449,,,1.1905289888381958,,
14,4451,,,1.2545218467712402,,
14,4453,,,1.284001350402832,,
14,4455,,,1.2368146181106567,,
14,4457,,,1.2787352800369263,,
14,4459,,,1.1653480529785156,,
14,4461,,,1.2817859649658203,,
14,4463,,,1.1248263120651245,,
14,4465,,,1.327673077583313,,
14,4467,,,1.130462884902954,,
14,4469,,,1.2944676876068115,,
14,4471,,,1.2246164083480835,,
14,4473,,,1.2472167015075684,,
14,4475,,,1.185414433479309,,
14,4477,,,1.22893488407135,,
14,4479,,,1.3304499387741089,,
14,4481,,,1.456049919128418,,
14,4483,,,1.35088312625885,,
14,4485,,,1.3597880601882935,,
14,4487,,,1.109954833984375,,
14,4489,,,1.2507693767547607,,
14,4491,,,1.2908501625061035,,
14,4493,,,1.2046562433242798,,
14,4495,,,1.196754813194275,,
14,4497,,,1.2894543409347534,,
14,4499,,,1.3441996574401855,,
14,4501,,,1.1976944208145142,,
14,4503,,,1.2755275964736938,,
14,4505,,,1.1444507837295532,,
14,4507,,,1.2545158863067627,,
14,4509,,,1.2414437532424927,,
14,4511,,,1.155630111694336,,
14,4513,,,1.2251918315887451,,
14,4515,,,1.1118744611740112,,
14,4517,,,1.112871766090393,,
14,4519,,,1.2527308464050293,,
14,4521,,,1.2682664394378662,,
14,4523,,,1.2076226472854614,,
14,4525,,,1.3106857538223267,,
14,4527,,,1.2444970607757568,,
14,4529,,,1.2797329425811768,,
14,4531,,,1.1819480657577515,,
14,4533,,,1.1686105728149414,,
14,4535,,,1.2278999090194702,,
14,4537,,,1.2498914003372192,,
14,4539,,,1.1936290264129639,,
14,4541,,,1.11451256275177,,
14,4543,,,1.2381764650344849,,
14,4545,,,1.1882444620132446,,
14,4547,,,1.2690157890319824,,
14,4549,,,1.3387725353240967,,
14,4551,,,1.145041584968567,,
14,4553,,,1.2730239629745483,,
14,4555,,,1.420367956161499,,
14,4557,,,1.276929259300232,,
14,4559,,,1.2036713361740112,,
14,4561,,,1.287605881690979,,
14,4563,,,1.3082841634750366,,
14,4565,,,1.1898198127746582,,
14,4567,,,1.247090220451355,,
14,4569,,,1.2078033685684204,,
14,4571,,,1.2577791213989258,,
14,4573,,,1.3213251829147339,,
14,4575,,,1.1560126543045044,,
14,4577,,,1.2937672138214111,,
14,4579,,,1.1544079780578613,,
14,4581,,,1.384932518005371,,
14,4583,,,1.237569808959961,,
14,4585,,,1.2470253705978394,,
14,4587,,,1.1857036352157593,,
14,4589,,,1.2512226104736328,,
14,4591,,,1.2940572500228882,,
14,4593,,,1.3353739976882935,,
14,4595,,,1.1445424556732178,,
14,4597,,,1.3245068788528442,,
14,4599,,,1.3627283573150635,,
14,4601,,,1.1268720626831055,,
14,4603,,,1.2744215726852417,,
14,4605,,,1.2548600435256958,,
14,4607,,,1.170912265777588,,
14,4609,,,1.3290690183639526,,
14,4611,,,1.3705533742904663,,
14,4613,,,1.2787234783172607,,
14,4615,,,1.1880158185958862,,
14,4617,,,1.3197362422943115,,
14,4619,,,1.242611289024353,,
14,4621,,,1.242492914199829,,
14,4623,,,1.126235842704773,,
14,4625,,,1.2190070152282715,,
14,4627,,,1.0444844961166382,,
14,4629,,,1.1336305141448975,,
14,4631,,,1.169044017791748,,
14,4633,,,1.1799535751342773,,
14,4635,,,1.1350350379943848,,
14,4637,,,1.2625768184661865,,
14,4639,,,1.210374116897583,,
14,4641,,,1.3163117170333862,,
14,4643,,,1.1020787954330444,,
14,4645,,,1.2593566179275513,,
14,4647,,,1.2582342624664307,,
14,4649,,,1.1785578727722168,,
14,4651,,,1.2143241167068481,,
14,4653,,,1.2088948488235474,,
14,4655,,,1.2762994766235352,,
14,4657,,,1.2138242721557617,,
14,4659,,,1.297263741493225,,
14,4661,,,1.2303773164749146,,
14,4663,,,1.3277568817138672,,
14,4665,,,1.2299221754074097,,
14,4667,,,1.1067469120025635,,
14,4669,,,1.3513017892837524,,
14,4671,,,1.1650220155715942,,
14,4673,,,1.2281782627105713,,
14,4675,,,1.3512128591537476,,
14,4677,,,1.0998258590698242,,
14,4679,,,1.2958340644836426,,
14,4681,,,1.2919399738311768,,
14,4683,,,1.3273801803588867,,
14,4685,,,1.2932851314544678,,
14,4687,,,1.1939889192581177,,
14,4689,,,1.320417881011963,,
14,4691,,,1.3561010360717773,,
14,4693,,,1.2916924953460693,,
14,4694,,,,0.0012499999720603228,3.7805070877075195
15,4695,,,1.122664451599121,,
15,4697,,,1.1829532384872437,,
15,4699,,,1.2180283069610596,,
15,4701,,,1.1736531257629395,,
15,4703,,,1.0930731296539307,,
15,4705,,,1.1890015602111816,,
15,4707,,,1.2347749471664429,,
15,4709,,,1.2554739713668823,,
15,4711,,,1.2612955570220947,,
15,4713,,,1.2100422382354736,,
15,4715,,,1.2262437343597412,,
15,4717,,,1.2178988456726074,,
15,4719,,,1.1307190656661987,,
15,4721,,,1.315046787261963,,
15,4723,,,1.3066548109054565,,
15,4725,,,1.2230844497680664,,
15,4727,,,1.1846779584884644,,
15,4729,,,1.2166686058044434,,
15,4731,,,1.3062481880187988,,
15,4733,,,1.1751031875610352,,
15,4735,,,1.165582299232483,,
15,4737,,,1.1855101585388184,,
15,4739,,,1.1903127431869507,,
15,4741,,,1.2134511470794678,,
15,4743,,,1.2090765237808228,,
15,4745,,,1.1609898805618286,,
15,4747,,,1.280157446861267,,
15,4749,,,1.0694489479064941,,
15,4751,,,1.1825073957443237,,
15,4753,,,1.1636409759521484,,
15,4755,,,1.3698153495788574,,
15,4757,,,1.2773690223693848,,
15,4759,,,1.1977431774139404,,
15,4761,,,1.2600791454315186,,
15,4763,,,1.2944152355194092,,
15,4765,,,1.1749565601348877,,
15,4767,,,1.4143192768096924,,
15,4769,,,1.337371587753296,,
15,4771,,,1.1496291160583496,,
15,4773,,,1.1768970489501953,,
15,4775,,,1.282127857208252,,
15,4777,,,1.3651487827301025,,
15,4779,,,1.3263574838638306,,
15,4781,,,1.2278215885162354,,
15,4783,,,1.1741069555282593,,
15,4785,,,1.2851475477218628,,
15,4787,,,1.1276553869247437,,
15,4789,,,1.2702503204345703,,
15,4791,,,1.2035582065582275,,
15,4793,,,1.2094491720199585,,
15,4795,,,1.274931788444519,,
15,4797,,,1.1132707595825195,,
15,4799,,,1.3011234998703003,,
15,4801,,,1.2150795459747314,,
15,4803,,,1.2964282035827637,,
15,4805,,,1.1306352615356445,,
15,4807,,,1.285715937614441,,
15,4809,,,1.3304046392440796,,
15,4811,,,1.197919249534607,,
15,4813,,,1.2205902338027954,,
15,4815,,,1.2176270484924316,,
15,4817,,,1.1500169038772583,,
15,4819,,,1.2451003789901733,,
15,4821,,,1.2124367952346802,,
15,4823,,,1.127558708190918,,
15,4825,,,1.3163310289382935,,
15,4827,,,1.2355471849441528,,
15,4829,,,1.2087959051132202,,
15,4831,,,1.3247671127319336,,
15,4833,,,1.2665151357650757,,
15,4835,,,1.2181047201156616,,
15,4837,,,1.1563135385513306,,
15,4839,,,1.2406370639801025,,
15,4841,,,1.2139912843704224,,
15,4843,,,1.3180842399597168,,
15,4845,,,1.1889729499816895,,
15,4847,,,1.2673091888427734,,
15,4849,,,1.3378422260284424,,
15,4851,,,1.210650086402893,,
15,4853,,,1.3247333765029907,,
15,4855,,,1.3168913125991821,,
15,4857,,,1.1811213493347168,,
15,4859,,,1.1604912281036377,,
15,4861,,,1.3465068340301514,,
15,4863,,,1.1621222496032715,,
15,4865,,,1.1959892511367798,,
15,4867,,,1.3234412670135498,,
15,4869,,,1.1100847721099854,,
15,4871,,,1.2014888525009155,,
15,4873,,,1.3236733675003052,,
15,4875,,,1.3175122737884521,,
15,4877,,,1.2136704921722412,,
15,4879,,,1.129875898361206,,
15,4881,,,1.1801354885101318,,
15,4883,,,1.1604021787643433,,
15,4885,,,1.2984671592712402,,
15,4887,,,1.3136248588562012,,
15,4889,,,1.1272801160812378,,
15,4891,,,1.1292428970336914,,
15,4893,,,1.1520925760269165,,
15,4895,,,1.1854394674301147,,
15,4897,,,1.1644216775894165,,
15,4899,,,1.2759071588516235,,
15,4901,,,1.2363722324371338,,
15,4903,,,1.3268464803695679,,
15,4905,,,1.2578476667404175,,
15,4907,,,1.348023533821106,,
15,4909,,,1.143885850906372,,
15,4911,,,1.2489029169082642,,
15,4913,,,1.046138882637024,,
15,4915,,,1.18789541721344,,
15,4917,,,1.1529240608215332,,
15,4919,,,1.4159361124038696,,
15,4921,,,1.2176798582077026,,
15,4923,,,1.2299549579620361,,
15,4925,,,1.2577959299087524,,
15,4927,,,1.3806010484695435,,
15,4929,,,1.2871137857437134,,
15,4931,,,1.1253541707992554,,
15,4933,,,1.1568872928619385,,
15,4935,,,1.2590206861495972,,
15,4937,,,1.3474050760269165,,
15,4939,,,1.2264631986618042,,
15,4941,,,1.2232743501663208,,
15,4943,,,1.1973016262054443,,
15,4945,,,1.333194375038147,,
15,4947,,,1.2638826370239258,,
15,4949,,,1.2902448177337646,,
15,4951,,,1.2105331420898438,,
15,4953,,,1.3337842226028442,,
15,4955,,,1.2934141159057617,,
15,4957,,,1.3443984985351562,,
15,4959,,,1.37404203414917,,
15,4961,,,1.2774794101715088,,
15,4963,,,1.1295276880264282,,
15,4965,,,1.1582058668136597,,
15,4967,,,1.278908610343933,,
15,4969,,,1.2915446758270264,,
15,4971,,,1.1801202297210693,,
15,4973,,,1.2130653858184814,,
15,4975,,,1.274779200553894,,
15,4977,,,1.133317232131958,,
15,4979,,,1.2063002586364746,,
15,4981,,,1.2217048406600952,,
15,4983,,,1.273370623588562,,
15,4985,,,1.1938209533691406,,
15,4987,,,1.1069833040237427,,
15,4989,,,1.2913004159927368,,
15,4991,,,1.3209199905395508,,
15,4993,,,1.2375550270080566,,
15,4995,,,1.1856658458709717,,
15,4997,,,1.3074908256530762,,
15,4999,,,1.3863475322723389,,
15,5001,,,1.412945032119751,,
15,5003,,,1.1503537893295288,,
15,5005,,,1.2280908823013306,,
15,5007,,,1.1804744005203247,,
15,5007,,,,0.0012499999720603228,3.7818241119384766
16,5009,,,1.3026734590530396,,
16,5011,,,1.270831823348999,,
16,5013,,,1.3499761819839478,,
16,5015,,,1.2080564498901367,,
16,5017,,,1.1496315002441406,,
16,5019,,,1.1259697675704956,,
16,5021,,,1.411279559135437,,
16,5023,,,1.180501103401184,,
16,5025,,,1.2738585472106934,,
16,5027,,,1.2522107362747192,,
16,5029,,,1.3675172328948975,,
16,5031,,,1.1528717279434204,,
16,5033,,,1.0774437189102173,,
16,5035,,,1.2376117706298828,,
16,5037,,,1.1601835489273071,,
16,5039,,,1.1208056211471558,,
16,5041,,,1.2361055612564087,,
16,5043,,,1.192704677581787,,
16,5045,,,1.2594096660614014,,
16,5047,,,1.100404977798462,,
16,5049,,,1.1649935245513916,,
16,5051,,,1.1503276824951172,,
16,5053,,,1.245941162109375,,
16,5055,,,1.1271284818649292,,
16,5057,,,1.3298072814941406,,
16,5059,,,1.331445336341858,,
16,5061,,,1.29457688331604,,
16,5063,,,1.2710307836532593,,
16,5065,,,1.2569223642349243,,
16,5067,,,1.1950212717056274,,
16,5069,,,1.2492504119873047,,
16,5071,,,1.222790241241455,,
16,5073,,,1.2205350399017334,,
16,5075,,,1.2199469804763794,,
16,5077,,,1.3080368041992188,,
16,5079,,,1.1338196992874146,,
16,5081,,,1.1789536476135254,,
16,5083,,,1.2862131595611572,,
16,5085,,,1.2399051189422607,,
16,5087,,,1.271144151687622,,
16,5089,,,1.3247747421264648,,
16,5091,,,1.2356748580932617,,
16,5093,,,1.1026232242584229,,
16,5095,,,1.0725408792495728,,
16,5097,,,1.3172338008880615,,
16,5099,,,1.1426081657409668,,
16,5101,,,1.3204963207244873,,
16,5103,,,1.2002242803573608,,
16,5105,,,1.1894207000732422,,
16,5107,,,1.3629999160766602,,
16,5109,,,1.3350569009780884,,
16,5111,,,1.233686923980713,,
16,5113,,,1.3362305164337158,,
16,5115,,,1.193306565284729,,
16,5117,,,1.224463701248169,,
16,5119,,,1.202449917793274,,
16,5121,,,1.3571466207504272,,
16,5123,,,1.2488486766815186,,
16,5125,,,1.2274971008300781,,
16,5127,,,1.1710636615753174,,
16,5129,,,1.2476414442062378,,
16,5131,,,1.193153738975525,,
16,5133,,,1.2133604288101196,,
16,5135,,,1.1570359468460083,,
16,5137,,,1.2360546588897705,,
16,5139,,,1.2663483619689941,,
16,5141,,,1.3584097623825073,,
16,5143,,,1.227951169013977,,
16,5145,,,1.3154041767120361,,
16,5147,,,1.2831060886383057,,
16,5149,,,1.1892313957214355,,
16,5151,,,1.1839962005615234,,
16,5153,,,1.4455680847167969,,
16,5155,,,1.2580524682998657,,
16,5157,,,1.1714184284210205,,
16,5159,,,1.1728262901306152,,
16,5161,,,1.1589523553848267,,
16,5163,,,1.2171398401260376,,
16,5165,,,1.2512657642364502,,
16,5167,,,1.2778292894363403,,
16,5169,,,1.355433702468872,,
16,5171,,,1.2148159742355347,,
16,5173,,,1.1284457445144653,,
16,5175,,,1.275791049003601,,
16,5177,,,1.1365379095077515,,
16,5179,,,1.1749874353408813,,
16,5181,,,1.1617072820663452,,
16,5183,,,1.3491917848587036,,
16,5185,,,1.2416714429855347,,
16,5187,,,1.1710844039916992,,
16,5189,,,1.199547290802002,,
16,5191,,,1.2177890539169312,,
16,5193,,,1.2114015817642212,,
16,5195,,,1.3385759592056274,,
16,5197,,,1.237971305847168,,
16,5199,,,1.1857616901397705,,
16,5201,,,1.2282626628875732,,
16,5203,,,1.1924896240234375,,
16,5205,,,1.3170808553695679,,
16,5207,,,1.271467685699463,,
16,5209,,,1.118080496788025,,
16,5211,,,1.244238018989563,,
16,5213,,,1.2291433811187744,,
16,5215,,,1.3088250160217285,,
16,5217,,,1.2268320322036743,,
16,5219,,,1.18496835231781,,
16,5221,,,1.2338898181915283,,
16,5223,,,1.2182493209838867,,
16,5225,,,1.1766250133514404,,
16,5227,,,1.2752869129180908,,
16,5229,,,1.1872671842575073,,
16,5231,,,1.2947583198547363,,
16,5233,,,1.359445571899414,,
16,5235,,,1.298465371131897,,
16,5237,,,1.1724790334701538,,
16,5239,,,1.1225783824920654,,
16,5241,,,1.2201924324035645,,
16,5243,,,1.2274577617645264,,
16,5245,,,1.2041168212890625,,
16,5247,,,1.1928319931030273,,
16,5249,,,1.350010633468628,,
16,5251,,,1.3329901695251465,,
16,5253,,,1.3223967552185059,,
16,5255,,,1.3374465703964233,,
16,5257,,,1.346307635307312,,
16,5259,,,1.241115927696228,,
16,5261,,,1.1478629112243652,,
16,5263,,,1.1460323333740234,,
16,5265,,,1.231297254562378,,
16,5267,,,1.1672611236572266,,
16,5269,,,1.2409725189208984,,
16,5271,,,1.2088645696640015,,
16,5273,,,1.2656511068344116,,
16,5275,,,1.210422158241272,,
16,5277,,,1.1787140369415283,,
16,5279,,,1.1609283685684204,,
16,5281,,,1.3172533512115479,,
16,5283,,,1.153700828552246,,
16,5285,,,1.2130407094955444,,
16,5287,,,1.146113634109497,,
16,5289,,,1.2816121578216553,,
16,5291,,,1.3722327947616577,,
16,5293,,,1.2955193519592285,,
16,5295,,,1.221300482749939,,
16,5297,,,1.2750197649002075,,
16,5299,,,1.0737665891647339,,
16,5301,,,1.2507405281066895,,
16,5303,,,1.2427736520767212,,
16,5305,,,1.262249231338501,,
16,5307,,,1.1519081592559814,,
16,5309,,,1.1829546689987183,,
16,5311,,,1.3191053867340088,,
16,5313,,,1.2429362535476685,,
16,5315,,,1.091389775276184,,
16,5317,,,1.2971320152282715,,
16,5319,,,1.2360647916793823,,
16,5320,,,,0.0012499999720603228,3.798964023590088
17,5321,,,1.230849266052246,,
17,5323,,,1.3208327293395996,,
17,5325,,,1.2610070705413818,,
17,5327,,,1.288002610206604,,
17,5329,,,1.196241855621338,,
17,5331,,,1.2750465869903564,,
17,5333,,,1.2686498165130615,,
17,5335,,,1.2275429964065552,,
17,5337,,,1.325989842414856,,
17,5339,,,1.2585135698318481,,
17,5341,,,1.1648489236831665,,
17,5343,,,1.1882901191711426,,
17,5345,,,1.213930606842041,,
17,5347,,,1.2980506420135498,,
17,5349,,,1.1708801984786987,,
17,5351,,,1.484529733657837,,
17,5353,,,1.2846757173538208,,
17,5355,,,1.2771223783493042,,
17,5357,,,1.2547551393508911,,
17,5359,,,1.4117933511734009,,
17,5361,,,1.2665222883224487,,
17,5363,,,1.2717641592025757,,
17,5365,,,1.2208532094955444,,
17,5367,,,1.22903573513031,,
17,5369,,,1.18178391456604,,
17,5371,,,1.1826962232589722,,
17,5373,,,1.2749906778335571,,
17,5375,,,1.2380640506744385,,
17,5377,,,1.0519052743911743,,
17,5379,,,1.2560930252075195,,
17,5381,,,1.3206682205200195,,
17,5383,,,1.2138783931732178,,
17,5385,,,1.2371035814285278,,
17,5387,,,1.129298448562622,,
17,5389,,,1.2064896821975708,,
17,5391,,,1.1528996229171753,,
17,5393,,,1.0990638732910156,,
17,5395,,,1.4209094047546387,,
17,5397,,,1.2518593072891235,,
17,5399,,,1.1368037462234497,,
17,5401,,,1.1884095668792725,,
17,5403,,,1.2575137615203857,,
17,5405,,,1.3571375608444214,,
17,5407,,,1.1826164722442627,,
17,5409,,,1.1906108856201172,,
17,5411,,,1.2242188453674316,,
17,5413,,,1.271936058998108,,
17,5415,,,1.2511740922927856,,
17,5417,,,1.2787147760391235,,
17,5419,,,1.1796534061431885,,
17,5421,,,1.2936131954193115,,
17,5423,,,1.2387640476226807,,
17,5425,,,1.2947736978530884,,
17,5427,,,1.1825758218765259,,
17,5429,,,1.1336191892623901,,
17,5431,,,1.4876141548156738,,
17,5433,,,1.1295050382614136,,
17,5435,,,1.1909356117248535,,
17,5437,,,1.172423005104065,,
17,5439,,,1.287296175956726,,
17,5441,,,1.1436970233917236,,
17,5443,,,1.0928956270217896,,
17,5445,,,1.203969120979309,,
17,5447,,,1.2868983745574951,,
17,5449,,,1.2613364458084106,,
17,5451,,,1.2225499153137207,,
17,5453,,,1.2893319129943848,,
17,5455,,,1.2005876302719116,,
17,5457,,,1.2834101915359497,,
17,5459,,,1.3131921291351318,,
17,5461,,,1.1636329889297485,,
17,5463,,,1.1718155145645142,,
17,5465,,,1.386626958847046,,
17,5467,,,1.230340838432312,,
17,5469,,,1.2246315479278564,,
17,5471,,,1.1792562007904053,,
17,5473,,,1.3969454765319824,,
17,5475,,,1.2547191381454468,,
17,5477,,,1.266416311264038,,
17,5479,,,1.1248515844345093,,
17,5481,,,1.2552210092544556,,
17,5483,,,1.2221410274505615,,
17,5485,,,1.2664920091629028,,
17,5487,,,1.328187108039856,,
17,5489,,,1.0812233686447144,,
17,5491,,,1.0973763465881348,,
17,5493,,,1.2403610944747925,,
17,5495,,,1.232404351234436,,
17,5497,,,1.099476933479309,,
17,5499,,,1.3500231504440308,,
17,5501,,,1.3734169006347656,,
17,5503,,,1.32648766040802,,
17,5505,,,1.2968647480010986,,
17,5507,,,1.2593435049057007,,
17,5509,,,1.2240468263626099,,
17,5511,,,1.1140921115875244,,
17,5513,,,1.2261918783187866,,
17,5515,,,1.3007633686065674,,
17,5517,,,1.1870356798171997,,
17,5519,,,1.2747905254364014,,
17,5521,,,1.1970335245132446,,
17,5523,,,1.1929289102554321,,
17,5525,,,1.2863229513168335,,
17,5527,,,1.2403470277786255,,
17,5529,,,1.2378660440444946,,
17,5531,,,1.099339485168457,,
17,5533,,,1.2717734575271606,,
17,5535,,,1.2789798974990845,,
17,5537,,,1.2581990957260132,,
17,5539,,,1.1759127378463745,,
17,5541,,,1.2459355592727661,,
17,5543,,,1.1287742853164673,,
17,5545,,,1.1379170417785645,,
17,5547,,,1.1810976266860962,,
17,5549,,,1.2197864055633545,,
17,5551,,,1.3629599809646606,,
17,5553,,,1.433221459388733,,
17,5555,,,1.0808693170547485,,
17,5557,,,1.2162188291549683,,
17,5559,,,1.2648121118545532,,
17,5561,,,1.201833963394165,,
17,5563,,,1.2008711099624634,,
17,5565,,,1.22501540184021,,
17,5567,,,1.1945074796676636,,
17,5569,,,1.2144101858139038,,
17,5571,,,1.2996562719345093,,
17,5573,,,1.291972041130066,,
17,5575,,,1.2034189701080322,,
17,5577,,,1.1466758251190186,,
17,5579,,,1.1577839851379395,,
17,5581,,,1.3088096380233765,,
17,5583,,,1.1980769634246826,,
17,5585,,,1.2514303922653198,,
17,5587,,,1.2836191654205322,,
17,5589,,,1.4342530965805054,,
17,5591,,,1.2540369033813477,,
17,5593,,,1.2850393056869507,,
17,5595,,,1.1784642934799194,,
17,5597,,,1.2867351770401,,
17,5599,,,1.184208869934082,,
17,5601,,,1.305288314819336,,
17,5603,,,1.2622556686401367,,
17,5605,,,1.307672381401062,,
17,5607,,,1.2272448539733887,,
17,5609,,,1.1539603471755981,,
17,5611,,,1.2475565671920776,,
17,5613,,,1.2180155515670776,,
17,5615,,,1.133765697479248,,
17,5617,,,1.1878453493118286,,
17,5619,,,1.301732063293457,,
17,5621,,,1.416590690612793,,
17,5623,,,1.206777811050415,,
17,5625,,,1.3009262084960938,,
17,5627,,,1.214611291885376,,
17,5629,,,1.350703477859497,,
17,5631,,,1.100752830505371,,
17,5633,,,1.2228941917419434,,
17,5633,,,,0.0012499999720603228,3.7787230014801025
18,5635,,,1.2117950916290283,,
18,5637,,,1.1017162799835205,,
18,5639,,,1.2189319133758545,,
18,5641,,,1.247368574142456,,
18,5643,,,1.1208173036575317,,
18,5645,,,1.2075504064559937,,
18,5647,,,1.2792818546295166,,
18,5649,,,1.1950639486312866,,
18,5651,,,1.2480217218399048,,
18,5653,,,1.2195321321487427,,
18,5655,,,1.2548787593841553,,
18,5657,,,1.2882447242736816,,
18,5659,,,1.2827705144882202,,
18,5661,,,1.077125906944275,,
18,5663,,,1.2516191005706787,,
18,5665,,,1.1624412536621094,,
18,5667,,,1.3290666341781616,,
18,5669,,,1.2907402515411377,,
18,5671,,,1.3158600330352783,,
18,5673,,,1.1938512325286865,,
18,5675,,,1.246602177619934,,
18,5677,,,1.1846342086791992,,
18,5679,,,1.2270036935806274,,
18,5681,,,1.2836756706237793,,
18,5683,,,1.150383472442627,,
18,5685,,,1.2768442630767822,,
18,5687,,,1.3211675882339478,,
18,5689,,,1.390684962272644,,
18,5691,,,1.0584622621536255,,
18,5693,,,1.1482006311416626,,
18,5695,,,1.189985990524292,,
18,5697,,,1.2356483936309814,,
18,5699,,,1.2184501886367798,,
18,5701,,,1.2674405574798584,,
18,5703,,,1.273268461227417,,
18,5705,,,1.2503690719604492,,
18,5707,,,1.237772822380066,,
18,5709,,,1.1621993780136108,,
18,5711,,,1.34769868850708,,
18,5713,,,1.2460600137710571,,
18,5715,,,1.1339434385299683,,
18,5717,,,1.2587687969207764,,
18,5719,,,1.1664149761199951,,
18,5721,,,1.304348349571228,,
18,5723,,,1.1983791589736938,,
18,5725,,,1.1897728443145752,,
18,5727,,,1.257177472114563,,
18,5729,,,1.1799596548080444,,
18,5731,,,1.2822037935256958,,
18,5733,,,1.3645377159118652,,
18,5735,,,1.2088470458984375,,
18,5737,,,1.3461753129959106,,
18,5739,,,1.1469682455062866,,
18,5741,,,1.373152494430542,,
18,5743,,,1.2484378814697266,,
18,5745,,,1.2134194374084473,,
18,5747,,,1.462640643119812,,
18,5749,,,1.3530735969543457,,
18,5751,,,1.2869502305984497,,
18,5753,,,1.305952548980713,,
18,5755,,,1.2359340190887451,,
18,5757,,,1.2315425872802734,,
18,5759,,,1.1131725311279297,,
18,5761,,,1.2946503162384033,,
18,5763,,,1.1438839435577393,,
18,5765,,,1.1109497547149658,,
18,5767,,,1.397431492805481,,
18,5769,,,1.1944375038146973,,
18,5771,,,1.2811472415924072,,
18,5773,,,1.2954518795013428,,
18,5775,,,1.2443323135375977,,
18,5777,,,1.259809136390686,,
18,5779,,,1.3269424438476562,,
18,5781,,,1.2377954721450806,,
18,5783,,,1.1820440292358398,,
18,5785,,,1.1442853212356567,,
18,5787,,,1.235302448272705,,
18,5789,,,1.140518307685852,,
18,5791,,,1.297519326210022,,
18,5793,,,1.2644171714782715,,
18,5795,,,1.1779767274856567,,
18,5797,,,1.188250184059143,,
18,5799,,,1.3672289848327637,,
18,5801,,,1.2107224464416504,,
18,5803,,,1.113864541053772,,
18,5805,,,1.1983616352081299,,
18,5807,,,1.2986230850219727,,
18,5809,,,1.2384581565856934,,
18,5811,,,1.240563154220581,,
18,5813,,,1.2262288331985474,,
18,5815,,,1.3250360488891602,,
18,5817,,,1.2863924503326416,,
18,5819,,,1.2494091987609863,,
18,5821,,,1.1037381887435913,,
18,5823,,,1.2448428869247437,,
18,5825,,,1.2014703750610352,,
18,5827,,,1.088687777519226,,
18,5829,,,1.4204877614974976,,
18,5831,,,1.2046724557876587,,
18,5833,,,1.1733042001724243,,
18,5835,,,1.2163481712341309,,
18,5837,,,1.204068660736084,,
18,5839,,,1.3295197486877441,,
18,5841,,,1.2004626989364624,,
18,5843,,,1.1149909496307373,,
18,5845,,,1.2426038980484009,,
18,5847,,,1.2515233755111694,,
18,5849,,,1.2825363874435425,,
18,5851,,,1.2497845888137817,,
18,5853,,,1.2258331775665283,,
18,5855,,,1.2447118759155273,,
18,5857,,,1.1350027322769165,,
18,5859,,,1.1625268459320068,,
18,5861,,,1.2059324979782104,,
18,5863,,,1.2238922119140625,,
18,5865,,,1.2280865907669067,,
18,5867,,,1.2030915021896362,,
18,5869,,,1.1595022678375244,,
18,5871,,,1.269476294517517,,
18,5873,,,1.1850308179855347,,
18,5875,,,1.3016421794891357,,
18,5877,,,1.153384804725647,,
18,5879,,,1.3323043584823608,,
18,5881,,,1.161502480506897,,
18,5883,,,1.1721662282943726,,
18,5885,,,1.3014575242996216,,
18,5887,,,1.3311069011688232,,
18,5889,,,1.2299396991729736,,
18,5891,,,1.163560390472412,,
18,5893,,,1.2876015901565552,,
18,5895,,,1.2272725105285645,,
18,5897,,,1.2282891273498535,,
18,5899,,,1.134746789932251,,
18,5901,,,1.3581726551055908,,
18,5903,,,1.2271101474761963,,
18,5905,,,1.39518141746521,,
18,5907,,,1.2153255939483643,,
18,5909,,,1.1624280214309692,,
18,5911,,,1.2095507383346558,,
18,5913,,,1.3882373571395874,,
18,5915,,,1.2579798698425293,,
18,5917,,,1.1868901252746582,,
18,5919,,,1.2002469301223755,,
18,5921,,,1.1954936981201172,,
18,5923,,,1.3263262510299683,,
18,5925,,,1.1060289144515991,,
18,5927,,,1.299210548400879,,
18,5929,,,1.322471261024475,,
18,5931,,,1.1512598991394043,,
18,5933,,,1.2181609869003296,,
18,5935,,,1.2768059968948364,,
18,5937,,,1.1125967502593994,,
18,5939,,,1.2645092010498047,,
18,5941,,,1.1694540977478027,,
18,5943,,,1.261881947517395,,
18,5945,,,1.2454955577850342,,
18,5946,,,,0.0012499999720603228,3.803954601287842
19,5947,,,1.2604773044586182,,
19,5949,,,1.3243803977966309,,
19,5951,,,1.1790786981582642,,
19,5953,,,1.138508677482605,,
19,5955,,,1.2803616523742676,,
19,5957,,,1.1744171380996704,,
19,5959,,,1.2014036178588867,,
19,5961,,,1.1462212800979614,,
19,5963,,,1.101626992225647,,
19,5965,,,1.2572888135910034,,
19,5967,,,1.2183289527893066,,
19,5969,,,1.3337273597717285,,
19,5971,,,1.208303689956665,,
19,5973,,,1.326748251914978,,
19,5975,,,1.3187445402145386,,
19,5977,,,1.312544822692871,,
19,5979,,,1.1050611734390259,,
19,5981,,,1.2016319036483765,,
19,5983,,,1.3020459413528442,,
19,5985,,,1.2499940395355225,,
19,5987,,,1.28195321559906,,
19,5989,,,1.2808094024658203,,
19,5991,,,1.151469349861145,,
19,5993,,,1.2293248176574707,,
19,5995,,,1.3349945545196533,,
19,5997,,,1.2380421161651611,,
19,5999,,,1.161218523979187,,
19,6001,,,1.3413668870925903,,
19,6003,,,1.2917677164077759,,
19,6005,,,1.2078230381011963,,
19,6007,,,1.2374566793441772,,
19,6009,,,1.2338753938674927,,
19,6011,,,1.2256196737289429,,
19,6013,,,1.1995548009872437,,
19,6015,,,1.1609022617340088,,
19,6017,,,1.2172201871871948,,
19,6019,,,1.2679880857467651,,
19,6021,,,1.2178115844726562,,
19,6023,,,1.1329314708709717,,
19,6025,,,1.3509902954101562,,
19,6027,,,1.2229304313659668,,
19,6029,,,1.3159384727478027,,
19,6031,,,1.247194766998291,,
19,6033,,,1.3943313360214233,,
19,6035,,,1.1850287914276123,,
19,6037,,,1.2393907308578491,,
19,6039,,,1.4479601383209229,,
19,6041,,,1.3123106956481934,,
19,6043,,,1.1484906673431396,,
19,6045,,,1.1038668155670166,,
19,6047,,,1.1555490493774414,,
19,6049,,,1.1548056602478027,,
19,6051,,,1.2791188955307007,,
19,6053,,,1.1119866371154785,,
19,6055,,,1.2142421007156372,,
19,6057,,,1.2814514636993408,,
19,6059,,,1.2029447555541992,,
19,6061,,,1.2436680793762207,,
19,6063,,,1.1136174201965332,,
19,6065,,,1.2182292938232422,,
19,6067,,,1.2221275568008423,,
19,6069,,,1.2128361463546753,,
19,6071,,,1.2475919723510742,,
19,6073,,,1.2714927196502686,,
19,6075,,,1.4585076570510864,,
19,6077,,,1.2995092868804932,,
19,6079,,,1.3152241706848145,,
19,6081,,,1.2481603622436523,,
19,6083,,,1.18230402469635,,
19,6085,,,1.1938354969024658,,
19,6087,,,1.2060290575027466,,
19,6089,,,1.218832015991211,,
19,6091,,,1.3105388879776,,
19,6093,,,1.2009721994400024,,
19,6095,,,1.33652663230896,,
19,6097,,,1.110461950302124,,
19,6099,,,1.1690102815628052,,
19,6101,,,1.206284761428833,,
19,6103,,,1.173346757888794,,
19,6105,,,1.2238727807998657,,
19,6107,,,1.3563364744186401,,
19,6109,,,1.2627493143081665,,
19,6111,,,1.2475889921188354,,
19,6113,,,1.270334243774414,,
19,6115,,,1.1996748447418213,,
19,6117,,,1.233948826789856,,
19,6119,,,1.228845238685608,,
19,6121,,,1.1191551685333252,,
19,6123,,,1.1693466901779175,,
19,6125,,,1.2033414840698242,,
19,6127,,,1.3580811023712158,,
19,6129,,,1.2477489709854126,,
19,6131,,,1.1652542352676392,,
19,6133,,,1.159218668937683,,
19,6135,,,1.2215487957000732,,
19,6137,,,1.2365069389343262,,
19,6139,,,1.3127179145812988,,
19,6141,,,1.2487983703613281,,
19,6143,,,1.3125755786895752,,
19,6145,,,1.112550139427185,,
19,6147,,,1.2885828018188477,,
19,6149,,,1.0854231119155884,,
19,6151,,,1.1191965341567993,,
19,6153,,,1.282507061958313,,
19,6155,,,1.1148521900177002,,
19,6157,,,1.3189055919647217,,
19,6159,,,1.2199583053588867,,
19,6161,,,1.2507809400558472,,
19,6163,,,1.2359637022018433,,
19,6165,,,1.239729642868042,,
19,6167,,,1.3626298904418945,,
19,6169,,,1.2831555604934692,,
19,6171,,,1.1830832958221436,,
19,6173,,,1.1746339797973633,,
19,6175,,,1.191694736480713,,
19,6177,,,1.3446592092514038,,
19,6179,,,1.095220685005188,,
19,6181,,,1.2840560674667358,,
19,6183,,,1.1969974040985107,,
19,6185,,,1.1256396770477295,,
19,6187,,,1.333353042602539,,
19,6189,,,1.1818392276763916,,
19,6191,,,1.1883877515792847,,
19,6193,,,1.2624136209487915,,
19,6195,,,1.3013193607330322,,
19,6197,,,1.34091055393219,,
19,6199,,,1.2509260177612305,,
19,6201,,,1.240013837814331,,
19,6203,,,1.216795802116394,,
19,6205,,,1.283385992050171,,
19,6207,,,1.2259879112243652,,
19,6209,,,1.233111023902893,,
19,6211,,,1.1923646926879883,,
19,6213,,,1.2410439252853394,,
19,6215,,,1.2375890016555786,,
19,6217,,,1.3352943658828735,,
19,6219,,,1.2715569734573364,,
19,6221,,,1.277980089187622,,
19,6223,,,1.3051825761795044,,
19,6225,,,1.1840426921844482,,
19,6227,,,1.1208912134170532,,
19,6229,,,1.3323309421539307,,
19,6231,,,1.2810182571411133,,
19,6233,,,1.1956361532211304,,
19,6235,,,1.2742433547973633,,
19,6237,,,1.1808737516403198,,
19,6239,,,1.2788686752319336,,
19,6241,,,1.3008745908737183,,
19,6243,,,1.2164299488067627,,
19,6245,,,1.2212351560592651,,
19,6247,,,1.0534489154815674,,
19,6249,,,1.15487539768219,,
19,6251,,,1.2774096727371216,,
19,6253,,,1.2497127056121826,,
19,6255,,,1.2897294759750366,,
19,6257,,,1.218222975730896,,
19,6259,,,1.2617636919021606,,
19,6259,,,,0.0012499999720603228,3.7944867610931396
20,6261,,,1.182499885559082,,
20,6263,,,1.3862437009811401,,
20,6265,,,1.2127866744995117,,
20,6267,,,1.2919570207595825,,
20,6269,,,1.2165565490722656,,
20,6271,,,1.2858047485351562,,
20,6273,,,1.294371247291565,,
20,6275,,,1.2739040851593018,,
20,6277,,,1.262982726097107,,
20,6279,,,1.1862046718597412,,
20,6281,,,1.205970048904419,,
20,6283,,,1.2254220247268677,,
20,6285,,,1.2524265050888062,,
20,6287,,,1.264162302017212,,
20,6289,,,1.3773876428604126,,
20,6291,,,1.2289018630981445,,
20,6293,,,1.2250196933746338,,
20,6295,,,1.160851001739502,,
20,6297,,,1.2441260814666748,,
20,6299,,,1.1394526958465576,,
20,6301,,,1.2728132009506226,,
20,6303,,,1.1893373727798462,,
20,6305,,,1.1952303647994995,,
20,6307,,,1.0549278259277344,,
20,6309,,,1.2010082006454468,,
20,6311,,,1.3437175750732422,,
20,6313,,,1.3032989501953125,,
20,6315,,,1.3501657247543335,,
20,6317,,,1.2189550399780273,,
20,6319,,,1.1379449367523193,,
20,6321,,,1.156457781791687,,
20,6323,,,1.2141326665878296,,
20,6325,,,1.350272536277771,,
20,6327,,,1.2892277240753174,,
20,6329,,,1.18719482421875,,
20,6331,,,1.1722646951675415,,
20,6333,,,1.4839750528335571,,
20,6335,,,1.3008719682693481,,
20,6337,,,1.1555653810501099,,
20,6339,,,1.1767314672470093,,
20,6341,,,1.349990963935852,,
20,6343,,,1.2999507188796997,,
20,6345,,,1.1482875347137451,,
20,6347,,,1.2052984237670898,,
20,6349,,,1.0953161716461182,,
20,6351,,,1.3326761722564697,,
20,6353,,,1.2400466203689575,,
20,6355,,,1.2772787809371948,,
20,6357,,,1.137138843536377,,
20,6359,,,1.206575870513916,,
20,6361,,,1.2250914573669434,,
20,6363,,,1.26908278465271,,
20,6365,,,1.3691110610961914,,
20,6367,,,1.2903480529785156,,
20,6369,,,1.261779546737671,,
20,6371,,,1.212051272392273,,
20,6373,,,1.234923005104065,,
20,6375,,,1.1836235523223877,,
20,6377,,,1.4750744104385376,,
20,6379,,,1.390380620956421,,
20,6381,,,1.095080852508545,,
20,6383,,,1.2177575826644897,,
20,6385,,,1.251953125,,
20,6387,,,1.1540883779525757,,
20,6389,,,1.2277110815048218,,
20,6391,,,1.220281720161438,,
20,6393,,,1.1767557859420776,,
20,6395,,,1.109968662261963,,
20,6397,,,1.2765671014785767,,
20,6399,,,1.1825382709503174,,
20,6401,,,1.2304896116256714,,
20,6403,,,1.2504559755325317,,
20,6405,,,1.3004621267318726,,
20,6407,,,1.1908903121948242,,
20,6409,,,1.2484779357910156,,
20,6411,,,1.1949666738510132,,
20,6413,,,1.2076084613800049,,
20,6415,,,1.2051775455474854,,
20,6417,,,1.1363286972045898,,
20,6419,,,1.2009469270706177,,
20,6421,,,1.2255752086639404,,
20,6423,,,1.2278650999069214,,
20,6425,,,1.1104704141616821,,
20,6427,,,1.328644037246704,,
20,6429,,,1.157294750213623,,
20,6431,,,1.1914862394332886,,
20,6433,,,1.1569710969924927,,
20,6435,,,1.17884361743927,,
20,6437,,,1.224748134613037,,
20,6439,,,1.1988122463226318,,
20,6441,,,1.2810962200164795,,
20,6443,,,1.2690038681030273,,
20,6445,,,1.1781423091888428,,
20,6447,,,1.2399635314941406,,
20,6449,,,1.283710241317749,,
20,6451,,,1.3331087827682495,,
20,6453,,,1.2444692850112915,,
20,6455,,,1.2037208080291748,,
20,6457,,,1.1384711265563965,,
20,6459,,,1.1921298503875732,,
20,6461,,,1.2119145393371582,,
20,6463,,,1.2133270502090454,,
20,6465,,,1.1999986171722412,,
20,6467,,,1.220399022102356,,
20,6469,,,1.3097563982009888,,
20,6471,,,1.2842813730239868,,
20,6473,,,1.25962495803833,,
20,6475,,,1.1783716678619385,,
20,6477,,,1.1977647542953491,,
20,6479,,,1.18747079372406,,
20,6481,,,1.2642865180969238,,
20,6483,,,1.2011762857437134,,
20,6485,,,1.2313090562820435,,
20,6487,,,1.2312015295028687,,
20,6489,,,1.25422203540802,,
20,6491,,,1.2614144086837769,,
20,6493,,,1.1960426568984985,,
20,6495,,,1.1548985242843628,,
20,6497,,,1.2598817348480225,,
20,6499,,,1.1934682130813599,,
20,6501,,,1.219748616218567,,
20,6503,,,1.2418487071990967,,
20,6505,,,1.199377179145813,,
20,6507,,,1.2992064952850342,,
20,6509,,,1.241066813468933,,
20,6511,,,1.1818647384643555,,
20,6513,,,1.2140690088272095,,
20,6515,,,1.266550898551941,,
20,6517,,,1.1413788795471191,,
20,6519,,,1.2563939094543457,,
20,6521,,,1.304421305656433,,
20,6523,,,1.2123910188674927,,
20,6525,,,1.239338994026184,,
20,6527,,,1.1889017820358276,,
20,6529,,,1.2115761041641235,,
20,6531,,,1.1717677116394043,,
20,6533,,,1.0742363929748535,,
20,6535,,,1.2083483934402466,,
20,6537,,,1.299724817276001,,
20,6539,,,1.237766981124878,,
20,6541,,,1.1795485019683838,,
20,6543,,,1.5296694040298462,,
20,6545,,,1.2395862340927124,,
20,6547,,,1.1536630392074585,,
20,6549,,,1.1505937576293945,,
20,6551,,,1.1661157608032227,,
20,6553,,,1.0976123809814453,,
20,6555,,,1.2170742750167847,,
20,6557,,,1.2779790163040161,,
20,6559,,,1.3538273572921753,,
20,6561,,,1.3134435415267944,,
20,6563,,,1.2337021827697754,,
20,6565,,,1.242540717124939,,
20,6567,,,1.5001665353775024,,
20,6569,,,1.2461140155792236,,
20,6571,,,1.2440797090530396,,
20,6572,,,,0.0012499999720603228,3.7770745754241943
21,6573,,,1.305277943611145,,
21,6575,,,1.13462495803833,,
21,6577,,,1.1266822814941406,,
21,6579,,,1.2344897985458374,,
21,6581,,,1.279081106185913,,
21,6583,,,1.1557470560073853,,
21,6585,,,1.1898882389068604,,
21,6587,,,1.0813214778900146,,
21,6589,,,1.3082162141799927,,
21,6591,,,1.2674424648284912,,
21,6593,,,1.1432011127471924,,
21,6595,,,1.301288366317749,,
21,6597,,,1.1745778322219849,,
21,6599,,,1.118522047996521,,
21,6601,,,1.2878129482269287,,
21,6603,,,1.1926310062408447,,
21,6605,,,1.1985937356948853,,
21,6607,,,1.3396528959274292,,
21,6609,,,1.2623345851898193,,
21,6611,,,1.170142650604248,,
21,6613,,,1.1980721950531006,,
21,6615,,,1.2436604499816895,,
21,6617,,,1.2269082069396973,,
21,6619,,,1.2194092273712158,,
21,6621,,,1.163438320159912,,
21,6623,,,1.3492023944854736,,
21,6625,,,1.2789679765701294,,
21,6627,,,1.246544361114502,,
21,6629,,,1.1671630144119263,,
21,6631,,,1.245747685432434,,
21,6633,,,1.2737574577331543,,
21,6635,,,1.3151569366455078,,
21,6637,,,1.1413917541503906,,
21,6639,,,1.129960060119629,,
21,6641,,,1.2511587142944336,,
21,6643,,,1.3920304775238037,,
21,6645,,,1.2281171083450317,,
21,6647,,,1.139114260673523,,
21,6649,,,1.2615054845809937,,
21,6651,,,1.176033854484558,,
21,6653,,,1.1388823986053467,,
21,6655,,,1.2019143104553223,,
21,6657,,,1.2626268863677979,,
21,6659,,,1.1539007425308228,,
21,6661,,,1.2266241312026978,,
21,6663,,,1.1596816778182983,,
21,6665,,,1.2108451128005981,,
21,6667,,,1.2260074615478516,,
21,6669,,,1.108337640762329,,
21,6671,,,1.3229821920394897,,
21,6673,,,1.3465427160263062,,
21,6675,,,1.0763745307922363,,
21,6677,,,1.118500828742981,,
21,6679,,,1.2146475315093994,,
21,6681,,,1.2436182498931885,,
21,6683,,,1.1708098649978638,,
21,6685,,,1.198133945465088,,
21,6687,,,1.2350850105285645,,
21,6689,,,1.2881114482879639,,
21,6691,,,1.2073919773101807,,
21,6693,,,1.2914021015167236,,
21,6695,,,1.1975173950195312,,
21,6697,,,1.0902957916259766,,
21,6699,,,1.2796036005020142,,
21,6701,,,1.3511682748794556,,
21,6703,,,1.1841453313827515,,
21,6705,,,1.2536603212356567,,
21,6707,,,1.2156201601028442,,
21,6709,,,1.27894127368927,,
21,6711,,,1.29951012134552,,
21,6713,,,1.185766339302063,,
21,6715,,,1.1211168766021729,,
21,6717,,,1.2645210027694702,,
21,6719,,,1.1885476112365723,,
21,6721,,,1.3205500841140747,,
21,6723,,,1.1936540603637695,,
21,6725,,,1.264320969581604,,
21,6727,,,1.2792736291885376,,
21,6729,,,1.2508766651153564,,
21,6731,,,1.3124765157699585,,
21,6733,,,1.341908574104309,,
21,6735,,,1.1844834089279175,,
21,6737,,,1.3588331937789917,,
21,6739,,,1.2447636127471924,,
21,6741,,,1.1283447742462158,,
21,6743,,,1.2300214767456055,,
21,6745,,,1.2809455394744873,,
21,6747,,,1.2009904384613037,,
21,6749,,,1.2067970037460327,,
21,6751,,,1.2047710418701172,,
21,6753,,,1.3054792881011963,,
21,6755,,,1.2836068868637085,,
21,6757,,,1.2321006059646606,,
21,6759,,,1.2856874465942383,,
21,6761,,,1.2256648540496826,,
21,6763,,,1.4198540449142456,,
21,6765,,,1.3715792894363403,,
21,6767,,,1.2189953327178955,,
21,6769,,,1.1968189477920532,,
21,6771,,,1.3604967594146729,,
21,6773,,,1.1139904260635376,,
21,6775,,,1.2218961715698242,,
21,6777,,,1.2496669292449951,,
21,6779,,,1.2256098985671997,,
21,6781,,,1.270124912261963,,
21,6783,,,1.1924593448638916,,
21,6785,,,1.2509582042694092,,
21,6787,,,1.3171460628509521,,
21,6789,,,1.3703678846359253,,
21,6791,,,1.194228172302246,,
21,6793,,,1.180185079574585,,
21,6795,,,1.3473607301712036,,
21,6797,,,1.2175015211105347,,
21,6799,,,1.1905895471572876,,
21,6801,,,1.274451732635498,,
21,6803,,,1.2998456954956055,,
21,6805,,,1.1750235557556152,,
21,6807,,,1.2092279195785522,,
21,6809,,,1.2350736856460571,,
21,6811,,,1.2852520942687988,,
21,6813,,,1.2068212032318115,,
21,6815,,,1.2852259874343872,,
21,6817,,,1.1660820245742798,,
21,6819,,,1.2308547496795654,,
21,6821,,,1.2112494707107544,,
21,6823,,,1.2717278003692627,,
21,6825,,,1.1906832456588745,,
21,6827,,,1.2639702558517456,,
21,6829,,,1.283279299736023,,
21,6831,,,1.2665044069290161,,
21,6833,,,1.3487322330474854,,
21,6835,,,1.1964741945266724,,
21,6837,,,1.3337115049362183,,
21,6839,,,1.1977427005767822,,
21,6841,,,1.1520707607269287,,
21,6843,,,1.2543889284133911,,
21,6845,,,1.2301892042160034,,
21,6847,,,1.2497713565826416,,
21,6849,,,1.3160731792449951,,
21,6851,,,1.1974246501922607,,
21,6853,,,1.1809587478637695,,
21,6855,,,1.2594074010849,,
21,6857,,,1.2594012022018433,,
21,6859,,,1.1681936979293823,,
21,6861,,,1.279111623764038,,
21,6863,,,1.151956558227539,,
21,6865,,,1.403760313987732,,
21,6867,,,1.349334955215454,,
21,6869,,,1.209702730178833,,
21,6871,,,1.2350871562957764,,
21,6873,,,1.2224640846252441,,
21,6875,,,1.338734745979309,,
21,6877,,,1.4087200164794922,,
21,6879,,,1.2249603271484375,,
21,6881,,,1.2242286205291748,,
21,6883,,,1.2585183382034302,,
21,6885,,,1.1536388397216797,,
21,6885,,,,0.0012499999720603228,3.7458717823028564
22,6887,,,1.2520698308944702,,
22,6889,,,1.2719264030456543,,
22,6891,,,1.2116600275039673,,
22,6893,,,1.252492904663086,,
22,6895,,,1.2157418727874756,,
22,6897,,,1.1491570472717285,,
22,6899,,,1.1617776155471802,,
22,6901,,,1.2087888717651367,,
22,6903,,,1.2512933015823364,,
22,6905,,,1.1662919521331787,,
22,6907,,,1.2239153385162354,,
22,6909,,,1.1552882194519043,,
22,6911,,,1.191890001296997,,
22,6913,,,1.2191855907440186,,
22,6915,,,1.3148167133331299,,
22,6917,,,1.4035460948944092,,
22,6919,,,1.314913272857666,,
22,6921,,,1.1425763368606567,,
22,6923,,,1.3999077081680298,,
22,6925,,,1.1428823471069336,,
22,6927,,,1.293172836303711,,
22,6929,,,1.1685192584991455,,
22,6931,,,1.285825490951538,,
22,6933,,,1.2144982814788818,,
22,6935,,,1.331174612045288,,
22,6937,,,1.2513351440429688,,
22,6939,,,1.2863048315048218,,
22,6941,,,1.2832218408584595,,
22,6943,,,1.1247490644454956,,
22,6945,,,1.2585936784744263,,
22,6947,,,1.1590325832366943,,
22,6949,,,1.1544915437698364,,
22,6951,,,1.3055694103240967,,
22,6953,,,1.1546282768249512,,
22,6955,,,1.2249300479888916,,
22,6957,,,1.1386374235153198,,
22,6959,,,1.170167088508606,,
22,6961,,,1.2418278455734253,,
22,6963,,,1.3564647436141968,,
22,6965,,,1.0962026119232178,,
22,6967,,,1.2820806503295898,,
22,6969,,,1.4012585878372192,,
22,6971,,,1.211575984954834,,
22,6973,,,1.2350666522979736,,
22,6975,,,1.1492846012115479,,
22,6977,,,1.2084472179412842,,
22,6979,,,1.2083152532577515,,
22,6981,,,1.1638683080673218,,
22,6983,,,1.2222473621368408,,
22,6985,,,1.1718424558639526,,
22,6987,,,1.2033107280731201,,
22,6989,,,1.231782078742981,,
22,6991,,,1.228448510169983,,
22,6993,,,1.2095634937286377,,
22,6995,,,1.1288092136383057,,
22,6997,,,1.2469823360443115,,
22,6999,,,1.2159146070480347,,
22,7001,,,1.1901689767837524,,
22,7003,,,1.1491602659225464,,
22,7005,,,1.3429908752441406,,
22,7007,,,1.1355104446411133,,
22,7009,,,1.2513171434402466,,
22,7011,,,1.2795008420944214,,
22,7013,,,1.2236660718917847,,
22,7015,,,1.3078516721725464,,
22,7017,,,1.2622169256210327,,
22,7019,,,1.3315575122833252,,
22,7021,,,1.2796106338500977,,
22,7023,,,1.2236077785491943,,
22,7025,,,1.2712409496307373,,
22,7027,,,1.3614473342895508,,
22,7029,,,1.2734074592590332,,
22,7031,,,1.180827260017395,,
22,7033,,,1.2343729734420776,,
22,7035,,,1.1753290891647339,,
22,7037,,,1.2521532773971558,,
22,7039,,,1.1959447860717773,,
22,7041,,,1.1777089834213257,,
22,7043,,,1.245945692062378,,
22,7045,,,1.2325917482376099,,
22,7047,,,1.3002705574035645,,
22,7049,,,1.1788735389709473,,
22,7051,,,1.2758535146713257,,
22,7053,,,1.1911956071853638,,
22,7055,,,1.1530603170394897,,
22,7057,,,1.1838253736495972,,
22,7059,,,1.1964706182479858,,
22,7061,,,1.1997792720794678,,
22,7063,,,1.2231048345565796,,
22,7065,,,1.2303017377853394,,
22,7067,,,1.2733513116836548,,
22,7069,,,1.2532129287719727,,
22,7071,,,1.386989712715149,,
22,7073,,,1.2360442876815796,,
22,7075,,,1.3488725423812866,,
22,7077,,,1.1277557611465454,,
22,7079,,,1.250331997871399,,
22,7081,,,1.1476216316223145,,
22,7083,,,1.1454708576202393,,
22,7085,,,1.185595989227295,,
22,7087,,,1.0725383758544922,,
22,7089,,,1.220320463180542,,
22,7091,,,1.2671895027160645,,
22,7093,,,1.1984394788742065,,
22,7095,,,1.146036148071289,,
22,7097,,,1.2029445171356201,,
22,7099,,,1.2957701683044434,,
22,7101,,,1.2647982835769653,,
22,7103,,,1.245657205581665,,
22,7105,,,1.214487075805664,,
22,7107,,,1.3298370838165283,,
22,7109,,,1.2515770196914673,,
22,7111,,,1.195542335510254,,
22,7113,,,1.195486068725586,,
22,7115,,,1.2422841787338257,,
22,7117,,,1.1975771188735962,,
22,7119,,,1.1991432905197144,,
22,7121,,,1.1598949432373047,,
22,7123,,,1.1251581907272339,,
22,7125,,,1.1479473114013672,,
22,7127,,,1.2875571250915527,,
22,7129,,,1.2398313283920288,,
22,7131,,,1.282938838005066,,
22,7133,,,1.1928647756576538,,
22,7135,,,1.1673331260681152,,
22,7137,,,1.2677823305130005,,
22,7139,,,1.2795794010162354,,
22,7141,,,1.2858788967132568,,
22,7143,,,1.3771321773529053,,
22,7145,,,1.3368226289749146,,
22,7147,,,1.3286851644515991,,
22,7149,,,1.3003000020980835,,
22,7151,,,1.1452068090438843,,
22,7153,,,1.1670997142791748,,
22,7155,,,1.1504414081573486,,
22,7157,,,1.1027796268463135,,
22,7159,,,1.267928957939148,,
22,7161,,,1.2516876459121704,,
22,7163,,,1.1887425184249878,,
22,7165,,,1.1886165142059326,,
22,7167,,,1.175458312034607,,
22,7169,,,1.1969486474990845,,
22,7171,,,1.2473812103271484,,
22,7173,,,1.0896573066711426,,
22,7175,,,1.2194794416427612,,
22,7177,,,1.1731488704681396,,
22,7179,,,1.1671662330627441,,
22,7181,,,1.2107881307601929,,
22,7183,,,1.3542379140853882,,
22,7185,,,1.2356204986572266,,
22,7187,,,1.156213402748108,,
22,7189,,,1.1927180290222168,,
22,7191,,,1.2402747869491577,,
22,7193,,,1.2827922105789185,,
22,7195,,,1.2894327640533447,,
22,7197,,,1.1416854858398438,,
22,7198,,,,0.0012499999720603228,3.7857766151428223
23,7199,,,1.2885875701904297,,
23,7201,,,1.1877779960632324,,
23,7203,,,1.2348098754882812,,
23,7205,,,1.1392589807510376,,
23,7207,,,1.2737139463424683,,
23,7209,,,1.20124089717865,,
23,7211,,,1.2112982273101807,,
23,7213,,,1.3383746147155762,,
23,7215,,,1.43246591091156,,
23,7217,,,1.1127853393554688,,
23,7219,,,1.380016565322876,,
23,7221,,,1.241480827331543,,
23,7223,,,1.1892547607421875,,
23,7225,,,1.4059176445007324,,
23,7227,,,1.1426000595092773,,
23,7229,,,1.1764861345291138,,
23,7231,,,1.2541300058364868,,
23,7233,,,1.2094146013259888,,
23,7235,,,1.2559113502502441,,
23,7237,,,1.203139305114746,,
23,7239,,,1.2480545043945312,,
23,7241,,,1.2977255582809448,,
23,7243,,,1.1071614027023315,,
23,7245,,,1.2575424909591675,,
23,7247,,,1.1802436113357544,,
23,7249,,,1.3696500062942505,,
23,7251,,,1.237479567527771,,
23,7253,,,1.212990403175354,,
23,7255,,,1.24323570728302,,
23,7257,,,1.3899015188217163,,
23,7259,,,1.3108470439910889,,
23,7261,,,1.232014536857605,,
23,7263,,,1.223812460899353,,
23,7265,,,1.2258611917495728,,
23,7267,,,1.193732738494873,,
23,7269,,,1.3369256258010864,,
23,7271,,,1.224873661994934,,
23,7273,,,1.2034026384353638,,
23,7275,,,1.4240301847457886,,
23,7277,,,1.2746496200561523,,
23,7279,,,1.1890839338302612,,
23,7281,,,1.3756000995635986,,
23,7283,,,1.3044064044952393,,
23,7285,,,1.1408894062042236,,
23,7287,,,1.2734792232513428,,
23,7289,,,1.3658345937728882,,
23,7291,,,1.2277946472167969,,
23,7293,,,1.1745226383209229,,
23,7295,,,1.2049704790115356,,
23,7297,,,1.2878564596176147,,
23,7299,,,1.332413673400879,,
23,7301,,,1.2177878618240356,,
23,7303,,,1.2040010690689087,,
23,7305,,,1.3032536506652832,,
23,7307,,,1.2662006616592407,,
23,7309,,,1.1997528076171875,,
23,7311,,,1.2254481315612793,,
23,7313,,,1.227488398551941,,
23,7315,,,1.220929503440857,,
23,7317,,,1.4139169454574585,,
23,7319,,,1.148889183998108,,
23,7321,,,1.1606531143188477,,
23,7323,,,1.1616283655166626,,
23,7325,,,1.2142434120178223,,
23,7327,,,1.189043402671814,,
23,7329,,,1.3848021030426025,,
23,7331,,,1.2075512409210205,,
23,7333,,,1.2352842092514038,,
23,7335,,,1.212656021118164,,
23,7337,,,1.306769609451294,,
23,7339,,,1.2636226415634155,,
23,7341,,,1.3204487562179565,,
23,7343,,,1.2425780296325684,,
23,7345,,,1.0795031785964966,,
23,7347,,,1.325996994972229,,
23,7349,,,1.2495402097702026,,
23,7351,,,1.1376770734786987,,
23,7353,,,1.2459371089935303,,
23,7355,,,1.2884314060211182,,
23,7357,,,1.149840235710144,,
23,7359,,,1.3296632766723633,,
23,7361,,,1.1976879835128784,,
23,7363,,,1.225867509841919,,
23,7365,,,1.2890523672103882,,
23,7367,,,1.133100986480713,,
23,7369,,,1.2318471670150757,,
23,7371,,,1.1748186349868774,,
23,7373,,,1.2202650308609009,,
23,7375,,,1.1904577016830444,,
23,7377,,,1.216172456741333,,
23,7379,,,1.1434053182601929,,
23,7381,,,1.1134905815124512,,
23,7383,,,1.1987913846969604,,
23,7385,,,1.1510380506515503,,
23,7387,,,1.3047703504562378,,
23,7389,,,1.2506080865859985,,
23,7391,,,1.356299638748169,,
23,7393,,,1.2750450372695923,,
23,7395,,,1.2872824668884277,,
23,7397,,,1.2123397588729858,,
23,7399,,,1.135153889656067,,
23,7401,,,1.1532127857208252,,
23,7403,,,1.2124016284942627,,
23,7405,,,1.205024242401123,,
23,7407,,,1.2545790672302246,,
23,7409,,,1.3751989603042603,,
23,7411,,,1.331972360610962,,
23,7413,,,1.1365922689437866,,
23,7415,,,1.2497930526733398,,
23,7417,,,1.3190091848373413,,
23,7419,,,1.2037445306777954,,
23,7421,,,1.136817455291748,,
23,7423,,,1.3448269367218018,,
23,7425,,,1.213518738746643,,
23,7427,,,1.3479543924331665,,
23,7429,,,1.2386305332183838,,
23,7431,,,1.2710658311843872,,
23,7433,,,1.289541482925415,,
23,7435,,,1.1028379201889038,,
23,7437,,,1.2969658374786377,,
23,7439,,,1.1805987358093262,,
23,7441,,,1.202144980430603,,
23,7443,,,1.3444077968597412,,
23,7445,,,1.180391788482666,,
23,7447,,,1.2027169466018677,,
23,7449,,,1.3172985315322876,,
23,7451,,,1.2235050201416016,,
23,7453,,,1.2130439281463623,,
23,7455,,,1.1828889846801758,,
23,7457,,,1.3208500146865845,,
23,7459,,,1.129181981086731,,
23,7461,,,1.2191680669784546,,
23,7463,,,1.268929362297058,,
23,7465,,,1.1428948640823364,,
23,7467,,,1.3194236755371094,,
23,7469,,,1.2615077495574951,,
23,7471,,,1.2309051752090454,,
23,7473,,,1.2562106847763062,,
23,7475,,,1.2366671562194824,,
23,7477,,,1.1024820804595947,,
23,7479,,,1.1529442071914673,,
23,7481,,,1.168871283531189,,
23,7483,,,1.204211950302124,,
23,7485,,,1.2763056755065918,,
23,7487,,,1.1895729303359985,,
23,7489,,,1.1364012956619263,,
23,7491,,,1.3805406093597412,,
23,7493,,,1.333045482635498,,
23,7495,,,1.1642297506332397,,
23,7497,,,1.2499260902404785,,
23,7499,,,1.0946719646453857,,
23,7501,,,1.185540795326233,,
23,7503,,,1.1995265483856201,,
23,7505,,,1.256001591682434,,
23,7507,,,1.18071711063385,,
23,7509,,,1.250381350517273,,
23,7511,,,1.1885223388671875,,
23,7511,,,,0.0012499999720603228,3.794121026992798
24,7513,,,1.3154423236846924,,
24,7515,,,1.2290693521499634,,
24,7517,,,1.3385950326919556,,
24,7519,,,1.1339200735092163,,
24,7521,,,1.1863619089126587,,
24,7523,,,1.2215620279312134,,
24,7525,,,1.1825757026672363,,
24,7527,,,1.249476671218872,,
24,7529,,,1.1981945037841797,,
24,7531,,,1.1790064573287964,,
24,7533,,,1.2138445377349854,,
24,7535,,,1.2670186758041382,,
24,7537,,,1.34164297580719,,
24,7539,,,1.248984932899475,,
24,7541,,,1.301435947418213,,
24,7543,,,1.1654316186904907,,
24,7545,,,1.2798032760620117,,
24,7547,,,1.1174267530441284,,
24,7549,,,1.280308485031128,,
24,7551,,,1.219963550567627,,
24,7553,,,1.2035338878631592,,
24,7555,,,1.233656883239746,,
24,7557,,,1.287880539894104,,
24,7559,,,1.2437947988510132,,
24,7561,,,1.2497916221618652,,
24,7563,,,1.1984543800354004,,
24,7565,,,1.2230688333511353,,
24,7567,,,1.2787598371505737,,
24,7569,,,1.1399171352386475,,
24,7571,,,1.250003457069397,,
24,7573,,,1.2294390201568604,,
24,7575,,,1.1310346126556396,,
24,7577,,,1.2962313890457153,,
24,7579,,,1.2776681184768677,,
24,7581,,,1.302240252494812,,
24,7583,,,1.1679677963256836,,
24,7585,,,1.4242074489593506,,
24,7587,,,1.20167076587677,,
24,7589,,,1.097240686416626,,
24,7591,,,1.4317502975463867,,
24,7593,,,1.2480775117874146,,
24,7595,,,1.2745437622070312,,
24,7597,,,1.2598968744277954,,
24,7599,,,1.1672852039337158,,
24,7601,,,1.203169822692871,,
24,7603,,,1.2055338621139526,,
24,7605,,,1.2102046012878418,,
24,7607,,,1.3281240463256836,,
24,7609,,,1.2221508026123047,,
24,7611,,,1.3208919763565063,,
24,7613,,,1.2366708517074585,,
24,7615,,,1.3217170238494873,,
24,7617,,,1.2882999181747437,,
24,7619,,,1.2372132539749146,,
24,7621,,,1.230650782585144,,
24,7623,,,1.2064707279205322,,
24,7625,,,1.1643415689468384,,
24,7627,,,1.219660758972168,,
24,7629,,,1.248353362083435,,
24,7631,,,1.1768823862075806,,
24,7633,,,1.252284049987793,,
24,7635,,,1.0861765146255493,,
24,7637,,,1.1578785181045532,,
24,7639,,,1.15636146068573,,
24,7641,,,1.1640008687973022,,
24,7643,,,1.2416340112686157,,
24,7645,,,1.170636534690857,,
24,7647,,,1.2314643859863281,,
24,7649,,,1.2839274406433105,,
24,7651,,,1.352858066558838,,
24,7653,,,1.3808798789978027,,
24,7655,,,1.2242178916931152,,
24,7657,,,1.2510979175567627,,
24,7659,,,1.2622836828231812,,
24,7661,,,1.278586983680725,,
24,7663,,,1.360796332359314,,
24,7665,,,1.331115961074829,,
24,7667,,,1.2190630435943604,,
24,7669,,,1.3098254203796387,,
24,7671,,,1.0903586149215698,,
24,7673,,,1.3483976125717163,,
24,7675,,,1.2354049682617188,,
24,7677,,,1.2123814821243286,,
24,7679,,,1.230927586555481,,
24,7681,,,1.181423544883728,,
24,7683,,,1.1399089097976685,,
24,7685,,,1.2425156831741333,,
24,7687,,,1.103456974029541,,
24,7689,,,1.1183855533599854,,
24,7691,,,1.148687481880188,,
24,7693,,,1.1152534484863281,,
24,7695,,,1.1767895221710205,,
24,7697,,,1.4949837923049927,,
24,7699,,,1.1667144298553467,,
24,7701,,,1.3143097162246704,,
24,7703,,,1.294960379600525,,
24,7705,,,1.3058494329452515,,
24,7707,,,1.2734869718551636,,
24,7709,,,1.1660834550857544,,
24,7711,,,1.1581865549087524,,
24,7713,,,1.2769466638565063,,
24,7715,,,1.207423210144043,,
24,7717,,,1.5156673192977905,,
24,7719,,,1.2013386487960815,,
24,7721,,,1.3198307752609253,,
24,7723,,,1.165470004081726,,
24,7725,,,1.112596035003662,,
24,7727,,,1.3152886629104614,,
24,7729,,,1.2594934701919556,,
24,7731,,,1.1852102279663086,,
24,7733,,,1.2082387208938599,,
24,7735,,,1.196119785308838,,
24,7737,,,1.2786999940872192,,
24,7739,,,1.389965295791626,,
24,7741,,,1.3249831199645996,,
24,7743,,,1.2945085763931274,,
24,7745,,,1.2281378507614136,,
24,7747,,,1.2297166585922241,,
24,7749,,,1.2055509090423584,,
24,7751,,,1.2201427221298218,,
24,7753,,,1.3321599960327148,,
24,7755,,,1.198301076889038,,
24,7757,,,1.2133177518844604,,
24,7759,,,1.3156911134719849,,
24,7761,,,1.2216041088104248,,
24,7763,,,1.2534873485565186,,
24,7765,,,1.2879307270050049,,
24,7767,,,1.2147566080093384,,
24,7769,,,1.3116403818130493,,
24,7771,,,1.1202350854873657,,
24,7773,,,1.2232097387313843,,
24,7775,,,1.2298622131347656,,
24,7777,,,1.2867423295974731,,
24,7779,,,1.215520977973938,,
24,7781,,,1.218129277229309,,
24,7783,,,1.4890236854553223,,
24,7785,,,1.1229312419891357,,
24,7787,,,1.3006232976913452,,
24,7789,,,1.2584177255630493,,
24,7791,,,1.1292948722839355,,
24,7793,,,1.3300025463104248,,
24,7795,,,1.3205540180206299,,
24,7797,,,1.2145073413848877,,
24,7799,,,1.1075726747512817,,
24,7801,,,1.265105962753296,,
24,7803,,,1.2438104152679443,,
24,7805,,,1.2664837837219238,,
24,7807,,,1.3247076272964478,,
24,7809,,,1.2388103008270264,,
24,7811,,,1.1999294757843018,,
24,7813,,,1.1706831455230713,,
24,7815,,,1.2621163129806519,,
24,7817,,,1.3428651094436646,,
24,7819,,,1.1468509435653687,,
24,7821,,,1.1621911525726318,,
24,7823,,,1.3182140588760376,,
24,7824,,,,0.0012499999720603228,3.780768632888794
25,7825,,,1.267268180847168,,
25,7827,,,1.1870824098587036,,
25,7829,,,1.298434853553772,,
25,7831,,,1.2715939283370972,,
25,7833,,,1.269451379776001,,
25,7835,,,1.068355679512024,,
25,7837,,,1.1352488994598389,,
25,7839,,,1.2758448123931885,,
25,7841,,,1.1836084127426147,,
25,7843,,,1.199410080909729,,
25,7845,,,1.1883535385131836,,
25,7847,,,1.2587807178497314,,
25,7849,,,1.2917778491973877,,
25,7851,,,1.2285467386245728,,
25,7853,,,1.2395015954971313,,
25,7855,,,1.2663140296936035,,
25,7857,,,1.1498521566390991,,
25,7859,,,1.1491767168045044,,
25,7861,,,1.1099077463150024,,
25,7863,,,1.2117526531219482,,
25,7865,,,1.219828724861145,,
25,7867,,,1.319743037223816,,
25,7869,,,1.2635836601257324,,
25,7871,,,1.2176172733306885,,
25,7873,,,1.3720369338989258,,
25,7875,,,1.3541786670684814,,
25,7877,,,1.2614907026290894,,
25,7879,,,1.1936124563217163,,
25,7881,,,1.2079092264175415,,
25,7883,,,1.4138987064361572,,
25,7885,,,1.2898586988449097,,
25,7887,,,1.17725670337677,,
25,7889,,,1.242647409439087,,
25,7891,,,1.19981050491333,,
25,7893,,,1.3879671096801758,,
25,7895,,,1.2254470586776733,,
25,7897,,,1.1635830402374268,,
25,7899,,,1.287716031074524,,
25,7901,,,1.1690292358398438,,
25,7903,,,1.2250111103057861,,
25,7905,,,1.2579072713851929,,
25,7907,,,1.2176250219345093,,
25,7909,,,1.2535974979400635,,
25,7911,,,1.1753950119018555,,
25,7913,,,1.2713807821273804,,
25,7915,,,1.244508147239685,,
25,7917,,,1.415853500366211,,
25,7919,,,1.1465671062469482,,
25,7921,,,1.149638295173645,,
25,7923,,,1.2511924505233765,,
25,7925,,,1.1735256910324097,,
25,7927,,,1.3876482248306274,,
25,7929,,,1.0979530811309814,,
25,7931,,,1.2256367206573486,,
25,7933,,,1.1623278856277466,,
25,7935,,,1.316736102104187,,
25,7937,,,1.2199389934539795,,
25,7939,,,1.1749950647354126,,
25,7941,,,1.1538748741149902,,
25,7943,,,1.141373634338379,,
25,7945,,,1.2487412691116333,,
25,7947,,,1.1545487642288208,,
25,7949,,,1.4383864402770996,,
25,7951,,,1.1814994812011719,,
25,7953,,,1.250154733657837,,
25,7955,,,1.2836006879806519,,
25,7957,,,1.2583985328674316,,
25,7959,,,1.212386131286621,,
25,7961,,,1.2097761631011963,,
25,7963,,,1.0870147943496704,,
25,7965,,,1.3116953372955322,,
25,7967,,,1.134200930595398,,
25,7969,,,1.158109426498413,,
25,7971,,,1.2192025184631348,,
25,7973,,,1.0972249507904053,,
25,7975,,,1.3520605564117432,,
25,7977,,,1.2176750898361206,,
25,7979,,,1.1747889518737793,,
25,7981,,,1.2023282051086426,,
25,7983,,,1.134961485862732,,
25,7985,,,1.2243820428848267,,
25,7987,,,1.249140739440918,,
25,7989,,,1.2248848676681519,,
25,7991,,,1.1163926124572754,,
25,7993,,,1.3909132480621338,,
25,7995,,,1.2111531496047974,,
25,7997,,,1.1981821060180664,,
25,7999,,,1.297139048576355,,
25,8001,,,1.1966869831085205,,
25,8003,,,1.2469232082366943,,
25,8005,,,1.390355110168457,,
25,8007,,,1.2010599374771118,,
25,8009,,,1.17324960231781,,
25,8011,,,1.316544532775879,,
25,8013,,,1.1497981548309326,,
25,8015,,,1.3312419652938843,,
25,8017,,,1.23036789894104,,
25,8019,,,1.2087106704711914,,
25,8021,,,1.2118465900421143,,
25,8023,,,1.320389747619629,,
25,8025,,,1.28047513961792,,
25,8027,,,1.2655318975448608,,
25,8029,,,1.1350735425949097,,
25,8031,,,1.2607128620147705,,
25,8033,,,1.3238987922668457,,
25,8035,,,1.1855331659317017,,
25,8037,,,1.1800462007522583,,
25,8039,,,1.2667608261108398,,
25,8041,,,1.3351985216140747,,
25,8043,,,1.1399128437042236,,
25,8045,,,1.1550939083099365,,
25,8047,,,1.1710000038146973,,
25,8049,,,1.2912166118621826,,
25,8051,,,1.1922701597213745,,
25,8053,,,1.3537781238555908,,
25,8055,,,1.2379616498947144,,
25,8057,,,1.312759518623352,,
25,8059,,,1.2525591850280762,,
25,8061,,,1.1784758567810059,,
25,8063,,,1.207639455795288,,
25,8065,,,1.2082672119140625,,
25,8067,,,1.163766860961914,,
25,8069,,,1.224222183227539,,
25,8071,,,1.1865618228912354,,
25,8073,,,1.2052170038223267,,
25,8075,,,1.2028887271881104,,
25,8077,,,1.3374390602111816,,
25,8079,,,1.3328008651733398,,
25,8081,,,1.2193964719772339,,
25,8083,,,1.16970956325531,,
25,8085,,,1.1650002002716064,,
25,8087,,,1.3656339645385742,,
25,8089,,,1.2990187406539917,,
25,8091,,,1.2329638004302979,,
25,8093,,,1.191206932067871,,
25,8095,,,1.1826190948486328,,
25,8097,,,1.2121778726577759,,
25,8099,,,1.2900174856185913,,
25,8101,,,1.2019171714782715,,
25,8103,,,1.2333427667617798,,
25,8105,,,1.3283727169036865,,
25,8107,,,1.1335816383361816,,
25,8109,,,1.3747217655181885,,
25,8111,,,1.1953275203704834,,
25,8113,,,1.2019870281219482,,
25,8115,,,1.2687770128250122,,
25,8117,,,1.169236183166504,,
25,8119,,,1.2019327878952026,,
25,8121,,,1.2608542442321777,,
25,8123,,,1.4079904556274414,,
25,8125,,,1.2335573434829712,,
25,8127,,,1.1567939519882202,,
25,8129,,,1.3087977170944214,,
25,8131,,,1.2819551229476929,,
25,8133,,,1.331860065460205,,
25,8135,,,1.201359748840332,,
25,8137,,,1.2539547681808472,,
25,8137,,,,0.0012499999720603228,3.7782247066497803
26,8139,,,1.361217737197876,,
26,8141,,,1.1281216144561768,,
26,8143,,,1.2899192571640015,,
26,8145,,,1.322077751159668,,
26,8147,,,1.226941704750061,,
26,8149,,,1.2478355169296265,,
26,8151,,,1.3105664253234863,,
26,8153,,,1.2078815698623657,,
26,8155,,,1.296800136566162,,
26,8157,,,1.1505390405654907,,
26,8159,,,1.1179826259613037,,
26,8161,,,1.2485839128494263,,
26,8163,,,1.1310482025146484,,
26,8165,,,1.0942373275756836,,
26,8167,,,1.1846339702606201,,
26,8169,,,1.157037377357483,,
26,8171,,,1.3194668292999268,,
26,8173,,,1.247206449508667,,
26,8175,,,1.1562997102737427,,
26,8177,,,1.3147903680801392,,
26,8179,,,1.1647319793701172,,
26,8181,,,1.2982991933822632,,
26,8183,,,1.3179676532745361,,
26,8185,,,1.3012878894805908,,
26,8187,,,1.2218950986862183,,
26,8189,,,1.3300879001617432,,
26,8191,,,1.2577327489852905,,
26,8193,,,1.363556981086731,,
26,8195,,,1.3080719709396362,,
26,8197,,,1.2864608764648438,,
26,8199,,,1.2861133813858032,,
26,8201,,,1.1995556354522705,,
26,8203,,,1.2487566471099854,,
26,8205,,,1.2175825834274292,,
26,8207,,,1.248705506324768,,
26,8209,,,1.2138804197311401,,
26,8211,,,1.296264410018921,,
26,8213,,,1.2295936346054077,,
26,8215,,,1.2090808153152466,,
26,8217,,,1.1949118375778198,,
26,8219,,,1.2749265432357788,,
26,8221,,,1.1927013397216797,,
26,8223,,,1.2224318981170654,,
26,8225,,,1.266276478767395,,
26,8227,,,1.3137476444244385,,
26,8229,,,1.3283603191375732,,
26,8231,,,1.2397472858428955,,
26,8233,,,1.2048635482788086,,
26,8235,,,1.237944483757019,,
26,8237,,,1.1700775623321533,,
26,8239,,,1.1482737064361572,,
26,8241,,,1.2076119184494019,,
26,8243,,,1.2821617126464844,,
26,8245,,,1.2232950925827026,,
26,8247,,,1.1883034706115723,,
26,8249,,,1.2786834239959717,,
26,8251,,,1.2225263118743896,,
26,8253,,,1.348853588104248,,
26,8255,,,1.1882154941558838,,
26,8257,,,1.2264236211776733,,
26,8259,,,1.1688811779022217,,
26,8261,,,1.2488404512405396,,
26,8263,,,1.4449613094329834,,
26,8265,,,1.2740660905838013,,
26,8267,,,1.276268482208252,,
26,8269,,,1.2394129037857056,,
26,8271,,,1.2157799005508423,,
26,8273,,,1.2095695734024048,,
26,8275,,,1.2428480386734009,,
26,8277,,,1.1555094718933105,,
26,8279,,,1.2015358209609985,,
26,8281,,,1.2869279384613037,,
26,8283,,,1.4009102582931519,,
26,8285,,,1.2395148277282715,,
26,8287,,,1.3613795042037964,,
26,8289,,,1.2547544240951538,,
26,8291,,,1.202656626701355,,
26,8293,,,1.164201021194458,,
26,8295,,,1.2220925092697144,,
26,8297,,,1.198415994644165,,
26,8299,,,1.1837682723999023,,
26,8301,,,1.218616247177124,,
26,8303,,,1.3032346963882446,,
26,8305,,,1.4308724403381348,,
26,8307,,,1.3491621017456055,,
26,8309,,,1.2389793395996094,,
26,8311,,,1.3437609672546387,,
26,8313,,,1.262398362159729,,
26,8315,,,1.2044929265975952,,
26,8317,,,1.2272224426269531,,
26,8319,,,1.3125280141830444,,
26,8321,,,1.1727319955825806,,
26,8323,,,1.1904205083847046,,
26,8325,,,1.3762866258621216,,
26,8327,,,1.091214895248413,,
26,8329,,,1.2248613834381104,,
26,8331,,,1.2320685386657715,,
26,8333,,,1.2658947706222534,,
26,8335,,,1.3172048330307007,,
26,8337,,,1.1694352626800537,,
26,8339,,,1.2330806255340576,,
26,8341,,,1.322408676147461,,
26,8343,,,1.2463127374649048,,
26,8345,,,1.1722381114959717,,
26,8347,,,1.295035719871521,,
26,8349,,,1.1910462379455566,,
26,8351,,,1.1205071210861206,,
26,8353,,,1.1878770589828491,,
26,8355,,,1.2270941734313965,,
26,8357,,,1.2019882202148438,,
26,8359,,,1.264398455619812,,
26,8361,,,1.3228341341018677,,
26,8363,,,1.1938120126724243,,
26,8365,,,1.4077963829040527,,
26,8367,,,1.296847939491272,,
26,8369,,,1.1733933687210083,,
26,8371,,,1.2568469047546387,,
26,8373,,,1.3141387701034546,,
26,8375,,,1.1972169876098633,,
26,8377,,,1.1630929708480835,,
26,8379,,,1.276755452156067,,
26,8381,,,1.1939703226089478,,
26,8383,,,1.1797409057617188,,
26,8385,,,1.2421891689300537,,
26,8387,,,1.3866462707519531,,
26,8389,,,1.1652312278747559,,
26,8391,,,1.1348124742507935,,
26,8393,,,1.3468437194824219,,
26,8395,,,1.3370561599731445,,
26,8397,,,1.2554740905761719,,
26,8399,,,1.288385033607483,,
26,8401,,,1.2098653316497803,,
26,8403,,,1.2911384105682373,,
26,8405,,,1.178021788597107,,
26,8407,,,1.2635560035705566,,
26,8409,,,1.2054075002670288,,
26,8411,,,1.1469560861587524,,
26,8413,,,1.1488107442855835,,
26,8415,,,1.2716808319091797,,
26,8417,,,1.1568280458450317,,
26,8419,,,1.1301801204681396,,
26,8421,,,1.224390983581543,,
26,8423,,,1.1180740594863892,,
26,8425,,,1.1847440004348755,,
26,8427,,,1.4097670316696167,,
26,8429,,,1.3657426834106445,,
26,8431,,,1.1744811534881592,,
26,8433,,,1.3878813982009888,,
26,8435,,,1.2638051509857178,,
26,8437,,,1.2787054777145386,,
26,8439,,,1.252563714981079,,
26,8441,,,1.184252381324768,,
26,8443,,,1.1815757751464844,,
26,8445,,,1.1138124465942383,,
26,8447,,,1.2666157484054565,,
26,8449,,,1.2078936100006104,,
26,8450,,,,0.0012499999720603228,3.808919906616211
27,8451,,,1.200990915298462,,
27,8453,,,1.3050251007080078,,
27,8455,,,1.288234829902649,,
27,8457,,,1.1534759998321533,,
27,8459,,,1.1686859130859375,,
27,8461,,,1.4763462543487549,,
27,8463,,,1.2793184518814087,,
27,8465,,,1.2455016374588013,,
27,8467,,,1.292279601097107,,
27,8469,,,1.2931286096572876,,
27,8471,,,1.110229253768921,,
27,8473,,,1.3691726922988892,,
27,8475,,,1.1593616008758545,,
27,8477,,,1.183768630027771,,
27,8479,,,1.237972378730774,,
27,8481,,,1.2191083431243896,,
27,8483,,,1.3025349378585815,,
27,8485,,,1.306649923324585,,
27,8487,,,1.0834969282150269,,
27,8489,,,1.175940752029419,,
27,8491,,,1.3106886148452759,,
27,8493,,,1.2934833765029907,,
27,8495,,,1.2450116872787476,,
27,8497,,,1.2308443784713745,,
27,8499,,,1.3137307167053223,,
27,8501,,,1.1311033964157104,,
27,8503,,,1.1524226665496826,,
27,8505,,,1.2203391790390015,,
27,8507,,,1.2646770477294922,,
27,8509,,,1.1753368377685547,,
27,8511,,,1.303253412246704,,
27,8513,,,1.2098101377487183,,
27,8515,,,1.2696655988693237,,
27,8517,,,1.3141124248504639,,
27,8519,,,1.417528748512268,,
27,8521,,,1.3098657131195068,,
27,8523,,,1.1312979459762573,,
27,8525,,,1.3075774908065796,,
27,8527,,,1.2644089460372925,,
27,8529,,,1.1385679244995117,,
27,8531,,,1.1475778818130493,,
27,8533,,,1.2589024305343628,,
27,8535,,,1.1017558574676514,,
27,8537,,,1.3863495588302612,,
27,8539,,,1.2753334045410156,,
27,8541,,,1.4712985754013062,,
27,8543,,,1.2302749156951904,,
27,8545,,,1.1227214336395264,,
27,8547,,,1.2489076852798462,,
27,8549,,,1.1272778511047363,,
27,8551,,,1.247677206993103,,
27,8553,,,1.187849521636963,,
27,8555,,,1.255470871925354,,
27,8557,,,1.0568609237670898,,
27,8559,,,1.2468079328536987,,
27,8561,,,1.1877940893173218,,
27,8563,,,1.2204698324203491,,
27,8565,,,1.0981616973876953,,
27,8567,,,1.262657880783081,,
27,8569,,,1.3898597955703735,,
27,8571,,,1.3637222051620483,,
27,8573,,,1.2092541456222534,,
27,8575,,,1.2902467250823975,,
27,8577,,,1.2241679430007935,,
27,8579,,,1.336609125137329,,
27,8581,,,1.2473516464233398,,
27,8583,,,1.2224606275558472,,
27,8585,,,1.217818260192871,,
27,8587,,,1.1907622814178467,,
27,8589,,,1.0896297693252563,,
27,8591,,,1.2060611248016357,,
27,8593,,,1.2216310501098633,,
27,8595,,,1.2080923318862915,,
27,8597,,,1.3750133514404297,,
27,8599,,,1.1573586463928223,,
27,8601,,,1.2012195587158203,,
27,8603,,,1.3036613464355469,,
27,8605,,,1.2631791830062866,,
27,8607,,,1.341673731803894,,
27,8609,,,1.2419776916503906,,
27,8611,,,1.118651032447815,,
27,8613,,,1.4176567792892456,,
27,8615,,,1.1831682920455933,,
27,8617,,,1.4455479383468628,,
27,8619,,,1.215826392173767,,
27,8621,,,1.2121691703796387,,
27,8623,,,1.187860131263733,,
27,8625,,,1.247981309890747,,
27,8627,,,1.235843539237976,,
27,8629,,,1.1511836051940918,,
27,8631,,,1.0872745513916016,,
27,8633,,,1.2734566926956177,,
27,8635,,,1.2765177488327026,,
27,8637,,,1.2004469633102417,,
27,8639,,,1.1985560655593872,,
27,8641,,,1.2592495679855347,,
27,8643,,,1.2864102125167847,,
27,8645,,,1.2528901100158691,,
27,8647,,,1.1462247371673584,,
27,8649,,,1.188767671585083,,
27,8651,,,1.3474396467208862,,
27,8653,,,1.2786799669265747,,
27,8655,,,1.206544041633606,,
27,8657,,,1.2910716533660889,,
27,8659,,,1.1115896701812744,,
27,8661,,,1.2508527040481567,,
27,8663,,,1.195649266242981,,
27,8665,,,1.212772011756897,,
27,8667,,,1.1413415670394897,,
27,8669,,,1.2991446256637573,,
27,8671,,,1.3192932605743408,,
27,8673,,,1.17534601688385,,
27,8675,,,1.1525633335113525,,
27,8677,,,1.2590062618255615,,
27,8679,,,1.2482645511627197,,
27,8681,,,1.2304716110229492,,
27,8683,,,1.4316251277923584,,
27,8685,,,1.315562129020691,,
27,8687,,,1.2081011533737183,,
27,8689,,,1.281818151473999,,
27,8691,,,1.307721734046936,,
27,8693,,,1.1528451442718506,,
27,8695,,,1.3944950103759766,,
27,8697,,,1.1495492458343506,,
27,8699,,,1.2002602815628052,,
27,8701,,,1.134194254875183,,
27,8703,,,1.1617470979690552,,
27,8705,,,1.2418243885040283,,
27,8707,,,1.142341136932373,,
27,8709,,,1.1833587884902954,,
27,8711,,,1.213651180267334,,
27,8713,,,1.1839720010757446,,
27,8715,,,1.0977575778961182,,
27,8717,,,1.3694199323654175,,
27,8719,,,1.2010090351104736,,
27,8721,,,1.2179138660430908,,
27,8723,,,1.2963286638259888,,
27,8725,,,1.380729079246521,,
27,8727,,,1.1499414443969727,,
27,8729,,,1.2663267850875854,,
27,8731,,,1.1445043087005615,,
27,8733,,,1.0779869556427002,,
27,8735,,,1.2005823850631714,,
27,8737,,,1.2107962369918823,,
27,8739,,,1.285783290863037,,
27,8741,,,1.324282169342041,,
27,8743,,,1.326375961303711,,
27,8745,,,1.2053805589675903,,
27,8747,,,1.2181683778762817,,
27,8749,,,1.1964747905731201,,
27,8751,,,1.1919589042663574,,
27,8753,,,1.3321728706359863,,
27,8755,,,1.2993875741958618,,
27,8757,,,1.3381593227386475,,
27,8759,,,1.1464823484420776,,
27,8761,,,1.2857646942138672,,
27,8763,,,1.129356026649475,,
27,8763,,,,0.0012499999720603228,3.7997825145721436
28,8765,,,1.0785049200057983,,
28,8767,,,1.2935514450073242,,
28,8769,,,1.2165400981903076,,
28,8771,,,1.192886471748352,,
28,8773,,,1.210296392440796,,
28,8775,,,1.2219266891479492,,
28,8777,,,1.2181358337402344,,
28,8779,,,1.4230324029922485,,
28,8781,,,1.39307701587677,,
28,8783,,,1.2053563594818115,,
28,8785,,,1.3499714136123657,,
28,8787,,,1.1439504623413086,,
28,8789,,,1.290993571281433,,
28,8791,,,1.2501869201660156,,
28,8793,,,1.2194528579711914,,
28,8795,,,1.3016566038131714,,
28,8797,,,1.4509142637252808,,
28,8799,,,1.1923729181289673,,
28,8801,,,1.1514333486557007,,
28,8803,,,1.3262382745742798,,
28,8805,,,1.2786195278167725,,
28,8807,,,1.1893572807312012,,
28,8809,,,1.3225065469741821,,
28,8811,,,1.224764108657837,,
28,8813,,,1.2208226919174194,,
28,8815,,,1.2234797477722168,,
28,8817,,,1.3554461002349854,,
28,8819,,,1.255388617515564,,
28,8821,,,1.2541484832763672,,
28,8823,,,1.2027122974395752,,
28,8825,,,1.250787377357483,,
28,8827,,,1.1892155408859253,,
28,8829,,,1.205569863319397,,
28,8831,,,1.2404365539550781,,
28,8833,,,1.1142832040786743,,
28,8835,,,1.2430325746536255,,
28,8837,,,1.2777081727981567,,
28,8839,,,1.2240153551101685,,
28,8841,,,1.3450244665145874,,
28,8843,,,1.1459578275680542,,
28,8845,,,1.14275324344635,,
28,8847,,,1.237951397895813,,
28,8849,,,1.1670372486114502,,
28,8851,,,1.200334072113037,,
28,8853,,,1.1703619956970215,,
28,8855,,,1.353188157081604,,
28,8857,,,1.18153715133667,,
28,8859,,,1.2676632404327393,,
28,8861,,,1.2030936479568481,,
28,8863,,,1.1658574342727661,,
28,8865,,,1.3598039150238037,,
28,8867,,,1.2626783847808838,,
28,8869,,,1.2989814281463623,,
28,8871,,,1.246291995048523,,
28,8873,,,1.3539543151855469,,
28,8875,,,1.295622706413269,,
28,8877,,,1.140426516532898,,
28,8879,,,1.1836318969726562,,
28,8881,,,1.2129971981048584,,
28,8883,,,1.3481882810592651,,
28,8885,,,1.2096306085586548,,
28,8887,,,1.1720246076583862,,
28,8889,,,1.2045631408691406,,
28,8891,,,1.1234643459320068,,
28,8893,,,1.3833022117614746,,
28,8895,,,1.1850402355194092,,
28,8897,,,1.2170156240463257,,
28,8899,,,1.1746139526367188,,
28,8901,,,1.1899811029434204,,
28,8903,,,1.2917444705963135,,
28,8905,,,1.2027651071548462,,
28,8907,,,1.0818357467651367,,
28,8909,,,1.2152962684631348,,
28,8911,,,1.2738169431686401,,
28,8913,,,1.2241566181182861,,
28,8915,,,1.3444266319274902,,
28,8917,,,1.1170344352722168,,
28,8919,,,1.1252509355545044,,
28,8921,,,1.3237841129302979,,
28,8923,,,1.2580058574676514,,
28,8925,,,1.2596712112426758,,
28,8927,,,1.2993568181991577,,
28,8929,,,1.2086927890777588,,
28,8931,,,1.171026587486267,,
28,8933,,,1.2419575452804565,,
28,8935,,,1.2365370988845825,,
28,8937,,,1.2008200883865356,,
28,8939,,,1.2304168939590454,,
28,8941,,,1.1589648723602295,,
28,8943,,,1.2167785167694092,,
28,8945,,,1.3288848400115967,,
28,8947,,,1.204428791999817,,
28,8949,,,1.082877278327942,,
28,8951,,,1.1791669130325317,,
28,8953,,,1.209141492843628,,
28,8955,,,1.2270039319992065,,
28,8957,,,1.2140748500823975,,
28,8959,,,1.1641572713851929,,
28,8961,,,1.0756683349609375,,
28,8963,,,1.1672881841659546,,
28,8965,,,1.2111307382583618,,
28,8967,,,1.291341781616211,,
28,8969,,,1.399160385131836,,
28,8971,,,1.2867560386657715,,
28,8973,,,1.2192996740341187,,
28,8975,,,1.1246050596237183,,
28,8977,,,1.2853221893310547,,
28,8979,,,1.2915791273117065,,
28,8981,,,1.31472647190094,,
28,8983,,,1.289067268371582,,
28,8985,,,1.2273813486099243,,
28,8987,,,1.2128493785858154,,
28,8989,,,1.241370439529419,,
28,8991,,,1.3247853517532349,,
28,8993,,,1.4468811750411987,,
28,8995,,,1.2083280086517334,,
28,8997,,,1.2391613721847534,,
28,8999,,,1.3094154596328735,,
28,9001,,,1.1530436277389526,,
28,9003,,,1.2303121089935303,,
28,9005,,,1.2021914720535278,,
28,9007,,,1.3801335096359253,,
28,9009,,,1.2043406963348389,,
28,9011,,,1.202848196029663,,
28,9013,,,1.313191294670105,,
28,9015,,,1.2128816843032837,,
28,9017,,,1.2555581331253052,,
28,9019,,,1.2241803407669067,,
28,9021,,,1.0824419260025024,,
28,9023,,,1.2423969507217407,,
28,9025,,,1.3417006731033325,,
28,9027,,,1.2091866731643677,,
28,9029,,,1.2551382780075073,,
28,9031,,,1.063720703125,,
28,9033,,,1.1757533550262451,,
28,9035,,,1.156030297279358,,
28,9037,,,1.1986432075500488,,
28,9039,,,1.258231282234192,,
28,9041,,,1.2731865644454956,,
28,9043,,,1.1320013999938965,,
28,9045,,,1.2139734029769897,,
28,9047,,,1.1664211750030518,,
28,9049,,,1.1991949081420898,,
28,9051,,,1.2081148624420166,,
28,9053,,,1.1704367399215698,,
28,9055,,,1.2352018356323242,,
28,9057,,,1.206255316734314,,
28,9059,,,1.2773754596710205,,
28,9061,,,1.1247434616088867,,
28,9063,,,1.3210079669952393,,
28,9065,,,1.2133572101593018,,
28,9067,,,1.2874702215194702,,
28,9069,,,1.1880520582199097,,
28,9071,,,1.0833288431167603,,
28,9073,,,1.2091283798217773,,
28,9075,,,1.140129804611206,,
28,9076,,,,0.0012499999720603228,3.811647653579712
29,9077,,,1.2281379699707031,,
29,9079,,,1.1982438564300537,,
29,9081,,,1.2641189098358154,,
29,9083,,,1.3739439249038696,,
29,9085,,,1.2613798379898071,,
29,9087,,,1.3573722839355469,,
29,9089,,,1.219608187675476,,
29,9091,,,1.1795032024383545,,
29,9093,,,1.2397392988204956,,
29,9095,,,1.2320059537887573,,
29,9097,,,1.2735763788223267,,
29,9099,,,1.1967768669128418,,
29,9101,,,1.3588615655899048,,
29,9103,,,1.1947628259658813,,
29,9105,,,1.243760347366333,,
29,9107,,,1.2268608808517456,,
29,9109,,,1.2158476114273071,,
29,9111,,,1.2256107330322266,,
29,9113,,,1.2640787363052368,,
29,9115,,,1.1328920125961304,,
29,9117,,,1.2734593152999878,,
29,9119,,,1.1949865818023682,,
29,9121,,,1.3201982975006104,,
29,9123,,,1.1940454244613647,,
29,9125,,,1.3421443700790405,,
29,9127,,,1.215564250946045,,
29,9129,,,1.1232924461364746,,
29,9131,,,1.0957427024841309,,
29,9133,,,1.107903242111206,,
29,9135,,,1.254952073097229,,
29,9137,,,1.274896264076233,,
29,9139,,,1.3067350387573242,,
29,9141,,,1.1676559448242188,,
29,9143,,,1.2091068029403687,,
29,9145,,,1.2075456380844116,,
29,9147,,,1.1408363580703735,,
29,9149,,,1.1710752248764038,,
29,9151,,,1.343743920326233,,
29,9153,,,1.1150572299957275,,
29,9155,,,1.1380704641342163,,
29,9157,,,1.1318072080612183,,
29,9159,,,1.223461627960205,,
29,9161,,,1.3831517696380615,,
29,9163,,,1.2496072053909302,,
29,9165,,,1.10146963596344,,
29,9167,,,1.2318633794784546,,
29,9169,,,1.3352864980697632,,
29,9171,,,1.239434003829956,,
29,9173,,,1.2502210140228271,,
29,9175,,,1.3239794969558716,,
29,9177,,,1.3301705121994019,,
29,9179,,,1.1797457933425903,,
29,9181,,,1.3176138401031494,,
29,9183,,,1.2571560144424438,,
29,9185,,,1.3114593029022217,,
29,9187,,,1.347578525543213,,
29,9189,,,1.2834056615829468,,
29,9191,,,1.2460910081863403,,
29,9193,,,1.270735502243042,,
29,9195,,,1.1289461851119995,,
29,9197,,,1.130999207496643,,
29,9199,,,1.3446955680847168,,
29,9201,,,1.163037896156311,,
29,9203,,,1.1696860790252686,,
29,9205,,,1.1760412454605103,,
29,9207,,,1.175609827041626,,
29,9209,,,1.1872165203094482,,
29,9211,,,1.3794174194335938,,
29,9213,,,1.2322324514389038,,
29,9215,,,1.2613732814788818,,
29,9217,,,1.2204850912094116,,
29,9219,,,1.1470922231674194,,
29,9221,,,1.2107516527175903,,
29,9223,,,1.24757719039917,,
29,9225,,,1.2274421453475952,,
29,9227,,,1.1647484302520752,,
29,9229,,,1.294035792350769,,
29,9231,,,1.2317137718200684,,
29,9233,,,1.295649766921997,,
29,9235,,,1.2711944580078125,,
29,9237,,,1.2681686878204346,,
29,9239,,,1.3074227571487427,,
29,9241,,,1.3615672588348389,,
29,9243,,,1.2249820232391357,,
29,9245,,,1.2367734909057617,,
29,9247,,,1.1678863763809204,,
29,9249,,,1.2758935689926147,,
29,9251,,,1.2868030071258545,,
29,9253,,,1.201743483543396,,
29,9255,,,1.302895426750183,,
29,9257,,,1.2824183702468872,,
29,9259,,,1.290677547454834,,
29,9261,,,1.2099502086639404,,
29,9263,,,1.084401249885559,,
29,9265,,,1.124576449394226,,
29,9267,,,1.3705826997756958,,
29,9269,,,1.3733843564987183,,
29,9271,,,1.3729839324951172,,
29,9273,,,1.1820814609527588,,
29,9275,,,1.301768183708191,,
29,9277,,,1.2303303480148315,,
29,9279,,,1.1596286296844482,,
29,9281,,,1.2261508703231812,,
29,9283,,,1.2549951076507568,,
29,9285,,,1.2700049877166748,,
29,9287,,,1.1820683479309082,,
29,9289,,,1.2255184650421143,,
29,9291,,,1.1507278680801392,,
29,9293,,,1.2050139904022217,,
29,9295,,,1.4104125499725342,,
29,9297,,,1.172699213027954,,
29,9299,,,1.1452914476394653,,
29,9301,,,1.2382925748825073,,
29,9303,,,1.4138954877853394,,
29,9305,,,1.1789981126785278,,
29,9307,,,1.2310547828674316,,
29,9309,,,1.2797731161117554,,
29,9311,,,1.2100094556808472,,
29,9313,,,1.2374433279037476,,
29,9315,,,1.2248722314834595,,
29,9317,,,1.2235267162322998,,
29,9319,,,1.2564895153045654,,
29,9321,,,1.268799901008606,,
29,9323,,,1.2246652841567993,,
29,9325,,,1.155043125152588,,
29,9327,,,1.2017465829849243,,
29,9329,,,1.2991089820861816,,
29,9331,,,1.35845148563385,,
29,9333,,,1.257438063621521,,
29,9335,,,1.2721517086029053,,
29,9337,,,1.1152634620666504,,
29,9339,,,1.347579836845398,,
29,9341,,,1.309717059135437,,
29,9343,,,1.2790391445159912,,
29,9345,,,1.2023171186447144,,
29,9347,,,1.2960575819015503,,
29,9349,,,1.1287084817886353,,
29,9351,,,1.1117867231369019,,
29,9353,,,1.1825497150421143,,
29,9355,,,1.2750298976898193,,
29,9357,,,1.1524436473846436,,
29,9359,,,1.2234915494918823,,
29,9361,,,1.191176176071167,,
29,9363,,,1.2223834991455078,,
29,9365,,,1.3184465169906616,,
29,9367,,,1.3147847652435303,,
29,9369,,,1.1728068590164185,,
29,9371,,,1.239349126815796,,
29,9373,,,1.220512866973877,,
29,9375,,,1.2398215532302856,,
29,9377,,,1.229378342628479,,
29,9379,,,1.3985666036605835,,
29,9381,,,1.261704921722412,,
29,9383,,,1.3310214281082153,,
29,9385,,,1.2876757383346558,,
29,9387,,,1.153847098350525,,
29,9389,,,1.0051106214523315,,
29,9389,,,,0.0012499999720603228,3.771160840988159
30,9391,,,1.1606125831604004,,
30,9393,,,1.088103175163269,,
30,9395,,,1.2153156995773315,,
30,9397,,,1.351796269416809,,
30,9399,,,1.161492943763733,,
30,9401,,,1.4375766515731812,,
30,9403,,,1.320200800895691,,
30,9405,,,1.2243555784225464,,
30,9407,,,1.1050068140029907,,
30,9409,,,1.1950255632400513,,
30,9411,,,1.268943190574646,,
30,9413,,,1.2803865671157837,,
30,9415,,,1.2075624465942383,,
30,9417,,,1.160994052886963,,
30,9419,,,1.182521104812622,,
30,9421,,,1.1907557249069214,,
30,9423,,,1.2471485137939453,,
30,9425,,,1.1779677867889404,,
30,9427,,,1.2317521572113037,,
30,9429,,,1.2373065948486328,,
30,9431,,,1.2215673923492432,,
30,9433,,,1.2204148769378662,,
30,9435,,,1.3704545497894287,,
30,9437,,,1.1779979467391968,,
30,9439,,,1.11474609375,,
30,9441,,,1.1711814403533936,,
30,9443,,,1.2766456604003906,,
30,9445,,,1.1457796096801758,,
30,9447,,,1.1800662279129028,,
30,9449,,,1.1248700618743896,,
30,9451,,,1.2006574869155884,,
30,9453,,,1.1759231090545654,,
30,9455,,,1.2132139205932617,,
30,9457,,,1.169439435005188,,
30,9459,,,1.1422874927520752,,
30,9461,,,1.2575411796569824,,
30,9463,,,1.328885793685913,,
30,9465,,,1.2783839702606201,,
30,9467,,,1.2562202215194702,,
30,9469,,,1.3205820322036743,,
30,9471,,,1.2120600938796997,,
30,9473,,,1.169830322265625,,
30,9475,,,1.2481359243392944,,
30,9477,,,1.137606143951416,,
30,9479,,,1.2059175968170166,,
30,9481,,,1.2305363416671753,,
30,9483,,,1.2846983671188354,,
30,9485,,,1.3682256937026978,,
30,9487,,,1.2119377851486206,,
30,9489,,,1.2290278673171997,,
30,9491,,,1.2353930473327637,,
30,9493,,,1.2203888893127441,,
30,9495,,,1.3444122076034546,,
30,9497,,,1.1848329305648804,,
30,9499,,,1.2848727703094482,,
30,9501,,,1.2149957418441772,,
30,9503,,,1.3918002843856812,,
30,9505,,,1.1294351816177368,,
30,9507,,,1.2104823589324951,,
30,9509,,,1.1726576089859009,,
30,9511,,,1.25027334690094,,
30,9513,,,1.2415118217468262,,
30,9515,,,1.3000531196594238,,
30,9517,,,1.1247305870056152,,
30,9519,,,1.2225881814956665,,
30,9521,,,1.2486629486083984,,
30,9523,,,1.3457059860229492,,
30,9525,,,1.2561837434768677,,
30,9527,,,1.2388843297958374,,
30,9529,,,1.0847662687301636,,
30,9531,,,1.3394579887390137,,
30,9533,,,1.2143001556396484,,
30,9535,,,1.1638669967651367,,
30,9537,,,1.3911360502243042,,
30,9539,,,1.3166886568069458,,
30,9541,,,1.237950086593628,,
30,9543,,,1.07298743724823,,
30,9545,,,1.2877626419067383,,
30,9547,,,1.4028525352478027,,
30,9549,,,1.3333910703659058,,
30,9551,,,1.2405781745910645,,
30,9553,,,1.290014386177063,,
30,9555,,,1.1741223335266113,,
30,9557,,,1.3320221900939941,,
30,9559,,,1.1585010290145874,,
30,9561,,,1.1675708293914795,,
30,9563,,,1.1813089847564697,,
30,9565,,,1.2588592767715454,,
30,9567,,,1.226574182510376,,
30,9569,,,1.1966851949691772,,
30,9571,,,1.215290904045105,,
30,9573,,,1.3659722805023193,,
30,9575,,,1.2024978399276733,,
30,9577,,,1.2368096113204956,,
30,9579,,,1.159446120262146,,
30,9581,,,1.2279353141784668,,
30,9583,,,1.2114423513412476,,
30,9585,,,1.2525722980499268,,
30,9587,,,1.2021976709365845,,
30,9589,,,1.1924618482589722,,
30,9591,,,1.1665350198745728,,
30,9593,,,1.3878895044326782,,
30,9595,,,1.2581051588058472,,
30,9597,,,1.2865357398986816,,
30,9599,,,1.1595078706741333,,
30,9601,,,1.1917346715927124,,
30,9603,,,1.2491298913955688,,
30,9605,,,1.1753063201904297,,
30,9607,,,1.2660726308822632,,
30,9609,,,1.2942824363708496,,
30,9611,,,1.248557448387146,,
30,9613,,,1.213381290435791,,
30,9615,,,1.2391033172607422,,
30,9617,,,1.1529654264450073,,
30,9619,,,1.1776410341262817,,
30,9621,,,1.3929455280303955,,
30,9623,,,1.1567189693450928,,
30,9625,,,1.2181127071380615,,
30,9627,,,1.19373619556427,,
30,9629,,,1.2105973958969116,,
30,9631,,,1.360272765159607,,
30,9633,,,1.3069614171981812,,
30,9635,,,1.183225393295288,,
30,9637,,,1.4194591045379639,,
30,9639,,,1.242486834526062,,
30,9641,,,1.2908058166503906,,
30,9643,,,1.1467440128326416,,
30,9645,,,1.133210301399231,,
30,9647,,,1.21494722366333,,
30,9649,,,1.2045018672943115,,
30,9651,,,1.264260172843933,,
30,9653,,,1.2408901453018188,,
30,9655,,,1.2071502208709717,,
30,9657,,,1.2315564155578613,,
30,9659,,,1.3680036067962646,,
30,9661,,,1.3129457235336304,,
30,9663,,,1.193291187286377,,
30,9665,,,1.2495027780532837,,
30,9667,,,1.4061142206192017,,
30,9669,,,1.286543607711792,,
30,9671,,,1.305795669555664,,
30,9673,,,1.2005677223205566,,
30,9675,,,1.2528358697891235,,
30,9677,,,1.2811899185180664,,
30,9679,,,1.3143465518951416,,
30,9681,,,1.1280689239501953,,
30,9683,,,1.318793773651123,,
30,9685,,,1.2192306518554688,,
30,9687,,,1.2307299375534058,,
30,9689,,,1.2088710069656372,,
30,9691,,,1.2394014596939087,,
30,9693,,,1.3483846187591553,,
30,9695,,,1.2539722919464111,,
30,9697,,,1.1758794784545898,,
30,9699,,,1.3038748502731323,,
30,9701,,,1.2839336395263672,,
30,9702,,,,0.0012499999720603228,3.7918307781219482
31,9703,,,1.2094168663024902,,
31,9705,,,1.2187405824661255,,
31,9707,,,1.250929832458496,,
31,9709,,,1.091426968574524,,
31,9711,,,1.247171401977539,,
31,9713,,,1.1775761842727661,,
31,9715,,,1.1732745170593262,,
31,9717,,,1.2839393615722656,,
31,9719,,,1.3136318922042847,,
31,9721,,,1.2158929109573364,,
31,9723,,,1.2085349559783936,,
31,9725,,,1.268846869468689,,
31,9727,,,1.131392478942871,,
31,9729,,,1.1905717849731445,,
31,9731,,,1.2088159322738647,,
31,9733,,,1.3212836980819702,,
31,9735,,,1.2855567932128906,,
31,9737,,,1.3655109405517578,,
31,9739,,,1.483986735343933,,
31,9741,,,1.2441893815994263,,
31,9743,,,1.2351016998291016,,
31,9745,,,1.157921552658081,,
31,9747,,,1.2240608930587769,,
31,9749,,,1.2764368057250977,,
31,9751,,,1.2896479368209839,,
31,9753,,,1.1909339427947998,,
31,9755,,,1.1591836214065552,,
31,9757,,,1.31377112865448,,
31,9759,,,1.3838834762573242,,
31,9761,,,1.1827350854873657,,
31,9763,,,1.2204480171203613,,
31,9765,,,1.2683476209640503,,
31,9767,,,1.3131051063537598,,
31,9769,,,1.2424230575561523,,
31,9771,,,1.2830036878585815,,
31,9773,,,1.50198495388031,,
31,9775,,,1.3636897802352905,,
31,9777,,,1.166380524635315,,
31,9779,,,1.2255889177322388,,
31,9781,,,1.2244433164596558,,
31,9783,,,1.2654050588607788,,
31,9785,,,1.2438907623291016,,
31,9787,,,1.3202669620513916,,
31,9789,,,1.1248735189437866,,
31,9791,,,1.137266755104065,,
31,9793,,,1.1814885139465332,,
31,9795,,,1.1736173629760742,,
31,9797,,,1.2119020223617554,,
31,9799,,,1.1815904378890991,,
31,9801,,,1.1757893562316895,,
31,9803,,,1.2217752933502197,,
31,9805,,,1.1295790672302246,,
31,9807,,,1.2527979612350464,,
31,9809,,,1.108983039855957,,
31,9811,,,1.3422726392745972,,
31,9813,,,1.2923041582107544,,
31,9815,,,1.2519793510437012,,
31,9817,,,1.2536730766296387,,
31,9819,,,1.333296298980713,,
31,9821,,,1.307615041732788,,
31,9823,,,1.1877963542938232,,
31,9825,,,1.2430419921875,,
31,9827,,,1.2521519660949707,,
31,9829,,,1.2656530141830444,,
31,9831,,,1.3131089210510254,,
31,9833,,,1.2299896478652954,,
31,9835,,,1.3071098327636719,,
31,9837,,,1.2008785009384155,,
31,9839,,,1.1502407789230347,,
31,9841,,,1.302577257156372,,
31,9843,,,1.1864361763000488,,
31,9845,,,1.1399407386779785,,
31,9847,,,1.2012475728988647,,
31,9849,,,1.2629321813583374,,
31,9851,,,1.2391380071640015,,
31,9853,,,1.1756693124771118,,
31,9855,,,1.1665103435516357,,
31,9857,,,1.2005234956741333,,
31,9859,,,1.2118991613388062,,
31,9861,,,1.2264690399169922,,
31,9863,,,1.192950963973999,,
31,9865,,,1.3101180791854858,,
31,9867,,,1.277087688446045,,
31,9869,,,1.1779168844223022,,
31,9871,,,1.1258882284164429,,
31,9873,,,1.1971039772033691,,
31,9875,,,1.1600691080093384,,
31,9877,,,1.258365511894226,,
31,9879,,,1.3329023122787476,,
31,9881,,,1.322024941444397,,
31,9883,,,1.2843568325042725,,
31,9885,,,1.206102967262268,,
31,9887,,,1.2589225769042969,,
31,9889,,,1.273596167564392,,
31,9891,,,1.1863781213760376,,
31,9893,,,1.1757534742355347,,
31,9895,,,1.2118427753448486,,
31,9897,,,1.1010355949401855,,
31,9899,,,1.233415961265564,,
31,9901,,,1.2775590419769287,,
31,9903,,,1.2241911888122559,,
31,9905,,,1.2606037855148315,,
31,9907,,,1.2518258094787598,,
31,9909,,,1.3002177476882935,,
31,9911,,,1.1812007427215576,,
31,9913,,,1.2280679941177368,,
31,9915,,,1.2409485578536987,,
31,9917,,,1.1326930522918701,,
31,9919,,,1.1748268604278564,,
31,9921,,,1.1751645803451538,,
31,9923,,,1.2153129577636719,,
31,9925,,,1.1683589220046997,,
31,9927,,,1.1813960075378418,,
31,9929,,,1.1911060810089111,,
31,9931,,,1.105562448501587,,
31,9933,,,1.3343244791030884,,
31,9935,,,1.2149550914764404,,
31,9937,,,1.3033862113952637,,
31,9939,,,1.137914776802063,,
31,9941,,,1.2330244779586792,,
31,9943,,,1.2230652570724487,,
31,9945,,,1.2224465608596802,,
31,9947,,,1.1402778625488281,,
31,9949,,,1.1962329149246216,,
31,9951,,,1.1430648565292358,,
31,9953,,,1.232554316520691,,
31,9955,,,1.2408373355865479,,
31,9957,,,1.2543599605560303,,
31,9959,,,1.2588868141174316,,
31,9961,,,1.2884702682495117,,
31,9963,,,1.4043612480163574,,
31,9965,,,1.2993022203445435,,
31,9967,,,1.2680294513702393,,
31,9969,,,1.2277543544769287,,
31,9971,,,1.1566307544708252,,
31,9973,,,1.1484218835830688,,
31,9975,,,1.166257619857788,,
31,9977,,,1.3838034868240356,,
31,9979,,,1.2614890336990356,,
31,9981,,,1.347053050994873,,
31,9983,,,1.200447916984558,,
31,9985,,,1.4843857288360596,,
31,9987,,,1.2218799591064453,,
31,9989,,,1.2432118654251099,,
31,9991,,,1.338967204093933,,
31,9993,,,1.2049572467803955,,
31,9995,,,1.0303406715393066,,
31,9997,,,1.2034374475479126,,
31,9999,,,1.2678860425949097,,
31,10001,,,1.19765305519104,,
31,10003,,,1.2683215141296387,,
31,10005,,,1.1733921766281128,,
31,10007,,,1.2682230472564697,,
31,10009,,,1.2171331644058228,,
31,10011,,,1.0911816358566284,,
31,10013,,,1.2173234224319458,,
31,10015,,,1.52627432346344,,
31,10015,,,,0.0012499999720603228,3.7831921577453613
32,10017,,,1.2090649604797363,,
32,10019,,,1.3416924476623535,,
32,10021,,,1.281758189201355,,
32,10023,,,1.2115756273269653,,
32,10025,,,1.2335067987442017,,
32,10027,,,1.2069544792175293,,
32,10029,,,1.2170729637145996,,
32,10031,,,1.2984474897384644,,
32,10033,,,1.2132024765014648,,
32,10035,,,1.1508797407150269,,
32,10037,,,1.220159888267517,,
32,10039,,,1.293927550315857,,
32,10041,,,1.2473104000091553,,
32,10043,,,1.2356148958206177,,
32,10045,,,1.139577031135559,,
32,10047,,,1.3776036500930786,,
32,10049,,,1.1933684349060059,,
32,10051,,,1.1978862285614014,,
32,10053,,,1.243782639503479,,
32,10055,,,1.0808833837509155,,
32,10057,,,1.3377269506454468,,
32,10059,,,1.163459062576294,,
32,10061,,,1.0938276052474976,,
32,10063,,,1.2212040424346924,,
32,10065,,,1.2452548742294312,,
32,10067,,,1.2173936367034912,,
32,10069,,,1.27754807472229,,
32,10071,,,1.1830540895462036,,
32,10073,,,1.2143856287002563,,
32,10075,,,1.335444688796997,,
32,10077,,,1.1676950454711914,,
32,10079,,,1.26513671875,,
32,10081,,,1.1613357067108154,,
32,10083,,,1.3295201063156128,,
32,10085,,,1.2922542095184326,,
32,10087,,,1.2866922616958618,,
32,10089,,,1.2682033777236938,,
32,10091,,,1.2489999532699585,,
32,10093,,,1.1383367776870728,,
32,10095,,,1.2422960996627808,,
32,10097,,,1.2902132272720337,,
32,10099,,,1.2417380809783936,,
32,10101,,,1.234649658203125,,
32,10103,,,1.2821033000946045,,
32,10105,,,1.3705872297286987,,
32,10107,,,1.3525031805038452,,
32,10109,,,1.2644596099853516,,
32,10111,,,1.3055131435394287,,
32,10113,,,1.286668300628662,,
32,10115,,,1.2499955892562866,,
32,10117,,,1.3221354484558105,,
32,10119,,,1.338660717010498,,
32,10121,,,1.218001365661621,,
32,10123,,,1.2550677061080933,,
32,10125,,,1.1419389247894287,,
32,10127,,,1.204837679862976,,
32,10129,,,1.2813212871551514,,
32,10131,,,1.2880747318267822,,
32,10133,,,1.3170210123062134,,
32,10135,,,1.2503043413162231,,
32,10137,,,1.3454372882843018,,
32,10139,,,1.1494172811508179,,
32,10141,,,1.193361520767212,,
32,10143,,,1.0540974140167236,,
32,10145,,,1.2928656339645386,,
32,10147,,,1.0905262231826782,,
32,10149,,,1.2675821781158447,,
32,10151,,,1.2268245220184326,,
32,10153,,,1.1740034818649292,,
32,10155,,,1.2610132694244385,,
32,10157,,,1.251782774925232,,
32,10159,,,1.3321387767791748,,
32,10161,,,1.2298580408096313,,
32,10163,,,1.1410744190216064,,
32,10165,,,1.238486647605896,,
32,10167,,,1.1327028274536133,,
32,10169,,,1.2396187782287598,,
32,10171,,,1.224692463874817,,
32,10173,,,1.2376781702041626,,
32,10175,,,1.2368212938308716,,
32,10177,,,1.1347298622131348,,
32,10179,,,1.3501360416412354,,
32,10181,,,1.106166958808899,,
32,10183,,,1.2181413173675537,,
32,10185,,,1.160953402519226,,
32,10187,,,1.2563223838806152,,
32,10189,,,1.0589334964752197,,
32,10191,,,1.2122693061828613,,
32,10193,,,1.417775273323059,,
32,10195,,,1.218170404434204,,
32,10197,,,1.308342695236206,,
32,10199,,,1.1662589311599731,,
32,10201,,,1.1400885581970215,,
32,10203,,,1.306439757347107,,
32,10205,,,1.1302785873413086,,
32,10207,,,1.1760210990905762,,
32,10209,,,1.2062807083129883,,
32,10211,,,1.1126736402511597,,
32,10213,,,1.258034586906433,,
32,10215,,,1.362135887145996,,
32,10217,,,1.2577418088912964,,
32,10219,,,1.1485635042190552,,
32,10221,,,1.077897071838379,,
32,10223,,,1.2315829992294312,,
32,10225,,,1.2194595336914062,,
32,10227,,,1.1968244314193726,,
32,10229,,,1.1261779069900513,,
32,10231,,,1.3092461824417114,,
32,10233,,,1.2608957290649414,,
32,10235,,,1.2460999488830566,,
32,10237,,,1.2351089715957642,,
32,10239,,,1.260632872581482,,
32,10241,,,1.2396539449691772,,
32,10243,,,1.2679290771484375,,
32,10245,,,1.3616665601730347,,
32,10247,,,1.2339025735855103,,
32,10249,,,1.204620122909546,,
32,10251,,,1.1967847347259521,,
32,10253,,,1.2281899452209473,,
32,10255,,,1.2069905996322632,,
32,10257,,,1.267693281173706,,
32,10259,,,1.0871597528457642,,
32,10261,,,1.3929859399795532,,
32,10263,,,1.3503923416137695,,
32,10265,,,1.190042495727539,,
32,10267,,,1.2816983461380005,,
32,10269,,,1.2507328987121582,,
32,10271,,,1.2601351737976074,,
32,10273,,,1.1649811267852783,,
32,10275,,,1.21676766872406,,
32,10277,,,1.38392174243927,,
32,10279,,,1.181852102279663,,
32,10281,,,1.156531572341919,,
32,10283,,,1.2460567951202393,,
32,10285,,,1.1764323711395264,,
32,10287,,,1.2650363445281982,,
32,10289,,,1.2745128870010376,,
32,10291,,,1.27081298828125,,
32,10293,,,1.3526815176010132,,
32,10295,,,1.1585893630981445,,
32,10297,,,1.0936845541000366,,
32,10299,,,1.1986308097839355,,
32,10301,,,1.1891100406646729,,
32,10303,,,1.2017265558242798,,
32,10305,,,1.2394877672195435,,
32,10307,,,1.1962085962295532,,
32,10309,,,1.1752232313156128,,
32,10311,,,1.4287797212600708,,
32,10313,,,1.2747949361801147,,
32,10315,,,1.2017635107040405,,
32,10317,,,1.1868330240249634,,
32,10319,,,1.310882568359375,,
32,10321,,,1.2341442108154297,,
32,10323,,,1.2565609216690063,,
32,10325,,,1.2254494428634644,,
32,10327,,,1.2956836223602295,,
32,10328,,,,0.0012499999720603228,3.7802329063415527
33,10329,,,1.1719307899475098,,
33,10331,,,1.2993087768554688,,
33,10333,,,1.20329749584198,,
33,10335,,,1.2664940357208252,,
33,10337,,,1.142600178718567,,
33,10339,,,1.1132667064666748,,
33,10341,,,1.1186753511428833,,
33,10343,,,1.3971980810165405,,
33,10345,,,1.334456443786621,,
33,10347,,,1.1850470304489136,,
33,10349,,,1.2519021034240723,,
33,10351,,,1.1813267469406128,,
33,10353,,,1.1451444625854492,,
33,10355,,,1.2297148704528809,,
33,10357,,,1.3153879642486572,,
33,10359,,,1.2409594058990479,,
33,10361,,,1.4177135229110718,,
33,10363,,,1.3043073415756226,,
33,10365,,,1.2375661134719849,,
33,10367,,,1.217028260231018,,
33,10369,,,1.2850182056427002,,
33,10371,,,1.2841979265213013,,
33,10373,,,1.2417881488800049,,
33,10375,,,1.2717952728271484,,
33,10377,,,1.217915654182434,,
33,10379,,,1.3602325916290283,,
33,10381,,,1.1459476947784424,,
33,10383,,,1.2678483724594116,,
33,10385,,,1.2162166833877563,,
33,10387,,,1.2820945978164673,,
33,10389,,,1.4869531393051147,,
33,10391,,,1.321269154548645,,
33,10393,,,1.3397668600082397,,
33,10395,,,1.253870964050293,,
33,10397,,,1.3918402194976807,,
33,10399,,,1.2128548622131348,,
33,10401,,,1.3085776567459106,,
33,10403,,,1.252262830734253,,
33,10405,,,1.2066645622253418,,
33,10407,,,1.1983095407485962,,
33,10409,,,1.3231639862060547,,
33,10411,,,1.194834589958191,,
33,10413,,,1.2680675983428955,,
33,10415,,,1.3267269134521484,,
33,10417,,,1.120880365371704,,
33,10419,,,1.20188570022583,,
33,10421,,,1.3685250282287598,,
33,10423,,,1.2962806224822998,,
33,10425,,,1.2662156820297241,,
33,10427,,,1.2024736404418945,,
33,10429,,,1.3148949146270752,,
33,10431,,,1.2032557725906372,,
33,10433,,,1.289818525314331,,
33,10435,,,1.368410348892212,,
33,10437,,,1.2735120058059692,,
33,10439,,,1.2005559206008911,,
33,10441,,,1.1382802724838257,,
33,10443,,,1.2981735467910767,,
33,10445,,,1.1928536891937256,,
33,10447,,,1.1377919912338257,,
33,10449,,,1.2183754444122314,,
33,10451,,,1.125258207321167,,
33,10453,,,1.1356921195983887,,
33,10455,,,1.2957842350006104,,
33,10457,,,1.2050716876983643,,
33,10459,,,1.2625787258148193,,
33,10461,,,1.1695404052734375,,
33,10463,,,1.1924320459365845,,
33,10465,,,1.2839099168777466,,
33,10467,,,1.3193392753601074,,
33,10469,,,1.1170843839645386,,
33,10471,,,1.0847631692886353,,
33,10473,,,1.2032045125961304,,
33,10475,,,1.289926290512085,,
33,10477,,,1.1728546619415283,,
33,10479,,,1.2014527320861816,,
33,10481,,,1.2337435483932495,,
33,10483,,,1.0512446165084839,,
33,10485,,,1.2753143310546875,,
33,10487,,,1.2299208641052246,,
33,10489,,,1.25504732131958,,
33,10491,,,1.320172667503357,,
33,10493,,,1.1756339073181152,,
33,10495,,,1.2182499170303345,,
33,10497,,,1.241668939590454,,
33,10499,,,1.384387731552124,,
33,10501,,,1.3461675643920898,,
33,10503,,,1.1749416589736938,,
33,10505,,,1.3315577507019043,,
33,10507,,,1.3711363077163696,,
33,10509,,,1.2222076654434204,,
33,10511,,,1.2833606004714966,,
33,10513,,,1.2449554204940796,,
33,10515,,,1.1981178522109985,,
33,10517,,,1.178757905960083,,
33,10519,,,1.2867660522460938,,
33,10521,,,1.2623974084854126,,
33,10523,,,1.2623506784439087,,
33,10525,,,1.2539193630218506,,
33,10527,,,1.304775595664978,,
33,10529,,,1.2816689014434814,,
33,10531,,,1.2479701042175293,,
33,10533,,,1.3440322875976562,,
33,10535,,,1.28317129611969,,
33,10537,,,1.1826118230819702,,
33,10539,,,1.32539963722229,,
33,10541,,,1.2058124542236328,,
33,10543,,,1.3534584045410156,,
33,10545,,,1.1475387811660767,,
33,10547,,,1.2942417860031128,,
33,10549,,,1.184399962425232,,
33,10551,,,1.185819149017334,,
33,10553,,,1.234719157218933,,
33,10555,,,1.2294293642044067,,
33,10557,,,1.3393465280532837,,
33,10559,,,1.1508073806762695,,
33,10561,,,1.2944015264511108,,
33,10563,,,1.2484736442565918,,
33,10565,,,1.2042135000228882,,
33,10567,,,1.2094614505767822,,
33,10569,,,1.2533537149429321,,
33,10571,,,1.222666621208191,,
33,10573,,,1.1544573307037354,,
33,10575,,,1.2317804098129272,,
33,10577,,,1.1338456869125366,,
33,10579,,,1.3694669008255005,,
33,10581,,,1.2877120971679688,,
33,10583,,,1.162954330444336,,
33,10585,,,1.243978500366211,,
33,10587,,,1.2379567623138428,,
33,10589,,,1.2487890720367432,,
33,10591,,,1.2300368547439575,,
33,10593,,,1.220889925956726,,
33,10595,,,1.178351640701294,,
33,10597,,,1.2051831483840942,,
33,10599,,,1.304385781288147,,
33,10601,,,1.2072358131408691,,
33,10603,,,1.2842541933059692,,
33,10605,,,1.3490610122680664,,
33,10607,,,1.1609891653060913,,
33,10609,,,1.2543214559555054,,
33,10611,,,1.1721115112304688,,
33,10613,,,1.3000423908233643,,
33,10615,,,1.2702453136444092,,
33,10617,,,1.1427947282791138,,
33,10619,,,1.3288383483886719,,
33,10621,,,1.293214201927185,,
33,10623,,,1.1731412410736084,,
33,10625,,,1.3733607530593872,,
33,10627,,,1.2527812719345093,,
33,10629,,,1.3018332719802856,,
33,10631,,,1.2242436408996582,,
33,10633,,,1.2718555927276611,,
33,10635,,,1.319981336593628,,
33,10637,,,1.2006474733352661,,
33,10639,,,1.2179728746414185,,
33,10641,,,1.2772433757781982,,
33,10641,,,,0.0012499999720603228,3.7572648525238037
34,10643,,,1.2173926830291748,,
34,10645,,,1.2971500158309937,,
34,10647,,,1.323048710823059,,
34,10649,,,1.2630727291107178,,
34,10651,,,1.180232286453247,,
34,10653,,,1.1324790716171265,,
34,10655,,,1.2929110527038574,,
34,10657,,,1.2202939987182617,,
34,10659,,,1.347535252571106,,
34,10661,,,1.1708028316497803,,
34,10663,,,1.197234034538269,,
34,10665,,,1.226806640625,,
34,10667,,,1.2619363069534302,,
34,10669,,,1.1535738706588745,,
34,10671,,,1.2135320901870728,,
34,10673,,,1.21547532081604,,
34,10675,,,1.2335833311080933,,
34,10677,,,1.1897131204605103,,
34,10679,,,1.3409844636917114,,
34,10681,,,1.2129613161087036,,
34,10683,,,1.1449106931686401,,
34,10685,,,1.139224648475647,,
34,10687,,,1.153258204460144,,
34,10689,,,1.200901985168457,,
34,10691,,,1.2196831703186035,,
34,10693,,,1.2974326610565186,,
34,10695,,,1.1944557428359985,,
34,10697,,,1.2266899347305298,,
34,10699,,,1.1385574340820312,,
34,10701,,,1.205352783203125,,
34,10703,,,1.2438328266143799,,
34,10705,,,1.0852733850479126,,
34,10707,,,1.3701658248901367,,
34,10709,,,1.284298300743103,,
34,10711,,,1.3079754114151,,
34,10713,,,1.3133519887924194,,
34,10715,,,1.1826361417770386,,
34,10717,,,1.336469054222107,,
34,10719,,,1.3815882205963135,,
34,10721,,,1.2385210990905762,,
34,10723,,,1.2648613452911377,,
34,10725,,,1.135322093963623,,
34,10727,,,1.2928259372711182,,
34,10729,,,1.146960973739624,,
34,10731,,,1.268527865409851,,
34,10733,,,1.2338907718658447,,
34,10735,,,1.2683680057525635,,
34,10737,,,1.1648690700531006,,
34,10739,,,1.165657877922058,,
34,10741,,,1.2328392267227173,,
34,10743,,,1.2020188570022583,,
34,10745,,,1.285839557647705,,
34,10747,,,1.2020847797393799,,
34,10749,,,1.2627671957015991,,
34,10751,,,1.0785328149795532,,
34,10753,,,1.3036433458328247,,
34,10755,,,1.2604656219482422,,
34,10757,,,1.2571446895599365,,
34,10759,,,1.2080954313278198,,
34,10761,,,1.2593568563461304,,
34,10763,,,1.3365519046783447,,
34,10765,,,1.2967551946640015,,
34,10767,,,1.2446147203445435,,
34,10769,,,1.1879959106445312,,
34,10771,,,1.3874341249465942,,
34,10773,,,1.1873481273651123,,
34,10775,,,1.2184481620788574,,
34,10777,,,1.243532419204712,,
34,10779,,,1.2930198907852173,,
34,10781,,,1.273816466331482,,
34,10783,,,1.190407156944275,,
34,10785,,,1.2406224012374878,,
34,10787,,,1.2888556718826294,,
34,10789,,,1.2188787460327148,,
34,10791,,,1.1558130979537964,,
34,10793,,,1.3977606296539307,,
34,10795,,,1.3357505798339844,,
34,10797,,,1.3425915241241455,,
34,10799,,,1.2823870182037354,,
34,10801,,,1.1979362964630127,,
34,10803,,,1.1403617858886719,,
34,10805,,,1.2832704782485962,,
34,10807,,,1.2248501777648926,,
34,10809,,,1.1713029146194458,,
34,10811,,,1.2160186767578125,,
34,10813,,,1.2390632629394531,,
34,10815,,,1.2242268323898315,,
34,10817,,,1.1934535503387451,,
34,10819,,,1.238873839378357,,
34,10821,,,1.3802399635314941,,
34,10823,,,1.4033102989196777,,
34,10825,,,1.263545274734497,,
34,10827,,,1.1856852769851685,,
34,10829,,,1.2877585887908936,,
34,10831,,,0.9992660880088806,,
34,10833,,,1.2014591693878174,,
34,10835,,,1.2458488941192627,,
34,10837,,,1.2447534799575806,,
34,10839,,,1.294977068901062,,
34,10841,,,1.1610355377197266,,
34,10843,,,1.2597663402557373,,
34,10845,,,1.1748274564743042,,
34,10847,,,1.2272226810455322,,
34,10849,,,1.2597479820251465,,
34,10851,,,1.3174986839294434,,
34,10853,,,1.2772375345230103,,
34,10855,,,1.2818725109100342,,
34,10857,,,1.3427814245224,,
34,10859,,,1.2219997644424438,,
34,10861,,,1.1892579793930054,,
34,10863,,,1.1966038942337036,,
34,10865,,,1.2485790252685547,,
34,10867,,,1.1900385618209839,,
34,10869,,,1.2729439735412598,,
34,10871,,,1.2806057929992676,,
34,10873,,,1.1747503280639648,,
34,10875,,,1.2052768468856812,,
34,10877,,,1.2590649127960205,,
34,10879,,,1.222853422164917,,
34,10881,,,1.1926159858703613,,
34,10883,,,1.1804598569869995,,
34,10885,,,1.242072582244873,,
34,10887,,,1.213902473449707,,
34,10889,,,1.34757661819458,,
34,10891,,,1.2849282026290894,,
34,10893,,,1.1896300315856934,,
34,10895,,,1.2602418661117554,,
34,10897,,,1.2560573816299438,,
34,10899,,,1.2255772352218628,,
34,10901,,,1.234994888305664,,
34,10903,,,1.4014525413513184,,
34,10905,,,1.1831976175308228,,
34,10907,,,1.0895487070083618,,
34,10909,,,1.154508352279663,,
34,10911,,,1.2549858093261719,,
34,10913,,,1.352135419845581,,
34,10915,,,1.227510929107666,,
34,10917,,,1.3088175058364868,,
34,10919,,,1.1872363090515137,,
34,10921,,,1.3069671392440796,,
34,10923,,,1.3225942850112915,,
34,10925,,,1.2831902503967285,,
34,10927,,,1.2970492839813232,,
34,10929,,,1.3198561668395996,,
34,10931,,,1.2764794826507568,,
34,10933,,,1.3763962984085083,,
34,10935,,,1.2221863269805908,,
34,10937,,,1.150874137878418,,
34,10939,,,1.2483748197555542,,
34,10941,,,1.3135586977005005,,
34,10943,,,1.2534446716308594,,
34,10945,,,1.2982319593429565,,
34,10947,,,1.1361750364303589,,
34,10949,,,1.2834885120391846,,
34,10951,,,1.2177902460098267,,
34,10953,,,1.2349753379821777,,
34,10954,,,,0.0012499999720603228,3.7523956298828125
35,10955,,,1.1707748174667358,,
35,10957,,,1.2546852827072144,,
35,10959,,,1.2586678266525269,,
35,10961,,,1.2756437063217163,,
35,10963,,,1.2420241832733154,,
35,10965,,,1.119921326637268,,
35,10967,,,1.227664828300476,,
35,10969,,,1.136490821838379,,
35,10971,,,1.2007805109024048,,
35,10973,,,1.2480498552322388,,
35,10975,,,1.2313872575759888,,
35,10977,,,1.349097490310669,,
35,10979,,,1.3194128274917603,,
35,10981,,,1.1647181510925293,,
35,10983,,,1.1072587966918945,,
35,10985,,,1.2322965860366821,,
35,10987,,,1.1166068315505981,,
35,10989,,,1.2035901546478271,,
35,10991,,,1.2403655052185059,,
35,10993,,,1.3430860042572021,,
35,10995,,,1.3502241373062134,,
35,10997,,,1.1864022016525269,,
35,10999,,,1.3485478162765503,,
35,11001,,,1.2629939317703247,,
35,11003,,,1.1306167840957642,,
35,11005,,,1.1804288625717163,,
35,11007,,,1.2898693084716797,,
35,11009,,,1.1169517040252686,,
35,11011,,,1.1562788486480713,,
35,11013,,,1.177912712097168,,
35,11015,,,1.3496581315994263,,
35,11017,,,1.1462361812591553,,
35,11019,,,1.4512919187545776,,
35,11021,,,1.1942496299743652,,
35,11023,,,1.3449922800064087,,
35,11025,,,1.3076783418655396,,
35,11027,,,1.2534334659576416,,
35,11029,,,1.2695502042770386,,
35,11031,,,1.2367298603057861,,
35,11033,,,1.316254734992981,,
35,11035,,,1.3015657663345337,,
35,11037,,,1.18881356716156,,
35,11039,,,1.2681752443313599,,
35,11041,,,1.2361009120941162,,
35,11043,,,1.1314657926559448,,
35,11045,,,1.2357208728790283,,
35,11047,,,1.2885305881500244,,
35,11049,,,1.2825762033462524,,
35,11051,,,1.1500540971755981,,
35,11053,,,1.282955288887024,,
35,11055,,,1.1389080286026,,
35,11057,,,1.3907583951950073,,
35,11059,,,1.2452400922775269,,
35,11061,,,1.0935674905776978,,
35,11063,,,1.2221770286560059,,
35,11065,,,1.0745631456375122,,
35,11067,,,1.340649127960205,,
35,11069,,,1.264333963394165,,
35,11071,,,1.0892398357391357,,
35,11073,,,1.2673052549362183,,
35,11075,,,1.2286995649337769,,
35,11077,,,1.2409881353378296,,
35,11079,,,1.1751165390014648,,
35,11081,,,1.1552966833114624,,
35,11083,,,1.179876446723938,,
35,11085,,,1.3170421123504639,,
35,11087,,,1.1727080345153809,,
35,11089,,,1.2689422369003296,,
35,11091,,,1.200387954711914,,
35,11093,,,1.0558698177337646,,
35,11095,,,1.2618283033370972,,
35,11097,,,1.2907304763793945,,
35,11099,,,1.2343014478683472,,
35,11101,,,1.1592718362808228,,
35,11103,,,1.2691251039505005,,
35,11105,,,1.4857289791107178,,
35,11107,,,1.204638123512268,,
35,11109,,,1.1636276245117188,,
35,11111,,,1.1198322772979736,,
35,11113,,,1.3553953170776367,,
35,11115,,,1.2151212692260742,,
35,11117,,,1.2164665460586548,,
35,11119,,,1.3325800895690918,,
35,11121,,,1.2141053676605225,,
35,11123,,,1.2481392621994019,,
35,11125,,,1.2654110193252563,,
35,11127,,,1.1568470001220703,,
35,11129,,,1.2368673086166382,,
35,11131,,,1.3353919982910156,,
35,11133,,,1.2919262647628784,,
35,11135,,,1.279489278793335,,
35,11137,,,1.221435785293579,,
35,11139,,,1.2050350904464722,,
35,11141,,,1.3938065767288208,,
35,11143,,,1.1575924158096313,,
35,11145,,,1.1195652484893799,,
35,11147,,,1.2896502017974854,,
35,11149,,,1.1575546264648438,,
35,11151,,,1.361303687095642,,
35,11153,,,1.3277956247329712,,
35,11155,,,1.0904408693313599,,
35,11157,,,1.2582489252090454,,
35,11159,,,1.1938751935958862,,
35,11161,,,1.1631492376327515,,
35,11163,,,1.3125909566879272,,
35,11165,,,1.1653062105178833,,
35,11167,,,1.3620047569274902,,
35,11169,,,1.2218174934387207,,
35,11171,,,1.178358793258667,,
35,11173,,,1.4234775304794312,,
35,11175,,,1.350891351699829,,
35,11177,,,1.19809091091156,,
35,11179,,,1.1826225519180298,,
35,11181,,,1.147195816040039,,
35,11183,,,1.2959915399551392,,
35,11185,,,1.2126160860061646,,
35,11187,,,1.2499922513961792,,
35,11189,,,1.131596565246582,,
35,11191,,,1.3418408632278442,,
35,11193,,,1.2124680280685425,,
35,11195,,,1.2318084239959717,,
35,11197,,,1.2323017120361328,,
35,11199,,,1.0942333936691284,,
35,11201,,,1.2017407417297363,,
35,11203,,,1.205509901046753,,
35,11205,,,1.1440874338150024,,
35,11207,,,1.16781747341156,,
35,11209,,,1.227609634399414,,
35,11211,,,1.2315031290054321,,
35,11213,,,1.1902987957000732,,
35,11215,,,1.2839986085891724,,
35,11217,,,1.1275551319122314,,
35,11219,,,1.198744773864746,,
35,11221,,,1.2294520139694214,,
35,11223,,,1.1334205865859985,,
35,11225,,,1.3339498043060303,,
35,11227,,,1.303711175918579,,
35,11229,,,1.1930372714996338,,
35,11231,,,1.2544608116149902,,
35,11233,,,1.2483183145523071,,
35,11235,,,1.2457058429718018,,
35,11237,,,1.169218897819519,,
35,11239,,,1.1685888767242432,,
35,11241,,,1.2837181091308594,,
35,11243,,,1.2130651473999023,,
35,11245,,,1.2478991746902466,,
35,11247,,,1.0816352367401123,,
35,11249,,,1.1500232219696045,,
35,11251,,,1.2620928287506104,,
35,11253,,,1.3113723993301392,,
35,11255,,,1.1965937614440918,,
35,11257,,,1.2500945329666138,,
35,11259,,,1.2838612794876099,,
35,11261,,,1.2063779830932617,,
35,11263,,,1.2278097867965698,,
35,11265,,,1.1510688066482544,,
35,11267,,,1.2634507417678833,,
35,11267,,,,0.0012499999720603228,3.7974343299865723
36,11269,,,1.2329046726226807,,
36,11271,,,1.2886557579040527,,
36,11273,,,1.2474931478500366,,
36,11275,,,1.2464905977249146,,
36,11277,,,1.190224051475525,,
36,11279,,,1.319887638092041,,
36,11281,,,1.2600597143173218,,
36,11283,,,1.273390769958496,,
36,11285,,,1.1866713762283325,,
36,11287,,,1.1258487701416016,,
36,11289,,,1.2250816822052002,,
36,11291,,,1.1957260370254517,,
36,11293,,,1.1972856521606445,,
36,11295,,,1.3221235275268555,,
36,11297,,,1.1509733200073242,,
36,11299,,,1.203855037689209,,
36,11301,,,1.2540924549102783,,
36,11303,,,1.2848840951919556,,
36,11305,,,1.1475255489349365,,
36,11307,,,1.14072847366333,,
36,11309,,,1.2624757289886475,,
36,11311,,,1.1192768812179565,,
36,11313,,,1.2414796352386475,,
36,11315,,,1.243773102760315,,
36,11317,,,1.1978672742843628,,
36,11319,,,1.2581850290298462,,
36,11321,,,1.1995501518249512,,
36,11323,,,1.307779312133789,,
36,11325,,,1.1345772743225098,,
36,11327,,,1.1743648052215576,,
36,11329,,,1.2037549018859863,,
36,11331,,,1.2430477142333984,,
36,11333,,,1.1043750047683716,,
36,11335,,,1.1582815647125244,,
36,11337,,,1.163464903831482,,
36,11339,,,1.1998504400253296,,
36,11341,,,1.157976508140564,,
36,11343,,,1.158281922340393,,
36,11345,,,1.1550065279006958,,
36,11347,,,1.23094642162323,,
36,11349,,,1.1296573877334595,,
36,11351,,,1.1982793807983398,,
36,11353,,,1.2846060991287231,,
36,11355,,,1.3082375526428223,,
36,11357,,,1.2528239488601685,,
36,11359,,,1.1621508598327637,,
36,11361,,,1.2861310243606567,,
36,11363,,,1.1962661743164062,,
36,11365,,,1.3592875003814697,,
36,11367,,,1.4068753719329834,,
36,11369,,,1.1279927492141724,,
36,11371,,,1.316914439201355,,
36,11373,,,1.1479167938232422,,
36,11375,,,1.2257616519927979,,
36,11377,,,1.2772529125213623,,
36,11379,,,1.1831830739974976,,
36,11381,,,1.3630735874176025,,
36,11383,,,1.151816725730896,,
36,11385,,,1.2058578729629517,,
36,11387,,,1.1688569784164429,,
36,11389,,,1.1726963520050049,,
36,11391,,,1.2549983263015747,,
36,11393,,,1.2918795347213745,,
36,11395,,,1.2387127876281738,,
36,11397,,,1.2632358074188232,,
36,11399,,,1.1974008083343506,,
36,11401,,,1.1620614528656006,,
36,11403,,,1.1210020780563354,,
36,11405,,,1.1389364004135132,,
36,11407,,,1.1320768594741821,,
36,11409,,,1.1377203464508057,,
36,11411,,,1.17913818359375,,
36,11413,,,1.2187339067459106,,
36,11415,,,1.2038400173187256,,
36,11417,,,1.3697235584259033,,
36,11419,,,1.2109158039093018,,
36,11421,,,1.2164156436920166,,
36,11423,,,1.3811579942703247,,
36,11425,,,1.1668702363967896,,
36,11427,,,1.2109979391098022,,
36,11429,,,1.2709052562713623,,
36,11431,,,1.3237998485565186,,
36,11433,,,1.3084712028503418,,
36,11435,,,1.3736358880996704,,
36,11437,,,1.2898056507110596,,
36,11439,,,1.2343215942382812,,
36,11441,,,1.2225092649459839,,
36,11443,,,1.228297472000122,,
36,11445,,,1.1351776123046875,,
36,11447,,,1.3141382932662964,,
36,11449,,,1.211281657218933,,
36,11451,,,1.3925670385360718,,
36,11453,,,1.2177177667617798,,
36,11455,,,1.2302519083023071,,
36,11457,,,1.2531211376190186,,
36,11459,,,1.2233444452285767,,
36,11461,,,1.1721396446228027,,
36,11463,,,1.3948715925216675,,
36,11465,,,1.2715437412261963,,
36,11467,,,1.1887234449386597,,
36,11469,,,1.3228437900543213,,
36,11471,,,1.2620220184326172,,
36,11473,,,1.2098627090454102,,
36,11475,,,1.3379199504852295,,
36,11477,,,1.3901962041854858,,
36,11479,,,1.2452492713928223,,
36,11481,,,1.2254301309585571,,
36,11483,,,1.2409652471542358,,
36,11485,,,1.0875892639160156,,
36,11487,,,1.254108190536499,,
36,11489,,,1.2486847639083862,,
36,11491,,,1.1693600416183472,,
36,11493,,,1.264634609222412,,
36,11495,,,1.3772833347320557,,
36,11497,,,1.1672978401184082,,
36,11499,,,1.2919214963912964,,
36,11501,,,1.2131354808807373,,
36,11503,,,1.310671329498291,,
36,11505,,,1.2153494358062744,,
36,11507,,,1.197791337966919,,
36,11509,,,1.125249981880188,,
36,11511,,,1.171931266784668,,
36,11513,,,1.3259838819503784,,
36,11515,,,1.2201826572418213,,
36,11517,,,1.1986843347549438,,
36,11519,,,1.3427389860153198,,
36,11521,,,1.2292301654815674,,
36,11523,,,1.2533634901046753,,
36,11525,,,1.146116852760315,,
36,11527,,,1.2759630680084229,,
36,11529,,,1.1651506423950195,,
36,11531,,,1.2684905529022217,,
36,11533,,,1.3149133920669556,,
36,11535,,,1.239740252494812,,
36,11537,,,1.1892708539962769,,
36,11539,,,1.4394620656967163,,
36,11541,,,1.337436318397522,,
36,11543,,,1.2423723936080933,,
36,11545,,,1.1680448055267334,,
36,11547,,,1.3207870721817017,,
36,11549,,,1.175901174545288,,
36,11551,,,1.239766240119934,,
36,11553,,,1.2943644523620605,,
36,11555,,,1.3092387914657593,,
36,11557,,,1.2465740442276,,
36,11559,,,1.255142331123352,,
36,11561,,,1.2320709228515625,,
36,11563,,,1.1640985012054443,,
36,11565,,,1.3473042249679565,,
36,11567,,,1.4759392738342285,,
36,11569,,,1.2605522871017456,,
36,11571,,,1.229725956916809,,
36,11573,,,1.2051225900650024,,
36,11575,,,1.2664785385131836,,
36,11577,,,1.1994924545288086,,
36,11579,,,1.2599151134490967,,
36,11580,,,,0.0012499999720603228,3.7537717819213867
37,11581,,,1.0621137619018555,,
37,11583,,,1.163462519645691,,
37,11585,,,1.1688295602798462,,
37,11587,,,1.130128264427185,,
37,11589,,,1.2735605239868164,,
37,11591,,,1.2272930145263672,,
37,11593,,,1.3030277490615845,,
37,11595,,,1.1850179433822632,,
37,11597,,,1.3393408060073853,,
37,11599,,,1.3132973909378052,,
37,11601,,,1.1676180362701416,,
37,11603,,,1.2760742902755737,,
37,11605,,,1.0550081729888916,,
37,11607,,,1.243008017539978,,
37,11609,,,1.2320759296417236,,
37,11611,,,1.2561026811599731,,
37,11613,,,1.2569578886032104,,
37,11615,,,1.2151532173156738,,
37,11617,,,1.4070135354995728,,
37,11619,,,1.1903637647628784,,
37,11621,,,1.1385624408721924,,
37,11623,,,1.1402238607406616,,
37,11625,,,1.1493240594863892,,
37,11627,,,1.2224605083465576,,
37,11629,,,1.193547010421753,,
37,11631,,,1.1529687643051147,,
37,11633,,,1.1175086498260498,,
37,11635,,,1.205061674118042,,
37,11637,,,1.2498670816421509,,
37,11639,,,1.2333472967147827,,
37,11641,,,1.2944759130477905,,
37,11643,,,1.2512471675872803,,
37,11645,,,1.2091014385223389,,
37,11647,,,1.132204294204712,,
37,11649,,,1.2779879570007324,,
37,11651,,,1.3201143741607666,,
37,11653,,,1.168404459953308,,
37,11655,,,1.220664381980896,,
37,11657,,,1.178277850151062,,
37,11659,,,1.2902233600616455,,
37,11661,,,1.1530027389526367,,
37,11663,,,1.1976381540298462,,
37,11665,,,1.229400873184204,,
37,11667,,,1.2292035818099976,,
37,11669,,,1.1395374536514282,,
37,11671,,,1.1633965969085693,,
37,11673,,,1.2627712488174438,,
37,11675,,,1.1863315105438232,,
37,11677,,,1.2012438774108887,,
37,11679,,,1.2528512477874756,,
37,11681,,,1.2249730825424194,,
37,11683,,,1.350587010383606,,
37,11685,,,1.1550017595291138,,
37,11687,,,1.3185395002365112,,
37,11689,,,1.2372527122497559,,
37,11691,,,1.2620495557785034,,
37,11693,,,1.2629660367965698,,
37,11695,,,1.349940299987793,,
37,11697,,,1.282366394996643,,
37,11699,,,1.1306980848312378,,
37,11701,,,1.1599065065383911,,
37,11703,,,1.2740612030029297,,
37,11705,,,1.3415472507476807,,
37,11707,,,1.23395574092865,,
37,11709,,,1.2550872564315796,,
37,11711,,,1.2939268350601196,,
37,11713,,,1.2121795415878296,,
37,11715,,,1.2058464288711548,,
37,11717,,,1.2094167470932007,,
37,11719,,,1.2494248151779175,,
37,11721,,,1.1087523698806763,,
37,11723,,,1.2945008277893066,,
37,11725,,,1.2113347053527832,,
37,11727,,,1.2265397310256958,,
37,11729,,,1.2389048337936401,,
37,11731,,,1.1591384410858154,,
37,11733,,,1.2381088733673096,,
37,11735,,,1.1623470783233643,,
37,11737,,,1.2779393196105957,,
37,11739,,,1.1539486646652222,,
37,11741,,,1.1804816722869873,,
37,11743,,,1.2838436365127563,,
37,11745,,,1.1979432106018066,,
37,11747,,,1.1806988716125488,,
37,11749,,,1.2057888507843018,,
37,11751,,,1.2089087963104248,,
37,11753,,,1.162948727607727,,
37,11755,,,1.2105681896209717,,
37,11757,,,1.2295793294906616,,
37,11759,,,1.1461702585220337,,
37,11761,,,1.1202630996704102,,
37,11763,,,1.1657477617263794,,
37,11765,,,1.2961987257003784,,
37,11767,,,1.1506277322769165,,
37,11769,,,1.2340353727340698,,
37,11771,,,1.239955186843872,,
37,11773,,,1.1975839138031006,,
37,11775,,,1.2100269794464111,,
37,11777,,,1.2532744407653809,,
37,11779,,,1.3242900371551514,,
37,11781,,,1.3591655492782593,,
37,11783,,,1.1783804893493652,,
37,11785,,,1.2322481870651245,,
37,11787,,,1.3367960453033447,,
37,11789,,,1.2603776454925537,,
37,11791,,,1.2367812395095825,,
37,11793,,,1.1960368156433105,,
37,11795,,,1.264158844947815,,
37,11797,,,1.2184685468673706,,
37,11799,,,1.2950595617294312,,
37,11801,,,1.2999869585037231,,
37,11803,,,1.1630915403366089,,
37,11805,,,1.1509602069854736,,
37,11807,,,1.1073853969573975,,
37,11809,,,1.241805076599121,,
37,11811,,,1.274674892425537,,
37,11813,,,1.1322101354599,,
37,11815,,,1.182144045829773,,
37,11817,,,1.2001252174377441,,
37,11819,,,1.129970908164978,,
37,11821,,,1.283738613128662,,
37,11823,,,1.121161937713623,,
37,11825,,,1.1009410619735718,,
37,11827,,,1.3772573471069336,,
37,11829,,,1.1622493267059326,,
37,11831,,,1.249191403388977,,
37,11833,,,1.2332286834716797,,
37,11835,,,1.2124855518341064,,
37,11837,,,1.233080506324768,,
37,11839,,,1.1896547079086304,,
37,11841,,,1.3310471773147583,,
37,11843,,,1.1109851598739624,,
37,11845,,,1.2265373468399048,,
37,11847,,,1.280182957649231,,
37,11849,,,1.1849772930145264,,
37,11851,,,1.1888742446899414,,
37,11853,,,1.164052963256836,,
37,11855,,,1.1703100204467773,,
37,11857,,,1.18047297000885,,
37,11859,,,1.2751904726028442,,
37,11861,,,1.2689419984817505,,
37,11863,,,1.356911301612854,,
37,11865,,,1.2001997232437134,,
37,11867,,,1.2737741470336914,,
37,11869,,,1.1916961669921875,,
37,11871,,,1.337064504623413,,
37,11873,,,1.352301836013794,,
37,11875,,,1.1985483169555664,,
37,11877,,,1.3401981592178345,,
37,11879,,,1.2109918594360352,,
37,11881,,,1.1631851196289062,,
37,11883,,,1.1707566976547241,,
37,11885,,,1.2608188390731812,,
37,11887,,,1.1882688999176025,,
37,11889,,,1.1584844589233398,,
37,11891,,,1.231331706047058,,
37,11893,,,1.3829185962677002,,
37,11893,,,,0.0012499999720603228,3.775555372238159
38,11895,,,1.2519466876983643,,
38,11897,,,1.366881251335144,,
38,11899,,,1.2496150732040405,,
38,11901,,,1.3187230825424194,,
38,11903,,,1.1265934705734253,,
38,11905,,,1.1755753755569458,,
38,11907,,,1.1410568952560425,,
38,11909,,,1.3467429876327515,,
38,11911,,,1.1302576065063477,,
38,11913,,,1.290040373802185,,
38,11915,,,1.3313478231430054,,
38,11917,,,1.291521430015564,,
38,11919,,,1.4251223802566528,,
38,11921,,,1.362727403640747,,
38,11923,,,1.2533471584320068,,
38,11925,,,1.2141975164413452,,
38,11927,,,1.1889814138412476,,
38,11929,,,1.3261170387268066,,
38,11931,,,1.3715851306915283,,
38,11933,,,1.3338208198547363,,
38,11935,,,1.1395008563995361,,
38,11937,,,1.2677040100097656,,
38,11939,,,1.3531855344772339,,
38,11941,,,1.2174084186553955,,
38,11943,,,1.1795636415481567,,
38,11945,,,1.2805222272872925,,
38,11947,,,1.155989170074463,,
38,11949,,,1.1866298913955688,,
38,11951,,,1.2431261539459229,,
38,11953,,,1.2717235088348389,,
38,11955,,,1.3234622478485107,,
38,11957,,,1.3045152425765991,,
38,11959,,,1.0950045585632324,,
38,11961,,,1.2295303344726562,,
38,11963,,,1.2248914241790771,,
38,11965,,,1.2240239381790161,,
38,11967,,,1.2668424844741821,,
38,11969,,,1.2631992101669312,,
38,11971,,,1.1743662357330322,,
38,11973,,,1.3055552244186401,,
38,11975,,,1.212965965270996,,
38,11977,,,1.0951794385910034,,
38,11979,,,1.3133699893951416,,
38,11981,,,1.4277805089950562,,
38,11983,,,1.23651123046875,,
38,11985,,,1.2012748718261719,,
38,11987,,,1.2099285125732422,,
38,11989,,,1.2483302354812622,,
38,11991,,,1.1554056406021118,,
38,11993,,,1.227957010269165,,
38,11995,,,1.1902951002120972,,
38,11997,,,1.154416561126709,,
38,11999,,,1.2890218496322632,,
38,12001,,,1.3607616424560547,,
38,12003,,,1.1393225193023682,,
38,12005,,,1.3300505876541138,,
38,12007,,,1.223240613937378,,
38,12009,,,1.14197838306427,,
38,12011,,,1.2311198711395264,,
38,12013,,,1.276468276977539,,
38,12015,,,1.2169872522354126,,
38,12017,,,1.2211946249008179,,
38,12019,,,1.3374844789505005,,
38,12021,,,1.21894109249115,,
38,12023,,,1.25770103931427,,
38,12025,,,1.216073989868164,,
38,12027,,,1.2840778827667236,,
38,12029,,,1.1085213422775269,,
38,12031,,,1.2072525024414062,,
38,12033,,,1.2157206535339355,,
38,12035,,,1.19435715675354,,
38,12037,,,1.2205389738082886,,
38,12039,,,1.2444998025894165,,
38,12041,,,1.1809602975845337,,
38,12043,,,1.2755018472671509,,
38,12045,,,1.3519179821014404,,
38,12047,,,1.1406022310256958,,
38,12049,,,1.2443201541900635,,
38,12051,,,1.25803804397583,,
38,12053,,,1.1830466985702515,,
38,12055,,,1.2025259733200073,,
38,12057,,,1.257684588432312,,
38,12059,,,1.3315256834030151,,
38,12061,,,1.3151376247406006,,
38,12063,,,1.2428137063980103,,
38,12065,,,1.309244990348816,,
38,12067,,,1.221366286277771,,
38,12069,,,1.2514680624008179,,
38,12071,,,1.066322922706604,,
38,12073,,,1.214090347290039,,
38,12075,,,1.327190637588501,,
38,12077,,,1.1265658140182495,,
38,12079,,,1.2747126817703247,,
38,12081,,,1.1465322971343994,,
38,12083,,,1.3353283405303955,,
38,12085,,,1.2208712100982666,,
38,12087,,,1.1469534635543823,,
38,12089,,,1.2095551490783691,,
38,12091,,,1.2965928316116333,,
38,12093,,,1.2237868309020996,,
38,12095,,,1.2299693822860718,,
38,12097,,,1.2279536724090576,,
38,12099,,,1.1245431900024414,,
38,12101,,,1.1970711946487427,,
38,12103,,,1.176956057548523,,
38,12105,,,1.3577880859375,,
38,12107,,,1.2124052047729492,,
38,12109,,,1.1313637495040894,,
38,12111,,,1.2134363651275635,,
38,12113,,,1.1770129203796387,,
38,12115,,,1.283743143081665,,
38,12117,,,1.1529079675674438,,
38,12119,,,1.2804869413375854,,
38,12121,,,1.21567964553833,,
38,12123,,,1.237290382385254,,
38,12125,,,1.1770999431610107,,
38,12127,,,1.2401009798049927,,
38,12129,,,1.3647733926773071,,
38,12131,,,1.3075591325759888,,
38,12133,,,1.272864818572998,,
38,12135,,,1.2233611345291138,,
38,12137,,,1.2228895425796509,,
38,12139,,,1.1458675861358643,,
38,12141,,,1.2269160747528076,,
38,12143,,,1.143743872642517,,
38,12145,,,1.2980506420135498,,
38,12147,,,1.1488656997680664,,
38,12149,,,1.1528621912002563,,
38,12151,,,1.152200698852539,,
38,12153,,,1.1134421825408936,,
38,12155,,,1.3395248651504517,,
38,12157,,,1.2475968599319458,,
38,12159,,,1.2869298458099365,,
38,12161,,,1.2473785877227783,,
38,12163,,,1.1224579811096191,,
38,12165,,,1.2793279886245728,,
38,12167,,,1.1959364414215088,,
38,12169,,,1.176525354385376,,
38,12171,,,1.1604459285736084,,
38,12173,,,1.306592583656311,,
38,12175,,,1.1353729963302612,,
38,12177,,,1.1415038108825684,,
38,12179,,,1.2452210187911987,,
38,12181,,,1.1432273387908936,,
38,12183,,,1.2199314832687378,,
38,12185,,,1.175321102142334,,
38,12187,,,1.1342934370040894,,
38,12189,,,1.2889231443405151,,
38,12191,,,1.1720260381698608,,
38,12193,,,1.130578637123108,,
38,12195,,,1.2493129968643188,,
38,12197,,,1.2015818357467651,,
38,12199,,,1.3366584777832031,,
38,12201,,,1.2135754823684692,,
38,12203,,,1.306899070739746,,
38,12205,,,1.5661654472351074,,
38,12206,,,,0.0012499999720603228,3.7772934436798096
39,12207,,,1.2555137872695923,,
39,12209,,,1.2020972967147827,,
39,12211,,,1.1195298433303833,,
39,12213,,,1.2232427597045898,,
39,12215,,,1.1833610534667969,,
39,12217,,,1.1235905885696411,,
39,12219,,,1.1057636737823486,,
39,12221,,,1.1444529294967651,,
39,12223,,,1.154396891593933,,
39,12225,,,1.1547569036483765,,
39,12227,,,1.280853271484375,,
39,12229,,,1.1694759130477905,,
39,12231,,,1.1780284643173218,,
39,12233,,,1.2789584398269653,,
39,12235,,,1.2191259860992432,,
39,12237,,,1.2189728021621704,,
39,12239,,,1.238408088684082,,
39,12241,,,1.2875651121139526,,
39,12243,,,1.1174668073654175,,
39,12245,,,1.0672242641448975,,
39,12247,,,1.2613093852996826,,
39,12249,,,1.188289999961853,,
39,12251,,,1.3014110326766968,,
39,12253,,,1.333053708076477,,
39,12255,,,1.1667176485061646,,
39,12257,,,1.2257330417633057,,
39,12259,,,1.3304873704910278,,
39,12261,,,1.3539292812347412,,
39,12263,,,1.3445442914962769,,
39,12265,,,1.2020292282104492,,
39,12267,,,1.2277154922485352,,
39,12269,,,1.1819041967391968,,
39,12271,,,1.0901710987091064,,
39,12273,,,1.2738020420074463,,
39,12275,,,1.1844569444656372,,
39,12277,,,1.2463572025299072,,
39,12279,,,1.3591071367263794,,
39,12281,,,1.3026039600372314,,
39,12283,,,1.249898910522461,,
39,12285,,,1.2294557094573975,,
39,12287,,,1.242770791053772,,
39,12289,,,1.2617555856704712,,
39,12291,,,1.307672142982483,,
39,12293,,,1.1646865606307983,,
39,12295,,,1.2921361923217773,,
39,12297,,,1.3931934833526611,,
39,12299,,,1.1927744150161743,,
39,12301,,,1.1981929540634155,,
39,12303,,,1.1725534200668335,,
39,12305,,,1.2269197702407837,,
39,12307,,,1.2618464231491089,,
39,12309,,,1.0545697212219238,,
39,12311,,,1.246516227722168,,
39,12313,,,1.2256059646606445,,
39,12315,,,1.1788781881332397,,
39,12317,,,1.1678357124328613,,
39,12319,,,1.2147005796432495,,
39,12321,,,1.3160732984542847,,
39,12323,,,1.1755305528640747,,
39,12325,,,1.2533612251281738,,
39,12327,,,1.2741496562957764,,
39,12329,,,1.1690198183059692,,
39,12331,,,1.3113270998001099,,
39,12333,,,1.304717779159546,,
39,12335,,,1.297390103340149,,
39,12337,,,1.329518437385559,,
39,12339,,,1.3096623420715332,,
39,12341,,,1.1827101707458496,,
39,12343,,,1.1206547021865845,,
39,12345,,,1.366023302078247,,
39,12347,,,1.2375167608261108,,
39,12349,,,1.3388115167617798,,
39,12351,,,1.1149002313613892,,
39,12353,,,1.2546221017837524,,
39,12355,,,1.3704324960708618,,
39,12357,,,1.286581039428711,,
39,12359,,,1.1582505702972412,,
39,12361,,,1.1168699264526367,,
39,12363,,,1.315603256225586,,
39,12365,,,1.1700962781906128,,
39,12367,,,1.1698908805847168,,
39,12369,,,1.1623995304107666,,
39,12371,,,1.257319688796997,,
39,12373,,,1.2777392864227295,,
39,12375,,,1.1628397703170776,,
39,12377,,,1.140543818473816,,
39,12379,,,1.3118795156478882,,
39,12381,,,1.3591574430465698,,
39,12383,,,1.189495325088501,,
39,12385,,,1.0829081535339355,,
39,12387,,,1.0904929637908936,,
39,12389,,,1.209717869758606,,
39,12391,,,1.2130026817321777,,
39,12393,,,1.1446079015731812,,
39,12395,,,1.2061195373535156,,
39,12397,,,1.3442448377609253,,
39,12399,,,1.330076813697815,,
39,12401,,,1.1945523023605347,,
39,12403,,,1.2325977087020874,,
39,12405,,,1.2347356081008911,,
39,12407,,,1.1958645582199097,,
39,12409,,,1.2205140590667725,,
39,12411,,,1.1767981052398682,,
39,12413,,,1.1103233098983765,,
39,12415,,,1.1571987867355347,,
39,12417,,,1.1725177764892578,,
39,12419,,,1.1630793809890747,,
39,12421,,,1.2039813995361328,,
39,12423,,,1.192345380783081,,
39,12425,,,1.154467225074768,,
39,12427,,,1.2664180994033813,,
39,12429,,,1.1850261688232422,,
39,12431,,,1.2495161294937134,,
39,12433,,,1.1473791599273682,,
39,12435,,,1.3291741609573364,,
39,12437,,,1.2125608921051025,,
39,12439,,,1.4463351964950562,,
39,12441,,,1.3665515184402466,,
39,12443,,,1.217630386352539,,
39,12445,,,1.2295328378677368,,
39,12447,,,1.27110755443573,,
39,12449,,,1.2139071226119995,,
39,12451,,,1.2169239521026611,,
39,12453,,,1.3197236061096191,,
39,12455,,,1.1614123582839966,,
39,12457,,,1.3220442533493042,,
39,12459,,,1.1850250959396362,,
39,12461,,,1.1553300619125366,,
39,12463,,,1.2658990621566772,,
39,12465,,,1.2031183242797852,,
39,12467,,,1.157287836074829,,
39,12469,,,1.2259750366210938,,
39,12471,,,1.2846128940582275,,
39,12473,,,1.2407515048980713,,
39,12475,,,1.215267300605774,,
39,12477,,,1.157992959022522,,
39,12479,,,1.2420834302902222,,
39,12481,,,1.2904267311096191,,
39,12483,,,1.3327282667160034,,
39,12485,,,1.4173789024353027,,
39,12487,,,1.3274685144424438,,
39,12489,,,1.3035402297973633,,
39,12491,,,1.2113734483718872,,
39,12493,,,1.3034071922302246,,
39,12495,,,1.2266005277633667,,
39,12497,,,1.2835378646850586,,
39,12499,,,1.227657437324524,,
39,12501,,,1.2978886365890503,,
39,12503,,,1.2519549131393433,,
39,12505,,,1.3704179525375366,,
39,12507,,,1.3163515329360962,,
39,12509,,,1.1948522329330444,,
39,12511,,,1.2104469537734985,,
39,12513,,,1.323104739189148,,
39,12515,,,1.2230991125106812,,
39,12517,,,1.286354899406433,,
39,12519,,,1.232999563217163,,
39,12519,,,,0.0012499999720603228,3.7871437072753906
40,12521,,,1.1523531675338745,,
40,12523,,,1.247624158859253,,
40,12525,,,1.1075260639190674,,
40,12527,,,1.2489783763885498,,
40,12529,,,1.227586030960083,,
40,12531,,,1.2117290496826172,,
40,12533,,,1.2359652519226074,,
40,12535,,,1.3123714923858643,,
40,12537,,,1.1958739757537842,,
40,12539,,,1.2821375131607056,,
40,12541,,,1.162306308746338,,
40,12543,,,1.3085224628448486,,
40,12545,,,1.1946405172348022,,
40,12547,,,1.3682665824890137,,
40,12549,,,1.2043942213058472,,
40,12551,,,1.1356717348098755,,
40,12553,,,1.1989529132843018,,
40,12555,,,1.3100464344024658,,
40,12557,,,1.295853853225708,,
40,12559,,,1.2513759136199951,,
40,12561,,,1.3006917238235474,,
40,12563,,,1.1914474964141846,,
40,12565,,,1.2570621967315674,,
40,12567,,,1.2012957334518433,,
40,12569,,,1.2601760625839233,,
40,12571,,,1.222363829612732,,
40,12573,,,1.212317705154419,,
40,12575,,,1.3398735523223877,,
40,12577,,,1.2104649543762207,,
40,12579,,,1.1603304147720337,,
40,12581,,,1.2694119215011597,,
40,12583,,,1.1975895166397095,,
40,12585,,,1.1581671237945557,,
40,12587,,,1.2134792804718018,,
40,12589,,,1.2168880701065063,,
40,12591,,,1.1038085222244263,,
40,12593,,,1.4244790077209473,,
40,12595,,,1.166493535041809,,
40,12597,,,1.3488818407058716,,
40,12599,,,1.2100907564163208,,
40,12601,,,1.2922580242156982,,
40,12603,,,1.2433850765228271,,
40,12605,,,1.228452205657959,,
40,12607,,,1.2357171773910522,,
40,12609,,,1.291219711303711,,
40,12611,,,1.1762598752975464,,
40,12613,,,1.2887605428695679,,
40,12615,,,1.16996169090271,,
40,12617,,,1.1377968788146973,,
40,12619,,,1.1934117078781128,,
40,12621,,,1.2382773160934448,,
40,12623,,,1.222758173942566,,
40,12625,,,1.1989374160766602,,
40,12627,,,1.2548773288726807,,
40,12629,,,1.1010735034942627,,
40,12631,,,1.2278181314468384,,
40,12633,,,1.216198205947876,,
40,12635,,,1.2410221099853516,,
40,12637,,,1.1818064451217651,,
40,12639,,,1.165364146232605,,
40,12641,,,1.3905200958251953,,
40,12643,,,1.1313356161117554,,
40,12645,,,1.128082513809204,,
40,12647,,,1.2343418598175049,,
40,12649,,,1.2168689966201782,,
40,12651,,,1.214269757270813,,
40,12653,,,1.1751999855041504,,
40,12655,,,1.0735530853271484,,
40,12657,,,1.1896333694458008,,
40,12659,,,1.1064040660858154,,
40,12661,,,1.3165301084518433,,
40,12663,,,1.221659541130066,,
40,12665,,,1.2144110202789307,,
40,12667,,,1.311201572418213,,
40,12669,,,1.1554172039031982,,
40,12671,,,1.2150918245315552,,
40,12673,,,1.4703528881072998,,
40,12675,,,1.1760742664337158,,
40,12677,,,1.2164193391799927,,
40,12679,,,1.1543997526168823,,
40,12681,,,1.2308294773101807,,
40,12683,,,1.2826597690582275,,
40,12685,,,1.1278351545333862,,
40,12687,,,1.1905272006988525,,
40,12689,,,1.6113805770874023,,
40,12691,,,1.1947921514511108,,
40,12693,,,1.4323476552963257,,
40,12695,,,1.2572540044784546,,
40,12697,,,1.3060698509216309,,
40,12699,,,1.2246752977371216,,
40,12701,,,1.254907250404358,,
40,12703,,,1.2344777584075928,,
40,12705,,,1.2946889400482178,,
40,12707,,,1.2094329595565796,,
40,12709,,,1.2357197999954224,,
40,12711,,,1.2030525207519531,,
40,12713,,,1.2380867004394531,,
40,12715,,,1.2002509832382202,,
40,12717,,,1.1798527240753174,,
40,12719,,,1.269897222518921,,
40,12721,,,1.2505159378051758,,
40,12723,,,1.1769310235977173,,
40,12725,,,1.1113165616989136,,
40,12727,,,1.2314623594284058,,
40,12729,,,1.2211772203445435,,
40,12731,,,1.197298526763916,,
40,12733,,,1.22867751121521,,
40,12735,,,1.269105076789856,,
40,12737,,,1.148212194442749,,
40,12739,,,1.1161671876907349,,
40,12741,,,1.2691203355789185,,
40,12743,,,1.259704828262329,,
40,12745,,,1.3210458755493164,,
40,12747,,,1.2422163486480713,,
40,12749,,,1.3424570560455322,,
40,12751,,,1.1974637508392334,,
40,12753,,,1.2113810777664185,,
40,12755,,,1.2597700357437134,,
40,12757,,,1.2690033912658691,,
40,12759,,,1.0924696922302246,,
40,12761,,,1.2425992488861084,,
40,12763,,,1.3729135990142822,,
40,12765,,,1.2874739170074463,,
40,12767,,,1.427749752998352,,
40,12769,,,1.1944292783737183,,
40,12771,,,1.232973337173462,,
40,12773,,,1.2681306600570679,,
40,12775,,,1.1029300689697266,,
40,12777,,,1.265011191368103,,
40,12779,,,1.116405725479126,,
40,12781,,,1.2962981462478638,,
40,12783,,,1.3013871908187866,,
40,12785,,,1.4143681526184082,,
40,12787,,,1.2528773546218872,,
40,12789,,,1.1802107095718384,,
40,12791,,,1.2142479419708252,,
40,12793,,,1.3181626796722412,,
40,12795,,,1.1936110258102417,,
40,12797,,,1.1735090017318726,,
40,12799,,,1.2467461824417114,,
40,12801,,,1.2419321537017822,,
40,12803,,,1.0980656147003174,,
40,12805,,,1.266291618347168,,
40,12807,,,1.15835440158844,,
40,12809,,,1.437087893486023,,
40,12811,,,1.1255264282226562,,
40,12813,,,1.2208523750305176,,
40,12815,,,1.3179588317871094,,
40,12817,,,1.183703899383545,,
40,12819,,,1.343511939048767,,
40,12821,,,1.1906837224960327,,
40,12823,,,1.3492701053619385,,
40,12825,,,1.2992421388626099,,
40,12827,,,1.2989223003387451,,
40,12829,,,1.2211798429489136,,
40,12831,,,1.2599446773529053,,
40,12832,,,,0.0012499999720603228,3.7521753311157227
41,12833,,,1.2632790803909302,,
41,12835,,,1.2563396692276,,
41,12837,,,1.2837270498275757,,
41,12839,,,1.165087103843689,,
41,12841,,,1.247255563735962,,
41,12843,,,1.235582947731018,,
41,12845,,,1.092097520828247,,
41,12847,,,1.3705602884292603,,
41,12849,,,1.1830257177352905,,
41,12851,,,1.1758822202682495,,
41,12853,,,1.2521824836730957,,
41,12855,,,1.1825393438339233,,
41,12857,,,1.1616861820220947,,
41,12859,,,1.1527608633041382,,
41,12861,,,1.1401090621948242,,
41,12863,,,1.2641310691833496,,
41,12865,,,1.3107352256774902,,
41,12867,,,1.1574571132659912,,
41,12869,,,1.2978308200836182,,
41,12871,,,1.1539206504821777,,
41,12873,,,1.4512423276901245,,
41,12875,,,1.1787140369415283,,
41,12877,,,1.1842817068099976,,
41,12879,,,1.2089916467666626,,
41,12881,,,1.275520920753479,,
41,12883,,,1.2123029232025146,,
41,12885,,,1.1778833866119385,,
41,12887,,,1.2260364294052124,,
41,12889,,,1.409377932548523,,
41,12891,,,1.4001433849334717,,
41,12893,,,1.2498706579208374,,
41,12895,,,1.1822811365127563,,
41,12897,,,1.2353994846343994,,
41,12899,,,1.1904274225234985,,
41,12901,,,1.2577868700027466,,
41,12903,,,1.1569182872772217,,
41,12905,,,1.2875221967697144,,
41,12907,,,1.1802972555160522,,
41,12909,,,1.0937532186508179,,
41,12911,,,1.2686296701431274,,
41,12913,,,1.1019680500030518,,
41,12915,,,1.250720500946045,,
41,12917,,,1.152207612991333,,
41,12919,,,1.3312491178512573,,
41,12921,,,1.210531234741211,,
41,12923,,,1.2569890022277832,,
41,12925,,,1.258063793182373,,
41,12927,,,1.3087832927703857,,
41,12929,,,1.2708762884140015,,
41,12931,,,1.1461455821990967,,
41,12933,,,1.2052127122879028,,
41,12935,,,1.1999582052230835,,
41,12937,,,1.1644353866577148,,
41,12939,,,1.2559930086135864,,
41,12941,,,1.1711134910583496,,
41,12943,,,1.3532803058624268,,
41,12945,,,1.222524642944336,,
41,12947,,,1.128702163696289,,
41,12949,,,1.2453442811965942,,
41,12951,,,1.3421820402145386,,
41,12953,,,1.1490569114685059,,
41,12955,,,1.3100944757461548,,
41,12957,,,1.1833065748214722,,
41,12959,,,1.2503072023391724,,
41,12961,,,1.1388612985610962,,
41,12963,,,1.165948748588562,,
41,12965,,,1.2242822647094727,,
41,12967,,,1.181531548500061,,
41,12969,,,1.20029616355896,,
41,12971,,,1.0541496276855469,,
41,12973,,,1.1581555604934692,,
41,12975,,,1.237048864364624,,
41,12977,,,1.0520944595336914,,
41,12979,,,1.290757417678833,,
41,12981,,,1.330069661140442,,
41,12983,,,1.2399266958236694,,
41,12985,,,1.2264081239700317,,
41,12987,,,1.3377697467803955,,
41,12989,,,1.0843429565429688,,
41,12991,,,1.1876357793807983,,
41,12993,,,1.3314725160598755,,
41,12995,,,1.1949321031570435,,
41,12997,,,1.3529484272003174,,
41,12999,,,1.2311829328536987,,
41,13001,,,1.131213903427124,,
41,13003,,,1.1913211345672607,,
41,13005,,,1.2121049165725708,,
41,13007,,,1.199499249458313,,
41,13009,,,1.3297576904296875,,
41,13011,,,1.37294340133667,,
41,13013,,,1.2416660785675049,,
41,13015,,,1.1580952405929565,,
41,13017,,,1.1765224933624268,,
41,13019,,,1.1657603979110718,,
41,13021,,,1.1833258867263794,,
41,13023,,,1.1761869192123413,,
41,13025,,,1.247212529182434,,
41,13027,,,1.2934943437576294,,
41,13029,,,1.2623703479766846,,
41,13031,,,1.2757631540298462,,
41,13033,,,1.3204294443130493,,
41,13035,,,1.322869896888733,,
41,13037,,,1.195435643196106,,
41,13039,,,1.3534737825393677,,
41,13041,,,1.2500070333480835,,
41,13043,,,1.238051414489746,,
41,13045,,,1.3819632530212402,,
41,13047,,,1.1498336791992188,,
41,13049,,,1.2357759475708008,,
41,13051,,,1.3659946918487549,,
41,13053,,,1.2154054641723633,,
41,13055,,,1.133834719657898,,
41,13057,,,1.3110421895980835,,
41,13059,,,1.226906180381775,,
41,13061,,,1.230338215827942,,
41,13063,,,1.148032307624817,,
41,13065,,,1.1984620094299316,,
41,13067,,,1.309458613395691,,
41,13069,,,1.1360869407653809,,
41,13071,,,1.1109399795532227,,
41,13073,,,1.22903311252594,,
41,13075,,,1.1847847700119019,,
41,13077,,,1.2379924058914185,,
41,13079,,,1.181179165840149,,
41,13081,,,1.209025502204895,,
41,13083,,,1.392540454864502,,
41,13085,,,1.347087025642395,,
41,13087,,,1.305728554725647,,
41,13089,,,1.2941960096359253,,
41,13091,,,1.250614047050476,,
41,13093,,,1.1549127101898193,,
41,13095,,,1.122738003730774,,
41,13097,,,1.1594765186309814,,
41,13099,,,1.0927382707595825,,
41,13101,,,1.3631603717803955,,
41,13103,,,1.1252549886703491,,
41,13105,,,1.1280874013900757,,
41,13107,,,1.2023831605911255,,
41,13109,,,1.214792013168335,,
41,13111,,,1.2263426780700684,,
41,13113,,,1.263026237487793,,
41,13115,,,1.1522413492202759,,
41,13117,,,1.158026933670044,,
41,13119,,,1.2191147804260254,,
41,13121,,,1.1629703044891357,,
41,13123,,,1.2589001655578613,,
41,13125,,,1.2286648750305176,,
41,13127,,,1.163339376449585,,
41,13129,,,1.2297687530517578,,
41,13131,,,1.2282490730285645,,
41,13133,,,1.2329446077346802,,
41,13135,,,1.2099659442901611,,
41,13137,,,1.1594377756118774,,
41,13139,,,1.316393494606018,,
41,13141,,,1.4441111087799072,,
41,13143,,,1.1761494874954224,,
41,13145,,,1.286020278930664,,
41,13145,,,,0.0012499999720603228,3.7734007835388184
42,13147,,,1.2099640369415283,,
42,13149,,,1.228432297706604,,
42,13151,,,1.2576848268508911,,
42,13153,,,1.2005541324615479,,
42,13155,,,1.282588243484497,,
42,13157,,,1.2212053537368774,,
42,13159,,,1.1789005994796753,,
42,13161,,,1.2220810651779175,,
42,13163,,,1.1965267658233643,,
42,13165,,,1.2743028402328491,,
42,13167,,,1.3173578977584839,,
42,13169,,,1.2974131107330322,,
42,13171,,,1.1812360286712646,,
42,13173,,,1.3603166341781616,,
42,13175,,,1.1893205642700195,,
42,13177,,,1.2206941843032837,,
42,13179,,,1.2081927061080933,,
42,13181,,,1.1604937314987183,,
42,13183,,,1.1878578662872314,,
42,13185,,,1.1931911706924438,,
42,13187,,,1.1864306926727295,,
42,13189,,,1.360770583152771,,
42,13191,,,1.1456423997879028,,
42,13193,,,1.1849337816238403,,
42,13195,,,1.1811023950576782,,
42,13197,,,1.371148943901062,,
42,13199,,,1.10975980758667,,
42,13201,,,1.2723902463912964,,
42,13203,,,1.3021771907806396,,
42,13205,,,1.0610811710357666,,
42,13207,,,1.2866555452346802,,
42,13209,,,1.2341984510421753,,
42,13211,,,1.1946403980255127,,
42,13213,,,1.3574758768081665,,
42,13215,,,1.1846280097961426,,
42,13217,,,1.233380913734436,,
42,13219,,,1.164862036705017,,
42,13221,,,1.2296096086502075,,
42,13223,,,1.1571557521820068,,
42,13225,,,1.3036856651306152,,
42,13227,,,1.222846269607544,,
42,13229,,,1.337388038635254,,
42,13231,,,1.298970103263855,,
42,13233,,,1.2293182611465454,,
42,13235,,,1.240047574043274,,
42,13237,,,1.1143070459365845,,
42,13239,,,1.1943359375,,
42,13241,,,1.152372121810913,,
42,13243,,,1.230168342590332,,
42,13245,,,1.1339064836502075,,
42,13247,,,1.2794066667556763,,
42,13249,,,1.1954385042190552,,
42,13251,,,1.157483458518982,,
42,13253,,,1.2937074899673462,,
42,13255,,,1.2366278171539307,,
42,13257,,,1.2158271074295044,,
42,13259,,,1.2275512218475342,,
42,13261,,,1.2195287942886353,,
42,13263,,,1.142236351966858,,
42,13265,,,1.0908787250518799,,
42,13267,,,1.2213449478149414,,
42,13269,,,1.1728111505508423,,
42,13271,,,1.259215235710144,,
42,13273,,,1.0997501611709595,,
42,13275,,,1.315984845161438,,
42,13277,,,1.219374179840088,,
42,13279,,,1.1791245937347412,,
42,13281,,,1.2563236951828003,,
42,13283,,,1.3288182020187378,,
42,13285,,,1.1582468748092651,,
42,13287,,,1.2492213249206543,,
42,13289,,,1.2426568269729614,,
42,13291,,,1.1534359455108643,,
42,13293,,,1.2353136539459229,,
42,13295,,,1.2591242790222168,,
42,13297,,,1.3314080238342285,,
42,13299,,,1.2151498794555664,,
42,13301,,,1.2540913820266724,,
42,13303,,,1.3379631042480469,,
42,13305,,,1.1123400926589966,,
42,13307,,,1.3093432188034058,,
42,13309,,,1.2019615173339844,,
42,13311,,,1.3987209796905518,,
42,13313,,,1.2073389291763306,,
42,13315,,,1.2756526470184326,,
42,13317,,,1.166690707206726,,
42,13319,,,1.4352630376815796,,
42,13321,,,1.25383460521698,,
42,13323,,,1.1960574388504028,,
42,13325,,,1.2074686288833618,,
42,13327,,,1.1446750164031982,,
42,13329,,,1.1864410638809204,,
42,13331,,,1.1916515827178955,,
42,13333,,,1.1686760187149048,,
42,13335,,,1.0699546337127686,,
42,13337,,,1.2385056018829346,,
42,13339,,,1.2275593280792236,,
42,13341,,,1.1673996448516846,,
42,13343,,,1.3513215780258179,,
42,13345,,,1.2496494054794312,,
42,13347,,,1.2022533416748047,,
42,13349,,,1.3273301124572754,,
42,13351,,,1.1600674390792847,,
42,13353,,,1.200824499130249,,
42,13355,,,1.1493706703186035,,
42,13357,,,1.1982752084732056,,
42,13359,,,1.2134259939193726,,
42,13361,,,1.2162997722625732,,
42,13363,,,1.289650797843933,,
42,13365,,,1.1045308113098145,,
42,13367,,,1.1499345302581787,,
42,13369,,,1.1283704042434692,,
42,13371,,,1.1562520265579224,,
42,13373,,,1.2298429012298584,,
42,13375,,,1.3723832368850708,,
42,13377,,,1.532759428024292,,
42,13379,,,1.192020297050476,,
42,13381,,,1.1167895793914795,,
42,13383,,,1.335081696510315,,
42,13385,,,1.251381516456604,,
42,13387,,,1.1816996335983276,,
42,13389,,,1.1892873048782349,,
42,13391,,,1.3408288955688477,,
42,13393,,,1.1555966138839722,,
42,13395,,,1.157383918762207,,
42,13397,,,1.1617517471313477,,
42,13399,,,1.3402843475341797,,
42,13401,,,1.1816155910491943,,
42,13403,,,1.3391263484954834,,
42,13405,,,1.1711112260818481,,
42,13407,,,1.1534067392349243,,
42,13409,,,1.3060435056686401,,
42,13411,,,1.1582471132278442,,
42,13413,,,1.1963220834732056,,
42,13415,,,1.2379076480865479,,
42,13417,,,1.1334913969039917,,
42,13419,,,1.1282962560653687,,
42,13421,,,1.3057104349136353,,
42,13423,,,1.2331968545913696,,
42,13425,,,1.2592579126358032,,
42,13427,,,1.2419155836105347,,
42,13429,,,1.1725205183029175,,
42,13431,,,1.2423540353775024,,
42,13433,,,1.1261818408966064,,
42,13435,,,1.346880316734314,,
42,13437,,,1.082298755645752,,
42,13439,,,1.1537529230117798,,
42,13441,,,1.1985441446304321,,
42,13443,,,1.1382635831832886,,
42,13445,,,1.1908283233642578,,
42,13447,,,1.1912477016448975,,
42,13449,,,1.2196999788284302,,
42,13451,,,1.278064489364624,,
42,13453,,,1.203426718711853,,
42,13455,,,1.188728928565979,,
42,13457,,,1.2866954803466797,,
42,13458,,,,0.0012499999720603228,3.8059089183807373
43,13459,,,1.2379002571105957,,
43,13461,,,1.143369436264038,,
43,13463,,,1.3346199989318848,,
43,13465,,,1.2169067859649658,,
43,13467,,,1.1887102127075195,,
43,13469,,,1.2805743217468262,,
43,13471,,,1.308658480644226,,
43,13473,,,1.3355525732040405,,
43,13475,,,1.3390991687774658,,
43,13477,,,1.1549359560012817,,
43,13479,,,1.2577545642852783,,
43,13481,,,1.3055987358093262,,
43,13483,,,1.224290132522583,,
43,13485,,,1.248868703842163,,
43,13487,,,1.1080983877182007,,
43,13489,,,1.1548346281051636,,
43,13491,,,1.2743207216262817,,
43,13493,,,1.2394195795059204,,
43,13495,,,1.2382184267044067,,
43,13497,,,1.1783826351165771,,
43,13499,,,1.1879101991653442,,
43,13501,,,1.3362088203430176,,
43,13503,,,1.2268612384796143,,
43,13505,,,1.1560633182525635,,
43,13507,,,1.3661019802093506,,
43,13509,,,1.3112508058547974,,
43,13511,,,1.252036213874817,,
43,13513,,,1.3413984775543213,,
43,13515,,,1.1967436075210571,,
43,13517,,,1.1584978103637695,,
43,13519,,,1.2241790294647217,,
43,13521,,,1.2224111557006836,,
43,13523,,,1.2714390754699707,,
43,13525,,,1.239550232887268,,
43,13527,,,1.1084822416305542,,
43,13529,,,1.2560368776321411,,
43,13531,,,1.2069647312164307,,
43,13533,,,1.2583671808242798,,
43,13535,,,1.1533793210983276,,
43,13537,,,1.1913496255874634,,
43,13539,,,1.2077767848968506,,
43,13541,,,1.1859370470046997,,
43,13543,,,1.274086833000183,,
43,13545,,,1.119524359703064,,
43,13547,,,1.173622488975525,,
43,13549,,,1.1633633375167847,,
43,13551,,,1.2897409200668335,,
43,13553,,,1.1722497940063477,,
43,13555,,,1.3049631118774414,,
43,13557,,,1.2282578945159912,,
43,13559,,,1.3661249876022339,,
43,13561,,,1.2854119539260864,,
43,13563,,,1.162279725074768,,
43,13565,,,1.3702328205108643,,
43,13567,,,1.1911840438842773,,
43,13569,,,1.1925228834152222,,
43,13571,,,1.2445565462112427,,
43,13573,,,1.209892749786377,,
43,13575,,,1.3331044912338257,,
43,13577,,,1.2493833303451538,,
43,13579,,,1.3215683698654175,,
43,13581,,,1.1750099658966064,,
43,13583,,,1.1535853147506714,,
43,13585,,,1.1896001100540161,,
43,13587,,,1.1192882061004639,,
43,13589,,,1.2717034816741943,,
43,13591,,,1.1851472854614258,,
43,13593,,,1.2062759399414062,,
43,13595,,,1.2663391828536987,,
43,13597,,,1.3094072341918945,,
43,13599,,,1.2910908460617065,,
43,13601,,,1.3881982564926147,,
43,13603,,,1.2788580656051636,,
43,13605,,,1.2970483303070068,,
43,13607,,,1.1586908102035522,,
43,13609,,,1.210466980934143,,
43,13611,,,1.2808157205581665,,
43,13613,,,1.2979642152786255,,
43,13615,,,1.2141869068145752,,
43,13617,,,1.4270515441894531,,
43,13619,,,1.36735999584198,,
43,13621,,,1.1152582168579102,,
43,13623,,,1.2801870107650757,,
43,13625,,,1.230991005897522,,
43,13627,,,1.191278338432312,,
43,13629,,,1.1389492750167847,,
43,13631,,,1.241621971130371,,
43,13633,,,1.2089697122573853,,
43,13635,,,1.2250089645385742,,
43,13637,,,1.2305641174316406,,
43,13639,,,1.2029889822006226,,
43,13641,,,1.365488886833191,,
43,13643,,,1.1474109888076782,,
43,13645,,,1.1839542388916016,,
43,13647,,,1.1863454580307007,,
43,13649,,,1.209141731262207,,
43,13651,,,1.3243597745895386,,
43,13653,,,1.3009819984436035,,
43,13655,,,1.2606713771820068,,
43,13657,,,1.1917645931243896,,
43,13659,,,1.3497791290283203,,
43,13661,,,1.2385798692703247,,
43,13663,,,1.4671257734298706,,
43,13665,,,1.1538900136947632,,
43,13667,,,1.1705777645111084,,
43,13669,,,1.1859441995620728,,
43,13671,,,1.1887434720993042,,
43,13673,,,1.1751493215560913,,
43,13675,,,1.2124507427215576,,
43,13677,,,1.2691650390625,,
43,13679,,,1.2416471242904663,,
43,13681,,,1.1279302835464478,,
43,13683,,,1.309403657913208,,
43,13685,,,1.1746647357940674,,
43,13687,,,1.2466434240341187,,
43,13689,,,1.2846652269363403,,
43,13691,,,1.1720460653305054,,
43,13693,,,1.2170850038528442,,
43,13695,,,1.1225510835647583,,
43,13697,,,1.1293950080871582,,
43,13699,,,1.1652164459228516,,
43,13701,,,1.0982615947723389,,
43,13703,,,1.27090322971344,,
43,13705,,,1.1615647077560425,,
43,13707,,,1.1633901596069336,,
43,13709,,,1.2403286695480347,,
43,13711,,,1.1112526655197144,,
43,13713,,,1.3630752563476562,,
43,13715,,,1.1877779960632324,,
43,13717,,,1.2187451124191284,,
43,13719,,,1.2047308683395386,,
43,13721,,,1.2253926992416382,,
43,13723,,,1.3386045694351196,,
43,13725,,,1.2868897914886475,,
43,13727,,,1.2333401441574097,,
43,13729,,,1.2845864295959473,,
43,13731,,,1.2315033674240112,,
43,13733,,,1.2554137706756592,,
43,13735,,,1.214377760887146,,
43,13737,,,1.3154538869857788,,
43,13739,,,1.299910306930542,,
43,13741,,,1.1777915954589844,,
43,13743,,,1.2329620122909546,,
43,13745,,,1.2789674997329712,,
43,13747,,,1.3023754358291626,,
43,13749,,,1.2606302499771118,,
43,13751,,,1.3204128742218018,,
43,13753,,,1.2837721109390259,,
43,13755,,,1.1449003219604492,,
43,13757,,,1.2976102828979492,,
43,13759,,,1.3467562198638916,,
43,13761,,,1.369931936264038,,
43,13763,,,1.140441656112671,,
43,13765,,,1.204156517982483,,
43,13767,,,1.2189476490020752,,
43,13769,,,1.106194257736206,,
43,13771,,,1.2233153581619263,,
43,13771,,,,0.0012499999720603228,3.7504944801330566
44,13773,,,1.246510624885559,,
44,13775,,,1.2746036052703857,,
44,13777,,,1.2162367105484009,,
44,13779,,,1.3236188888549805,,
44,13781,,,1.2078577280044556,,
44,13783,,,1.2938940525054932,,
44,13785,,,1.283978819847107,,
44,13787,,,1.172850489616394,,
44,13789,,,1.1536078453063965,,
44,13791,,,1.201025366783142,,
44,13793,,,1.1020711660385132,,
44,13795,,,1.249512791633606,,
44,13797,,,1.1452686786651611,,
44,13799,,,1.3936418294906616,,
44,13801,,,1.1907505989074707,,
44,13803,,,1.208194375038147,,
44,13805,,,1.3488961458206177,,
44,13807,,,1.2405128479003906,,
44,13809,,,1.14608895778656,,
44,13811,,,1.1677011251449585,,
44,13813,,,1.3074575662612915,,
44,13815,,,1.1184645891189575,,
44,13817,,,1.260392665863037,,
44,13819,,,1.190627932548523,,
44,13821,,,1.265116572380066,,
44,13823,,,1.2932324409484863,,
44,13825,,,1.2764872312545776,,
44,13827,,,1.2156312465667725,,
44,13829,,,1.3778033256530762,,
44,13831,,,1.1967543363571167,,
44,13833,,,1.1706284284591675,,
44,13835,,,1.182615041732788,,
44,13837,,,1.2329535484313965,,
44,13839,,,1.3068469762802124,,
44,13841,,,1.2932839393615723,,
44,13843,,,1.1391874551773071,,
44,13845,,,1.2374932765960693,,
44,13847,,,1.197218656539917,,
44,13849,,,1.1360070705413818,,
44,13851,,,1.1852730512619019,,
44,13853,,,1.2553502321243286,,
44,13855,,,1.199023723602295,,
44,13857,,,1.4280245304107666,,
44,13859,,,1.3306797742843628,,
44,13861,,,1.330856442451477,,
44,13863,,,1.1636067628860474,,
44,13865,,,1.232354760169983,,
44,13867,,,1.2272413969039917,,
44,13869,,,1.192186951637268,,
44,13871,,,1.2433803081512451,,
44,13873,,,1.2311487197875977,,
44,13875,,,1.3047637939453125,,
44,13877,,,1.168752908706665,,
44,13879,,,1.2064483165740967,,
44,13881,,,1.242377519607544,,
44,13883,,,1.3485835790634155,,
44,13885,,,1.2736247777938843,,
44,13887,,,1.1156355142593384,,
44,13889,,,1.1632499694824219,,
44,13891,,,1.0561379194259644,,
44,13893,,,1.423391580581665,,
44,13895,,,1.2975642681121826,,
44,13897,,,1.3531557321548462,,
44,13899,,,1.2898682355880737,,
44,13901,,,1.2340184450149536,,
44,13903,,,1.2347180843353271,,
44,13905,,,1.1660605669021606,,
44,13907,,,1.1863285303115845,,
44,13909,,,1.2336465120315552,,
44,13911,,,1.1015856266021729,,
44,13913,,,1.3081886768341064,,
44,13915,,,1.4346052408218384,,
44,13917,,,1.1974055767059326,,
44,13919,,,1.3990858793258667,,
44,13921,,,1.1400628089904785,,
44,13923,,,1.2684191465377808,,
44,13925,,,1.1520705223083496,,
44,13927,,,1.1439201831817627,,
44,13929,,,1.3032089471817017,,
44,13931,,,1.150978922843933,,
44,13933,,,1.2796958684921265,,
44,13935,,,1.0694921016693115,,
44,13937,,,1.2152632474899292,,
44,13939,,,1.124922752380371,,
44,13941,,,1.1835139989852905,,
44,13943,,,1.2811079025268555,,
44,13945,,,1.1189298629760742,,
44,13947,,,1.2461544275283813,,
44,13949,,,1.1611738204956055,,
44,13951,,,1.3702964782714844,,
44,13953,,,1.410667896270752,,
44,13955,,,1.3103994131088257,,
44,13957,,,1.240798830986023,,
44,13959,,,1.2245678901672363,,
44,13961,,,1.2098021507263184,,
44,13963,,,1.2824233770370483,,
44,13965,,,1.2169986963272095,,
44,13967,,,1.2572625875473022,,
44,13969,,,1.272937536239624,,
44,13971,,,1.1282322406768799,,
44,13973,,,1.2529081106185913,,
44,13975,,,1.197640299797058,,
44,13977,,,1.1865108013153076,,
44,13979,,,1.1652463674545288,,
44,13981,,,1.2264515161514282,,
44,13983,,,1.2303589582443237,,
44,13985,,,1.1405236721038818,,
44,13987,,,1.1086986064910889,,
44,13989,,,1.2171807289123535,,
44,13991,,,1.2373006343841553,,
44,13993,,,1.1025797128677368,,
44,13995,,,1.1804410219192505,,
44,13997,,,1.1059447526931763,,
44,13999,,,1.4433656930923462,,
44,14001,,,1.152363657951355,,
44,14003,,,1.2080119848251343,,
44,14005,,,1.2336325645446777,,
44,14007,,,1.3001468181610107,,
44,14009,,,1.2816826105117798,,
44,14011,,,1.1007940769195557,,
44,14013,,,1.3010095357894897,,
44,14015,,,1.3250545263290405,,
44,14017,,,1.216983675956726,,
44,14019,,,1.1522094011306763,,
44,14021,,,1.2073345184326172,,
44,14023,,,1.1407593488693237,,
44,14025,,,1.2211265563964844,,
44,14027,,,1.2660984992980957,,
44,14029,,,1.1361258029937744,,
44,14031,,,1.3208881616592407,,
44,14033,,,1.2788381576538086,,
44,14035,,,1.2903457880020142,,
44,14037,,,1.1751435995101929,,
44,14039,,,1.200788974761963,,
44,14041,,,1.1898560523986816,,
44,14043,,,1.3215879201889038,,
44,14045,,,1.3112396001815796,,
44,14047,,,1.1827691793441772,,
44,14049,,,1.262013554573059,,
44,14051,,,1.4418450593948364,,
44,14053,,,1.1746220588684082,,
44,14055,,,1.15916907787323,,
44,14057,,,1.3208459615707397,,
44,14059,,,1.2504526376724243,,
44,14061,,,1.1780263185501099,,
44,14063,,,1.1971601247787476,,
44,14065,,,1.217436671257019,,
44,14067,,,1.1984018087387085,,
44,14069,,,1.2837988138198853,,
44,14071,,,1.3175535202026367,,
44,14073,,,1.1844134330749512,,
44,14075,,,1.134262204170227,,
44,14077,,,1.2903499603271484,,
44,14079,,,1.1339612007141113,,
44,14081,,,1.2564880847930908,,
44,14083,,,1.1915457248687744,,
44,14084,,,,0.0012499999720603228,3.799534797668457
45,14085,,,1.1016343832015991,,
45,14087,,,1.2069648504257202,,
45,14089,,,1.38155996799469,,
45,14091,,,1.3605599403381348,,
45,14093,,,1.2728278636932373,,
45,14095,,,1.215766429901123,,
45,14097,,,1.2336790561676025,,
45,14099,,,1.1543635129928589,,
45,14101,,,1.2967290878295898,,
45,14103,,,1.3100577592849731,,
45,14105,,,1.1184887886047363,,
45,14107,,,1.158225655555725,,
45,14109,,,1.2301201820373535,,
45,14111,,,1.2048137187957764,,
45,14113,,,1.239388346672058,,
45,14115,,,1.2333332300186157,,
45,14117,,,1.3129072189331055,,
45,14119,,,1.2312748432159424,,
45,14121,,,1.2306267023086548,,
45,14123,,,1.176193118095398,,
45,14125,,,1.1996151208877563,,
45,14127,,,1.213945746421814,,
45,14129,,,1.111974835395813,,
45,14131,,,1.2560573816299438,,
45,14133,,,1.1941938400268555,,
45,14135,,,1.2532483339309692,,
45,14137,,,1.2726701498031616,,
45,14139,,,1.2457739114761353,,
45,14141,,,1.1467604637145996,,
45,14143,,,1.2119708061218262,,
45,14145,,,1.340700387954712,,
45,14147,,,1.2913105487823486,,
45,14149,,,1.2094933986663818,,
45,14151,,,1.3837569952011108,,
45,14153,,,1.2235454320907593,,
45,14155,,,1.2730424404144287,,
45,14157,,,1.1516119241714478,,
45,14159,,,1.2645641565322876,,
45,14161,,,1.0819728374481201,,
45,14163,,,1.2169837951660156,,
45,14165,,,1.1183871030807495,,
45,14167,,,1.3513129949569702,,
45,14169,,,1.290968656539917,,
45,14171,,,1.2232071161270142,,
45,14173,,,1.1792960166931152,,
45,14175,,,1.2329987287521362,,
45,14177,,,1.2259893417358398,,
45,14179,,,1.1446983814239502,,
45,14181,,,1.3397148847579956,,
45,14183,,,1.2811508178710938,,
45,14185,,,1.1479737758636475,,
45,14187,,,1.1950687170028687,,
45,14189,,,1.1812067031860352,,
45,14191,,,1.3402577638626099,,
45,14193,,,1.173167109489441,,
45,14195,,,1.2022150754928589,,
45,14197,,,1.230653166770935,,
45,14199,,,1.3539727926254272,,
45,14201,,,1.2425527572631836,,
45,14203,,,1.3297216892242432,,
45,14205,,,1.1790860891342163,,
45,14207,,,1.28188157081604,,
45,14209,,,1.2586073875427246,,
45,14211,,,1.3431905508041382,,
45,14213,,,1.2066937685012817,,
45,14215,,,1.2282087802886963,,
45,14217,,,1.2726877927780151,,
45,14219,,,1.2549519538879395,,
45,14221,,,1.1536821126937866,,
45,14223,,,1.103127121925354,,
45,14225,,,1.1354451179504395,,
45,14227,,,1.3590344190597534,,
45,14229,,,1.2227989435195923,,
45,14231,,,1.1951544284820557,,
45,14233,,,1.2621911764144897,,
45,14235,,,1.212409496307373,,
45,14237,,,1.2154310941696167,,
45,14239,,,1.1922156810760498,,
45,14241,,,1.193256139755249,,
45,14243,,,1.1457595825195312,,
45,14245,,,1.3164225816726685,,
45,14247,,,1.2645524740219116,,
45,14249,,,1.1735793352127075,,
45,14251,,,1.1831659078598022,,
45,14253,,,1.141947865486145,,
45,14255,,,1.3442271947860718,,
45,14257,,,1.2341187000274658,,
45,14259,,,1.115653395652771,,
45,14261,,,1.3915385007858276,,
45,14263,,,1.281161904335022,,
45,14265,,,1.2331788539886475,,
45,14267,,,1.1759002208709717,,
45,14269,,,1.0726829767227173,,
45,14271,,,1.2525265216827393,,
45,14273,,,1.1991512775421143,,
45,14275,,,1.2074402570724487,,
45,14277,,,1.1529282331466675,,
45,14279,,,1.2492363452911377,,
45,14281,,,1.2284239530563354,,
45,14283,,,1.1752568483352661,,
45,14285,,,1.2641195058822632,,
45,14287,,,1.1986584663391113,,
45,14289,,,1.3818504810333252,,
45,14291,,,1.2715020179748535,,
45,14293,,,1.0457087755203247,,
45,14295,,,1.2121551036834717,,
45,14297,,,1.291492223739624,,
45,14299,,,1.1103109121322632,,
45,14301,,,1.1779537200927734,,
45,14303,,,1.2525554895401,,
45,14305,,,1.2352185249328613,,
45,14307,,,1.2213542461395264,,
45,14309,,,1.286350131034851,,
45,14311,,,1.166454553604126,,
45,14313,,,1.203649640083313,,
45,14315,,,1.1612457036972046,,
45,14317,,,1.183475375175476,,
45,14319,,,1.2495763301849365,,
45,14321,,,1.18012535572052,,
45,14323,,,1.1584174633026123,,
45,14325,,,1.3805155754089355,,
45,14327,,,1.2404816150665283,,
45,14329,,,1.3080735206604004,,
45,14331,,,1.2536319494247437,,
45,14333,,,1.1158065795898438,,
45,14335,,,1.1799184083938599,,
45,14337,,,1.1724306344985962,,
45,14339,,,1.288414478302002,,
45,14341,,,1.134209156036377,,
45,14343,,,1.119444489479065,,
45,14345,,,1.2137737274169922,,
45,14347,,,1.387860894203186,,
45,14349,,,1.262444019317627,,
45,14351,,,1.131264090538025,,
45,14353,,,1.330744981765747,,
45,14355,,,1.2326164245605469,,
45,14357,,,1.3314449787139893,,
45,14359,,,1.2356574535369873,,
45,14361,,,1.237175464630127,,
45,14363,,,1.211870789527893,,
45,14365,,,1.1020534038543701,,
45,14367,,,1.3221511840820312,,
45,14369,,,1.1599981784820557,,
45,14371,,,1.2792634963989258,,
45,14373,,,1.3262944221496582,,
45,14375,,,1.2417315244674683,,
45,14377,,,1.1476165056228638,,
45,14379,,,1.1710048913955688,,
45,14381,,,1.1913275718688965,,
45,14383,,,1.3389185667037964,,
45,14385,,,1.2922546863555908,,
45,14387,,,1.3775399923324585,,
45,14389,,,1.2580687999725342,,
45,14391,,,1.2582380771636963,,
45,14393,,,1.0629544258117676,,
45,14395,,,1.1300548315048218,,
45,14397,,,1.3043168783187866,,
45,14397,,,,0.0012499999720603228,3.775895595550537
46,14399,,,1.199784755706787,,
46,14401,,,1.2113553285598755,,
46,14403,,,1.1725362539291382,,
46,14405,,,1.1312097311019897,,
46,14407,,,1.3220685720443726,,
46,14409,,,1.4997886419296265,,
46,14411,,,1.2701526880264282,,
46,14413,,,1.105379343032837,,
46,14415,,,1.2541663646697998,,
46,14417,,,1.236503005027771,,
46,14419,,,1.1916733980178833,,
46,14421,,,1.237992525100708,,
46,14423,,,1.2055004835128784,,
46,14425,,,1.2709506750106812,,
46,14427,,,1.2568254470825195,,
46,14429,,,1.233707308769226,,
46,14431,,,1.2100419998168945,,
46,14433,,,1.2822983264923096,,
46,14435,,,1.1522001028060913,,
46,14437,,,1.201242208480835,,
46,14439,,,1.1420766115188599,,
46,14441,,,1.240113377571106,,
46,14443,,,1.1835592985153198,,
46,14445,,,1.2948496341705322,,
46,14447,,,1.401666283607483,,
46,14449,,,1.266929268836975,,
46,14451,,,1.3859933614730835,,
46,14453,,,1.1346296072006226,,
46,14455,,,1.2681421041488647,,
46,14457,,,1.20530104637146,,
46,14459,,,1.309003233909607,,
46,14461,,,1.2906423807144165,,
46,14463,,,1.2193092107772827,,
46,14465,,,1.348597764968872,,
46,14467,,,1.1804170608520508,,
46,14469,,,1.3069533109664917,,
46,14471,,,1.3834331035614014,,
46,14473,,,1.2261866331100464,,
46,14475,,,1.1545193195343018,,
46,14477,,,1.3057962656021118,,
46,14479,,,1.2183780670166016,,
46,14481,,,1.3384230136871338,,
46,14483,,,1.191409945487976,,
46,14485,,,1.2833017110824585,,
46,14487,,,1.1886602640151978,,
46,14489,,,1.166509747505188,,
46,14491,,,1.182154893875122,,
46,14493,,,1.2353816032409668,,
46,14495,,,1.1972360610961914,,
46,14497,,,1.2269856929779053,,
46,14499,,,1.2780632972717285,,
46,14501,,,1.1599818468093872,,
46,14503,,,1.3868407011032104,,
46,14505,,,1.2101490497589111,,
46,14507,,,1.2182310819625854,,
46,14509,,,1.1061159372329712,,
46,14511,,,1.2226115465164185,,
46,14513,,,1.1498241424560547,,
46,14515,,,1.2405766248703003,,
46,14517,,,1.2872463464736938,,
46,14519,,,1.2785598039627075,,
46,14521,,,1.1978365182876587,,
46,14523,,,1.3979928493499756,,
46,14525,,,1.3162076473236084,,
46,14527,,,1.3453205823898315,,
46,14529,,,1.325191617012024,,
46,14531,,,1.3280826807022095,,
46,14533,,,1.1805163621902466,,
46,14535,,,1.2975221872329712,,
46,14537,,,1.3268406391143799,,
46,14539,,,1.201706886291504,,
46,14541,,,1.2959991693496704,,
46,14543,,,1.1563549041748047,,
46,14545,,,1.2143607139587402,,
46,14547,,,1.288129448890686,,
46,14549,,,1.2757740020751953,,
46,14551,,,1.2116248607635498,,
46,14553,,,1.2088631391525269,,
46,14555,,,1.2453807592391968,,
46,14557,,,1.1897903680801392,,
46,14559,,,1.1496509313583374,,
46,14561,,,1.2184098958969116,,
46,14563,,,1.2375282049179077,,
46,14565,,,1.1064021587371826,,
46,14567,,,1.2554214000701904,,
46,14569,,,1.2065653800964355,,
46,14571,,,1.345478892326355,,
46,14573,,,1.2235385179519653,,
46,14575,,,1.1110092401504517,,
46,14577,,,1.259392499923706,,
46,14579,,,1.3846864700317383,,
46,14581,,,1.2898210287094116,,
46,14583,,,1.1612040996551514,,
46,14585,,,1.3113759756088257,,
46,14587,,,1.171463966369629,,
46,14589,,,1.3696850538253784,,
46,14591,,,1.1737052202224731,,
46,14593,,,1.3837201595306396,,
46,14595,,,1.3261021375656128,,
46,14597,,,1.2147985696792603,,
46,14599,,,1.0658318996429443,,
46,14601,,,1.2265993356704712,,
46,14603,,,1.2366422414779663,,
46,14605,,,1.2526859045028687,,
46,14607,,,1.2038118839263916,,
46,14609,,,1.229195237159729,,
46,14611,,,1.223952293395996,,
46,14613,,,1.2420705556869507,,
46,14615,,,1.130943775177002,,
46,14617,,,1.3150485754013062,,
46,14619,,,1.2879667282104492,,
46,14621,,,1.1389408111572266,,
46,14623,,,1.2084275484085083,,
46,14625,,,1.204228401184082,,
46,14627,,,1.1075900793075562,,
46,14629,,,1.2969913482666016,,
46,14631,,,1.3320962190628052,,
46,14633,,,1.317280650138855,,
46,14635,,,1.188568353652954,,
46,14637,,,1.204649567604065,,
46,14639,,,1.166458249092102,,
46,14641,,,1.1152839660644531,,
46,14643,,,1.2756197452545166,,
46,14645,,,1.0901647806167603,,
46,14647,,,1.1958301067352295,,
46,14649,,,1.1433476209640503,,
46,14651,,,1.1723504066467285,,
46,14653,,,1.2387943267822266,,
46,14655,,,1.2033841609954834,,
46,14657,,,1.3460813760757446,,
46,14659,,,1.1615455150604248,,
46,14661,,,1.2025024890899658,,
46,14663,,,1.2934778928756714,,
46,14665,,,1.1815065145492554,,
46,14667,,,1.3780966997146606,,
46,14669,,,1.347669005393982,,
46,14671,,,1.1846837997436523,,
46,14673,,,1.2558389902114868,,
46,14675,,,1.2615694999694824,,
46,14677,,,1.2337453365325928,,
46,14679,,,1.1200573444366455,,
46,14681,,,1.2907663583755493,,
46,14683,,,1.2671408653259277,,
46,14685,,,1.1831027269363403,,
46,14687,,,1.2891806364059448,,
46,14689,,,1.2524728775024414,,
46,14691,,,1.1919280290603638,,
46,14693,,,1.100136637687683,,
46,14695,,,1.0845156908035278,,
46,14697,,,1.2257099151611328,,
46,14699,,,1.4538567066192627,,
46,14701,,,1.2538732290267944,,
46,14703,,,1.2238205671310425,,
46,14705,,,1.2449482679367065,,
46,14707,,,1.3680347204208374,,
46,14709,,,1.220396637916565,,
46,14710,,,,0.0012499999720603228,3.7908692359924316
47,14711,,,1.275835394859314,,
47,14713,,,1.2501107454299927,,
47,14715,,,1.2358845472335815,,
47,14717,,,1.2354261875152588,,
47,14719,,,1.418008804321289,,
47,14721,,,1.3241753578186035,,
47,14723,,,1.1652389764785767,,
47,14725,,,1.1429427862167358,,
47,14727,,,1.4040498733520508,,
47,14729,,,1.2649701833724976,,
47,14731,,,1.2527034282684326,,
47,14733,,,1.267878532409668,,
47,14735,,,1.1986072063446045,,
47,14737,,,1.241255283355713,,
47,14739,,,1.1744753122329712,,
47,14741,,,1.1823283433914185,,
47,14743,,,1.3305652141571045,,
47,14745,,,1.1543114185333252,,
47,14747,,,1.2137947082519531,,
47,14749,,,1.195580244064331,,
47,14751,,,1.2634469270706177,,
47,14753,,,1.1388963460922241,,
47,14755,,,1.2262957096099854,,
47,14757,,,1.2290552854537964,,
47,14759,,,1.2543338537216187,,
47,14761,,,1.2803571224212646,,
47,14763,,,1.2922097444534302,,
47,14765,,,1.2349395751953125,,
47,14767,,,1.2664101123809814,,
47,14769,,,1.3609364032745361,,
47,14771,,,1.2412478923797607,,
47,14773,,,1.1984107494354248,,
47,14775,,,1.2184925079345703,,
47,14777,,,1.120139241218567,,
47,14779,,,1.1499942541122437,,
47,14781,,,1.2434028387069702,,
47,14783,,,1.178866982460022,,
47,14785,,,1.1933315992355347,,
47,14787,,,1.2119876146316528,,
47,14789,,,1.2934082746505737,,
47,14791,,,1.2555296421051025,,
47,14793,,,1.2282919883728027,,
47,14795,,,1.3728712797164917,,
47,14797,,,1.2422386407852173,,
47,14799,,,1.1292030811309814,,
47,14801,,,1.3431447744369507,,
47,14803,,,1.2225244045257568,,
47,14805,,,1.1752797365188599,,
47,14807,,,1.2210414409637451,,
47,14809,,,1.1871795654296875,,
47,14811,,,1.205954670906067,,
47,14813,,,1.2494815587997437,,
47,14815,,,1.202188491821289,,
47,14817,,,1.1358541250228882,,
47,14819,,,1.1775236129760742,,
47,14821,,,1.3370153903961182,,
47,14823,,,1.2748256921768188,,
47,14825,,,1.4776626825332642,,
47,14827,,,1.1640880107879639,,
47,14829,,,1.2183054685592651,,
47,14831,,,1.2289180755615234,,
47,14833,,,1.223556637763977,,
47,14835,,,1.0668892860412598,,
47,14837,,,1.1288813352584839,,
47,14839,,,1.2367287874221802,,
47,14841,,,1.3439476490020752,,
47,14843,,,1.2760707139968872,,
47,14845,,,1.113063097000122,,
47,14847,,,1.1192554235458374,,
47,14849,,,1.2438504695892334,,
47,14851,,,1.2741926908493042,,
47,14853,,,1.2373462915420532,,
47,14855,,,1.2107537984848022,,
47,14857,,,1.2440378665924072,,
47,14859,,,1.1708897352218628,,
47,14861,,,1.2108755111694336,,
47,14863,,,1.2008931636810303,,
47,14865,,,1.3214271068572998,,
47,14867,,,1.2693694829940796,,
47,14869,,,1.1782699823379517,,
47,14871,,,1.2618416547775269,,
47,14873,,,1.2099210023880005,,
47,14875,,,1.2845607995986938,,
47,14877,,,1.267835259437561,,
47,14879,,,1.33816659450531,,
47,14881,,,1.1662938594818115,,
47,14883,,,1.24374520778656,,
47,14885,,,1.1586986780166626,,
47,14887,,,1.2762985229492188,,
47,14889,,,1.330754041671753,,
47,14891,,,1.1913434267044067,,
47,14893,,,1.3549365997314453,,
47,14895,,,1.1923892498016357,,
47,14897,,,1.2022128105163574,,
47,14899,,,1.2362563610076904,,
47,14901,,,1.2071187496185303,,
47,14903,,,1.3053442239761353,,
47,14905,,,1.0976191759109497,,
47,14907,,,1.1308109760284424,,
47,14909,,,1.2378484010696411,,
47,14911,,,1.3063409328460693,,
47,14913,,,1.1420625448226929,,
47,14915,,,1.2546604871749878,,
47,14917,,,1.2310633659362793,,
47,14919,,,1.1677273511886597,,
47,14921,,,1.406720757484436,,
47,14923,,,1.3221096992492676,,
47,14925,,,1.1731736660003662,,
47,14927,,,1.267188310623169,,
47,14929,,,1.1581120491027832,,
47,14931,,,1.1085001230239868,,
47,14933,,,1.2440989017486572,,
47,14935,,,1.2074754238128662,,
47,14937,,,1.1799670457839966,,
47,14939,,,1.1557748317718506,,
47,14941,,,1.3679776191711426,,
47,14943,,,1.292791485786438,,
47,14945,,,1.254698634147644,,
47,14947,,,1.2162492275238037,,
47,14949,,,1.1999996900558472,,
47,14951,,,1.2637258768081665,,
47,14953,,,1.134022831916809,,
47,14955,,,1.165060043334961,,
47,14957,,,1.2098532915115356,,
47,14959,,,1.1001629829406738,,
47,14961,,,1.1984918117523193,,
47,14963,,,1.1573429107666016,,
47,14965,,,1.1449178457260132,,
47,14967,,,1.1421715021133423,,
47,14969,,,1.2316672801971436,,
47,14971,,,1.1472891569137573,,
47,14973,,,1.1250026226043701,,
47,14975,,,1.2736001014709473,,
47,14977,,,1.2648288011550903,,
47,14979,,,1.2968286275863647,,
47,14981,,,1.1658473014831543,,
47,14983,,,1.1864250898361206,,
47,14985,,,1.240059494972229,,
47,14987,,,1.1529078483581543,,
47,14989,,,1.1596784591674805,,
47,14991,,,1.2445470094680786,,
47,14993,,,1.1436580419540405,,
47,14995,,,1.2159286737442017,,
47,14997,,,1.2439961433410645,,
47,14999,,,1.303236484527588,,
47,15001,,,1.3193845748901367,,
47,15003,,,1.1957645416259766,,
47,15005,,,1.2477036714553833,,
47,15007,,,1.152483344078064,,
47,15009,,,1.2253384590148926,,
47,15011,,,1.1922268867492676,,
47,15013,,,1.31316077709198,,
47,15015,,,1.2281821966171265,,
47,15017,,,1.142749547958374,,
47,15019,,,1.1037119626998901,,
47,15021,,,1.290641188621521,,
47,15023,,,1.1491221189498901,,
47,15023,,,,0.0012499999720603228,3.7910871505737305
48,15025,,,1.2086783647537231,,
48,15027,,,1.3819503784179688,,
48,15029,,,1.1186102628707886,,
48,15031,,,1.2655973434448242,,
48,15033,,,1.1865023374557495,,
48,15035,,,1.254730224609375,,
48,15037,,,1.184095859527588,,
48,15039,,,1.2863850593566895,,
48,15041,,,1.2002484798431396,,
48,15043,,,1.321343183517456,,
48,15045,,,1.1860237121582031,,
48,15047,,,1.1760929822921753,,
48,15049,,,1.3039345741271973,,
48,15051,,,1.3081525564193726,,
48,15053,,,1.1570591926574707,,
48,15055,,,1.1305713653564453,,
48,15057,,,1.2184511423110962,,
48,15059,,,1.314879298210144,,
48,15061,,,1.2793155908584595,,
48,15063,,,1.2615152597427368,,
48,15065,,,1.2897026538848877,,
48,15067,,,1.2342162132263184,,
48,15069,,,1.115991234779358,,
48,15071,,,1.2108334302902222,,
48,15073,,,1.1807411909103394,,
48,15075,,,1.2625410556793213,,
48,15077,,,1.1768081188201904,,
48,15079,,,1.2390137910842896,,
48,15081,,,1.17894446849823,,
48,15083,,,1.2230312824249268,,
48,15085,,,1.2807413339614868,,
48,15087,,,1.2319358587265015,,
48,15089,,,1.1863973140716553,,
48,15091,,,1.119561791419983,,
48,15093,,,1.2064175605773926,,
48,15095,,,1.2265408039093018,,
48,15097,,,1.2429606914520264,,
48,15099,,,1.333068609237671,,
48,15101,,,1.2624329328536987,,
48,15103,,,1.2964414358139038,,
48,15105,,,1.287989854812622,,
48,15107,,,1.1872535943984985,,
48,15109,,,1.3234153985977173,,
48,15111,,,1.303503155708313,,
48,15113,,,1.1592799425125122,,
48,15115,,,1.1551735401153564,,
48,15117,,,1.2483501434326172,,
48,15119,,,1.2182155847549438,,
48,15121,,,1.346591591835022,,
48,15123,,,1.268437385559082,,
48,15125,,,1.2837607860565186,,
48,15127,,,1.1923054456710815,,
48,15129,,,1.1832540035247803,,
48,15131,,,1.3867919445037842,,
48,15133,,,1.277234435081482,,
48,15135,,,1.1728254556655884,,
48,15137,,,1.2343295812606812,,
48,15139,,,1.289412260055542,,
48,15141,,,1.1297131776809692,,
48,15143,,,1.3434288501739502,,
48,15145,,,1.2456670999526978,,
48,15147,,,1.1298236846923828,,
48,15149,,,1.2611055374145508,,
48,15151,,,1.2254259586334229,,
48,15153,,,1.1878284215927124,,
48,15155,,,1.3563086986541748,,
48,15157,,,1.399427890777588,,
48,15159,,,1.2718472480773926,,
48,15161,,,1.2350883483886719,,
48,15163,,,1.310693621635437,,
48,15165,,,1.273399829864502,,
48,15167,,,1.4234710931777954,,
48,15169,,,1.3269304037094116,,
48,15171,,,1.2012760639190674,,
48,15173,,,1.2569060325622559,,
48,15175,,,1.3203496932983398,,
48,15177,,,1.2289602756500244,,
48,15179,,,1.1510354280471802,,
48,15181,,,1.1656261682510376,,
48,15183,,,1.364871621131897,,
48,15185,,,1.1708495616912842,,
48,15187,,,1.3139171600341797,,
48,15189,,,1.2075514793395996,,
48,15191,,,1.288988709449768,,
48,15193,,,1.2089155912399292,,
48,15195,,,1.1451992988586426,,
48,15197,,,1.2037614583969116,,
48,15199,,,1.2325092554092407,,
48,15201,,,1.2812589406967163,,
48,15203,,,1.2638275623321533,,
48,15205,,,1.2169550657272339,,
48,15207,,,1.3558200597763062,,
48,15209,,,1.1645053625106812,,
48,15211,,,1.3353323936462402,,
48,15213,,,1.1697341203689575,,
48,15215,,,1.2427865266799927,,
48,15217,,,1.2208858728408813,,
48,15219,,,1.2987384796142578,,
48,15221,,,1.2834585905075073,,
48,15223,,,1.2145740985870361,,
48,15225,,,1.3423783779144287,,
48,15227,,,1.1679269075393677,,
48,15229,,,1.1425118446350098,,
48,15231,,,1.388024926185608,,
48,15233,,,1.1762473583221436,,
48,15235,,,1.328062891960144,,
48,15237,,,1.2239336967468262,,
48,15239,,,1.2731212377548218,,
48,15241,,,1.1973037719726562,,
48,15243,,,1.228844165802002,,
48,15245,,,1.2386201620101929,,
48,15247,,,1.335665225982666,,
48,15249,,,1.1920561790466309,,
48,15251,,,1.2153280973434448,,
48,15253,,,1.2696582078933716,,
48,15255,,,1.2060303688049316,,
48,15257,,,1.2916315793991089,,
48,15259,,,1.273493766784668,,
48,15261,,,1.1134469509124756,,
48,15263,,,1.183874249458313,,
48,15265,,,1.1592323780059814,,
48,15267,,,1.128959059715271,,
48,15269,,,1.243645429611206,,
48,15271,,,1.2159738540649414,,
48,15273,,,1.1839375495910645,,
48,15275,,,1.2050772905349731,,
48,15277,,,1.1655285358428955,,
48,15279,,,1.159820318222046,,
48,15281,,,1.2578011751174927,,
48,15283,,,1.1656906604766846,,
48,15285,,,1.3005815744400024,,
48,15287,,,1.1566038131713867,,
48,15289,,,1.3542202711105347,,
48,15291,,,1.105499267578125,,
48,15293,,,1.1934324502944946,,
48,15295,,,1.2387807369232178,,
48,15297,,,1.350587010383606,,
48,15299,,,1.159528136253357,,
48,15301,,,1.298708200454712,,
48,15303,,,1.2086342573165894,,
48,15305,,,1.3380767107009888,,
48,15307,,,1.214370846748352,,
48,15309,,,1.2357511520385742,,
48,15311,,,1.2125552892684937,,
48,15313,,,1.3475698232650757,,
48,15315,,,1.351941704750061,,
48,15317,,,1.2439762353897095,,
48,15319,,,1.1420881748199463,,
48,15321,,,1.2719520330429077,,
48,15323,,,1.2273770570755005,,
48,15325,,,1.2624359130859375,,
48,15327,,,1.2159631252288818,,
48,15329,,,1.2296510934829712,,
48,15331,,,1.199636697769165,,
48,15333,,,1.1273270845413208,,
48,15335,,,1.1639118194580078,,
48,15336,,,,0.0012499999720603228,3.766040325164795
49,15337,,,1.2428382635116577,,
49,15339,,,1.1508821249008179,,
49,15341,,,1.114532470703125,,
49,15343,,,1.1503041982650757,,
49,15345,,,1.285239815711975,,
49,15347,,,1.274604320526123,,
49,15349,,,1.245188593864441,,
49,15351,,,1.1266286373138428,,
49,15353,,,1.094186544418335,,
49,15355,,,1.2823374271392822,,
49,15357,,,1.1147174835205078,,
49,15359,,,1.335590124130249,,
49,15361,,,1.316547155380249,,
49,15363,,,1.4078443050384521,,
49,15365,,,1.2549080848693848,,
49,15367,,,1.1495858430862427,,
49,15369,,,1.1943268775939941,,
49,15371,,,1.271549105644226,,
49,15373,,,1.1742150783538818,,
49,15375,,,1.131309986114502,,
49,15377,,,1.178439736366272,,
49,15379,,,1.3538305759429932,,
49,15381,,,1.4352333545684814,,
49,15383,,,1.2662090063095093,,
49,15385,,,1.4328250885009766,,
49,15387,,,1.3088430166244507,,
49,15389,,,1.128093957901001,,
49,15391,,,1.3328534364700317,,
49,15393,,,1.2352385520935059,,
49,15395,,,1.2932860851287842,,
49,15397,,,1.2134662866592407,,
49,15399,,,1.3354887962341309,,
49,15401,,,1.1961870193481445,,
49,15403,,,1.1647841930389404,,
49,15405,,,1.250347375869751,,
49,15407,,,1.2883920669555664,,
49,15409,,,1.208727240562439,,
49,15411,,,1.1968780755996704,,
49,15413,,,1.1887094974517822,,
49,15415,,,1.1966935396194458,,
49,15417,,,1.273777961730957,,
49,15419,,,1.3361449241638184,,
49,15421,,,1.1332648992538452,,
49,15423,,,1.3008856773376465,,
49,15425,,,1.187527060508728,,
49,15427,,,1.1857249736785889,,
49,15429,,,1.3485428094863892,,
49,15431,,,1.1658004522323608,,
49,15433,,,1.2084789276123047,,
49,15435,,,1.2252999544143677,,
49,15437,,,1.2092396020889282,,
49,15439,,,1.3346370458602905,,
49,15441,,,1.172345519065857,,
49,15443,,,1.382770299911499,,
49,15445,,,1.3011385202407837,,
49,15447,,,1.2492671012878418,,
49,15449,,,1.2533977031707764,,
49,15451,,,1.0943299531936646,,
49,15453,,,1.2806401252746582,,
49,15455,,,1.1833689212799072,,
49,15457,,,1.2314091920852661,,
49,15459,,,1.2989469766616821,,
49,15461,,,1.164851427078247,,
49,15463,,,1.126158595085144,,
49,15465,,,1.23722243309021,,
49,15467,,,1.1340625286102295,,
49,15469,,,1.235413908958435,,
49,15471,,,1.5031228065490723,,
49,15473,,,1.2620574235916138,,
49,15475,,,1.2345900535583496,,
49,15477,,,1.2509057521820068,,
49,15479,,,1.321351408958435,,
49,15481,,,1.329983115196228,,
49,15483,,,1.2754563093185425,,
49,15485,,,1.1776442527770996,,
49,15487,,,1.2513353824615479,,
49,15489,,,1.2188822031021118,,
49,15491,,,1.2266181707382202,,
49,15493,,,1.1758613586425781,,
49,15495,,,1.4115393161773682,,
49,15497,,,1.2967076301574707,,
49,15499,,,1.266184687614441,,
49,15501,,,1.3557729721069336,,
49,15503,,,1.3402655124664307,,
49,15505,,,1.2220209836959839,,
49,15507,,,1.168220043182373,,
49,15509,,,1.1021556854248047,,
49,15511,,,1.1779582500457764,,
49,15513,,,1.270032525062561,,
49,15515,,,1.301796317100525,,
49,15517,,,1.1663353443145752,,
49,15519,,,1.2555330991744995,,
49,15521,,,1.100899338722229,,
49,15523,,,1.2554799318313599,,
49,15525,,,1.221039056777954,,
49,15527,,,1.2446707487106323,,
49,15529,,,1.2442212104797363,,
49,15531,,,1.1671788692474365,,
49,15533,,,1.3230351209640503,,
49,15535,,,1.2336317300796509,,
49,15537,,,1.1823781728744507,,
49,15539,,,1.167647123336792,,
49,15541,,,1.2298635244369507,,
49,15543,,,1.2164183855056763,,
49,15545,,,1.5074927806854248,,
49,15547,,,1.3609932661056519,,
49,15549,,,1.0807899236679077,,
49,15551,,,1.2101399898529053,,
49,15553,,,1.4172332286834717,,
49,15555,,,1.224828839302063,,
49,15557,,,1.1805471181869507,,
49,15559,,,1.271780252456665,,
49,15561,,,1.0963844060897827,,
49,15563,,,1.1906754970550537,,
49,15565,,,1.1890307664871216,,
49,15567,,,1.2287770509719849,,
49,15569,,,1.18799889087677,,
49,15571,,,1.2534198760986328,,
49,15573,,,1.194575309753418,,
49,15575,,,1.1197603940963745,,
49,15577,,,1.2343608140945435,,
49,15579,,,1.168729543685913,,
49,15581,,,1.1369155645370483,,
49,15583,,,1.2291882038116455,,
49,15585,,,1.183922529220581,,
49,15587,,,1.1967880725860596,,
49,15589,,,1.122403860092163,,
49,15591,,,1.3950841426849365,,
49,15593,,,1.2340012788772583,,
49,15595,,,1.1990435123443604,,
49,15597,,,1.2310357093811035,,
49,15599,,,1.245901107788086,,
49,15601,,,1.262924313545227,,
49,15603,,,1.1646051406860352,,
49,15605,,,1.2283964157104492,,
49,15607,,,1.1508136987686157,,
49,15609,,,1.134977102279663,,
49,15611,,,1.2171982526779175,,
49,15613,,,1.2951172590255737,,
49,15615,,,1.3063899278640747,,
49,15617,,,1.3100420236587524,,
49,15619,,,1.210479736328125,,
49,15621,,,1.2668498754501343,,
49,15623,,,1.3116012811660767,,
49,15625,,,1.3864108324050903,,
49,15627,,,1.4436781406402588,,
49,15629,,,1.2502691745758057,,
49,15631,,,1.25813627243042,,
49,15633,,,1.2543994188308716,,
49,15635,,,1.3116388320922852,,
49,15637,,,1.1232515573501587,,
49,15639,,,1.1725976467132568,,
49,15641,,,1.2192847728729248,,
49,15643,,,1.1824644804000854,,
49,15645,,,1.2386858463287354,,
49,15647,,,1.2991005182266235,,
49,15649,,,1.1917108297348022,,
49,15649,,,,0.0012499999720603228,3.802119493484497
50,15651,,,1.255580186843872,,
50,15653,,,1.3322231769561768,,
50,15655,,,1.1658116579055786,,
50,15657,,,1.1584872007369995,,
50,15659,,,1.137833833694458,,
50,15661,,,1.2351994514465332,,
50,15663,,,1.1270538568496704,,
50,15665,,,1.1266642808914185,,
50,15667,,,1.1895309686660767,,
50,15669,,,1.2751573324203491,,
50,15671,,,1.3964829444885254,,
50,15673,,,1.2736873626708984,,
50,15675,,,1.131687045097351,,
50,15677,,,1.5264159440994263,,
50,15679,,,1.167551875114441,,
50,15681,,,1.2903921604156494,,
50,15683,,,1.2282633781433105,,
50,15685,,,1.252630352973938,,
50,15687,,,1.1585700511932373,,
50,15689,,,1.2350987195968628,,
50,15691,,,1.2612355947494507,,
50,15693,,,1.1833889484405518,,
50,15695,,,1.1012312173843384,,
50,15697,,,1.1038753986358643,,
50,15699,,,1.2880151271820068,,
50,15701,,,1.1998991966247559,,
50,15703,,,1.1787974834442139,,
50,15705,,,1.3703933954238892,,
50,15707,,,1.3810170888900757,,
50,15709,,,1.2265948057174683,,
50,15711,,,1.3174409866333008,,
50,15713,,,1.200154185295105,,
50,15715,,,1.2722654342651367,,
50,15717,,,1.3865113258361816,,
50,15719,,,1.3163387775421143,,
50,15721,,,1.1803832054138184,,
50,15723,,,1.2905943393707275,,
50,15725,,,1.2423064708709717,,
50,15727,,,1.131101369857788,,
50,15729,,,1.1552684307098389,,
50,15731,,,1.3509409427642822,,
50,15733,,,1.3583437204360962,,
50,15735,,,1.1592203378677368,,
50,15737,,,1.314012885093689,,
50,15739,,,1.3126424551010132,,
50,15741,,,1.1979634761810303,,
50,15743,,,1.3088816404342651,,
50,15745,,,1.2154675722122192,,
50,15747,,,1.3985650539398193,,
50,15749,,,1.2404696941375732,,
50,15751,,,1.1786912679672241,,
50,15753,,,1.2156224250793457,,
50,15755,,,1.2488402128219604,,
50,15757,,,1.246156096458435,,
50,15759,,,1.1651297807693481,,
50,15761,,,1.2062445878982544,,
50,15763,,,1.2697020769119263,,
50,15765,,,1.2295070886611938,,
50,15767,,,1.1525859832763672,,
50,15769,,,1.2144347429275513,,
50,15771,,,1.2750040292739868,,
50,15773,,,1.228494644165039,,
50,15775,,,1.2100328207015991,,
50,15777,,,1.2204409837722778,,
50,15779,,,1.2372195720672607,,
50,15781,,,1.2614222764968872,,
50,15783,,,1.2056227922439575,,
50,15785,,,1.292080044746399,,
50,15787,,,1.1044665575027466,,
50,15789,,,1.285420298576355,,
50,15791,,,1.1252490282058716,,
50,15793,,,1.2591962814331055,,
50,15795,,,1.3301970958709717,,
50,15797,,,1.2458916902542114,,
50,15799,,,1.208781361579895,,
50,15801,,,1.1104447841644287,,
50,15803,,,1.240494966506958,,
50,15805,,,1.168126106262207,,
50,15807,,,1.2820816040039062,,
50,15809,,,1.4346131086349487,,
50,15811,,,1.310809850692749,,
50,15813,,,1.2065675258636475,,
50,15815,,,1.174017071723938,,
50,15817,,,1.2839654684066772,,
50,15819,,,1.23060142993927,,
50,15821,,,1.165379285812378,,
50,15823,,,1.210870385169983,,
50,15825,,,1.1970099210739136,,
50,15827,,,1.1243926286697388,,
50,15829,,,1.1990834474563599,,
50,15831,,,1.3656338453292847,,
50,15833,,,1.2733474969863892,,
50,15835,,,1.1527408361434937,,
50,15837,,,1.2044202089309692,,
50,15839,,,1.3283108472824097,,
50,15841,,,1.1394919157028198,,
50,15843,,,1.1644984483718872,,
50,15845,,,1.1710509061813354,,
50,15847,,,1.1336894035339355,,
50,15849,,,1.2897753715515137,,
50,15851,,,1.2216644287109375,,
50,15853,,,1.2047438621520996,,
50,15855,,,1.30274498462677,,
50,15857,,,1.2049087285995483,,
50,15859,,,1.2473386526107788,,
50,15861,,,1.1313776969909668,,
50,15863,,,1.2983100414276123,,
50,15865,,,1.3687726259231567,,
50,15867,,,1.261612892150879,,
50,15869,,,1.3076906204223633,,
50,15871,,,1.1254286766052246,,
50,15873,,,1.2858058214187622,,
50,15875,,,1.2086937427520752,,
50,15877,,,1.237756371498108,,
50,15879,,,1.3640433549880981,,
50,15881,,,1.2583874464035034,,
50,15883,,,1.3657498359680176,,
50,15885,,,1.2161892652511597,,
50,15887,,,1.3117895126342773,,
50,15889,,,1.2419421672821045,,
50,15891,,,1.2689956426620483,,
50,15893,,,1.2655587196350098,,
50,15895,,,1.2400104999542236,,
50,15897,,,1.15961492061615,,
50,15899,,,1.2805806398391724,,
50,15901,,,1.1872620582580566,,
50,15903,,,1.1863349676132202,,
50,15905,,,1.0984121561050415,,
50,15907,,,1.2122986316680908,,
50,15909,,,1.32632577419281,,
50,15911,,,1.1576991081237793,,
50,15913,,,1.0124175548553467,,
50,15915,,,1.2771559953689575,,
50,15917,,,1.1648551225662231,,
50,15919,,,1.2475969791412354,,
50,15921,,,1.2152867317199707,,
50,15923,,,1.2123044729232788,,
50,15925,,,1.3036305904388428,,
50,15927,,,1.2097607851028442,,
50,15929,,,1.1516859531402588,,
50,15931,,,1.203977346420288,,
50,15933,,,1.3238497972488403,,
50,15935,,,1.3154339790344238,,
50,15937,,,1.1811342239379883,,
50,15939,,,1.2499216794967651,,
50,15941,,,1.2697640657424927,,
50,15943,,,1.222152829170227,,
50,15945,,,1.1149698495864868,,
50,15947,,,1.158129096031189,,
50,15949,,,1.2486670017242432,,
50,15951,,,1.1717675924301147,,
50,15953,,,1.148469090461731,,
50,15955,,,1.1124335527420044,,
50,15957,,,1.2485421895980835,,
50,15959,,,1.3009908199310303,,
50,15961,,,1.3273981809616089,,
50,15962,,,,0.0012499999720603228,3.7970340251922607
51,15963,,,1.2221732139587402,,
51,15965,,,1.2831393480300903,,
51,15967,,,1.1528193950653076,,
51,15969,,,1.1533550024032593,,
51,15971,,,1.2347031831741333,,
51,15973,,,1.1488234996795654,,
51,15975,,,1.1966673135757446,,
51,15977,,,1.1911218166351318,,
51,15979,,,1.150999665260315,,
51,15981,,,1.2073845863342285,,
51,15983,,,1.1635510921478271,,
51,15985,,,1.0970728397369385,,
51,15987,,,1.2636293172836304,,
51,15989,,,1.03374445438385,,
51,15991,,,1.2703839540481567,,
51,15993,,,1.2197777032852173,,
51,15995,,,1.238376259803772,,
51,15997,,,1.2848849296569824,,
51,15999,,,1.169138789176941,,
51,16001,,,1.2451684474945068,,
51,16003,,,1.224977731704712,,
51,16005,,,1.2566170692443848,,
51,16007,,,1.1972101926803589,,
51,16009,,,1.3283846378326416,,
51,16011,,,1.2544201612472534,,
51,16013,,,1.2356582880020142,,
51,16015,,,1.1329224109649658,,
51,16017,,,1.2119351625442505,,
51,16019,,,1.2348641157150269,,
51,16021,,,1.2024180889129639,,
51,16023,,,1.2910082340240479,,
51,16025,,,1.1803019046783447,,
51,16027,,,1.1297184228897095,,
51,16029,,,1.2721058130264282,,
51,16031,,,1.2637369632720947,,
51,16033,,,1.1544665098190308,,
51,16035,,,1.2036324739456177,,
51,16037,,,1.1312694549560547,,
51,16039,,,1.1786022186279297,,
51,16041,,,1.2236456871032715,,
51,16043,,,1.1618857383728027,,
51,16045,,,1.2596592903137207,,
51,16047,,,1.1690788269042969,,
51,16049,,,1.2439532279968262,,
51,16051,,,1.198988676071167,,
51,16053,,,1.1604421138763428,,
51,16055,,,1.2614885568618774,,
51,16057,,,1.2435739040374756,,
51,16059,,,1.2424875497817993,,
51,16061,,,1.2042323350906372,,
51,16063,,,1.2322263717651367,,
51,16065,,,1.2791482210159302,,
51,16067,,,1.1897213459014893,,
51,16069,,,1.2963769435882568,,
51,16071,,,1.1749005317687988,,
51,16073,,,1.2734814882278442,,
51,16075,,,1.2394412755966187,,
51,16077,,,1.2136074304580688,,
51,16079,,,1.1054744720458984,,
51,16081,,,1.2593774795532227,,
51,16083,,,1.2537355422973633,,
51,16085,,,1.1211894750595093,,
51,16087,,,1.1611919403076172,,
51,16089,,,1.3824774026870728,,
51,16091,,,1.202256202697754,,
51,16093,,,1.2437881231307983,,
51,16095,,,1.2242834568023682,,
51,16097,,,1.2302210330963135,,
51,16099,,,1.200453519821167,,
51,16101,,,1.2941213846206665,,
51,16103,,,1.117179036140442,,
51,16105,,,1.231665849685669,,
51,16107,,,1.1252268552780151,,
51,16109,,,1.3136862516403198,,
51,16111,,,1.2312140464782715,,
51,16113,,,1.2436422109603882,,
51,16115,,,1.2215043306350708,,
51,16117,,,1.275924563407898,,
51,16119,,,1.2148759365081787,,
51,16121,,,1.2760069370269775,,
51,16123,,,1.2394804954528809,,
51,16125,,,1.2990666627883911,,
51,16127,,,1.2695741653442383,,
51,16129,,,1.2207536697387695,,
51,16131,,,1.4286248683929443,,
51,16133,,,1.2788864374160767,,
51,16135,,,1.2582683563232422,,
51,16137,,,1.2441492080688477,,
51,16139,,,1.1892393827438354,,
51,16141,,,1.191949725151062,,
51,16143,,,1.317409634590149,,
51,16145,,,1.1749720573425293,,
51,16147,,,1.3421958684921265,,
51,16149,,,1.115130066871643,,
51,16151,,,1.2328131198883057,,
51,16153,,,1.2536847591400146,,
51,16155,,,1.2066597938537598,,
51,16157,,,1.1872124671936035,,
51,16159,,,1.2571707963943481,,
51,16161,,,1.198575496673584,,
51,16163,,,1.204453468322754,,
51,16165,,,1.1246787309646606,,
51,16167,,,1.26701819896698,,
51,16169,,,1.3345928192138672,,
51,16171,,,1.26944100856781,,
51,16173,,,1.1830247640609741,,
51,16175,,,1.2033624649047852,,
51,16177,,,1.2267793416976929,,
51,16179,,,1.19219970703125,,
51,16181,,,1.3015575408935547,,
51,16183,,,1.2970284223556519,,
51,16185,,,1.2700510025024414,,
51,16187,,,1.2787851095199585,,
51,16189,,,1.0367645025253296,,
51,16191,,,1.2127816677093506,,
51,16193,,,1.154598593711853,,
51,16195,,,1.2553379535675049,,
51,16197,,,1.4082727432250977,,
51,16199,,,1.3249130249023438,,
51,16201,,,1.1501799821853638,,
51,16203,,,1.1478193998336792,,
51,16205,,,1.1784346103668213,,
51,16207,,,1.3552000522613525,,
51,16209,,,1.3007968664169312,,
51,16211,,,1.3376319408416748,,
51,16213,,,1.2133097648620605,,
51,16215,,,1.3070461750030518,,
51,16217,,,1.2295671701431274,,
51,16219,,,1.2652339935302734,,
51,16221,,,1.2270700931549072,,
51,16223,,,1.2639241218566895,,
51,16225,,,1.3183892965316772,,
51,16227,,,1.2842152118682861,,
51,16229,,,1.2219738960266113,,
51,16231,,,1.1868388652801514,,
51,16233,,,1.3325915336608887,,
51,16235,,,1.2938051223754883,,
51,16237,,,1.4081088304519653,,
51,16239,,,1.3211389780044556,,
51,16241,,,1.306614637374878,,
51,16243,,,1.2790296077728271,,
51,16245,,,1.2341639995574951,,
51,16247,,,1.1330984830856323,,
51,16249,,,1.1670728921890259,,
51,16251,,,1.2141505479812622,,
51,16253,,,1.2043935060501099,,
51,16255,,,1.1888631582260132,,
51,16257,,,1.107234239578247,,
51,16259,,,1.21843683719635,,
51,16261,,,1.2192074060440063,,
51,16263,,,1.186373233795166,,
51,16265,,,1.2589914798736572,,
51,16267,,,1.178220272064209,,
51,16269,,,1.2228487730026245,,
51,16271,,,1.2225674390792847,,
51,16273,,,1.3017081022262573,,
51,16275,,,1.107883334159851,,
51,16275,,,,0.0012499999720603228,3.8136489391326904
52,16277,,,1.1719400882720947,,
52,16279,,,1.2412501573562622,,
52,16281,,,1.164064645767212,,
52,16283,,,1.208159327507019,,
52,16285,,,1.2809938192367554,,
52,16287,,,1.2202556133270264,,
52,16289,,,1.1814568042755127,,
52,16291,,,1.1940515041351318,,
52,16293,,,1.3416184186935425,,
52,16295,,,1.2530314922332764,,
52,16297,,,1.240304946899414,,
52,16299,,,1.1599329710006714,,
52,16301,,,1.324379324913025,,
52,16303,,,1.2292170524597168,,
52,16305,,,1.2668194770812988,,
52,16307,,,1.2461941242218018,,
52,16309,,,1.2921909093856812,,
52,16311,,,1.1416316032409668,,
52,16313,,,1.4083960056304932,,
52,16315,,,1.3416997194290161,,
52,16317,,,1.1980254650115967,,
52,16319,,,1.317853569984436,,
52,16321,,,1.3925315141677856,,
52,16323,,,1.227094054222107,,
52,16325,,,1.1977672576904297,,
52,16327,,,1.147721767425537,,
52,16329,,,1.1216282844543457,,
52,16331,,,1.2662746906280518,,
52,16333,,,1.18799889087677,,
52,16335,,,1.2037068605422974,,
52,16337,,,1.1906582117080688,,
52,16339,,,1.400354266166687,,
52,16341,,,1.2686619758605957,,
52,16343,,,1.2468290328979492,,
52,16345,,,1.154332160949707,,
52,16347,,,1.1901987791061401,,
52,16349,,,1.1775462627410889,,
52,16351,,,1.2277625799179077,,
52,16353,,,1.1753371953964233,,
52,16355,,,1.2004331350326538,,
52,16357,,,1.1970986127853394,,
52,16359,,,1.2323038578033447,,
52,16361,,,1.2132476568222046,,
52,16363,,,1.1267569065093994,,
52,16365,,,1.2804954051971436,,
52,16367,,,1.145214557647705,,
52,16369,,,1.1632063388824463,,
52,16371,,,1.1837568283081055,,
52,16373,,,1.0852082967758179,,
52,16375,,,1.449648141860962,,
52,16377,,,1.2307708263397217,,
52,16379,,,1.208646535873413,,
52,16381,,,1.2453734874725342,,
52,16383,,,1.292751431465149,,
52,16385,,,1.1912448406219482,,
52,16387,,,1.3033798933029175,,
52,16389,,,1.3321045637130737,,
52,16391,,,1.2656863927841187,,
52,16393,,,1.3675670623779297,,
52,16395,,,1.309898018836975,,
52,16397,,,1.215763807296753,,
52,16399,,,1.186212420463562,,
52,16401,,,1.2865148782730103,,
52,16403,,,1.3298496007919312,,
52,16405,,,1.182426929473877,,
52,16407,,,1.3124300241470337,,
52,16409,,,1.2717331647872925,,
52,16411,,,1.147670865058899,,
52,16413,,,1.241377353668213,,
52,16415,,,1.3105850219726562,,
52,16417,,,1.2112056016921997,,
52,16419,,,1.262200951576233,,
52,16421,,,1.366912603378296,,
52,16423,,,1.1603171825408936,,
52,16425,,,1.2340035438537598,,
52,16427,,,1.3484294414520264,,
52,16429,,,1.2344645261764526,,
52,16431,,,1.1472712755203247,,
52,16433,,,1.2990614175796509,,
52,16435,,,1.1638778448104858,,
52,16437,,,1.305438756942749,,
52,16439,,,1.0927748680114746,,
52,16441,,,1.2639782428741455,,
52,16443,,,1.1100720167160034,,
52,16445,,,1.2641370296478271,,
52,16447,,,1.3281590938568115,,
52,16449,,,1.4104690551757812,,
52,16451,,,1.280442237854004,,
52,16453,,,1.2990386486053467,,
52,16455,,,1.240563154220581,,
52,16457,,,1.3056992292404175,,
52,16459,,,1.216130256652832,,
52,16461,,,1.353294014930725,,
52,16463,,,1.2722052335739136,,
52,16465,,,1.2768840789794922,,
52,16467,,,1.2308015823364258,,
52,16469,,,1.1910337209701538,,
52,16471,,,1.1609046459197998,,
52,16473,,,1.3465275764465332,,
52,16475,,,1.1983611583709717,,
52,16477,,,1.193352222442627,,
52,16479,,,1.3922947645187378,,
52,16481,,,1.379241704940796,,
52,16483,,,1.1780102252960205,,
52,16485,,,1.1793054342269897,,
52,16487,,,1.2310129404067993,,
52,16489,,,1.1609892845153809,,
52,16491,,,1.2871087789535522,,
52,16493,,,1.3112858533859253,,
52,16495,,,1.179158091545105,,
52,16497,,,1.3277844190597534,,
52,16499,,,1.2122796773910522,,
52,16501,,,1.2102261781692505,,
52,16503,,,1.2035325765609741,,
52,16505,,,1.1169227361679077,,
52,16507,,,1.1509828567504883,,
52,16509,,,1.0744324922561646,,
52,16511,,,1.250585675239563,,
52,16513,,,1.1802396774291992,,
52,16515,,,1.086834192276001,,
52,16517,,,1.205517053604126,,
52,16519,,,1.169197678565979,,
52,16521,,,1.2471201419830322,,
52,16523,,,1.1216864585876465,,
52,16525,,,1.1804072856903076,,
52,16527,,,1.1914756298065186,,
52,16529,,,1.118847370147705,,
52,16531,,,1.1098592281341553,,
52,16533,,,1.072922945022583,,
52,16535,,,1.1741068363189697,,
52,16537,,,1.274362564086914,,
52,16539,,,1.1876667737960815,,
52,16541,,,1.2885184288024902,,
52,16543,,,1.1946009397506714,,
52,16545,,,1.3129603862762451,,
52,16547,,,1.2190465927124023,,
52,16549,,,1.159175157546997,,
52,16551,,,1.3205208778381348,,
52,16553,,,1.237997055053711,,
52,16555,,,1.2933233976364136,,
52,16557,,,1.173571228981018,,
52,16559,,,1.1522157192230225,,
52,16561,,,1.1582673788070679,,
52,16563,,,1.237200379371643,,
52,16565,,,1.3268288373947144,,
52,16567,,,1.1780812740325928,,
52,16569,,,1.308283805847168,,
52,16571,,,1.3045424222946167,,
52,16573,,,1.2586445808410645,,
52,16575,,,1.184819221496582,,
52,16577,,,1.2289377450942993,,
52,16579,,,1.1736034154891968,,
52,16581,,,1.2599772214889526,,
52,16583,,,1.1019152402877808,,
52,16585,,,1.2577235698699951,,
52,16587,,,1.2337247133255005,,
52,16588,,,,0.0012499999720603228,3.764085531234741
53,16589,,,1.3057780265808105,,
53,16591,,,1.1700166463851929,,
53,16593,,,1.1573740243911743,,
53,16595,,,1.1821765899658203,,
53,16597,,,1.1608589887619019,,
53,16599,,,1.2471098899841309,,
53,16601,,,1.279409408569336,,
53,16603,,,1.130013108253479,,
53,16605,,,1.3267022371292114,,
53,16607,,,1.165175199508667,,
53,16609,,,1.0802923440933228,,
53,16611,,,1.1285749673843384,,
53,16613,,,1.148126482963562,,
53,16615,,,1.1650524139404297,,
53,16617,,,1.0820485353469849,,
53,16619,,,1.3007792234420776,,
53,16621,,,1.1925222873687744,,
53,16623,,,1.1408534049987793,,
53,16625,,,1.3066319227218628,,
53,16627,,,1.2470608949661255,,
53,16629,,,1.1463706493377686,,
53,16631,,,1.222108006477356,,
53,16633,,,1.2489312887191772,,
53,16635,,,1.156308650970459,,
53,16637,,,1.158554196357727,,
53,16639,,,1.290810465812683,,
53,16641,,,1.2647467851638794,,
53,16643,,,1.1705055236816406,,
53,16645,,,1.282848834991455,,
53,16647,,,1.087870478630066,,
53,16649,,,1.1912856101989746,,
53,16651,,,1.1700876951217651,,
53,16653,,,1.2180782556533813,,
53,16655,,,1.1794251203536987,,
53,16657,,,1.1112748384475708,,
53,16659,,,1.1950126886367798,,
53,16661,,,1.2112089395523071,,
53,16663,,,1.3099675178527832,,
53,16665,,,1.277665376663208,,
53,16667,,,1.2853994369506836,,
53,16669,,,1.2834899425506592,,
53,16671,,,1.175093650817871,,
53,16673,,,1.4172773361206055,,
53,16675,,,1.1525143384933472,,
53,16677,,,1.3340048789978027,,
53,16679,,,1.2296987771987915,,
53,16681,,,1.233364462852478,,
53,16683,,,1.2201478481292725,,
53,16685,,,1.0920456647872925,,
53,16687,,,1.218875527381897,,
53,16689,,,1.1655486822128296,,
53,16691,,,1.1632767915725708,,
53,16693,,,1.2931307554244995,,
53,16695,,,1.1840845346450806,,
53,16697,,,1.3712546825408936,,
53,16699,,,1.2536020278930664,,
53,16701,,,1.270058035850525,,
53,16703,,,1.261674404144287,,
53,16705,,,1.2599745988845825,,
53,16707,,,1.1979185342788696,,
53,16709,,,1.2326987981796265,,
53,16711,,,1.2087934017181396,,
53,16713,,,1.171038269996643,,
53,16715,,,1.4172799587249756,,
53,16717,,,1.262819528579712,,
53,16719,,,1.3957322835922241,,
53,16721,,,1.1748571395874023,,
53,16723,,,1.1506452560424805,,
53,16725,,,1.3938747644424438,,
53,16727,,,1.2927472591400146,,
53,16729,,,1.0881080627441406,,
53,16731,,,1.2196907997131348,,
53,16733,,,1.1426093578338623,,
53,16735,,,1.2413102388381958,,
53,16737,,,1.3191109895706177,,
53,16739,,,1.2539610862731934,,
53,16741,,,1.359654426574707,,
53,16743,,,1.1354166269302368,,
53,16745,,,1.1765795946121216,,
53,16747,,,1.2861545085906982,,
53,16749,,,1.1759438514709473,,
53,16751,,,1.2112096548080444,,
53,16753,,,1.27878737449646,,
53,16755,,,1.3821072578430176,,
53,16757,,,1.1770930290222168,,
53,16759,,,1.2203444242477417,,
53,16761,,,1.4357421398162842,,
53,16763,,,1.1592044830322266,,
53,16765,,,1.181678056716919,,
53,16767,,,1.261304259300232,,
53,16769,,,1.2105391025543213,,
53,16771,,,1.2856286764144897,,
53,16773,,,1.2382254600524902,,
53,16775,,,1.191334843635559,,
53,16777,,,1.28765070438385,,
53,16779,,,1.234866738319397,,
53,16781,,,1.233130931854248,,
53,16783,,,1.2077703475952148,,
53,16785,,,1.243994951248169,,
53,16787,,,1.19707453250885,,
53,16789,,,1.1953917741775513,,
53,16791,,,1.3418889045715332,,
53,16793,,,1.238641619682312,,
53,16795,,,1.1217581033706665,,
53,16797,,,1.2738010883331299,,
53,16799,,,1.0465335845947266,,
53,16801,,,1.139434576034546,,
53,16803,,,1.218665599822998,,
53,16805,,,1.4546492099761963,,
53,16807,,,1.2477339506149292,,
53,16809,,,1.3271006345748901,,
53,16811,,,1.1369861364364624,,
53,16813,,,1.292426586151123,,
53,16815,,,1.1562129259109497,,
53,16817,,,1.264492154121399,,
53,16819,,,1.1775939464569092,,
53,16821,,,1.2423685789108276,,
53,16823,,,1.221892237663269,,
53,16825,,,1.2665094137191772,,
53,16827,,,1.0918374061584473,,
53,16829,,,1.1446009874343872,,
53,16831,,,1.2026667594909668,,
53,16833,,,1.285275936126709,,
53,16835,,,1.2927942276000977,,
53,16837,,,1.182526707649231,,
53,16839,,,1.1864869594573975,,
53,16841,,,1.178177833557129,,
53,16843,,,1.2042999267578125,,
53,16845,,,1.1904661655426025,,
53,16847,,,1.3009446859359741,,
53,16849,,,1.2936149835586548,,
53,16851,,,1.1948374509811401,,
53,16853,,,1.2486467361450195,,
53,16855,,,1.1547106504440308,,
53,16857,,,1.2174378633499146,,
53,16859,,,1.1077567338943481,,
53,16861,,,1.1814701557159424,,
53,16863,,,1.1136785745620728,,
53,16865,,,1.1598124504089355,,
53,16867,,,1.0573298931121826,,
53,16869,,,1.1831276416778564,,
53,16871,,,1.2354756593704224,,
53,16873,,,1.13315749168396,,
53,16875,,,1.2596724033355713,,
53,16877,,,1.207854986190796,,
53,16879,,,1.2123076915740967,,
53,16881,,,1.2566852569580078,,
53,16883,,,1.0878572463989258,,
53,16885,,,1.1952366828918457,,
53,16887,,,1.166507601737976,,
53,16889,,,1.1079974174499512,,
53,16891,,,1.1246494054794312,,
53,16893,,,1.2143447399139404,,
53,16895,,,1.1881763935089111,,
53,16897,,,1.1503031253814697,,
53,16899,,,1.2208808660507202,,
53,16901,,,1.3703457117080688,,
53,16901,,,,0.0012499999720603228,3.8286964893341064
54,16903,,,1.2892563343048096,,
54,16905,,,1.1613904237747192,,
54,16907,,,1.198905110359192,,
54,16909,,,1.26509690284729,,
54,16911,,,1.0789401531219482,,
54,16913,,,1.166729211807251,,
54,16915,,,1.2733519077301025,,
54,16917,,,1.1288812160491943,,
54,16919,,,1.208246111869812,,
54,16921,,,1.2190462350845337,,
54,16923,,,1.2564383745193481,,
54,16925,,,1.2567683458328247,,
54,16927,,,1.2376289367675781,,
54,16929,,,1.268385410308838,,
54,16931,,,1.2673721313476562,,
54,16933,,,1.2436517477035522,,
54,16935,,,1.0936167240142822,,
54,16937,,,1.462412714958191,,
54,16939,,,1.3221831321716309,,
54,16941,,,1.1585134267807007,,
54,16943,,,1.220880389213562,,
54,16945,,,1.163375973701477,,
54,16947,,,1.1525192260742188,,
54,16949,,,1.2151237726211548,,
54,16951,,,1.2164697647094727,,
54,16953,,,1.327157974243164,,
54,16955,,,1.1945027112960815,,
54,16957,,,1.3079233169555664,,
54,16959,,,1.2552281618118286,,
54,16961,,,1.0934499502182007,,
54,16963,,,1.3354291915893555,,
54,16965,,,1.2649723291397095,,
54,16967,,,1.259328842163086,,
54,16969,,,1.185741662979126,,
54,16971,,,1.2091022729873657,,
54,16973,,,1.1361416578292847,,
54,16975,,,1.2065597772598267,,
54,16977,,,1.1648916006088257,,
54,16979,,,1.2437279224395752,,
54,16981,,,1.2663350105285645,,
54,16983,,,1.2046245336532593,,
54,16985,,,1.2543981075286865,,
54,16987,,,1.2789185047149658,,
54,16989,,,1.164306402206421,,
54,16991,,,1.2741258144378662,,
54,16993,,,1.187295913696289,,
54,16995,,,1.142575740814209,,
54,16997,,,1.1294127702713013,,
54,16999,,,1.159714698791504,,
54,17001,,,1.1653910875320435,,
54,17003,,,1.1846601963043213,,
54,17005,,,1.1889837980270386,,
54,17007,,,1.1209537982940674,,
54,17009,,,1.1730765104293823,,
54,17011,,,1.1574270725250244,,
54,17013,,,1.2739624977111816,,
54,17015,,,1.1827243566513062,,
54,17017,,,1.3180357217788696,,
54,17019,,,1.2176636457443237,,
54,17021,,,1.1818249225616455,,
54,17023,,,1.0652730464935303,,
54,17025,,,1.3601399660110474,,
54,17027,,,1.158739447593689,,
54,17029,,,1.2216546535491943,,
54,17031,,,1.2555018663406372,,
54,17033,,,1.2214610576629639,,
54,17035,,,1.168013095855713,,
54,17037,,,1.1772903203964233,,
54,17039,,,1.1815401315689087,,
54,17041,,,1.2348909378051758,,
54,17043,,,1.3020539283752441,,
54,17045,,,1.1708240509033203,,
54,17047,,,1.2621592283248901,,
54,17049,,,1.3252830505371094,,
54,17051,,,1.1801788806915283,,
54,17053,,,1.2570923566818237,,
54,17055,,,1.3113683462142944,,
54,17057,,,1.2840466499328613,,
54,17059,,,1.2212153673171997,,
54,17061,,,1.2654105424880981,,
54,17063,,,1.253448486328125,,
54,17065,,,1.2893062829971313,,
54,17067,,,1.204379677772522,,
54,17069,,,1.2736215591430664,,
54,17071,,,1.2031100988388062,,
54,17073,,,1.100140929222107,,
54,17075,,,1.2912533283233643,,
54,17077,,,1.1868035793304443,,
54,17079,,,1.3870675563812256,,
54,17081,,,1.172882080078125,,
54,17083,,,1.3884377479553223,,
54,17085,,,1.1237046718597412,,
54,17087,,,1.2294957637786865,,
54,17089,,,1.247632622718811,,
54,17091,,,1.220963478088379,,
54,17093,,,1.2081319093704224,,
54,17095,,,1.212094783782959,,
54,17097,,,1.1967723369598389,,
54,17099,,,1.156741976737976,,
54,17101,,,1.2015422582626343,,
54,17103,,,1.1531519889831543,,
54,17105,,,1.3540269136428833,,
54,17107,,,1.218496322631836,,
54,17109,,,1.3772082328796387,,
54,17111,,,1.208301305770874,,
54,17113,,,1.212348461151123,,
54,17115,,,1.3788174390792847,,
54,17117,,,1.1714268922805786,,
54,17119,,,1.3915821313858032,,
54,17121,,,1.1425412893295288,,
54,17123,,,1.3339738845825195,,
54,17125,,,1.4147273302078247,,
54,17127,,,1.180628776550293,,
54,17129,,,1.1931356191635132,,
54,17131,,,1.2581071853637695,,
54,17133,,,1.298204779624939,,
54,17135,,,1.1655700206756592,,
54,17137,,,1.2921937704086304,,
54,17139,,,1.1472220420837402,,
54,17141,,,1.2123531103134155,,
54,17143,,,1.3092124462127686,,
54,17145,,,1.234542727470398,,
54,17147,,,1.281714677810669,,
54,17149,,,1.2267353534698486,,
54,17151,,,1.2161593437194824,,
54,17153,,,1.167822003364563,,
54,17155,,,1.3839315176010132,,
54,17157,,,1.297592282295227,,
54,17159,,,1.2367795705795288,,
54,17161,,,1.2562187910079956,,
54,17163,,,1.255395531654358,,
54,17165,,,1.087103247642517,,
54,17167,,,1.3012717962265015,,
54,17169,,,1.1419975757598877,,
54,17171,,,1.1927767992019653,,
54,17173,,,1.2195028066635132,,
54,17175,,,1.1738930940628052,,
54,17177,,,1.194883942604065,,
54,17179,,,1.229400873184204,,
54,17181,,,1.2271867990493774,,
54,17183,,,1.2367608547210693,,
54,17185,,,1.3454387187957764,,
54,17187,,,1.1198532581329346,,
54,17189,,,1.306086540222168,,
54,17191,,,1.0847516059875488,,
54,17193,,,1.302652359008789,,
54,17195,,,1.2087678909301758,,
54,17197,,,1.1944515705108643,,
54,17199,,,1.176622986793518,,
54,17201,,,1.2314040660858154,,
54,17203,,,1.3390153646469116,,
54,17205,,,1.2824631929397583,,
54,17207,,,1.1381489038467407,,
54,17209,,,1.1692407131195068,,
54,17211,,,1.2450823783874512,,
54,17213,,,1.2439093589782715,,
54,17214,,,,0.0012499999720603228,3.8033320903778076
55,17215,,,1.2849700450897217,,
55,17217,,,1.2542014122009277,,
55,17219,,,1.1777700185775757,,
55,17221,,,1.2806143760681152,,
55,17223,,,1.0626766681671143,,
55,17225,,,1.288451910018921,,
55,17227,,,1.2548514604568481,,
55,17229,,,1.185085654258728,,
55,17231,,,1.2212327718734741,,
55,17233,,,1.2532421350479126,,
55,17235,,,1.2604187726974487,,
55,17237,,,1.2260533571243286,,
55,17239,,,1.4451699256896973,,
55,17241,,,1.2014243602752686,,
55,17243,,,1.278059482574463,,
55,17245,,,1.1652233600616455,,
55,17247,,,1.2448598146438599,,
55,17249,,,1.2788591384887695,,
55,17251,,,1.3319003582000732,,
55,17253,,,1.2964248657226562,,
55,17255,,,1.2853350639343262,,
55,17257,,,1.296557068824768,,
55,17259,,,1.2207114696502686,,
55,17261,,,1.1603755950927734,,
55,17263,,,1.1882201433181763,,
55,17265,,,1.1878160238265991,,
55,17267,,,1.1880769729614258,,
55,17269,,,1.2531698942184448,,
55,17271,,,1.3165210485458374,,
55,17273,,,1.1800090074539185,,
55,17275,,,1.2026560306549072,,
55,17277,,,1.1110143661499023,,
55,17279,,,1.2013593912124634,,
55,17281,,,1.1508266925811768,,
55,17283,,,1.2566916942596436,,
55,17285,,,1.3097381591796875,,
55,17287,,,1.2609279155731201,,
55,17289,,,1.3175562620162964,,
55,17291,,,1.2227824926376343,,
55,17293,,,1.239149808883667,,
55,17295,,,1.3116040229797363,,
55,17297,,,1.2326802015304565,,
55,17299,,,1.2372065782546997,,
55,17301,,,1.2565699815750122,,
55,17303,,,1.3001827001571655,,
55,17305,,,1.1871469020843506,,
55,17307,,,1.1209049224853516,,
55,17309,,,1.2068575620651245,,
55,17311,,,1.1997408866882324,,
55,17313,,,1.274730920791626,,
55,17315,,,1.2158434391021729,,
55,17317,,,1.1495715379714966,,
55,17319,,,1.1387298107147217,,
55,17321,,,1.3425995111465454,,
55,17323,,,1.2545082569122314,,
55,17325,,,1.213948369026184,,
55,17327,,,1.1918731927871704,,
55,17329,,,1.1814268827438354,,
55,17331,,,1.1308553218841553,,
55,17333,,,1.4992386102676392,,
55,17335,,,1.2150870561599731,,
55,17337,,,1.3143534660339355,,
55,17339,,,1.1406532526016235,,
55,17341,,,1.1538450717926025,,
55,17343,,,1.2225229740142822,,
55,17345,,,1.2298310995101929,,
55,17347,,,1.1216843128204346,,
55,17349,,,1.2641799449920654,,
55,17351,,,1.2971880435943604,,
55,17353,,,1.334256649017334,,
55,17355,,,1.2454602718353271,,
55,17357,,,1.2431323528289795,,
55,17359,,,1.3806512355804443,,
55,17361,,,1.2433745861053467,,
55,17363,,,1.1886472702026367,,
55,17365,,,1.2234936952590942,,
55,17367,,,1.1778911352157593,,
55,17369,,,1.208236575126648,,
55,17371,,,1.1880018711090088,,
55,17373,,,1.2335091829299927,,
55,17375,,,1.4534720182418823,,
55,17377,,,1.3213468790054321,,
55,17379,,,1.1707935333251953,,
55,17381,,,1.2965837717056274,,
55,17383,,,1.187299370765686,,
55,17385,,,1.4107518196105957,,
55,17387,,,1.2150686979293823,,
55,17389,,,1.262467384338379,,
55,17391,,,1.2079988718032837,,
55,17393,,,1.2476589679718018,,
55,17395,,,1.2836077213287354,,
55,17397,,,1.1475549936294556,,
55,17399,,,1.1971614360809326,,
55,17401,,,1.1847827434539795,,
55,17403,,,1.2474473714828491,,
55,17405,,,1.2327210903167725,,
55,17407,,,1.231688141822815,,
55,17409,,,1.1943897008895874,,
55,17411,,,1.063051700592041,,
55,17413,,,1.249274492263794,,
55,17415,,,1.224281907081604,,
55,17417,,,1.1635279655456543,,
55,17419,,,1.1853843927383423,,
55,17421,,,1.268954873085022,,
55,17423,,,1.4265464544296265,,
55,17425,,,1.5449333190917969,,
55,17427,,,1.1839123964309692,,
55,17429,,,1.184723138809204,,
55,17431,,,1.1480077505111694,,
55,17433,,,1.2190122604370117,,
55,17435,,,1.344229817390442,,
55,17437,,,1.297701358795166,,
55,17439,,,1.218553066253662,,
55,17441,,,1.3188481330871582,,
55,17443,,,1.1862632036209106,,
55,17445,,,1.2690175771713257,,
55,17447,,,1.3137205839157104,,
55,17449,,,1.2200887203216553,,
55,17451,,,1.297242522239685,,
55,17453,,,1.2691529989242554,,
55,17455,,,1.2194186449050903,,
55,17457,,,1.2513082027435303,,
55,17459,,,1.3712868690490723,,
55,17461,,,1.2564810514450073,,
55,17463,,,1.2735792398452759,,
55,17465,,,1.1440876722335815,,
55,17467,,,1.157207727432251,,
55,17469,,,1.1847530603408813,,
55,17471,,,1.1527726650238037,,
55,17473,,,1.3261759281158447,,
55,17475,,,1.1801944971084595,,
55,17477,,,1.2678247690200806,,
55,17479,,,1.2751437425613403,,
55,17481,,,1.2462890148162842,,
55,17483,,,1.1917774677276611,,
55,17485,,,1.3504924774169922,,
55,17487,,,1.1377750635147095,,
55,17489,,,1.1789155006408691,,
55,17491,,,1.1917481422424316,,
55,17493,,,1.1497310400009155,,
55,17495,,,1.202142596244812,,
55,17497,,,1.3551939725875854,,
55,17499,,,1.2702301740646362,,
55,17501,,,1.1762771606445312,,
55,17503,,,1.2131351232528687,,
55,17505,,,1.434727430343628,,
55,17507,,,1.2619459629058838,,
55,17509,,,1.2568107843399048,,
55,17511,,,1.289284110069275,,
55,17513,,,1.2671505212783813,,
55,17515,,,1.4461721181869507,,
55,17517,,,1.1553771495819092,,
55,17519,,,1.3388397693634033,,
55,17521,,,1.2489911317825317,,
55,17523,,,1.1924669742584229,,
55,17525,,,1.289807915687561,,
55,17527,,,1.1685014963150024,,
55,17527,,,,0.0012499999720603228,3.7481844425201416
56,17529,,,1.1684684753417969,,
56,17531,,,1.2447806596755981,,
56,17533,,,1.2051347494125366,,
56,17535,,,1.1532500982284546,,
56,17537,,,1.1392966508865356,,
56,17539,,,1.1847646236419678,,
56,17541,,,1.362452507019043,,
56,17543,,,1.1394232511520386,,
56,17545,,,1.1783009767532349,,
56,17547,,,1.1889950037002563,,
56,17549,,,1.255366325378418,,
56,17551,,,1.315005898475647,,
56,17553,,,1.3834500312805176,,
56,17555,,,1.149946689605713,,
56,17557,,,1.089871883392334,,
56,17559,,,1.2032312154769897,,
56,17561,,,1.1236052513122559,,
56,17563,,,1.2315499782562256,,
56,17565,,,1.1150026321411133,,
56,17567,,,1.1850494146347046,,
56,17569,,,1.2669576406478882,,
56,17571,,,1.4164751768112183,,
56,17573,,,1.251848578453064,,
56,17575,,,1.1730455160140991,,
56,17577,,,1.1680576801300049,,
56,17579,,,1.235580325126648,,
56,17581,,,1.2965437173843384,,
56,17583,,,1.3865500688552856,,
56,17585,,,1.122329831123352,,
56,17587,,,1.2384918928146362,,
56,17589,,,1.357316255569458,,
56,17591,,,1.2470190525054932,,
56,17593,,,1.1659348011016846,,
56,17595,,,1.1232521533966064,,
56,17597,,,1.2331830263137817,,
56,17599,,,1.1520500183105469,,
56,17601,,,1.2183016538619995,,
56,17603,,,1.205288290977478,,
56,17605,,,1.2209686040878296,,
56,17607,,,1.252956509590149,,
56,17609,,,1.149214267730713,,
56,17611,,,1.1879223585128784,,
56,17613,,,1.3075077533721924,,
56,17615,,,1.1591490507125854,,
56,17617,,,1.240917682647705,,
56,17619,,,1.2175366878509521,,
56,17621,,,1.2644708156585693,,
56,17623,,,1.161744475364685,,
56,17625,,,1.2100329399108887,,
56,17627,,,1.2581980228424072,,
56,17629,,,1.351428747177124,,
56,17631,,,1.140570044517517,,
56,17633,,,1.1935787200927734,,
56,17635,,,1.2862259149551392,,
56,17637,,,1.141557216644287,,
56,17639,,,1.2730128765106201,,
56,17641,,,1.1986262798309326,,
56,17643,,,1.3666272163391113,,
56,17645,,,1.194101095199585,,
56,17647,,,1.2082202434539795,,
56,17649,,,1.2826542854309082,,
56,17651,,,1.1776831150054932,,
56,17653,,,1.3113372325897217,,
56,17655,,,1.2340061664581299,,
56,17657,,,1.2619880437850952,,
56,17659,,,1.228996753692627,,
56,17661,,,1.2537952661514282,,
56,17663,,,1.1761752367019653,,
56,17665,,,1.3111940622329712,,
56,17667,,,1.197991132736206,,
56,17669,,,1.117669939994812,,
56,17671,,,1.2158257961273193,,
56,17673,,,1.2018022537231445,,
56,17675,,,1.1434118747711182,,
56,17677,,,1.2944258451461792,,
56,17679,,,1.4056377410888672,,
56,17681,,,1.199202299118042,,
56,17683,,,1.2624033689498901,,
56,17685,,,1.249645709991455,,
56,17687,,,1.1665458679199219,,
56,17689,,,1.2778297662734985,,
56,17691,,,1.1593445539474487,,
56,17693,,,1.234033465385437,,
56,17695,,,1.2426875829696655,,
56,17697,,,1.1066181659698486,,
56,17699,,,1.4042329788208008,,
56,17701,,,1.2039090394973755,,
56,17703,,,1.1560413837432861,,
56,17705,,,1.2665823698043823,,
56,17707,,,1.1975740194320679,,
56,17709,,,1.3877402544021606,,
56,17711,,,1.214730978012085,,
56,17713,,,1.2406412363052368,,
56,17715,,,1.205073356628418,,
56,17717,,,1.2563894987106323,,
56,17719,,,1.149811863899231,,
56,17721,,,1.2813633680343628,,
56,17723,,,1.26596999168396,,
56,17725,,,1.207157850265503,,
56,17727,,,1.247819423675537,,
56,17729,,,1.2397617101669312,,
56,17731,,,1.222801923751831,,
56,17733,,,1.1644026041030884,,
56,17735,,,1.1708744764328003,,
56,17737,,,1.302132248878479,,
56,17739,,,1.0939221382141113,,
56,17741,,,1.31825852394104,,
56,17743,,,1.3631622791290283,,
56,17745,,,1.2011960744857788,,
56,17747,,,1.1759511232376099,,
56,17749,,,1.1399856805801392,,
56,17751,,,1.256118893623352,,
56,17753,,,1.4346201419830322,,
56,17755,,,1.189432144165039,,
56,17757,,,1.1549361944198608,,
56,17759,,,1.1536140441894531,,
56,17761,,,1.2970452308654785,,
56,17763,,,1.252649188041687,,
56,17765,,,1.2098267078399658,,
56,17767,,,1.280474066734314,,
56,17769,,,1.2216883897781372,,
56,17771,,,1.2676339149475098,,
56,17773,,,1.2237187623977661,,
56,17775,,,1.1794601678848267,,
56,17777,,,1.2275151014328003,,
56,17779,,,1.2598373889923096,,
56,17781,,,1.2440041303634644,,
56,17783,,,1.17323899269104,,
56,17785,,,1.2478033304214478,,
56,17787,,,1.1913074254989624,,
56,17789,,,1.3010936975479126,,
56,17791,,,1.154146671295166,,
56,17793,,,1.2427726984024048,,
56,17795,,,1.1915708780288696,,
56,17797,,,1.2953070402145386,,
56,17799,,,1.2348626852035522,,
56,17801,,,1.2000486850738525,,
56,17803,,,1.2259985208511353,,
56,17805,,,1.0790221691131592,,
56,17807,,,1.363879919052124,,
56,17809,,,1.2360937595367432,,
56,17811,,,1.3323003053665161,,
56,17813,,,1.1966016292572021,,
56,17815,,,1.2613729238510132,,
56,17817,,,1.1394604444503784,,
56,17819,,,1.2397799491882324,,
56,17821,,,1.2029231786727905,,
56,17823,,,1.2304142713546753,,
56,17825,,,1.1806230545043945,,
56,17827,,,1.1566760540008545,,
56,17829,,,1.2288365364074707,,
56,17831,,,1.2097423076629639,,
56,17833,,,1.2578784227371216,,
56,17835,,,1.3900831937789917,,
56,17837,,,1.201858639717102,,
56,17839,,,1.1733366250991821,,
56,17840,,,,0.0012499999720603228,3.7963316440582275
57,17841,,,1.3481111526489258,,
57,17843,,,1.2380781173706055,,
57,17845,,,1.2906982898712158,,
57,17847,,,1.3977833986282349,,
57,17849,,,1.2865971326828003,,
57,17851,,,1.207494854927063,,
57,17853,,,1.242048740386963,,
57,17855,,,1.1731886863708496,,
57,17857,,,1.2026088237762451,,
57,17859,,,1.1979639530181885,,
57,17861,,,1.217982292175293,,
57,17863,,,1.3254791498184204,,
57,17865,,,1.190685749053955,,
57,17867,,,1.117951512336731,,
57,17869,,,1.099757194519043,,
57,17871,,,1.217711329460144,,
57,17873,,,1.1816800832748413,,
57,17875,,,1.1679399013519287,,
57,17877,,,1.2816169261932373,,
57,17879,,,1.224722146987915,,
57,17881,,,1.1312094926834106,,
57,17883,,,1.20085871219635,,
57,17885,,,1.207736611366272,,
57,17887,,,1.2289727926254272,,
57,17889,,,1.1794873476028442,,
57,17891,,,1.2930985689163208,,
57,17893,,,1.2547558546066284,,
57,17895,,,1.401527762413025,,
57,17897,,,1.1210130453109741,,
57,17899,,,1.293913722038269,,
57,17901,,,1.2207790613174438,,
57,17903,,,1.116351842880249,,
57,17905,,,1.2213754653930664,,
57,17907,,,1.1740635633468628,,
57,17909,,,1.2545881271362305,,
57,17911,,,1.1744779348373413,,
57,17913,,,1.3191064596176147,,
57,17915,,,1.2896238565444946,,
57,17917,,,1.4656460285186768,,
57,17919,,,1.311134696006775,,
57,17921,,,1.3255603313446045,,
57,17923,,,1.207157850265503,,
57,17925,,,1.20148766040802,,
57,17927,,,1.4295635223388672,,
57,17929,,,1.0607020854949951,,
57,17931,,,1.29511559009552,,
57,17933,,,1.140443205833435,,
57,17935,,,1.3415157794952393,,
57,17937,,,1.2985730171203613,,
57,17939,,,1.1826297044754028,,
57,17941,,,1.3058953285217285,,
57,17943,,,1.161283016204834,,
57,17945,,,1.1975383758544922,,
57,17947,,,1.2038594484329224,,
57,17949,,,1.306918978691101,,
57,17951,,,1.1257610321044922,,
57,17953,,,1.1843992471694946,,
57,17955,,,1.1878819465637207,,
57,17957,,,1.1324115991592407,,
57,17959,,,1.2594056129455566,,
57,17961,,,1.1750555038452148,,
57,17963,,,1.1739776134490967,,
57,17965,,,1.284543514251709,,
57,17967,,,1.246446967124939,,
57,17969,,,1.1839079856872559,,
57,17971,,,1.1967918872833252,,
57,17973,,,1.365153193473816,,
57,17975,,,1.1314774751663208,,
57,17977,,,1.2520530223846436,,
57,17979,,,1.105825424194336,,
57,17981,,,1.2488242387771606,,
57,17983,,,1.2712864875793457,,
57,17985,,,1.205177903175354,,
57,17987,,,1.1293177604675293,,
57,17989,,,1.2287464141845703,,
57,17991,,,1.1578327417373657,,
57,17993,,,1.245642900466919,,
57,17995,,,1.2670308351516724,,
57,17997,,,1.2012320756912231,,
57,17999,,,1.4325941801071167,,
57,18001,,,1.1411926746368408,,
57,18003,,,1.2571228742599487,,
57,18005,,,1.114052653312683,,
57,18007,,,1.1131789684295654,,
57,18009,,,1.2450493574142456,,
57,18011,,,1.2885836362838745,,
57,18013,,,1.168107032775879,,
57,18015,,,1.2836500406265259,,
57,18017,,,1.2796919345855713,,
57,18019,,,1.2387170791625977,,
57,18021,,,1.2270457744598389,,
57,18023,,,1.276925802230835,,
57,18025,,,1.3710319995880127,,
57,18027,,,1.1865453720092773,,
57,18029,,,1.2367916107177734,,
57,18031,,,1.1684184074401855,,
57,18033,,,1.1893208026885986,,
57,18035,,,1.197391152381897,,
57,18037,,,1.2095588445663452,,
57,18039,,,1.139746904373169,,
57,18041,,,1.2764774560928345,,
57,18043,,,1.2529215812683105,,
57,18045,,,1.174320101737976,,
57,18047,,,1.1866875886917114,,
57,18049,,,1.1939927339553833,,
57,18051,,,1.1590722799301147,,
57,18053,,,1.148748517036438,,
57,18055,,,1.2014412879943848,,
57,18057,,,1.1563304662704468,,
57,18059,,,1.1838815212249756,,
57,18061,,,1.1080974340438843,,
57,18063,,,1.2311724424362183,,
57,18065,,,1.239328145980835,,
57,18067,,,1.1388227939605713,,
57,18069,,,1.2131869792938232,,
57,18071,,,1.2031855583190918,,
57,18073,,,1.2063889503479004,,
57,18075,,,1.26187264919281,,
57,18077,,,1.3525733947753906,,
57,18079,,,1.2047854661941528,,
57,18081,,,1.1786350011825562,,
57,18083,,,1.1920478343963623,,
57,18085,,,1.3170915842056274,,
57,18087,,,1.1983617544174194,,
57,18089,,,1.258528709411621,,
57,18091,,,1.2487431764602661,,
57,18093,,,1.2629432678222656,,
57,18095,,,1.1609300374984741,,
57,18097,,,1.161177396774292,,
57,18099,,,1.2541191577911377,,
57,18101,,,1.2040146589279175,,
57,18103,,,1.2490321397781372,,
57,18105,,,1.2197171449661255,,
57,18107,,,1.2471263408660889,,
57,18109,,,1.2655541896820068,,
57,18111,,,1.2019829750061035,,
57,18113,,,1.2621233463287354,,
57,18115,,,1.1757845878601074,,
57,18117,,,1.259002685546875,,
57,18119,,,1.130537509918213,,
57,18121,,,1.20235276222229,,
57,18123,,,1.2329179048538208,,
57,18125,,,1.3617202043533325,,
57,18127,,,1.302516222000122,,
57,18129,,,1.2629648447036743,,
57,18131,,,1.2042001485824585,,
57,18133,,,1.2405332326889038,,
57,18135,,,1.1430855989456177,,
57,18137,,,1.234066128730774,,
57,18139,,,1.188965082168579,,
57,18141,,,1.2612109184265137,,
57,18143,,,1.2927018404006958,,
57,18145,,,1.1434274911880493,,
57,18147,,,1.1005162000656128,,
57,18149,,,1.3607794046401978,,
57,18151,,,1.2073503732681274,,
57,18153,,,1.3116459846496582,,
57,18153,,,,0.0012499999720603228,3.7830238342285156
58,18155,,,1.3320794105529785,,
58,18157,,,1.1348127126693726,,
58,18159,,,1.2574517726898193,,
58,18161,,,1.2747198343276978,,
58,18163,,,1.2985185384750366,,
58,18165,,,1.467706322669983,,
58,18167,,,1.1187634468078613,,
58,18169,,,1.2709234952926636,,
58,18171,,,1.2486788034439087,,
58,18173,,,1.2845748662948608,,
58,18175,,,1.2228747606277466,,
58,18177,,,1.239920973777771,,
58,18179,,,1.3209768533706665,,
58,18181,,,1.311177134513855,,
58,18183,,,1.2594640254974365,,
58,18185,,,1.2796728610992432,,
58,18187,,,1.2982689142227173,,
58,18189,,,1.326765775680542,,
58,18191,,,1.2440533638000488,,
58,18193,,,1.355991244316101,,
58,18195,,,1.1686172485351562,,
58,18197,,,1.158172369003296,,
58,18199,,,1.2993528842926025,,
58,18201,,,1.1602977514266968,,
58,18203,,,1.2548191547393799,,
58,18205,,,1.2699331045150757,,
58,18207,,,1.1685504913330078,,
58,18209,,,1.3177496194839478,,
58,18211,,,1.4012900590896606,,
58,18213,,,1.27735435962677,,
58,18215,,,1.1438385248184204,,
58,18217,,,1.193750262260437,,
58,18219,,,1.0804634094238281,,
58,18221,,,1.085802674293518,,
58,18223,,,1.2483959197998047,,
58,18225,,,1.1914464235305786,,
58,18227,,,1.224704384803772,,
58,18229,,,1.2197625637054443,,
58,18231,,,1.1903131008148193,,
58,18233,,,1.0657936334609985,,
58,18235,,,1.2490803003311157,,
58,18237,,,1.2723314762115479,,
58,18239,,,1.2068616151809692,,
58,18241,,,1.1896501779556274,,
58,18243,,,1.2155299186706543,,
58,18245,,,1.3452643156051636,,
58,18247,,,1.3324532508850098,,
58,18249,,,1.231803059577942,,
58,18251,,,1.217144250869751,,
58,18253,,,1.396710753440857,,
58,18255,,,1.1564117670059204,,
58,18257,,,1.1963120698928833,,
58,18259,,,1.2912534475326538,,
58,18261,,,1.2525808811187744,,
58,18263,,,1.322953701019287,,
58,18265,,,1.3123290538787842,,
58,18267,,,1.2020317316055298,,
58,18269,,,1.2845410108566284,,
58,18271,,,1.1650058031082153,,
58,18273,,,1.1316142082214355,,
58,18275,,,1.2805875539779663,,
58,18277,,,1.427871823310852,,
58,18279,,,1.232472538948059,,
58,18281,,,1.2595443725585938,,
58,18283,,,1.3480510711669922,,
58,18285,,,1.2347726821899414,,
58,18287,,,1.1342246532440186,,
58,18289,,,1.1969600915908813,,
58,18291,,,1.1897048950195312,,
58,18293,,,1.2611087560653687,,
58,18295,,,1.3282508850097656,,
58,18297,,,1.3004391193389893,,
58,18299,,,1.3027617931365967,,
58,18301,,,1.4257296323776245,,
58,18303,,,1.2290070056915283,,
58,18305,,,1.3810291290283203,,
58,18307,,,1.2469953298568726,,
58,18309,,,1.2092175483703613,,
58,18311,,,1.271933913230896,,
58,18313,,,1.2413623332977295,,
58,18315,,,1.3175565004348755,,
58,18317,,,1.2350091934204102,,
58,18319,,,1.2495590448379517,,
58,18321,,,1.260200023651123,,
58,18323,,,1.1481074094772339,,
58,18325,,,1.234837532043457,,
58,18327,,,1.2806521654129028,,
58,18329,,,1.331905722618103,,
58,18331,,,1.2342288494110107,,
58,18333,,,1.2341561317443848,,
58,18335,,,1.2142887115478516,,
58,18337,,,1.4802104234695435,,
58,18339,,,1.284402847290039,,
58,18341,,,1.184874176979065,,
58,18343,,,1.3009625673294067,,
58,18345,,,1.214068055152893,,
58,18347,,,1.1291567087173462,,
58,18349,,,1.1343506574630737,,
58,18351,,,1.2380672693252563,,
58,18353,,,1.2490495443344116,,
58,18355,,,1.2308865785598755,,
58,18357,,,1.237380027770996,,
58,18359,,,1.242978811264038,,
58,18361,,,1.2734363079071045,,
58,18363,,,1.3510650396347046,,
58,18365,,,1.312234878540039,,
58,18367,,,1.175844669342041,,
58,18369,,,1.1272963285446167,,
58,18371,,,1.2041852474212646,,
58,18373,,,1.0374715328216553,,
58,18375,,,1.2370222806930542,,
58,18377,,,1.294472098350525,,
58,18379,,,1.123610019683838,,
58,18381,,,1.3227977752685547,,
58,18383,,,1.143592357635498,,
58,18385,,,1.2683082818984985,,
58,18387,,,1.2007588148117065,,
58,18389,,,1.1460826396942139,,
58,18391,,,1.2167668342590332,,
58,18393,,,1.2739474773406982,,
58,18395,,,1.2206499576568604,,
58,18397,,,1.2834038734436035,,
58,18399,,,1.3257287740707397,,
58,18401,,,1.2660356760025024,,
58,18403,,,1.09526789188385,,
58,18405,,,1.3619637489318848,,
58,18407,,,1.3549628257751465,,
58,18409,,,1.2181487083435059,,
58,18411,,,1.2877671718597412,,
58,18413,,,1.2747443914413452,,
58,18415,,,1.1107220649719238,,
58,18417,,,1.195919394493103,,
58,18419,,,1.1212891340255737,,
58,18421,,,1.257773995399475,,
58,18423,,,1.219927191734314,,
58,18425,,,1.1722581386566162,,
58,18427,,,1.373692512512207,,
58,18429,,,1.084113597869873,,
58,18431,,,1.0692739486694336,,
58,18433,,,1.3876564502716064,,
58,18435,,,1.154196858406067,,
58,18437,,,1.2335337400436401,,
58,18439,,,1.0934264659881592,,
58,18441,,,1.2912657260894775,,
58,18443,,,1.2180778980255127,,
58,18445,,,1.2277882099151611,,
58,18447,,,1.191750407218933,,
58,18449,,,1.341797947883606,,
58,18451,,,1.2566055059432983,,
58,18453,,,1.0892101526260376,,
58,18455,,,1.325696587562561,,
58,18457,,,1.075516939163208,,
58,18459,,,1.3448381423950195,,
58,18461,,,1.2291392087936401,,
58,18463,,,1.1768239736557007,,
58,18465,,,1.2376841306686401,,
58,18466,,,,0.0012499999720603228,3.8109726905822754
59,18467,,,1.1800522804260254,,
59,18469,,,1.3168030977249146,,
59,18471,,,1.1956697702407837,,
59,18473,,,1.2041302919387817,,
59,18475,,,1.344510555267334,,
59,18477,,,1.2547324895858765,,
59,18479,,,1.265507459640503,,
59,18481,,,1.208709478378296,,
59,18483,,,1.119394302368164,,
59,18485,,,1.3041870594024658,,
59,18487,,,1.2639576196670532,,
59,18489,,,1.1768863201141357,,
59,18491,,,1.15255606174469,,
59,18493,,,1.2462059259414673,,
59,18495,,,1.2751065492630005,,
59,18497,,,1.3431910276412964,,
59,18499,,,1.302978754043579,,
59,18501,,,1.484683632850647,,
59,18503,,,1.435275912284851,,
59,18505,,,1.2771943807601929,,
59,18507,,,1.347450852394104,,
59,18509,,,1.2196298837661743,,
59,18511,,,1.2005399465560913,,
59,18513,,,1.3232090473175049,,
59,18515,,,1.1972661018371582,,
59,18517,,,1.219527244567871,,
59,18519,,,1.2170525789260864,,
59,18521,,,1.2038465738296509,,
59,18523,,,1.1698089838027954,,
59,18525,,,1.336700201034546,,
59,18527,,,1.416375756263733,,
59,18529,,,1.1999040842056274,,
59,18531,,,1.16396963596344,,
59,18533,,,1.2967712879180908,,
59,18535,,,1.102554202079773,,
59,18537,,,1.2642853260040283,,
59,18539,,,1.0873810052871704,,
59,18541,,,1.2174272537231445,,
59,18543,,,1.063161015510559,,
59,18545,,,1.2093204259872437,,
59,18547,,,1.184399962425232,,
59,18549,,,1.329009771347046,,
59,18551,,,1.1738632917404175,,
59,18553,,,1.3131928443908691,,
59,18555,,,1.1474802494049072,,
59,18557,,,1.1546214818954468,,
59,18559,,,1.2249809503555298,,
59,18561,,,1.042137861251831,,
59,18563,,,1.203590750694275,,
59,18565,,,1.132354974746704,,
59,18567,,,1.2932900190353394,,
59,18569,,,1.124415636062622,,
59,18571,,,1.1478874683380127,,
59,18573,,,1.255363941192627,,
59,18575,,,1.190649390220642,,
59,18577,,,1.0897339582443237,,
59,18579,,,1.3374234437942505,,
59,18581,,,1.0927058458328247,,
59,18583,,,1.2836488485336304,,
59,18585,,,1.112862229347229,,
59,18587,,,1.1865309476852417,,
59,18589,,,1.2112224102020264,,
59,18591,,,1.2236231565475464,,
59,18593,,,1.1458544731140137,,
59,18595,,,1.243537187576294,,
59,18597,,,1.3323959112167358,,
59,18599,,,1.165915846824646,,
59,18601,,,1.1261286735534668,,
59,18603,,,1.2796664237976074,,
59,18605,,,1.2211135625839233,,
59,18607,,,1.2709300518035889,,
59,18609,,,1.1857084035873413,,
59,18611,,,1.3405600786209106,,
59,18613,,,1.1395319700241089,,
59,18615,,,1.1519986391067505,,
59,18617,,,1.1893529891967773,,
59,18619,,,1.2216626405715942,,
59,18621,,,1.3690688610076904,,
59,18623,,,1.228222131729126,,
59,18625,,,1.2020915746688843,,
59,18627,,,1.253374457359314,,
59,18629,,,1.3100782632827759,,
59,18631,,,1.2486072778701782,,
59,18633,,,1.1464310884475708,,
59,18635,,,1.3792924880981445,,
59,18637,,,1.1362013816833496,,
59,18639,,,1.0866049528121948,,
59,18641,,,1.2052489519119263,,
59,18643,,,1.2784345149993896,,
59,18645,,,1.225975513458252,,
59,18647,,,1.2742395401000977,,
59,18649,,,1.281996250152588,,
59,18651,,,1.1558332443237305,,
59,18653,,,1.3695873022079468,,
59,18655,,,1.119356393814087,,
59,18657,,,1.2249255180358887,,
59,18659,,,1.1277401447296143,,
59,18661,,,1.243532657623291,,
59,18663,,,1.1523058414459229,,
59,18665,,,1.2018296718597412,,
59,18667,,,1.2848235368728638,,
59,18669,,,1.249566912651062,,
59,18671,,,1.2458100318908691,,
59,18673,,,1.3771685361862183,,
59,18675,,,1.281995177268982,,
59,18677,,,1.169837474822998,,
59,18679,,,1.2006211280822754,,
59,18681,,,1.1958717107772827,,
59,18683,,,1.256946325302124,,
59,18685,,,1.2054390907287598,,
59,18687,,,1.2509032487869263,,
59,18689,,,1.2357500791549683,,
59,18691,,,1.4046112298965454,,
59,18693,,,1.3251701593399048,,
59,18695,,,1.1807498931884766,,
59,18697,,,1.2373799085617065,,
59,18699,,,1.4322726726531982,,
59,18701,,,1.2437494993209839,,
59,18703,,,1.2783222198486328,,
59,18705,,,1.1840399503707886,,
59,18707,,,1.2488080263137817,,
59,18709,,,1.2507551908493042,,
59,18711,,,1.302240014076233,,
59,18713,,,1.1960787773132324,,
59,18715,,,1.3103708028793335,,
59,18717,,,1.2079845666885376,,
59,18719,,,1.1578600406646729,,
59,18721,,,1.1762703657150269,,
59,18723,,,1.1553874015808105,,
59,18725,,,1.2730271816253662,,
59,18727,,,1.2177212238311768,,
59,18729,,,1.2199705839157104,,
59,18731,,,1.220913052558899,,
59,18733,,,1.1656430959701538,,
59,18735,,,1.2962754964828491,,
59,18737,,,1.1647554636001587,,
59,18739,,,1.2695820331573486,,
59,18741,,,1.430416226387024,,
59,18743,,,1.3042383193969727,,
59,18745,,,1.264053463935852,,
59,18747,,,1.1858429908752441,,
59,18749,,,1.2370586395263672,,
59,18751,,,1.2656245231628418,,
59,18753,,,1.2942118644714355,,
59,18755,,,1.2696987390518188,,
59,18757,,,1.1900222301483154,,
59,18759,,,1.2373485565185547,,
59,18761,,,1.406474232673645,,
59,18763,,,1.125207543373108,,
59,18765,,,1.3096030950546265,,
59,18767,,,1.142958164215088,,
59,18769,,,1.1755589246749878,,
59,18771,,,1.1572819948196411,,
59,18773,,,1.243039846420288,,
59,18775,,,1.1806163787841797,,
59,18777,,,1.233080506324768,,
59,18779,,,1.2221450805664062,,
59,18779,,,,0.0012499999720603228,3.802992105484009
60,18780,0.0011500000255182385,3.789476156234741,,,
